/*******************************************************************************
 * Size: 22 px
 * Bpp: 4
 * Opts: --font Rubik-Static-400.ttf -r 0x20-0x7F,0x2022,0xB0 --font FontAwesome-Solid.ttf -r 0xF001,0xF008,0xF00B,0xF00C,0xF00D,0xF011,0xF013,0xF015,0xF019,0xF01C,0xF021,0xF026,0xF027,0xF028,0xF03E,0xF043,0xF048,0xF04B,0xF04C,0xF04D,0xF051,0xF052,0xF053,0xF054,0xF067,0xF068,0xF06E,0xF070,0xF071,0xF074,0xF077,0xF078,0xF079,0xF07B,0xF093,0xF095,0xF0C4,0xF0C5,0xF0C7,0xF0C9,0xF0E0,0xF0E7,0xF0EA,0xF0F3,0xF111,0xF11C,0xF124,0xF158,0xF1EB,0xF240,0xF241,0xF242,0xF243,0xF244,0xF2ED,0xF304 --size 22 --format lvgl --bpp 4 --no-compress --no-prefilter --output lv_font_rubik_22.c --lv-include lvgl.h
 ******************************************************************************/

#ifdef LV_LVGL_H_INCLUDE_SIMPLE
#include "lvgl.h"
#else
#include "lvgl.h"
#endif

#ifndef LV_FONT_RUBIK_22
#define LV_FONT_RUBIK_22 1
#endif

#if LV_FONT_RUBIK_22

/*-----------------
 *    BITMAPS
 *----------------*/

/*Store the image of the glyphs*/
static LV_ATTRIBUTE_LARGE_CONST const uint8_t glyph_bitmap[] = {
    /* U+0020 " " */

    /* U+0021 "!" */
    0x4f, 0xa5, 0xfb, 0x5f, 0xb5, 0xfb, 0x5f, 0xb5,
    0xfb, 0x5f, 0xb5, 0xfb, 0x5f, 0xb5, 0xfb, 0x5f,
    0xb4, 0xfa, 0x1, 0x2, 0x75, 0x8f, 0xe7, 0xfd,

    /* U+0022 "\"" */
    0xbf, 0x74, 0xfe, 0xa, 0xf7, 0x4f, 0xe0, 0x9f,
    0x62, 0xfd, 0x7, 0xf4, 0x1f, 0xb0, 0x5f, 0x20,
    0xe9, 0x0,

    /* U+0023 "#" */
    0x0, 0x0, 0x12, 0x0, 0x1, 0x20, 0x0, 0x0,
    0x0, 0xcf, 0x0, 0xc, 0xe0, 0x0, 0x0, 0x0,
    0xed, 0x0, 0xe, 0xc0, 0x0, 0x0, 0x1, 0xfa,
    0x0, 0x1f, 0xa0, 0x0, 0x4f, 0xff, 0xff, 0xff,
    0xff, 0xff, 0xf2, 0x3c, 0xcd, 0xfd, 0xcc, 0xdf,
    0xdc, 0xc2, 0x0, 0x8, 0xf4, 0x0, 0x8f, 0x40,
    0x0, 0x0, 0xa, 0xf1, 0x0, 0xaf, 0x10, 0x0,
    0x0, 0xc, 0xf0, 0x0, 0xcf, 0x0, 0x0, 0x0,
    0xe, 0xd0, 0x0, 0xed, 0x0, 0x0, 0xdf, 0xff,
    0xff, 0xff, 0xff, 0xff, 0x90, 0xac, 0xdf, 0xec,
    0xcd, 0xfe, 0xcc, 0x60, 0x0, 0x5f, 0x60, 0x5,
    0xf6, 0x0, 0x0, 0x0, 0x8f, 0x30, 0x8, 0xf3,
    0x0, 0x0, 0x0, 0x6b, 0x10, 0x6, 0xb1, 0x0,
    0x0,

    /* U+0024 "$" */
    0x0, 0x0, 0x1, 0xfa, 0x0, 0x0, 0x0, 0x0,
    0x0, 0x2f, 0xb0, 0x0, 0x0, 0x0, 0x3, 0x9d,
    0xff, 0xb6, 0x0, 0x0, 0x7, 0xff, 0xff, 0xff,
    0xfc, 0x10, 0x4, 0xff, 0x82, 0x1, 0x5e, 0xfa,
    0x0, 0x9f, 0xa0, 0x0, 0x0, 0x3f, 0xf1, 0xa,
    0xf8, 0x0, 0x0, 0x0, 0x78, 0x0, 0x7f, 0xe1,
    0x0, 0x0, 0x0, 0x0, 0x1, 0xef, 0xf8, 0x30,
    0x0, 0x0, 0x0, 0x1, 0xaf, 0xff, 0xe9, 0x30,
    0x0, 0x0, 0x0, 0x27, 0xcf, 0xff, 0xc2, 0x0,
    0x0, 0x0, 0x0, 0x17, 0xef, 0xe2, 0x0, 0x0,
    0x0, 0x0, 0x1, 0xdf, 0x80, 0x99, 0x0, 0x0,
    0x0, 0x8, 0xfa, 0xf, 0xf6, 0x0, 0x0, 0x0,
    0xcf, 0x80, 0x9f, 0xf7, 0x10, 0x2, 0x9f, 0xf2,
    0x0, 0xaf, 0xff, 0xff, 0xff, 0xf5, 0x0, 0x0,
    0x4a, 0xdf, 0xfc, 0x82, 0x0, 0x0, 0x0, 0x2,
    0xfb, 0x0, 0x0, 0x0, 0x0, 0x0, 0x1f, 0xa0,
    0x0, 0x0,

    /* U+0025 "%" */
    0x7, 0xef, 0xc3, 0x0, 0x0, 0x2, 0xea, 0x7,
    0xfa, 0x7e, 0xe0, 0x0, 0x0, 0xdf, 0x20, 0xcd,
    0x0, 0x5f, 0x40, 0x0, 0x9f, 0x60, 0xe, 0xa0,
    0x2, 0xf6, 0x0, 0x5f, 0xa0, 0x0, 0xea, 0x0,
    0x2f, 0x60, 0x2f, 0xe1, 0x0, 0xd, 0xc0, 0x3,
    0xf5, 0xc, 0xf3, 0x0, 0x0, 0x9f, 0x52, 0xbf,
    0x18, 0xf7, 0x0, 0x0, 0x1, 0xcf, 0xff, 0x64,
    0xfb, 0x0, 0x0, 0x0, 0x0, 0x23, 0x11, 0xee,
    0x15, 0xdf, 0xd5, 0x0, 0x0, 0x0, 0xbf, 0x43,
    0xfd, 0x8d, 0xf3, 0x0, 0x0, 0x7f, 0x90, 0x9f,
    0x10, 0x1f, 0x80, 0x0, 0x3f, 0xc0, 0xb, 0xe0,
    0x0, 0xea, 0x0, 0xd, 0xf2, 0x0, 0xbe, 0x0,
    0xe, 0xa0, 0xa, 0xf6, 0x0, 0x9, 0xf0, 0x1,
    0xf9, 0x6, 0xfa, 0x0, 0x0, 0x3f, 0xc6, 0xcf,
    0x30, 0xed, 0x0, 0x0, 0x0, 0x5d, 0xfd, 0x50,

    /* U+0026 "&" */
    0x0, 0x8, 0xdf, 0xe9, 0x10, 0x0, 0x0, 0x0,
    0xcf, 0xfc, 0xef, 0xd0, 0x0, 0x0, 0x5, 0xfd,
    0x10, 0xc, 0xf6, 0x0, 0x0, 0x8, 0xf7, 0x0,
    0x5, 0xf9, 0x0, 0x0, 0x6, 0xf9, 0x0, 0x8,
    0xf7, 0x0, 0x0, 0x1, 0xef, 0x20, 0x5f, 0xd0,
    0x0, 0x0, 0x0, 0x4f, 0xdb, 0xfc, 0x10, 0x0,
    0x0, 0x0, 0x3e, 0xff, 0x90, 0x0, 0x5, 0x70,
    0x5, 0xff, 0xcf, 0xf3, 0x0, 0xe, 0xf0, 0x3f,
    0xf5, 0x7, 0xfe, 0x30, 0x3f, 0xc0, 0x9f, 0x80,
    0x0, 0x7f, 0xe3, 0x9f, 0x70, 0xbf, 0x40, 0x0,
    0x7, 0xfe, 0xfe, 0x10, 0xaf, 0x70, 0x0, 0x0,
    0x9f, 0xf7, 0x0, 0x4f, 0xf5, 0x0, 0x6, 0xff,
    0xfe, 0x10, 0x9, 0xff, 0xed, 0xff, 0xf8, 0xaf,
    0xd1, 0x0, 0x5b, 0xef, 0xea, 0x30, 0xb, 0xf9,

    /* U+0027 "'" */
    0xbf, 0x7a, 0xf7, 0x9f, 0x67, 0xf4, 0x5f, 0x20,

    /* U+0028 "(" */
    0x0, 0x19, 0xed, 0x1, 0xef, 0xfb, 0x9, 0xfb,
    0x10, 0xf, 0xf1, 0x0, 0x3f, 0xb0, 0x0, 0x6f,
    0x70, 0x0, 0x8f, 0x50, 0x0, 0xaf, 0x40, 0x0,
    0xbf, 0x30, 0x0, 0xbf, 0x30, 0x0, 0xbf, 0x30,
    0x0, 0xbf, 0x30, 0x0, 0xbf, 0x30, 0x0, 0xaf,
    0x40, 0x0, 0x8f, 0x50, 0x0, 0x6f, 0x70, 0x0,
    0x3f, 0xb0, 0x0, 0xe, 0xf1, 0x0, 0x9, 0xfb,
    0x10, 0x1, 0xef, 0xfb, 0x0, 0x19, 0xed,

    /* U+0029 ")" */
    0x6f, 0xc4, 0x0, 0x5, 0xef, 0xf6, 0x0, 0x0,
    0x5f, 0xf1, 0x0, 0x0, 0x9f, 0x60, 0x0, 0x4,
    0xfa, 0x0, 0x0, 0xf, 0xd0, 0x0, 0x0, 0xef,
    0x0, 0x0, 0xd, 0xf1, 0x0, 0x0, 0xcf, 0x20,
    0x0, 0xc, 0xf2, 0x0, 0x0, 0xbf, 0x20, 0x0,
    0xc, 0xf2, 0x0, 0x0, 0xcf, 0x20, 0x0, 0xd,
    0xf1, 0x0, 0x0, 0xef, 0x0, 0x0, 0xf, 0xd0,
    0x0, 0x4, 0xfa, 0x0, 0x0, 0x9f, 0x60, 0x0,
    0x5f, 0xf1, 0x5, 0xef, 0xf6, 0x0, 0x6f, 0xc4,
    0x0, 0x0,

    /* U+002A "*" */
    0x0, 0x1f, 0xe0, 0x0, 0x12, 0xf, 0xc0, 0x30,
    0x9f, 0x9d, 0xbb, 0xf6, 0x9f, 0xff, 0xff, 0xf7,
    0x0, 0x9f, 0xf6, 0x0, 0x9, 0xf9, 0xcf, 0x60,
    0x9, 0xf2, 0x5f, 0x60, 0x0, 0x20, 0x2, 0x0,

    /* U+002B "+" */
    0x0, 0x0, 0x0, 0x0, 0x0, 0x0, 0x0, 0x0,
    0x0, 0xf, 0xa0, 0x0, 0x0, 0x0, 0x0, 0x1,
    0xfb, 0x0, 0x0, 0x0, 0x0, 0x0, 0x1f, 0xb0,
    0x0, 0x0, 0x0, 0x0, 0x1, 0xfb, 0x0, 0x0,
    0x0, 0x0, 0x0, 0x1f, 0xb0, 0x0, 0x0, 0xf,
    0xff, 0xff, 0xff, 0xff, 0xff, 0xa0, 0xbc, 0xcc,
    0xcf, 0xec, 0xcc, 0xc8, 0x0, 0x0, 0x1, 0xfb,
    0x0, 0x0, 0x0, 0x0, 0x0, 0x1f, 0xb0, 0x0,
    0x0, 0x0, 0x0, 0x1, 0xfb, 0x0, 0x0, 0x0,
    0x0, 0x0, 0x1f, 0xb0, 0x0, 0x0, 0x0, 0x0,
    0x0, 0xfa, 0x0, 0x0, 0x0,

    /* U+002C "," */
    0x5, 0x50, 0x6f, 0xe0, 0x9f, 0x90, 0xbf, 0x30,
    0xdc, 0x0,

    /* U+002D "-" */
    0x5e, 0xee, 0xee, 0xee, 0x16, 0xff, 0xff, 0xff,
    0xf1,

    /* U+002E "." */
    0x4a, 0xa0, 0x8f, 0xf1, 0x7f, 0xf0,

    /* U+002F "/" */
    0x0, 0x0, 0x0, 0x0, 0x57, 0x0, 0x0, 0x0,
    0x0, 0x1f, 0xd0, 0x0, 0x0, 0x0, 0x7, 0xf7,
    0x0, 0x0, 0x0, 0x0, 0xef, 0x10, 0x0, 0x0,
    0x0, 0x5f, 0xa0, 0x0, 0x0, 0x0, 0xb, 0xf3,
    0x0, 0x0, 0x0, 0x2, 0xfd, 0x0, 0x0, 0x0,
    0x0, 0x8f, 0x60, 0x0, 0x0, 0x0, 0xe, 0xf0,
    0x0, 0x0, 0x0, 0x5, 0xf9, 0x0, 0x0, 0x0,
    0x0, 0xcf, 0x20, 0x0, 0x0, 0x0, 0x2f, 0xc0,
    0x0, 0x0, 0x0, 0x9, 0xf5, 0x0, 0x0, 0x0,
    0x0, 0xfe, 0x0, 0x0, 0x0, 0x0, 0x6f, 0x80,
    0x0, 0x0, 0x0, 0xd, 0xf2, 0x0, 0x0, 0x0,
    0x3, 0xfb, 0x0, 0x0, 0x0, 0x0, 0xaf, 0x40,
    0x0, 0x0, 0x0, 0x1f, 0xe0, 0x0, 0x0, 0x0,
    0x5, 0xf7, 0x0, 0x0, 0x0, 0x0,

    /* U+0030 "0" */
    0x0, 0x8, 0xdf, 0xfd, 0x70, 0x0, 0x1, 0xdf,
    0xff, 0xff, 0xfd, 0x10, 0xb, 0xfe, 0x30, 0x4,
    0xef, 0xa0, 0x2f, 0xf4, 0x0, 0x0, 0x4f, 0xf2,
    0x6f, 0xd0, 0x0, 0x0, 0xe, 0xf6, 0x8f, 0xa0,
    0x0, 0x0, 0xb, 0xf8, 0x9f, 0x90, 0x0, 0x0,
    0xa, 0xf9, 0x9f, 0x90, 0x0, 0x0, 0x9, 0xf9,
    0x9f, 0x90, 0x0, 0x0, 0x9, 0xf9, 0x9f, 0x90,
    0x0, 0x0, 0xa, 0xf9, 0x8f, 0xa0, 0x0, 0x0,
    0xb, 0xf8, 0x5f, 0xd0, 0x0, 0x0, 0xd, 0xf6,
    0x2f, 0xf3, 0x0, 0x0, 0x4f, 0xf2, 0xb, 0xfe,
    0x40, 0x4, 0xef, 0xa0, 0x1, 0xef, 0xff, 0xff,
    0xfd, 0x10, 0x0, 0x18, 0xdf, 0xfd, 0x80, 0x0,

    /* U+0031 "1" */
    0x0, 0x0, 0x1c, 0xfa, 0x0, 0x3, 0xef, 0xfc,
    0x0, 0x6f, 0xfe, 0xfc, 0x9, 0xff, 0x87, 0xfc,
    0x5f, 0xf4, 0x7, 0xfc, 0x8, 0x20, 0x7, 0xfc,
    0x0, 0x0, 0x7, 0xfc, 0x0, 0x0, 0x7, 0xfc,
    0x0, 0x0, 0x7, 0xfc, 0x0, 0x0, 0x7, 0xfc,
    0x0, 0x0, 0x7, 0xfc, 0x0, 0x0, 0x7, 0xfc,
    0x0, 0x0, 0x7, 0xfc, 0x0, 0x0, 0x7, 0xfc,
    0x0, 0x0, 0x7, 0xfc, 0x0, 0x0, 0x5, 0xfa,

    /* U+0032 "2" */
    0x0, 0x2a, 0xef, 0xea, 0x30, 0x0, 0x4f, 0xff,
    0xff, 0xff, 0x50, 0x1f, 0xfb, 0x20, 0x2b, 0xff,
    0x7, 0xfe, 0x0, 0x0, 0xf, 0xf5, 0xaf, 0x80,
    0x0, 0x0, 0xcf, 0x72, 0x41, 0x0, 0x0, 0xd,
    0xf6, 0x0, 0x0, 0x0, 0x4, 0xff, 0x20, 0x0,
    0x0, 0x2, 0xef, 0x90, 0x0, 0x0, 0x3, 0xef,
    0xc0, 0x0, 0x0, 0x3, 0xff, 0xb0, 0x0, 0x0,
    0x3, 0xff, 0xc0, 0x0, 0x0, 0x3, 0xff, 0xc0,
    0x0, 0x0, 0x3, 0xef, 0xd1, 0x0, 0x0, 0x2,
    0xef, 0xd1, 0x0, 0x0, 0x0, 0xdf, 0xff, 0xff,
    0xff, 0xff, 0xbd, 0xff, 0xff, 0xff, 0xff, 0xfb,

    /* U+0033 "3" */
    0x4, 0xff, 0xff, 0xff, 0xff, 0xf6, 0x0, 0x4e,
    0xff, 0xff, 0xff, 0xff, 0x60, 0x0, 0x0, 0x0,
    0x0, 0xcf, 0xb0, 0x0, 0x0, 0x0, 0x0, 0xbf,
    0xd0, 0x0, 0x0, 0x0, 0x0, 0x9f, 0xe2, 0x0,
    0x0, 0x0, 0x0, 0x6f, 0xf3, 0x0, 0x0, 0x0,
    0x0, 0x4f, 0xf6, 0x0, 0x0, 0x0, 0x0, 0xd,
    0xff, 0xfe, 0x92, 0x0, 0x0, 0x0, 0x8a, 0xac,
    0xff, 0xf3, 0x0, 0x0, 0x0, 0x0, 0x0, 0xbf,
    0xc0, 0x0, 0x0, 0x0, 0x0, 0x2, 0xff, 0x10,
    0x54, 0x0, 0x0, 0x0, 0x1f, 0xf2, 0xf, 0xf4,
    0x0, 0x0, 0x5, 0xff, 0x0, 0xaf, 0xe4, 0x0,
    0x5, 0xef, 0x90, 0x1, 0xcf, 0xff, 0xff, 0xff,
    0xc0, 0x0, 0x0, 0x6c, 0xef, 0xeb, 0x60, 0x0,

    /* U+0034 "4" */
    0x0, 0x0, 0x0, 0x8, 0xff, 0x50, 0x0, 0x0,
    0x0, 0x3, 0xff, 0xf6, 0x0, 0x0, 0x0, 0x0,
    0xef, 0xdf, 0x60, 0x0, 0x0, 0x0, 0xaf, 0x8a,
    0xf6, 0x0, 0x0, 0x0, 0x5f, 0xd0, 0xaf, 0x60,
    0x0, 0x0, 0x1e, 0xf3, 0xa, 0xf6, 0x0, 0x0,
    0xb, 0xf7, 0x0, 0xaf, 0x60, 0x0, 0x6, 0xfc,
    0x0, 0xa, 0xf6, 0x0, 0x2, 0xff, 0x20, 0x0,
    0xaf, 0x60, 0x0, 0xcf, 0x60, 0x0, 0xa, 0xf6,
    0x0, 0x4f, 0xff, 0xff, 0xff, 0xff, 0xff, 0xd3,
    0xff, 0xff, 0xff, 0xff, 0xff, 0xfd, 0x0, 0x0,
    0x0, 0x0, 0xbf, 0x60, 0x0, 0x0, 0x0, 0x0,
    0xb, 0xf6, 0x0, 0x0, 0x0, 0x0, 0x0, 0xbf,
    0x60, 0x0, 0x0, 0x0, 0x0, 0x9, 0xf5, 0x0,

    /* U+0035 "5" */
    0x0, 0x8f, 0xff, 0xff, 0xff, 0xf1, 0x0, 0xb,
    0xff, 0xff, 0xff, 0xfe, 0x10, 0x0, 0xcf, 0x30,
    0x0, 0x0, 0x0, 0x0, 0xe, 0xf2, 0x0, 0x0,
    0x0, 0x0, 0x0, 0xff, 0x0, 0x0, 0x0, 0x0,
    0x0, 0x1f, 0xe5, 0xac, 0xb8, 0x10, 0x0, 0x3,
    0xff, 0xff, 0xff, 0xff, 0x50, 0x0, 0x4f, 0xfa,
    0x20, 0x2a, 0xff, 0x30, 0x0, 0x43, 0x0, 0x0,
    0xb, 0xfb, 0x0, 0x0, 0x0, 0x0, 0x0, 0x4f,
    0xf0, 0x0, 0x0, 0x0, 0x0, 0x2, 0xff, 0x0,
    0xee, 0x20, 0x0, 0x0, 0x4f, 0xf0, 0xd, 0xf9,
    0x0, 0x0, 0xa, 0xfb, 0x0, 0x6f, 0xf7, 0x10,
    0x19, 0xff, 0x40, 0x0, 0xaf, 0xff, 0xff, 0xff,
    0x70, 0x0, 0x0, 0x5b, 0xef, 0xea, 0x30, 0x0,

    /* U+0036 "6" */
    0x0, 0x0, 0x4, 0xff, 0x0, 0x0, 0x0, 0x0,
    0x1e, 0xf8, 0x0, 0x0, 0x0, 0x0, 0xaf, 0xc0,
    0x0, 0x0, 0x0, 0x5, 0xff, 0x20, 0x0, 0x0,
    0x0, 0x1f, 0xf5, 0x0, 0x0, 0x0, 0x0, 0xcf,
    0xfd, 0xda, 0x40, 0x0, 0x7, 0xff, 0xff, 0xff,
    0xfa, 0x0, 0x1f, 0xfc, 0x30, 0x17, 0xff, 0x80,
    0x7f, 0xd0, 0x0, 0x0, 0x5f, 0xf1, 0xcf, 0x60,
    0x0, 0x0, 0xe, 0xf5, 0xef, 0x40, 0x0, 0x0,
    0xc, 0xf6, 0xdf, 0x60, 0x0, 0x0, 0xe, 0xf5,
    0x9f, 0xc0, 0x0, 0x0, 0x4f, 0xf1, 0x2f, 0xfb,
    0x20, 0x6, 0xff, 0x80, 0x4, 0xff, 0xff, 0xff,
    0xfb, 0x0, 0x0, 0x29, 0xdf, 0xec, 0x50, 0x0,

    /* U+0037 "7" */
    0x4f, 0xff, 0xff, 0xff, 0xff, 0x94, 0xff, 0xff,
    0xff, 0xff, 0xfa, 0x0, 0x0, 0x0, 0x0, 0xdf,
    0x60, 0x0, 0x0, 0x0, 0x4f, 0xf0, 0x0, 0x0,
    0x0, 0xa, 0xf9, 0x0, 0x0, 0x0, 0x1, 0xff,
    0x30, 0x0, 0x0, 0x0, 0x8f, 0xc0, 0x0, 0x0,
    0x0, 0xe, 0xf5, 0x0, 0x0, 0x0, 0x5, 0xfe,
    0x0, 0x0, 0x0, 0x0, 0xbf, 0x80, 0x0, 0x0,
    0x0, 0x2f, 0xf2, 0x0, 0x0, 0x0, 0x9, 0xfb,
    0x0, 0x0, 0x0, 0x0, 0xef, 0x50, 0x0, 0x0,
    0x0, 0x6f, 0xe0, 0x0, 0x0, 0x0, 0xc, 0xf7,
    0x0, 0x0, 0x0, 0x1, 0xfe, 0x10, 0x0, 0x0,

    /* U+0038 "8" */
    0x0, 0x29, 0xdf, 0xfd, 0x91, 0x0, 0x4, 0xff,
    0xfd, 0xdf, 0xff, 0x30, 0xe, 0xfa, 0x10, 0x1,
    0xaf, 0xd0, 0x2f, 0xe0, 0x0, 0x0, 0xf, 0xf2,
    0x2f, 0xe0, 0x0, 0x0, 0xf, 0xf1, 0xd, 0xf9,
    0x10, 0x1, 0xaf, 0xc0, 0x2, 0xef, 0xfd, 0xdf,
    0xfd, 0x20, 0x3, 0xdf, 0xff, 0xff, 0xfd, 0x30,
    0x1e, 0xfc, 0x40, 0x4, 0xcf, 0xe1, 0x7f, 0xd0,
    0x0, 0x0, 0xd, 0xf7, 0xbf, 0x70, 0x0, 0x0,
    0x7, 0xfb, 0xbf, 0x60, 0x0, 0x0, 0x7, 0xfb,
    0x8f, 0xb0, 0x0, 0x0, 0xc, 0xf8, 0x2f, 0xf9,
    0x10, 0x1, 0xaf, 0xf2, 0x5, 0xff, 0xfd, 0xdf,
    0xff, 0x50, 0x0, 0x29, 0xdf, 0xfd, 0x92, 0x0,

    /* U+0039 "9" */
    0x0, 0x4, 0xbe, 0xfe, 0xa3, 0x0, 0x0, 0x8f,
    0xff, 0xff, 0xff, 0x60, 0x5, 0xff, 0x81, 0x2,
    0xaf, 0xf3, 0xc, 0xf9, 0x0, 0x0, 0xc, 0xfa,
    0xf, 0xf2, 0x0, 0x0, 0x5, 0xfe, 0x2f, 0xf0,
    0x0, 0x0, 0x3, 0xff, 0xf, 0xf2, 0x0, 0x0,
    0x5, 0xfd, 0xc, 0xf9, 0x0, 0x0, 0xc, 0xf7,
    0x4, 0xff, 0x92, 0x3, 0xbf, 0xe0, 0x0, 0x6f,
    0xff, 0xff, 0xff, 0x50, 0x0, 0x2, 0x9c, 0xcf,
    0xfa, 0x0, 0x0, 0x0, 0x0, 0x5f, 0xe1, 0x0,
    0x0, 0x0, 0x2, 0xff, 0x40, 0x0, 0x0, 0x0,
    0xc, 0xf9, 0x0, 0x0, 0x0, 0x0, 0x8f, 0xd0,
    0x0, 0x0, 0x0, 0x1, 0xfe, 0x30, 0x0, 0x0,

    /* U+003A ":" */
    0x39, 0x90, 0x7f, 0xf1, 0x6f, 0xf1, 0x0, 0x0,
    0x0, 0x0, 0x0, 0x0, 0x0, 0x0, 0x0, 0x0,
    0x39, 0x90, 0x7f, 0xf1, 0x6f, 0xf1,

    /* U+003B ";" */
    0x2f, 0xf5, 0x3f, 0xf6, 0x19, 0x92, 0x0, 0x0,
    0x0, 0x0, 0x0, 0x0, 0x0, 0x0, 0x4, 0x51,
    0x2f, 0xf3, 0x4f, 0xd0, 0x7f, 0x70, 0x8f, 0x10,

    /* U+003C "<" */
    0x0, 0x0, 0x0, 0x0, 0x82, 0x0, 0x0, 0x0,
    0x3d, 0xf5, 0x0, 0x0, 0x7, 0xff, 0xb0, 0x0,
    0x1, 0xbf, 0xf6, 0x0, 0x0, 0x5e, 0xfc, 0x20,
    0x0, 0x9, 0xff, 0x80, 0x0, 0x0, 0x2f, 0xf4,
    0x0, 0x0, 0x0, 0xd, 0xfe, 0x40, 0x0, 0x0,
    0x0, 0x9f, 0xf8, 0x0, 0x0, 0x0, 0x5, 0xef,
    0xd2, 0x0, 0x0, 0x0, 0x1b, 0xff, 0x70, 0x0,
    0x0, 0x0, 0x7f, 0xf4, 0x0, 0x0, 0x0, 0x2,
    0xd4,

    /* U+003D "=" */
    0x4c, 0xcc, 0xcc, 0xcc, 0xca, 0x5f, 0xff, 0xff,
    0xff, 0xfe, 0x0, 0x0, 0x0, 0x0, 0x0, 0x0,
    0x0, 0x0, 0x0, 0x0, 0x0, 0x0, 0x0, 0x0,
    0x0, 0x0, 0x0, 0x0, 0x0, 0x0, 0x4c, 0xcc,
    0xcc, 0xcc, 0xca, 0x5f, 0xff, 0xff, 0xff, 0xfe,

    /* U+003E ">" */
    0x46, 0x0, 0x0, 0x0, 0x0, 0x7f, 0xb1, 0x0,
    0x0, 0x0, 0x2d, 0xfe, 0x50, 0x0, 0x0, 0x0,
    0x9f, 0xf9, 0x0, 0x0, 0x0, 0x4, 0xef, 0xd3,
    0x0, 0x0, 0x0, 0x1a, 0xff, 0x70, 0x0, 0x0,
    0x0, 0x8f, 0xf0, 0x0, 0x0, 0x6, 0xff, 0xb0,
    0x0, 0x1, 0xaf, 0xf8, 0x0, 0x0, 0x4e, 0xfe,
    0x30, 0x0, 0x8, 0xff, 0xa0, 0x0, 0x0, 0x7f,
    0xe5, 0x0, 0x0, 0x0, 0x7b, 0x10, 0x0, 0x0,
    0x0,

    /* U+003F "?" */
    0x0, 0x7, 0xcf, 0xfd, 0x80, 0x0, 0x1c, 0xff,
    0xff, 0xff, 0xd0, 0xa, 0xfd, 0x30, 0x5, 0xef,
    0x81, 0xff, 0x30, 0x0, 0x6, 0xfd, 0x3f, 0xd0,
    0x0, 0x0, 0x5f, 0xd0, 0x10, 0x0, 0x0, 0xb,
    0xf9, 0x0, 0x0, 0x0, 0x8, 0xfe, 0x10, 0x0,
    0x0, 0x7, 0xff, 0x30, 0x0, 0x0, 0x3, 0xff,
    0x50, 0x0, 0x0, 0x0, 0xcf, 0x90, 0x0, 0x0,
    0x0, 0xf, 0xf3, 0x0, 0x0, 0x0, 0x1, 0xff,
    0x10, 0x0, 0x0, 0x0, 0x4, 0x40, 0x0, 0x0,
    0x0, 0x1, 0x66, 0x0, 0x0, 0x0, 0x0, 0x5f,
    0xf1, 0x0, 0x0, 0x0, 0x4, 0xff, 0x10, 0x0,

    /* U+0040 "@" */
    0x0, 0x0, 0x3, 0x78, 0x87, 0x41, 0x0, 0x0,
    0x0, 0x5, 0xdf, 0xff, 0xff, 0xff, 0xa1, 0x0,
    0x0, 0x8f, 0xe7, 0x20, 0x1, 0x5a, 0xfe, 0x20,
    0x5, 0xfb, 0x0, 0x0, 0x0, 0x0, 0x4f, 0xd0,
    0xe, 0xd0, 0x0, 0x59, 0x71, 0x84, 0x7, 0xf5,
    0x4f, 0x60, 0xb, 0xff, 0xfd, 0xf9, 0x1, 0xfa,
    0x8f, 0x10, 0x6f, 0x91, 0x2c, 0xf9, 0x0, 0xdd,
    0xbe, 0x0, 0xbf, 0x0, 0x4, 0xf9, 0x0, 0xaf,
    0xbd, 0x0, 0xdc, 0x0, 0x1, 0xf9, 0x0, 0xaf,
    0xbd, 0x0, 0xcd, 0x0, 0x1, 0xf9, 0x0, 0xaf,
    0xbe, 0x0, 0xaf, 0x0, 0x4, 0xf9, 0x0, 0xbe,
    0x9f, 0x0, 0x5f, 0x90, 0x2c, 0xfe, 0x22, 0xfb,
    0x6f, 0x30, 0xb, 0xff, 0xff, 0x9f, 0xff, 0xf3,
    0x2f, 0xa0, 0x0, 0x58, 0x83, 0x3, 0x78, 0x20,
    0xb, 0xf4, 0x0, 0x0, 0x0, 0x0, 0x4, 0x20,
    0x1, 0xef, 0x70, 0x0, 0x0, 0x3, 0xcf, 0x70,
    0x0, 0x2d, 0xff, 0xb9, 0x9a, 0xdf, 0xf7, 0x0,
    0x0, 0x0, 0x5a, 0xdf, 0xfe, 0xc7, 0x10, 0x0,

    /* U+0041 "A" */
    0x0, 0x0, 0x1, 0xef, 0xc0, 0x0, 0x0, 0x0,
    0x0, 0x0, 0x7f, 0xff, 0x30, 0x0, 0x0, 0x0,
    0x0, 0xd, 0xfc, 0xf8, 0x0, 0x0, 0x0, 0x0,
    0x2, 0xfe, 0x2f, 0xe0, 0x0, 0x0, 0x0, 0x0,
    0x8f, 0x80, 0xcf, 0x40, 0x0, 0x0, 0x0, 0xe,
    0xf2, 0x6, 0xfa, 0x0, 0x0, 0x0, 0x4, 0xfb,
    0x0, 0xf, 0xf0, 0x0, 0x0, 0x0, 0xaf, 0x50,
    0x0, 0x9f, 0x60, 0x0, 0x0, 0xf, 0xf0, 0x0,
    0x3, 0xfc, 0x0, 0x0, 0x6, 0xf9, 0x0, 0x0,
    0xd, 0xf2, 0x0, 0x0, 0xcf, 0xff, 0xff, 0xff,
    0xff, 0x70, 0x0, 0x2f, 0xff, 0xff, 0xff, 0xff,
    0xfd, 0x0, 0x8, 0xf9, 0x0, 0x0, 0x0, 0xd,
    0xf3, 0x0, 0xdf, 0x40, 0x0, 0x0, 0x0, 0x8f,
    0x90, 0x3f, 0xe0, 0x0, 0x0, 0x0, 0x2, 0xfe,
    0x7, 0xf8, 0x0, 0x0, 0x0, 0x0, 0xc, 0xf3,

    /* U+0042 "B" */
    0xf, 0xff, 0xff, 0xff, 0xea, 0x20, 0x1, 0xff,
    0xdd, 0xdd, 0xef, 0xff, 0x30, 0x1f, 0xf1, 0x0,
    0x0, 0x1c, 0xfc, 0x1, 0xff, 0x10, 0x0, 0x0,
    0x2f, 0xf1, 0x1f, 0xf1, 0x0, 0x0, 0x0, 0xff,
    0x21, 0xff, 0x10, 0x0, 0x0, 0x4f, 0xf0, 0x1f,
    0xf1, 0x0, 0x0, 0x4e, 0xf8, 0x1, 0xff, 0xff,
    0xff, 0xff, 0xfa, 0x0, 0x1f, 0xfd, 0xdd, 0xdd,
    0xff, 0xe3, 0x1, 0xff, 0x10, 0x0, 0x0, 0xaf,
    0xe0, 0x1f, 0xf1, 0x0, 0x0, 0x0, 0xef, 0x51,
    0xff, 0x10, 0x0, 0x0, 0xc, 0xf7, 0x1f, 0xf1,
    0x0, 0x0, 0x0, 0xef, 0x51, 0xff, 0x10, 0x0,
    0x0, 0xaf, 0xf1, 0x1f, 0xfd, 0xdd, 0xdd, 0xff,
    0xf5, 0x0, 0xff, 0xff, 0xff, 0xfe, 0xb3, 0x0,

    /* U+0043 "C" */
    0x0, 0x6, 0xce, 0xfe, 0xb6, 0x0, 0x0, 0x1c,
    0xff, 0xff, 0xff, 0xfc, 0x10, 0xa, 0xfe, 0x50,
    0x0, 0x5e, 0xfc, 0x2, 0xff, 0x30, 0x0, 0x0,
    0x2f, 0xf4, 0x7f, 0xc0, 0x0, 0x0, 0x0, 0xbf,
    0x89, 0xf9, 0x0, 0x0, 0x0, 0x2, 0x73, 0xaf,
    0x80, 0x0, 0x0, 0x0, 0x0, 0xa, 0xf8, 0x0,
    0x0, 0x0, 0x0, 0x0, 0xaf, 0x80, 0x0, 0x0,
    0x0, 0x0, 0xa, 0xf8, 0x0, 0x0, 0x0, 0x0,
    0x0, 0x9f, 0x90, 0x0, 0x0, 0x0, 0x27, 0x37,
    0xfc, 0x0, 0x0, 0x0, 0xb, 0xf8, 0x2f, 0xf3,
    0x0, 0x0, 0x2, 0xff, 0x40, 0xaf, 0xe6, 0x10,
    0x5, 0xef, 0xc0, 0x1, 0xcf, 0xff, 0xff, 0xff,
    0xc1, 0x0, 0x0, 0x6c, 0xef, 0xeb, 0x60, 0x0,

    /* U+0044 "D" */
    0xf, 0xff, 0xff, 0xfe, 0xc7, 0x10, 0x1, 0xff,
    0xff, 0xff, 0xff, 0xfe, 0x30, 0x1f, 0xf1, 0x0,
    0x0, 0x5d, 0xfd, 0x1, 0xff, 0x10, 0x0, 0x0,
    0x2f, 0xf4, 0x1f, 0xf1, 0x0, 0x0, 0x0, 0xaf,
    0x91, 0xff, 0x10, 0x0, 0x0, 0x7, 0xfa, 0x1f,
    0xf1, 0x0, 0x0, 0x0, 0x6f, 0xb1, 0xff, 0x10,
    0x0, 0x0, 0x6, 0xfc, 0x1f, 0xf1, 0x0, 0x0,
    0x0, 0x6f, 0xc1, 0xff, 0x10, 0x0, 0x0, 0x6,
    0xfb, 0x1f, 0xf1, 0x0, 0x0, 0x0, 0x7f, 0xa1,
    0xff, 0x10, 0x0, 0x0, 0xa, 0xf9, 0x1f, 0xf1,
    0x0, 0x0, 0x1, 0xff, 0x51, 0xff, 0x10, 0x0,
    0x4, 0xdf, 0xd0, 0x1f, 0xfe, 0xee, 0xef, 0xff,
    0xe3, 0x0, 0xff, 0xff, 0xff, 0xec, 0x81, 0x0,

    /* U+0045 "E" */
    0xf, 0xff, 0xff, 0xff, 0xff, 0xe0, 0x1f, 0xff,
    0xff, 0xff, 0xff, 0xd0, 0x1f, 0xf0, 0x0, 0x0,
    0x0, 0x0, 0x1f, 0xf0, 0x0, 0x0, 0x0, 0x0,
    0x1f, 0xf0, 0x0, 0x0, 0x0, 0x0, 0x1f, 0xf0,
    0x0, 0x0, 0x0, 0x0, 0x1f, 0xf0, 0x0, 0x0,
    0x0, 0x0, 0x1f, 0xff, 0xff, 0xff, 0xff, 0x70,
    0x1f, 0xfe, 0xee, 0xee, 0xee, 0x60, 0x1f, 0xf0,
    0x0, 0x0, 0x0, 0x0, 0x1f, 0xf0, 0x0, 0x0,
    0x0, 0x0, 0x1f, 0xf0, 0x0, 0x0, 0x0, 0x0,
    0x1f, 0xf0, 0x0, 0x0, 0x0, 0x0, 0x1f, 0xf0,
    0x0, 0x0, 0x0, 0x0, 0x1f, 0xfe, 0xee, 0xee,
    0xee, 0xe1, 0xf, 0xff, 0xff, 0xff, 0xff, 0xf2,

    /* U+0046 "F" */
    0xf, 0xff, 0xff, 0xff, 0xff, 0xd1, 0xff, 0xff,
    0xff, 0xff, 0xfd, 0x1f, 0xf0, 0x0, 0x0, 0x0,
    0x1, 0xff, 0x0, 0x0, 0x0, 0x0, 0x1f, 0xf0,
    0x0, 0x0, 0x0, 0x1, 0xff, 0x0, 0x0, 0x0,
    0x0, 0x1f, 0xf0, 0x0, 0x0, 0x0, 0x1, 0xff,
    0xff, 0xff, 0xff, 0xf6, 0x1f, 0xff, 0xff, 0xff,
    0xff, 0x61, 0xff, 0x0, 0x0, 0x0, 0x0, 0x1f,
    0xf0, 0x0, 0x0, 0x0, 0x1, 0xff, 0x0, 0x0,
    0x0, 0x0, 0x1f, 0xf0, 0x0, 0x0, 0x0, 0x1,
    0xff, 0x0, 0x0, 0x0, 0x0, 0x1f, 0xf0, 0x0,
    0x0, 0x0, 0x0, 0xff, 0x0, 0x0, 0x0, 0x0,

    /* U+0047 "G" */
    0x0, 0x5, 0xbe, 0xfe, 0xb6, 0x0, 0x0, 0xb,
    0xff, 0xff, 0xff, 0xfd, 0x20, 0xa, 0xfe, 0x61,
    0x0, 0x5e, 0xfd, 0x2, 0xff, 0x30, 0x0, 0x0,
    0x2f, 0xf6, 0x7f, 0xc0, 0x0, 0x0, 0x0, 0x6a,
    0x59, 0xf9, 0x0, 0x0, 0x0, 0x0, 0x0, 0xaf,
    0x80, 0x0, 0x0, 0x0, 0x0, 0xa, 0xf8, 0x0,
    0x2, 0xcd, 0xdd, 0xd8, 0xaf, 0x80, 0x0, 0x2f,
    0xff, 0xff, 0xca, 0xf8, 0x0, 0x0, 0x0, 0x6,
    0xfb, 0x9f, 0x90, 0x0, 0x0, 0x0, 0x7f, 0xa7,
    0xfc, 0x0, 0x0, 0x0, 0xa, 0xf8, 0x2f, 0xf3,
    0x0, 0x0, 0x2, 0xff, 0x30, 0xaf, 0xe6, 0x10,
    0x5, 0xef, 0xb0, 0x0, 0xbf, 0xff, 0xff, 0xff,
    0xc1, 0x0, 0x0, 0x6b, 0xef, 0xeb, 0x60, 0x0,

    /* U+0048 "H" */
    0xf, 0xf0, 0x0, 0x0, 0x0, 0x4f, 0xb1, 0xff,
    0x10, 0x0, 0x0, 0x5, 0xfc, 0x1f, 0xf1, 0x0,
    0x0, 0x0, 0x5f, 0xc1, 0xff, 0x10, 0x0, 0x0,
    0x5, 0xfc, 0x1f, 0xf1, 0x0, 0x0, 0x0, 0x5f,
    0xc1, 0xff, 0x10, 0x0, 0x0, 0x5, 0xfc, 0x1f,
    0xf1, 0x0, 0x0, 0x0, 0x6f, 0xc1, 0xff, 0xff,
    0xff, 0xff, 0xff, 0xfc, 0x1f, 0xff, 0xff, 0xff,
    0xff, 0xff, 0xc1, 0xff, 0x10, 0x0, 0x0, 0x5,
    0xfc, 0x1f, 0xf1, 0x0, 0x0, 0x0, 0x5f, 0xc1,
    0xff, 0x10, 0x0, 0x0, 0x5, 0xfc, 0x1f, 0xf1,
    0x0, 0x0, 0x0, 0x5f, 0xc1, 0xff, 0x10, 0x0,
    0x0, 0x5, 0xfc, 0x1f, 0xf1, 0x0, 0x0, 0x0,
    0x5f, 0xc0, 0xff, 0x0, 0x0, 0x0, 0x4, 0xfb,

    /* U+0049 "I" */
    0xf, 0xf0, 0x1f, 0xf1, 0x1f, 0xf1, 0x1f, 0xf1,
    0x1f, 0xf1, 0x1f, 0xf1, 0x1f, 0xf1, 0x1f, 0xf1,
    0x1f, 0xf1, 0x1f, 0xf1, 0x1f, 0xf1, 0x1f, 0xf1,
    0x1f, 0xf1, 0x1f, 0xf1, 0x1f, 0xf1, 0xf, 0xf0,

    /* U+004A "J" */
    0x4, 0xff, 0xff, 0xff, 0xff, 0xff, 0x10, 0x4f,
    0xff, 0xff, 0xff, 0xff, 0xf2, 0x0, 0x0, 0x0,
    0x0, 0x0, 0xff, 0x20, 0x0, 0x0, 0x0, 0x0,
    0xf, 0xf2, 0x0, 0x0, 0x0, 0x0, 0x0, 0xff,
    0x20, 0x0, 0x0, 0x0, 0x0, 0xf, 0xf2, 0x0,
    0x0, 0x0, 0x0, 0x0, 0xff, 0x20, 0x0, 0x0,
    0x0, 0x0, 0xf, 0xf2, 0x0, 0x0, 0x0, 0x0,
    0x0, 0xff, 0x20, 0x0, 0x0, 0x0, 0x0, 0xf,
    0xf2, 0x4, 0x30, 0x0, 0x0, 0x1, 0xff, 0x11,
    0xff, 0x10, 0x0, 0x0, 0x4f, 0xf0, 0xf, 0xf7,
    0x0, 0x0, 0xb, 0xfb, 0x0, 0x8f, 0xf6, 0x0,
    0x18, 0xff, 0x40, 0x0, 0xbf, 0xff, 0xff, 0xff,
    0x70, 0x0, 0x0, 0x5b, 0xef, 0xea, 0x30, 0x0,

    /* U+004B "K" */
    0xf, 0xf0, 0x0, 0x0, 0x3e, 0xf4, 0x1f, 0xf0,
    0x0, 0x4, 0xff, 0x90, 0x1f, 0xf0, 0x0, 0x4f,
    0xf9, 0x0, 0x1f, 0xf0, 0x4, 0xff, 0x90, 0x0,
    0x1f, 0xf0, 0x4f, 0xf9, 0x0, 0x0, 0x1f, 0xf5,
    0xff, 0xa0, 0x0, 0x0, 0x1f, 0xff, 0xfa, 0x0,
    0x0, 0x0, 0x1f, 0xff, 0xc0, 0x0, 0x0, 0x0,
    0x1f, 0xff, 0xf5, 0x0, 0x0, 0x0, 0x1f, 0xfa,
    0xff, 0x40, 0x0, 0x0, 0x1f, 0xf0, 0xaf, 0xf4,
    0x0, 0x0, 0x1f, 0xf0, 0xa, 0xff, 0x30, 0x0,
    0x1f, 0xf0, 0x0, 0xaf, 0xf3, 0x0, 0x1f, 0xf0,
    0x0, 0xb, 0xfe, 0x20, 0x1f, 0xf0, 0x0, 0x0,
    0xbf, 0xe2, 0xf, 0xf0, 0x0, 0x0, 0xb, 0xfb,

    /* U+004C "L" */
    0xf, 0xf0, 0x0, 0x0, 0x0, 0x1, 0xff, 0x10,
    0x0, 0x0, 0x0, 0x1f, 0xf1, 0x0, 0x0, 0x0,
    0x1, 0xff, 0x10, 0x0, 0x0, 0x0, 0x1f, 0xf1,
    0x0, 0x0, 0x0, 0x1, 0xff, 0x10, 0x0, 0x0,
    0x0, 0x1f, 0xf1, 0x0, 0x0, 0x0, 0x1, 0xff,
    0x10, 0x0, 0x0, 0x0, 0x1f, 0xf1, 0x0, 0x0,
    0x0, 0x1, 0xff, 0x10, 0x0, 0x0, 0x0, 0x1f,
    0xf1, 0x0, 0x0, 0x0, 0x1, 0xff, 0x10, 0x0,
    0x0, 0x0, 0x1f, 0xf1, 0x0, 0x0, 0x0, 0x1,
    0xff, 0x10, 0x0, 0x0, 0x0, 0x1f, 0xff, 0xff,
    0xff, 0xff, 0xd0, 0xff, 0xff, 0xff, 0xff, 0xfd,

    /* U+004D "M" */
    0xf, 0xf2, 0x0, 0x0, 0x0, 0x0, 0x9f, 0x71,
    0xff, 0xa0, 0x0, 0x0, 0x0, 0x2f, 0xf9, 0x1f,
    0xff, 0x20, 0x0, 0x0, 0xa, 0xff, 0x91, 0xff,
    0xfa, 0x0, 0x0, 0x2, 0xff, 0xf9, 0x1f, 0xfd,
    0xf2, 0x0, 0x0, 0xaf, 0xdf, 0x91, 0xff, 0x5f,
    0xa0, 0x0, 0x3f, 0xd8, 0xf9, 0x1f, 0xf0, 0xdf,
    0x20, 0xb, 0xf5, 0x8f, 0x91, 0xff, 0x6, 0xfa,
    0x3, 0xfd, 0x8, 0xf9, 0x1f, 0xf0, 0xd, 0xf2,
    0xbf, 0x50, 0x8f, 0x91, 0xff, 0x0, 0x6f, 0xdf,
    0xd0, 0x8, 0xf9, 0x1f, 0xf0, 0x0, 0xdf, 0xf6,
    0x0, 0x8f, 0x91, 0xff, 0x0, 0x6, 0xfd, 0x0,
    0x8, 0xf9, 0x1f, 0xf0, 0x0, 0x2, 0x0, 0x0,
    0x8f, 0x91, 0xff, 0x0, 0x0, 0x0, 0x0, 0x8,
    0xf9, 0x1f, 0xf0, 0x0, 0x0, 0x0, 0x0, 0x8f,
    0x90, 0xfe, 0x0, 0x0, 0x0, 0x0, 0x7, 0xf8,

    /* U+004E "N" */
    0xf, 0xe2, 0x0, 0x0, 0x0, 0xaf, 0x41, 0xff,
    0xb0, 0x0, 0x0, 0xb, 0xf6, 0x1f, 0xff, 0x50,
    0x0, 0x0, 0xbf, 0x61, 0xff, 0xfe, 0x10, 0x0,
    0xb, 0xf6, 0x1f, 0xfc, 0xf9, 0x0, 0x0, 0xbf,
    0x61, 0xff, 0x2f, 0xf3, 0x0, 0xb, 0xf6, 0x1f,
    0xf0, 0x8f, 0xd0, 0x0, 0xbf, 0x61, 0xff, 0x0,
    0xdf, 0x70, 0xb, 0xf6, 0x1f, 0xf0, 0x4, 0xff,
    0x20, 0xbf, 0x61, 0xff, 0x0, 0x9, 0xfb, 0xb,
    0xf6, 0x1f, 0xf0, 0x0, 0x1e, 0xf5, 0xbf, 0x61,
    0xff, 0x0, 0x0, 0x5f, 0xec, 0xf6, 0x1f, 0xf0,
    0x0, 0x0, 0xbf, 0xff, 0x61, 0xff, 0x0, 0x0,
    0x2, 0xff, 0xf6, 0x1f, 0xf0, 0x0, 0x0, 0x7,
    0xff, 0x60, 0xfe, 0x0, 0x0, 0x0, 0xc, 0xf4,

    /* U+004F "O" */
    0x0, 0x6, 0xbe, 0xfe, 0xb5, 0x0, 0x0, 0xc,
    0xff, 0xff, 0xff, 0xfa, 0x0, 0xa, 0xff, 0x60,
    0x1, 0x7f, 0xf8, 0x1, 0xff, 0x50, 0x0, 0x0,
    0x6f, 0xf0, 0x6f, 0xd0, 0x0, 0x0, 0x0, 0xef,
    0x59, 0xfa, 0x0, 0x0, 0x0, 0xb, 0xf7, 0xaf,
    0x80, 0x0, 0x0, 0x0, 0xaf, 0x8a, 0xf8, 0x0,
    0x0, 0x0, 0x9, 0xf9, 0xaf, 0x80, 0x0, 0x0,
    0x0, 0x9f, 0x9a, 0xf8, 0x0, 0x0, 0x0, 0xa,
    0xf8, 0x9f, 0x90, 0x0, 0x0, 0x0, 0xbf, 0x77,
    0xfd, 0x0, 0x0, 0x0, 0xe, 0xf5, 0x2f, 0xf4,
    0x0, 0x0, 0x6, 0xff, 0x10, 0xbf, 0xf6, 0x0,
    0x17, 0xff, 0x90, 0x1, 0xdf, 0xff, 0xff, 0xff,
    0xc0, 0x0, 0x0, 0x7c, 0xef, 0xeb, 0x60, 0x0,

    /* U+0050 "P" */
    0xf, 0xff, 0xff, 0xff, 0xd8, 0x10, 0x1, 0xff,
    0xee, 0xee, 0xff, 0xfe, 0x20, 0x1f, 0xf1, 0x0,
    0x0, 0x3d, 0xfc, 0x1, 0xff, 0x10, 0x0, 0x0,
    0x2f, 0xf2, 0x1f, 0xf1, 0x0, 0x0, 0x0, 0xef,
    0x41, 0xff, 0x10, 0x0, 0x0, 0xe, 0xf4, 0x1f,
    0xf1, 0x0, 0x0, 0x3, 0xff, 0x21, 0xff, 0x10,
    0x0, 0x15, 0xef, 0xb0, 0x1f, 0xff, 0xff, 0xff,
    0xff, 0xd1, 0x1, 0xff, 0xee, 0xee, 0xdb, 0x70,
    0x0, 0x1f, 0xf1, 0x0, 0x0, 0x0, 0x0, 0x1,
    0xff, 0x10, 0x0, 0x0, 0x0, 0x0, 0x1f, 0xf1,
    0x0, 0x0, 0x0, 0x0, 0x1, 0xff, 0x10, 0x0,
    0x0, 0x0, 0x0, 0x1f, 0xf1, 0x0, 0x0, 0x0,
    0x0, 0x0, 0xff, 0x10, 0x0, 0x0, 0x0, 0x0,

    /* U+0051 "Q" */
    0x0, 0x6, 0xbe, 0xfe, 0xb5, 0x0, 0x0, 0xc,
    0xff, 0xff, 0xff, 0xfa, 0x0, 0xa, 0xff, 0x60,
    0x1, 0x7f, 0xf8, 0x2, 0xff, 0x50, 0x0, 0x0,
    0x6f, 0xf0, 0x7f, 0xd0, 0x0, 0x0, 0x0, 0xef,
    0x59, 0xfa, 0x0, 0x0, 0x0, 0xb, 0xf7, 0xaf,
    0x80, 0x0, 0x0, 0x0, 0xaf, 0x8a, 0xf8, 0x0,
    0x0, 0x0, 0x9, 0xf9, 0xaf, 0x80, 0x0, 0x0,
    0x0, 0x9f, 0x9a, 0xf8, 0x0, 0x0, 0x0, 0xa,
    0xf8, 0x9f, 0x90, 0x0, 0x0, 0x0, 0xbf, 0x77,
    0xfd, 0x0, 0x0, 0x0, 0xe, 0xf5, 0x2f, 0xf4,
    0x0, 0x0, 0x6, 0xff, 0x10, 0xbf, 0xf6, 0x0,
    0x17, 0xff, 0x90, 0x1, 0xdf, 0xff, 0xff, 0xff,
    0xf2, 0x0, 0x0, 0x7c, 0xef, 0xea, 0xcf, 0xb0,
    0x0, 0x0, 0x0, 0x0, 0x1, 0xdf, 0x50,

    /* U+0052 "R" */
    0xf, 0xff, 0xff, 0xff, 0xc7, 0x0, 0x1, 0xff,
    0xee, 0xee, 0xff, 0xfd, 0x10, 0x1f, 0xf1, 0x0,
    0x0, 0x4e, 0xfa, 0x1, 0xff, 0x10, 0x0, 0x0,
    0x5f, 0xf0, 0x1f, 0xf1, 0x0, 0x0, 0x1, 0xff,
    0x21, 0xff, 0x10, 0x0, 0x0, 0x1f, 0xf1, 0x1f,
    0xf1, 0x0, 0x0, 0x6, 0xff, 0x1, 0xff, 0x10,
    0x0, 0x16, 0xff, 0x80, 0x1f, 0xff, 0xff, 0xff,
    0xff, 0xc0, 0x1, 0xff, 0xff, 0xff, 0xff, 0x60,
    0x0, 0x1f, 0xf1, 0x0, 0xc, 0xf9, 0x0, 0x1,
    0xff, 0x10, 0x0, 0x2f, 0xf2, 0x0, 0x1f, 0xf1,
    0x0, 0x0, 0x9f, 0xc0, 0x1, 0xff, 0x10, 0x0,
    0x1, 0xef, 0x50, 0x1f, 0xf1, 0x0, 0x0, 0x6,
    0xfe, 0x0, 0xff, 0x0, 0x0, 0x0, 0xc, 0xf5,

    /* U+0053 "S" */
    0x0, 0x3, 0xae, 0xff, 0xc7, 0x0, 0x0, 0x7,
    0xff, 0xff, 0xff, 0xfd, 0x10, 0x3, 0xff, 0x81,
    0x0, 0x4e, 0xfc, 0x0, 0x8f, 0xb0, 0x0, 0x0,
    0x3f, 0xf2, 0x9, 0xf9, 0x0, 0x0, 0x0, 0x67,
    0x10, 0x6f, 0xe2, 0x0, 0x0, 0x0, 0x0, 0x0,
    0xdf, 0xf9, 0x30, 0x0, 0x0, 0x0, 0x1, 0xaf,
    0xff, 0xe9, 0x30, 0x0, 0x0, 0x0, 0x17, 0xcf,
    0xff, 0xc3, 0x0, 0x0, 0x0, 0x0, 0x17, 0xef,
    0xf2, 0x0, 0x0, 0x0, 0x0, 0x0, 0xdf, 0x80,
    0x99, 0x0, 0x0, 0x0, 0x8, 0xfa, 0xe, 0xf6,
    0x0, 0x0, 0x0, 0xbf, 0x90, 0x8f, 0xf7, 0x10,
    0x2, 0x9f, 0xf3, 0x0, 0xaf, 0xff, 0xff, 0xff,
    0xf7, 0x0, 0x0, 0x4a, 0xef, 0xfd, 0x93, 0x0,

    /* U+0054 "T" */
    0x6f, 0xff, 0xff, 0xff, 0xff, 0xff, 0x26, 0xff,
    0xff, 0xff, 0xff, 0xff, 0xf2, 0x0, 0x0, 0xb,
    0xf7, 0x0, 0x0, 0x0, 0x0, 0x0, 0xbf, 0x70,
    0x0, 0x0, 0x0, 0x0, 0xb, 0xf7, 0x0, 0x0,
    0x0, 0x0, 0x0, 0xbf, 0x70, 0x0, 0x0, 0x0,
    0x0, 0xb, 0xf7, 0x0, 0x0, 0x0, 0x0, 0x0,
    0xbf, 0x70, 0x0, 0x0, 0x0, 0x0, 0xb, 0xf7,
    0x0, 0x0, 0x0, 0x0, 0x0, 0xbf, 0x70, 0x0,
    0x0, 0x0, 0x0, 0xb, 0xf7, 0x0, 0x0, 0x0,
    0x0, 0x0, 0xbf, 0x70, 0x0, 0x0, 0x0, 0x0,
    0xb, 0xf7, 0x0, 0x0, 0x0, 0x0, 0x0, 0xbf,
    0x70, 0x0, 0x0, 0x0, 0x0, 0xb, 0xf7, 0x0,
    0x0, 0x0, 0x0, 0x0, 0xaf, 0x60, 0x0, 0x0,

    /* U+0055 "U" */
    0x2f, 0xd0, 0x0, 0x0, 0x0, 0x6f, 0x93, 0xff,
    0x0, 0x0, 0x0, 0x8, 0xfa, 0x3f, 0xf0, 0x0,
    0x0, 0x0, 0x8f, 0xa3, 0xff, 0x0, 0x0, 0x0,
    0x8, 0xfa, 0x3f, 0xf0, 0x0, 0x0, 0x0, 0x8f,
    0xa3, 0xff, 0x0, 0x0, 0x0, 0x8, 0xfa, 0x3f,
    0xf0, 0x0, 0x0, 0x0, 0x8f, 0xa3, 0xff, 0x0,
    0x0, 0x0, 0x8, 0xfa, 0x3f, 0xf0, 0x0, 0x0,
    0x0, 0x8f, 0xa3, 0xff, 0x0, 0x0, 0x0, 0x8,
    0xfa, 0x2f, 0xf0, 0x0, 0x0, 0x0, 0x8f, 0x90,
    0xff, 0x20, 0x0, 0x0, 0xb, 0xf7, 0xc, 0xf9,
    0x0, 0x0, 0x2, 0xff, 0x30, 0x5f, 0xf9, 0x10,
    0x5, 0xef, 0xc0, 0x0, 0x8f, 0xff, 0xff, 0xff,
    0xd1, 0x0, 0x0, 0x4a, 0xef, 0xec, 0x70, 0x0,

    /* U+0056 "V" */
    0x3f, 0xd0, 0x0, 0x0, 0x0, 0x7, 0xf9, 0xf,
    0xf4, 0x0, 0x0, 0x0, 0xd, 0xf5, 0xa, 0xf9,
    0x0, 0x0, 0x0, 0x3f, 0xf1, 0x4, 0xfe, 0x0,
    0x0, 0x0, 0x8f, 0xb0, 0x0, 0xff, 0x40, 0x0,
    0x0, 0xdf, 0x50, 0x0, 0xaf, 0x90, 0x0, 0x3,
    0xff, 0x0, 0x0, 0x4f, 0xe0, 0x0, 0x8, 0xfb,
    0x0, 0x0, 0xf, 0xf3, 0x0, 0xd, 0xf5, 0x0,
    0x0, 0xa, 0xf9, 0x0, 0x3f, 0xf0, 0x0, 0x0,
    0x4, 0xfe, 0x0, 0x8f, 0xb0, 0x0, 0x0, 0x0,
    0xff, 0x30, 0xdf, 0x50, 0x0, 0x0, 0x0, 0xaf,
    0x93, 0xff, 0x0, 0x0, 0x0, 0x0, 0x4f, 0xe8,
    0xfb, 0x0, 0x0, 0x0, 0x0, 0xf, 0xff, 0xf5,
    0x0, 0x0, 0x0, 0x0, 0xa, 0xff, 0xf0, 0x0,
    0x0, 0x0, 0x0, 0x3, 0xff, 0x90, 0x0, 0x0,

    /* U+0057 "W" */
    0xf, 0xf1, 0x0, 0x0, 0x0, 0x0, 0x0, 0x7f,
    0x90, 0xdf, 0x40, 0x0, 0x0, 0x0, 0x0, 0xb,
    0xf7, 0xa, 0xf7, 0x0, 0x0, 0x0, 0x0, 0x0,
    0xef, 0x40, 0x7f, 0xa0, 0x0, 0x0, 0x0, 0x0,
    0x1f, 0xf1, 0x4, 0xfd, 0x0, 0x3, 0xfd, 0x0,
    0x3, 0xfe, 0x0, 0x1f, 0xf0, 0x0, 0x9f, 0xf3,
    0x0, 0x6f, 0xb0, 0x0, 0xef, 0x30, 0xe, 0xff,
    0x80, 0x9, 0xf8, 0x0, 0xb, 0xf6, 0x3, 0xfb,
    0xfd, 0x0, 0xcf, 0x50, 0x0, 0x8f, 0x90, 0x8f,
    0x5b, 0xf1, 0xf, 0xf1, 0x0, 0x5, 0xfc, 0xd,
    0xf0, 0x6f, 0x62, 0xfe, 0x0, 0x0, 0x1f, 0xf2,
    0xfb, 0x1, 0xfb, 0x5f, 0xb0, 0x0, 0x0, 0xef,
    0x9f, 0x50, 0xc, 0xf9, 0xf8, 0x0, 0x0, 0xb,
    0xff, 0xf1, 0x0, 0x6f, 0xff, 0x50, 0x0, 0x0,
    0x8f, 0xfb, 0x0, 0x1, 0xff, 0xf2, 0x0, 0x0,
    0x5, 0xff, 0x60, 0x0, 0xc, 0xff, 0x0, 0x0,
    0x0, 0x1f, 0xe1, 0x0, 0x0, 0x6f, 0xa0, 0x0,

    /* U+0058 "X" */
    0x1f, 0xf3, 0x0, 0x0, 0x0, 0x3f, 0xf0, 0xa,
    0xfd, 0x0, 0x0, 0x0, 0xdf, 0x80, 0x1, 0xef,
    0x90, 0x0, 0x8, 0xfd, 0x0, 0x0, 0x4f, 0xf4,
    0x0, 0x3f, 0xf3, 0x0, 0x0, 0x9, 0xfd, 0x0,
    0xdf, 0x80, 0x0, 0x0, 0x0, 0xef, 0x99, 0xfd,
    0x0, 0x0, 0x0, 0x0, 0x4f, 0xff, 0xf3, 0x0,
    0x0, 0x0, 0x0, 0x9, 0xff, 0x90, 0x0, 0x0,
    0x0, 0x0, 0xc, 0xff, 0xb0, 0x0, 0x0, 0x0,
    0x0, 0x7f, 0xff, 0xf6, 0x0, 0x0, 0x0, 0x2,
    0xff, 0x68, 0xff, 0x20, 0x0, 0x0, 0xc, 0xfb,
    0x0, 0xcf, 0xc0, 0x0, 0x0, 0x8f, 0xe1, 0x0,
    0x2f, 0xf7, 0x0, 0x3, 0xff, 0x50, 0x0, 0x7,
    0xff, 0x20, 0xd, 0xf9, 0x0, 0x0, 0x0, 0xbf,
    0xc0, 0x5f, 0xd0, 0x0, 0x0, 0x0, 0x1e, 0xf4,

    /* U+0059 "Y" */
    0x3f, 0xd0, 0x0, 0x0, 0x0, 0xa, 0xf7, 0xd,
    0xf7, 0x0, 0x0, 0x0, 0x4f, 0xf1, 0x4, 0xff,
    0x10, 0x0, 0x0, 0xdf, 0x70, 0x0, 0xbf, 0x90,
    0x0, 0x6, 0xfe, 0x0, 0x0, 0x2f, 0xf3, 0x0,
    0x1e, 0xf5, 0x0, 0x0, 0x9, 0xfc, 0x0, 0x9f,
    0xc0, 0x0, 0x0, 0x1, 0xef, 0x52, 0xff, 0x30,
    0x0, 0x0, 0x0, 0x7f, 0xeb, 0xfa, 0x0, 0x0,
    0x0, 0x0, 0xd, 0xff, 0xf2, 0x0, 0x0, 0x0,
    0x0, 0x4, 0xff, 0x80, 0x0, 0x0, 0x0, 0x0,
    0x0, 0xff, 0x30, 0x0, 0x0, 0x0, 0x0, 0x0,
    0xff, 0x30, 0x0, 0x0, 0x0, 0x0, 0x0, 0xff,
    0x30, 0x0, 0x0, 0x0, 0x0, 0x0, 0xff, 0x30,
    0x0, 0x0, 0x0, 0x0, 0x0, 0xff, 0x30, 0x0,
    0x0, 0x0, 0x0, 0x0, 0xef, 0x20, 0x0, 0x0,

    /* U+005A "Z" */
    0xd, 0xff, 0xff, 0xff, 0xff, 0xff, 0x0, 0xcf,
    0xff, 0xff, 0xff, 0xff, 0xf1, 0x0, 0x0, 0x0,
    0x0, 0x1e, 0xfb, 0x0, 0x0, 0x0, 0x0, 0xa,
    0xfe, 0x10, 0x0, 0x0, 0x0, 0x5, 0xff, 0x50,
    0x0, 0x0, 0x0, 0x1, 0xff, 0x90, 0x0, 0x0,
    0x0, 0x0, 0xcf, 0xd0, 0x0, 0x0, 0x0, 0x0,
    0x7f, 0xf3, 0x0, 0x0, 0x0, 0x0, 0x3f, 0xf8,
    0x0, 0x0, 0x0, 0x0, 0xd, 0xfd, 0x0, 0x0,
    0x0, 0x0, 0x9, 0xff, 0x20, 0x0, 0x0, 0x0,
    0x4, 0xff, 0x70, 0x0, 0x0, 0x0, 0x1, 0xef,
    0xc0, 0x0, 0x0, 0x0, 0x0, 0xaf, 0xf2, 0x0,
    0x0, 0x0, 0x0, 0x1f, 0xff, 0xff, 0xff, 0xff,
    0xff, 0x30, 0xff, 0xff, 0xff, 0xff, 0xff, 0xf3,

    /* U+005B "[" */
    0x5f, 0xff, 0xf7, 0x6f, 0xed, 0xd6, 0x6f, 0x90,
    0x0, 0x6f, 0x90, 0x0, 0x6f, 0x90, 0x0, 0x6f,
    0x90, 0x0, 0x6f, 0x90, 0x0, 0x6f, 0x90, 0x0,
    0x6f, 0x90, 0x0, 0x6f, 0x90, 0x0, 0x6f, 0x90,
    0x0, 0x6f, 0x90, 0x0, 0x6f, 0x90, 0x0, 0x6f,
    0x90, 0x0, 0x6f, 0x90, 0x0, 0x6f, 0x90, 0x0,
    0x6f, 0x90, 0x0, 0x6f, 0x90, 0x0, 0x6f, 0x90,
    0x0, 0x6f, 0xfe, 0xe7, 0x5f, 0xff, 0xf7,

    /* U+005C "\\" */
    0x27, 0x20, 0x0, 0x0, 0x0, 0x4, 0xfa, 0x0,
    0x0, 0x0, 0x0, 0xd, 0xf1, 0x0, 0x0, 0x0,
    0x0, 0x7f, 0x70, 0x0, 0x0, 0x0, 0x1, 0xfe,
    0x0, 0x0, 0x0, 0x0, 0xa, 0xf4, 0x0, 0x0,
    0x0, 0x0, 0x3f, 0xb0, 0x0, 0x0, 0x0, 0x0,
    0xdf, 0x20, 0x0, 0x0, 0x0, 0x6, 0xf8, 0x0,
    0x0, 0x0, 0x0, 0xf, 0xe0, 0x0, 0x0, 0x0,
    0x0, 0x9f, 0x50, 0x0, 0x0, 0x0, 0x2, 0xfc,
    0x0, 0x0, 0x0, 0x0, 0xc, 0xf2, 0x0, 0x0,
    0x0, 0x0, 0x5f, 0x90, 0x0, 0x0, 0x0, 0x0,
    0xef, 0x0, 0x0, 0x0, 0x0, 0x8, 0xf6, 0x0,
    0x0, 0x0, 0x0, 0x2f, 0xd0, 0x0, 0x0, 0x0,
    0x0, 0xbf, 0x30, 0x0, 0x0, 0x0, 0x4, 0xfa,
    0x0, 0x0, 0x0, 0x0, 0xd, 0xe0,

    /* U+005D "]" */
    0x5f, 0xff, 0xf7, 0x4d, 0xde, 0xf9, 0x0, 0x6,
    0xf9, 0x0, 0x6, 0xf9, 0x0, 0x6, 0xf9, 0x0,
    0x6, 0xf9, 0x0, 0x6, 0xf9, 0x0, 0x6, 0xf9,
    0x0, 0x6, 0xf9, 0x0, 0x6, 0xf9, 0x0, 0x6,
    0xf9, 0x0, 0x6, 0xf9, 0x0, 0x6, 0xf9, 0x0,
    0x6, 0xf9, 0x0, 0x6, 0xf9, 0x0, 0x6, 0xf9,
    0x0, 0x6, 0xf9, 0x0, 0x6, 0xf9, 0x0, 0x6,
    0xf9, 0x4e, 0xef, 0xf9, 0x5f, 0xff, 0xf7,

    /* U+005E "^" */
    0x0, 0x7f, 0xd1, 0x0, 0x7, 0xfd, 0xfd, 0x10,
    0x5f, 0x70, 0x2c, 0xd0,

    /* U+005F "_" */
    0x8e, 0xee, 0xee, 0xee, 0xee, 0xee, 0xed, 0x9,
    0xff, 0xff, 0xff, 0xff, 0xff, 0xff, 0xf1,

    /* U+0060 "`" */
    0x6f, 0xf4, 0x0, 0x7f, 0xf2, 0x0, 0x4e, 0xd0,

    /* U+0061 "a" */
    0x0, 0x7, 0xdf, 0xfd, 0x70, 0x0, 0xa, 0xff,
    0xbb, 0xff, 0xb0, 0x4, 0xfd, 0x10, 0x1, 0xdf,
    0x40, 0x16, 0x20, 0x0, 0x8, 0xf8, 0x0, 0x0,
    0x0, 0x24, 0xbf, 0x90, 0x1, 0x8c, 0xff, 0xff,
    0xf9, 0x4, 0xef, 0xc8, 0x53, 0x8f, 0x90, 0xef,
    0x50, 0x0, 0x8, 0xf9, 0x2f, 0xe0, 0x0, 0x0,
    0xdf, 0x90, 0xff, 0x40, 0x0, 0x8f, 0xf9, 0x7,
    0xff, 0xdb, 0xef, 0xcf, 0x90, 0x5, 0xcf, 0xfb,
    0x45, 0xf8,

    /* U+0062 "b" */
    0x4f, 0xa0, 0x0, 0x0, 0x0, 0x0, 0x5f, 0xb0,
    0x0, 0x0, 0x0, 0x0, 0x5f, 0xb0, 0x0, 0x0,
    0x0, 0x0, 0x5f, 0xb0, 0x0, 0x0, 0x0, 0x0,
    0x5f, 0xb2, 0xae, 0xfd, 0x70, 0x0, 0x5f, 0xdf,
    0xfd, 0xef, 0xfa, 0x0, 0x5f, 0xfd, 0x20, 0x5,
    0xff, 0x40, 0x5f, 0xf2, 0x0, 0x0, 0x8f, 0xa0,
    0x5f, 0xc0, 0x0, 0x0, 0x4f, 0xe0, 0x5f, 0xb0,
    0x0, 0x0, 0x2f, 0xf0, 0x5f, 0xb0, 0x0, 0x0,
    0x2f, 0xf0, 0x5f, 0xd0, 0x0, 0x0, 0x4f, 0xe0,
    0x5f, 0xf2, 0x0, 0x0, 0x8f, 0xb0, 0x5f, 0xfd,
    0x20, 0x4, 0xff, 0x50, 0x5f, 0xdf, 0xfd, 0xef,
    0xfb, 0x0, 0x4f, 0x92, 0xae, 0xfd, 0x70, 0x0,

    /* U+0063 "c" */
    0x0, 0x5b, 0xef, 0xd9, 0x10, 0x0, 0x8f, 0xfe,
    0xdf, 0xfe, 0x20, 0x3f, 0xf5, 0x0, 0x1b, 0xfc,
    0x9, 0xf9, 0x0, 0x0, 0x1f, 0xf1, 0xcf, 0x50,
    0x0, 0x0, 0x22, 0xd, 0xf3, 0x0, 0x0, 0x0,
    0x0, 0xdf, 0x30, 0x0, 0x0, 0x0, 0xc, 0xf4,
    0x0, 0x0, 0x2, 0x20, 0x9f, 0x90, 0x0, 0x1,
    0xff, 0x13, 0xff, 0x50, 0x1, 0xbf, 0xc0, 0x8,
    0xff, 0xed, 0xff, 0xe2, 0x0, 0x5, 0xbe, 0xfd,
    0x91, 0x0,

    /* U+0064 "d" */
    0x0, 0x0, 0x0, 0x0, 0x8f, 0x50, 0x0, 0x0,
    0x0, 0xa, 0xf7, 0x0, 0x0, 0x0, 0x0, 0xaf,
    0x70, 0x0, 0x0, 0x0, 0xa, 0xf7, 0x0, 0x6d,
    0xfe, 0xb3, 0xaf, 0x70, 0x9f, 0xfe, 0xdf, 0xfd,
    0xf7, 0x3f, 0xf6, 0x0, 0x1c, 0xff, 0x79, 0xf9,
    0x0, 0x0, 0x1f, 0xf7, 0xbf, 0x50, 0x0, 0x0,
    0xbf, 0x7e, 0xf3, 0x0, 0x0, 0x9, 0xf7, 0xef,
    0x30, 0x0, 0x0, 0x9f, 0x7c, 0xf5, 0x0, 0x0,
    0xb, 0xf7, 0x9f, 0x90, 0x0, 0x1, 0xff, 0x73,
    0xff, 0x50, 0x1, 0xcf, 0xf7, 0x9, 0xff, 0xed,
    0xff, 0xcf, 0x70, 0x6, 0xdf, 0xeb, 0x37, 0xf5,

    /* U+0065 "e" */
    0x0, 0x4b, 0xef, 0xd7, 0x0, 0x0, 0x7f, 0xfc,
    0xbe, 0xfc, 0x0, 0x2f, 0xe3, 0x0, 0xb, 0xf9,
    0x9, 0xf7, 0x0, 0x0, 0x1f, 0xf0, 0xcf, 0x30,
    0x0, 0x0, 0xdf, 0x3e, 0xff, 0xff, 0xff, 0xff,
    0xf4, 0xef, 0xa9, 0x99, 0x99, 0x99, 0x1c, 0xf4,
    0x0, 0x0, 0x0, 0x0, 0x9f, 0x90, 0x0, 0x0,
    0x54, 0x2, 0xff, 0x50, 0x0, 0xaf, 0xd0, 0x6,
    0xff, 0xcb, 0xef, 0xe3, 0x0, 0x4, 0xbf, 0xfd,
    0x91, 0x0,

    /* U+0066 "f" */
    0x0, 0x0, 0x6b, 0xcc, 0x30, 0x0, 0x8f, 0xff,
    0xf4, 0x0, 0xf, 0xf5, 0x0, 0x0, 0x3, 0xfd,
    0x0, 0x0, 0x0, 0x3f, 0xd0, 0x0, 0x8, 0xff,
    0xff, 0xff, 0xf1, 0x6d, 0xdf, 0xfd, 0xdc, 0x10,
    0x3, 0xfd, 0x0, 0x0, 0x0, 0x3f, 0xd0, 0x0,
    0x0, 0x3, 0xfd, 0x0, 0x0, 0x0, 0x3f, 0xd0,
    0x0, 0x0, 0x3, 0xfd, 0x0, 0x0, 0x0, 0x3f,
    0xd0, 0x0, 0x0, 0x3, 0xfd, 0x0, 0x0, 0x0,
    0x3f, 0xd0, 0x0, 0x0, 0x3, 0xfd, 0x0, 0x0,
    0x0, 0x2f, 0xb0, 0x0, 0x0,

    /* U+0067 "g" */
    0x0, 0x6d, 0xfe, 0xb2, 0x7f, 0x60, 0x9f, 0xfe,
    0xdf, 0xfc, 0xf7, 0x3f, 0xf6, 0x0, 0x1c, 0xff,
    0x79, 0xfa, 0x0, 0x0, 0x1f, 0xf7, 0xbf, 0x60,
    0x0, 0x0, 0xbf, 0x7d, 0xf3, 0x0, 0x0, 0x9,
    0xf7, 0xdf, 0x30, 0x0, 0x0, 0x9f, 0x7b, 0xf6,
    0x0, 0x0, 0xb, 0xf7, 0x9f, 0xa0, 0x0, 0x1,
    0xff, 0x73, 0xff, 0x60, 0x1, 0xbf, 0xf7, 0x9,
    0xff, 0xed, 0xff, 0xdf, 0x70, 0x6, 0xdf, 0xfb,
    0x3a, 0xf7, 0x1, 0x0, 0x0, 0x0, 0xaf, 0x69,
    0xf7, 0x0, 0x0, 0xd, 0xf4, 0x5f, 0xf3, 0x0,
    0x7, 0xfe, 0x0, 0xaf, 0xfd, 0xce, 0xff, 0x40,
    0x0, 0x6c, 0xff, 0xea, 0x30, 0x0,

    /* U+0068 "h" */
    0x4f, 0xb0, 0x0, 0x0, 0x0, 0x5, 0xfc, 0x0,
    0x0, 0x0, 0x0, 0x5f, 0xc0, 0x0, 0x0, 0x0,
    0x5, 0xfc, 0x0, 0x0, 0x0, 0x0, 0x5f, 0xc1,
    0x9e, 0xfd, 0x70, 0x5, 0xfd, 0xef, 0xef, 0xff,
    0xb0, 0x5f, 0xfd, 0x20, 0x5, 0xff, 0x55, 0xff,
    0x20, 0x0, 0x9, 0xfa, 0x5f, 0xd0, 0x0, 0x0,
    0x5f, 0xc5, 0xfc, 0x0, 0x0, 0x4, 0xfd, 0x5f,
    0xc0, 0x0, 0x0, 0x4f, 0xd5, 0xfc, 0x0, 0x0,
    0x4, 0xfd, 0x5f, 0xc0, 0x0, 0x0, 0x4f, 0xd5,
    0xfc, 0x0, 0x0, 0x4, 0xfd, 0x5f, 0xc0, 0x0,
    0x0, 0x4f, 0xd4, 0xfb, 0x0, 0x0, 0x3, 0xfc,

    /* U+0069 "i" */
    0x7f, 0xc8, 0xfd, 0x14, 0x30, 0x0, 0x4f, 0x96,
    0xfb, 0x6f, 0xb6, 0xfb, 0x6f, 0xb6, 0xfb, 0x6f,
    0xb6, 0xfb, 0x6f, 0xb6, 0xfb, 0x6f, 0xb4, 0xfa,

    /* U+006A "j" */
    0x0, 0x4f, 0xf1, 0x0, 0x5f, 0xf1, 0x0, 0x4,
    0x40, 0x0, 0x0, 0x0, 0x0, 0x1f, 0xd0, 0x0,
    0x2f, 0xf0, 0x0, 0x2f, 0xf0, 0x0, 0x2f, 0xf0,
    0x0, 0x2f, 0xf0, 0x0, 0x2f, 0xf0, 0x0, 0x2f,
    0xf0, 0x0, 0x2f, 0xf0, 0x0, 0x2f, 0xf0, 0x0,
    0x2f, 0xf0, 0x0, 0x2f, 0xf0, 0x0, 0x2f, 0xe0,
    0x0, 0x3f, 0xe0, 0x0, 0x8f, 0xb0, 0x8d, 0xff,
    0x50, 0xaf, 0xd5, 0x0,

    /* U+006B "k" */
    0x4f, 0xa0, 0x0, 0x0, 0x0, 0x5, 0xfb, 0x0,
    0x0, 0x0, 0x0, 0x5f, 0xb0, 0x0, 0x0, 0x0,
    0x5, 0xfb, 0x0, 0x0, 0x0, 0x0, 0x5f, 0xb0,
    0x0, 0x3d, 0xf6, 0x5, 0xfb, 0x0, 0x4f, 0xf9,
    0x0, 0x5f, 0xb0, 0x6f, 0xf7, 0x0, 0x5, 0xfb,
    0x8f, 0xf5, 0x0, 0x0, 0x5f, 0xff, 0xe3, 0x0,
    0x0, 0x5, 0xff, 0xf7, 0x0, 0x0, 0x0, 0x5f,
    0xff, 0xf5, 0x0, 0x0, 0x5, 0xfb, 0x7f, 0xf4,
    0x0, 0x0, 0x5f, 0xb0, 0x7f, 0xf4, 0x0, 0x5,
    0xfb, 0x0, 0x7f, 0xf4, 0x0, 0x5f, 0xb0, 0x0,
    0x7f, 0xf4, 0x4, 0xfa, 0x0, 0x0, 0x7f, 0xe0,

    /* U+006C "l" */
    0x4f, 0xa5, 0xfb, 0x5f, 0xb5, 0xfb, 0x5f, 0xb5,
    0xfb, 0x5f, 0xb5, 0xfb, 0x5f, 0xb5, 0xfb, 0x5f,
    0xb5, 0xfb, 0x5f, 0xb5, 0xfb, 0x5f, 0xb4, 0xfa,

    /* U+006D "m" */
    0x4f, 0x86, 0xdf, 0xea, 0x20, 0x5c, 0xfe, 0xa2,
    0x0, 0x6f, 0xff, 0xca, 0xef, 0xe8, 0xfd, 0xad,
    0xfe, 0x10, 0x6f, 0xf7, 0x0, 0x1d, 0xff, 0x90,
    0x0, 0xaf, 0x90, 0x6f, 0xe0, 0x0, 0x6, 0xff,
    0x10, 0x0, 0x3f, 0xe0, 0x6f, 0xb0, 0x0, 0x3,
    0xfe, 0x0, 0x0, 0xf, 0xf0, 0x6f, 0xb0, 0x0,
    0x2, 0xfe, 0x0, 0x0, 0xf, 0xf0, 0x6f, 0xb0,
    0x0, 0x2, 0xfe, 0x0, 0x0, 0xf, 0xf0, 0x6f,
    0xb0, 0x0, 0x2, 0xfe, 0x0, 0x0, 0xf, 0xf0,
    0x6f, 0xb0, 0x0, 0x2, 0xfe, 0x0, 0x0, 0xf,
    0xf0, 0x6f, 0xb0, 0x0, 0x2, 0xfe, 0x0, 0x0,
    0xf, 0xf0, 0x6f, 0xb0, 0x0, 0x2, 0xfe, 0x0,
    0x0, 0xf, 0xf0, 0x4f, 0xa0, 0x0, 0x1, 0xfc,
    0x0, 0x0, 0xe, 0xf0,

    /* U+006E "n" */
    0x4f, 0x93, 0xbe, 0xfd, 0x70, 0x6, 0xfe, 0xfe,
    0xab, 0xff, 0xa0, 0x6f, 0xfa, 0x0, 0x3, 0xff,
    0x46, 0xff, 0x10, 0x0, 0x9, 0xf9, 0x6f, 0xd0,
    0x0, 0x0, 0x5f, 0xc6, 0xfb, 0x0, 0x0, 0x4,
    0xfc, 0x6f, 0xb0, 0x0, 0x0, 0x4f, 0xd6, 0xfb,
    0x0, 0x0, 0x4, 0xfd, 0x6f, 0xb0, 0x0, 0x0,
    0x4f, 0xd6, 0xfb, 0x0, 0x0, 0x4, 0xfd, 0x6f,
    0xb0, 0x0, 0x0, 0x4f, 0xd4, 0xfa, 0x0, 0x0,
    0x3, 0xfb,

    /* U+006F "o" */
    0x0, 0x4b, 0xef, 0xd9, 0x10, 0x0, 0x7f, 0xfe,
    0xcf, 0xfe, 0x20, 0x3f, 0xf5, 0x0, 0xa, 0xfc,
    0x9, 0xf9, 0x0, 0x0, 0x1f, 0xf3, 0xcf, 0x50,
    0x0, 0x0, 0xbf, 0x6d, 0xf3, 0x0, 0x0, 0x9,
    0xf7, 0xdf, 0x30, 0x0, 0x0, 0x9f, 0x7c, 0xf5,
    0x0, 0x0, 0xb, 0xf6, 0x9f, 0x90, 0x0, 0x1,
    0xff, 0x33, 0xff, 0x50, 0x0, 0xaf, 0xd0, 0x7,
    0xff, 0xec, 0xff, 0xe3, 0x0, 0x4, 0xbe, 0xfd,
    0x92, 0x0,

    /* U+0070 "p" */
    0x4f, 0x93, 0xbe, 0xfd, 0x70, 0x0, 0x5f, 0xef,
    0xea, 0xbf, 0xfb, 0x0, 0x5f, 0xfb, 0x0, 0x2,
    0xef, 0x50, 0x5f, 0xf1, 0x0, 0x0, 0x7f, 0xb0,
    0x5f, 0xc0, 0x0, 0x0, 0x4f, 0xe0, 0x5f, 0xb0,
    0x0, 0x0, 0x2f, 0xf0, 0x5f, 0xb0, 0x0, 0x0,
    0x2f, 0xf0, 0x5f, 0xd0, 0x0, 0x0, 0x4f, 0xe0,
    0x5f, 0xf2, 0x0, 0x0, 0x8f, 0xb0, 0x5f, 0xfd,
    0x20, 0x5, 0xff, 0x50, 0x5f, 0xde, 0xfd, 0xef,
    0xfb, 0x0, 0x5f, 0xb2, 0xae, 0xfd, 0x70, 0x0,
    0x5f, 0xb0, 0x0, 0x0, 0x0, 0x0, 0x5f, 0xb0,
    0x0, 0x0, 0x0, 0x0, 0x5f, 0xb0, 0x0, 0x0,
    0x0, 0x0, 0x4f, 0xa0, 0x0, 0x0, 0x0, 0x0,

    /* U+0071 "q" */
    0x0, 0x6d, 0xfe, 0xb3, 0x7f, 0x60, 0x9f, 0xfe,
    0xdf, 0xfc, 0xf7, 0x3f, 0xf6, 0x0, 0x1c, 0xff,
    0x79, 0xfa, 0x0, 0x0, 0x1f, 0xf7, 0xbf, 0x60,
    0x0, 0x0, 0xbf, 0x7d, 0xf3, 0x0, 0x0, 0x9,
    0xf7, 0xdf, 0x30, 0x0, 0x0, 0x9f, 0x7b, 0xf6,
    0x0, 0x0, 0xb, 0xf7, 0x9f, 0xa0, 0x0, 0x1,
    0xff, 0x73, 0xff, 0x60, 0x1, 0xbf, 0xf7, 0x9,
    0xff, 0xed, 0xff, 0xcf, 0x70, 0x6, 0xdf, 0xeb,
    0x29, 0xf7, 0x0, 0x0, 0x0, 0x0, 0x9f, 0x70,
    0x0, 0x0, 0x0, 0x9, 0xf7, 0x0, 0x0, 0x0,
    0x0, 0x9f, 0x70, 0x0, 0x0, 0x0, 0x8, 0xf6,

    /* U+0072 "r" */
    0x4f, 0x95, 0xcf, 0xf1, 0x6f, 0xef, 0xff, 0xe1,
    0x6f, 0xfa, 0x10, 0x0, 0x6f, 0xe0, 0x0, 0x0,
    0x6f, 0xc0, 0x0, 0x0, 0x6f, 0xb0, 0x0, 0x0,
    0x6f, 0xb0, 0x0, 0x0, 0x6f, 0xb0, 0x0, 0x0,
    0x6f, 0xb0, 0x0, 0x0, 0x6f, 0xb0, 0x0, 0x0,
    0x6f, 0xb0, 0x0, 0x0, 0x4f, 0xa0, 0x0, 0x0,

    /* U+0073 "s" */
    0x0, 0x2a, 0xef, 0xea, 0x20, 0x0, 0x2e, 0xfd,
    0xac, 0xff, 0x40, 0x9, 0xf9, 0x0, 0x6, 0xfc,
    0x0, 0xbf, 0x50, 0x0, 0x1, 0x0, 0x8, 0xfe,
    0x50, 0x0, 0x0, 0x0, 0xb, 0xff, 0xfc, 0x81,
    0x0, 0x0, 0x3, 0x8c, 0xff, 0xf6, 0x0, 0x0,
    0x0, 0x1, 0x8f, 0xf1, 0x2, 0x10, 0x0, 0x0,
    0xdf, 0x40, 0xff, 0x50, 0x0, 0x3f, 0xf2, 0x6,
    0xff, 0xda, 0xcf, 0xf9, 0x0, 0x3, 0xbe, 0xfe,
    0xb5, 0x0,

    /* U+0074 "t" */
    0x0, 0x4f, 0x90, 0x0, 0x0, 0x6, 0xfa, 0x0,
    0x0, 0x0, 0x6f, 0xa0, 0x0, 0x0, 0x6, 0xfa,
    0x0, 0x0, 0x8f, 0xff, 0xff, 0xfd, 0x6, 0xde,
    0xfe, 0xdd, 0xa0, 0x0, 0x6f, 0xa0, 0x0, 0x0,
    0x6, 0xfa, 0x0, 0x0, 0x0, 0x6f, 0xa0, 0x0,
    0x0, 0x6, 0xfa, 0x0, 0x0, 0x0, 0x6f, 0xa0,
    0x0, 0x0, 0x5, 0xfa, 0x0, 0x0, 0x0, 0x5f,
    0xb0, 0x0, 0x0, 0x2, 0xff, 0x20, 0x0, 0x0,
    0xc, 0xff, 0xdd, 0x0, 0x0, 0x1a, 0xff, 0xf1,

    /* U+0075 "u" */
    0x6f, 0x80, 0x0, 0x0, 0x6f, 0x87, 0xfa, 0x0,
    0x0, 0x8, 0xf9, 0x7f, 0xa0, 0x0, 0x0, 0x8f,
    0x97, 0xfa, 0x0, 0x0, 0x8, 0xf9, 0x7f, 0xa0,
    0x0, 0x0, 0x8f, 0x97, 0xfa, 0x0, 0x0, 0x8,
    0xf9, 0x7f, 0xa0, 0x0, 0x0, 0x8f, 0x96, 0xfb,
    0x0, 0x0, 0x9, 0xf9, 0x4f, 0xe0, 0x0, 0x0,
    0xdf, 0x90, 0xef, 0x90, 0x0, 0xaf, 0xf9, 0x5,
    0xff, 0xfd, 0xff, 0xcf, 0x90, 0x4, 0xcf, 0xfc,
    0x45, 0xf8,

    /* U+0076 "v" */
    0x3f, 0xb0, 0x0, 0x0, 0x9, 0xf6, 0xf, 0xf2,
    0x0, 0x0, 0xf, 0xf2, 0x9, 0xf8, 0x0, 0x0,
    0x5f, 0xc0, 0x3, 0xfe, 0x0, 0x0, 0xbf, 0x60,
    0x0, 0xdf, 0x40, 0x1, 0xff, 0x0, 0x0, 0x7f,
    0xa0, 0x7, 0xfa, 0x0, 0x0, 0x1f, 0xf0, 0xd,
    0xf4, 0x0, 0x0, 0xb, 0xf5, 0x2f, 0xd0, 0x0,
    0x0, 0x5, 0xfb, 0x8f, 0x70, 0x0, 0x0, 0x0,
    0xef, 0xef, 0x10, 0x0, 0x0, 0x0, 0x8f, 0xfb,
    0x0, 0x0, 0x0, 0x0, 0x2f, 0xf4, 0x0, 0x0,

    /* U+0077 "w" */
    0x1f, 0xb0, 0x0, 0x2, 0xfc, 0x0, 0x0, 0x2f,
    0xb0, 0xef, 0x10, 0x0, 0x7f, 0xf1, 0x0, 0x7,
    0xf8, 0xa, 0xf5, 0x0, 0xc, 0xff, 0x60, 0x0,
    0xbf, 0x40, 0x5f, 0xa0, 0x1, 0xfc, 0xfb, 0x0,
    0xf, 0xf0, 0x1, 0xfe, 0x0, 0x6f, 0x6c, 0xf0,
    0x4, 0xfa, 0x0, 0xc, 0xf3, 0xb, 0xf1, 0x7f,
    0x50, 0x8f, 0x60, 0x0, 0x7f, 0x70, 0xfc, 0x2,
    0xfa, 0xd, 0xf1, 0x0, 0x3, 0xfc, 0x4f, 0x70,
    0xd, 0xe2, 0xfd, 0x0, 0x0, 0xe, 0xfa, 0xf2,
    0x0, 0x8f, 0xaf, 0x80, 0x0, 0x0, 0x9f, 0xfd,
    0x0, 0x3, 0xff, 0xf3, 0x0, 0x0, 0x5, 0xff,
    0x80, 0x0, 0xe, 0xfe, 0x0, 0x0, 0x0, 0xe,
    0xf3, 0x0, 0x0, 0x8f, 0x90, 0x0,

    /* U+0078 "x" */
    0xf, 0xf2, 0x0, 0x0, 0x3f, 0xe0, 0x8, 0xfd,
    0x0, 0x0, 0xdf, 0x60, 0x0, 0xcf, 0x90, 0xa,
    0xfa, 0x0, 0x0, 0x2f, 0xf5, 0x6f, 0xe1, 0x0,
    0x0, 0x5, 0xff, 0xff, 0x30, 0x0, 0x0, 0x0,
    0xaf, 0xf8, 0x0, 0x0, 0x0, 0x0, 0xdf, 0xfa,
    0x0, 0x0, 0x0, 0x9, 0xfd, 0xef, 0x60, 0x0,
    0x0, 0x4f, 0xf2, 0x4f, 0xf2, 0x0, 0x1, 0xef,
    0x60, 0x9, 0xfd, 0x0, 0xc, 0xfa, 0x0, 0x0,
    0xdf, 0x90, 0x4f, 0xd0, 0x0, 0x0, 0x2e, 0xf1,

    /* U+0079 "y" */
    0x3f, 0xc0, 0x0, 0x0, 0x7, 0xf7, 0xe, 0xf3,
    0x0, 0x0, 0xe, 0xf3, 0x8, 0xf9, 0x0, 0x0,
    0x5f, 0xc0, 0x1, 0xff, 0x0, 0x0, 0xcf, 0x50,
    0x0, 0xbf, 0x60, 0x3, 0xfe, 0x0, 0x0, 0x4f,
    0xd0, 0x9, 0xf8, 0x0, 0x0, 0xd, 0xf3, 0x1f,
    0xf1, 0x0, 0x0, 0x7, 0xfa, 0x7f, 0xa0, 0x0,
    0x0, 0x1, 0xff, 0xef, 0x30, 0x0, 0x0, 0x0,
    0xaf, 0xfc, 0x0, 0x0, 0x0, 0x0, 0x3f, 0xf6,
    0x0, 0x0, 0x0, 0x0, 0x3f, 0xe0, 0x0, 0x0,
    0x0, 0x0, 0x9f, 0x80, 0x0, 0x0, 0x0, 0x1,
    0xff, 0x20, 0x0, 0x0, 0x0, 0x7, 0xfb, 0x0,
    0x0, 0x0, 0x0, 0xb, 0xf3, 0x0, 0x0, 0x0,

    /* U+007A "z" */
    0xd, 0xff, 0xff, 0xff, 0xfd, 0x0, 0xac, 0xcc,
    0xcc, 0xff, 0xe0, 0x0, 0x0, 0x0, 0x4f, 0xf5,
    0x0, 0x0, 0x0, 0x1e, 0xf9, 0x0, 0x0, 0x0,
    0xb, 0xfd, 0x0, 0x0, 0x0, 0x7, 0xff, 0x20,
    0x0, 0x0, 0x4, 0xff, 0x60, 0x0, 0x0, 0x1,
    0xef, 0xa0, 0x0, 0x0, 0x0, 0xbf, 0xd0, 0x0,
    0x0, 0x0, 0x7f, 0xf2, 0x0, 0x0, 0x0, 0xf,
    0xff, 0xcc, 0xcc, 0xcc, 0x30, 0xff, 0xff, 0xff,
    0xff, 0xf5,

    /* U+007B "{" */
    0x0, 0x0, 0x5c, 0xf7, 0x0, 0x5, 0xff, 0xe6,
    0x0, 0xe, 0xf6, 0x0, 0x0, 0x2f, 0xd0, 0x0,
    0x0, 0x5f, 0xa0, 0x0, 0x0, 0x6f, 0x90, 0x0,
    0x0, 0x6f, 0x80, 0x0, 0x0, 0x8f, 0x70, 0x0,
    0x0, 0xdf, 0x50, 0x0, 0x1c, 0xfd, 0x0, 0x0,
    0x5f, 0xf3, 0x0, 0x0, 0x1c, 0xfd, 0x0, 0x0,
    0x0, 0xdf, 0x40, 0x0, 0x0, 0x8f, 0x70, 0x0,
    0x0, 0x6f, 0x80, 0x0, 0x0, 0x6f, 0x90, 0x0,
    0x0, 0x5f, 0xa0, 0x0, 0x0, 0x2f, 0xd0, 0x0,
    0x0, 0xe, 0xf5, 0x0, 0x0, 0x6, 0xff, 0xe6,
    0x0, 0x0, 0x5c, 0xf7,

    /* U+007C "|" */
    0x4f, 0x66, 0xf8, 0x6f, 0x86, 0xf8, 0x6f, 0x86,
    0xf8, 0x6f, 0x86, 0xf8, 0x6f, 0x86, 0xf8, 0x6f,
    0x86, 0xf8, 0x6f, 0x86, 0xf8, 0x6f, 0x86, 0xf8,
    0x6f, 0x86, 0xf8, 0x6f, 0x86, 0xf8, 0x6f, 0x86,
    0xf8, 0x6f, 0x86, 0xf8, 0x4f, 0x60,

    /* U+007D "}" */
    0x5f, 0xd6, 0x0, 0x0, 0x4e, 0xff, 0x70, 0x0,
    0x0, 0x4f, 0xf0, 0x0, 0x0, 0xb, 0xf4, 0x0,
    0x0, 0x8, 0xf6, 0x0, 0x0, 0x7, 0xf8, 0x0,
    0x0, 0x6, 0xf8, 0x0, 0x0, 0x5, 0xfa, 0x0,
    0x0, 0x3, 0xfe, 0x10, 0x0, 0x0, 0xbf, 0xd1,
    0x0, 0x0, 0x1f, 0xf6, 0x0, 0x0, 0xcf, 0xd1,
    0x0, 0x3, 0xfe, 0x10, 0x0, 0x5, 0xfa, 0x0,
    0x0, 0x6, 0xf8, 0x0, 0x0, 0x7, 0xf8, 0x0,
    0x0, 0x8, 0xf6, 0x0, 0x0, 0xb, 0xf4, 0x0,
    0x0, 0x4f, 0xf0, 0x0, 0x4e, 0xff, 0x70, 0x0,
    0x5f, 0xd6, 0x0, 0x0,

    /* U+007E "~" */
    0x7, 0xcd, 0xa4, 0x0, 0x37, 0x5f, 0xff, 0xff,
    0xfe, 0xfc, 0x5a, 0x11, 0x4a, 0xef, 0xc3,

    /* U+00B0 "°" */
    0x0, 0x67, 0x30, 0x2, 0xef, 0xff, 0x80, 0xbf,
    0x30, 0x9f, 0x3e, 0xa0, 0x1, 0xf7, 0xdc, 0x0,
    0x4f, 0x66, 0xfb, 0x8e, 0xe0, 0x7, 0xef, 0xb2,
    0x0,

    /* U+2022 "•" */
    0x2, 0xbc, 0x50, 0xd, 0xff, 0xf4, 0x2f, 0xff,
    0xf8, 0xe, 0xff, 0xf5, 0x3, 0xdf, 0x80,

    /* U+F001 "" */
    0x0, 0x0, 0x0, 0x0, 0x0, 0x0, 0x0, 0x0,
    0x0, 0x0, 0x3, 0x0, 0x0, 0x0, 0x0, 0x0,
    0x0, 0x0, 0x0, 0x0, 0x26, 0xbf, 0xf9, 0x0,
    0x0, 0x0, 0x0, 0x0, 0x0, 0x0, 0x38, 0xdf,
    0xff, 0xff, 0xd0, 0x0, 0x0, 0x0, 0x0, 0x0,
    0x59, 0xef, 0xff, 0xff, 0xff, 0xfd, 0x0, 0x0,
    0x0, 0x1, 0x6b, 0xff, 0xff, 0xff, 0xff, 0xff,
    0xff, 0xd0, 0x0, 0x0, 0x4, 0xff, 0xff, 0xff,
    0xff, 0xff, 0xff, 0xff, 0xfd, 0x0, 0x0, 0x0,
    0x9f, 0xff, 0xff, 0xff, 0xff, 0xff, 0xff, 0xff,
    0xd0, 0x0, 0x0, 0xa, 0xff, 0xff, 0xff, 0xff,
    0xff, 0xd8, 0x3e, 0xfd, 0x0, 0x0, 0x0, 0xaf,
    0xff, 0xff, 0xff, 0xc7, 0x20, 0x0, 0xef, 0xd0,
    0x0, 0x0, 0xa, 0xff, 0xff, 0xa5, 0x10, 0x0,
    0x0, 0xe, 0xfd, 0x0, 0x0, 0x0, 0xaf, 0xf5,
    0x0, 0x0, 0x0, 0x0, 0x0, 0xef, 0xd0, 0x0,
    0x0, 0xa, 0xff, 0x20, 0x0, 0x0, 0x0, 0x0,
    0xe, 0xfd, 0x0, 0x0, 0x0, 0xaf, 0xf2, 0x0,
    0x0, 0x0, 0x0, 0x0, 0xef, 0xd0, 0x0, 0x0,
    0xa, 0xff, 0x20, 0x0, 0x0, 0x4, 0xad, 0xbf,
    0xfd, 0x0, 0x0, 0x0, 0xaf, 0xf2, 0x0, 0x0,
    0x9, 0xff, 0xff, 0xff, 0xd0, 0x0, 0x0, 0xa,
    0xff, 0x20, 0x0, 0x3, 0xff, 0xff, 0xff, 0xfd,
    0x0, 0x5d, 0xff, 0xff, 0xf2, 0x0, 0x0, 0x6f,
    0xff, 0xff, 0xff, 0xd0, 0x7f, 0xff, 0xff, 0xff,
    0x20, 0x0, 0x3, 0xff, 0xff, 0xff, 0xfa, 0xf,
    0xff, 0xff, 0xff, 0xf2, 0x0, 0x0, 0xa, 0xff,
    0xff, 0xfe, 0x21, 0xff, 0xff, 0xff, 0xff, 0x10,
    0x0, 0x0, 0x6, 0xcf, 0xd9, 0x10, 0xd, 0xff,
    0xff, 0xff, 0xd0, 0x0, 0x0, 0x0, 0x0, 0x0,
    0x0, 0x0, 0x3e, 0xff, 0xff, 0xe3, 0x0, 0x0,
    0x0, 0x0, 0x0, 0x0, 0x0, 0x0, 0x17, 0xaa,
    0x71, 0x0, 0x0, 0x0, 0x0, 0x0, 0x0, 0x0,
    0x0,

    /* U+F008 "" */
    0x7, 0xcd, 0xdd, 0xdd, 0xdd, 0xdd, 0xdd, 0xdd,
    0xdd, 0xdc, 0x70, 0x8f, 0xff, 0xff, 0xff, 0xff,
    0xff, 0xff, 0xff, 0xff, 0xff, 0xf8, 0xef, 0xfe,
    0xff, 0xff, 0xee, 0xee, 0xee, 0xff, 0xff, 0xef,
    0xfe, 0xff, 0x20, 0x3f, 0xf3, 0x0, 0x0, 0x0,
    0x3f, 0xf3, 0x2, 0xff, 0xff, 0x10, 0x2f, 0xe0,
    0x0, 0x0, 0x0, 0xe, 0xf2, 0x1, 0xff, 0xff,
    0x52, 0x6f, 0xe0, 0x0, 0x0, 0x0, 0xe, 0xf6,
    0x25, 0xff, 0xff, 0xff, 0xff, 0xe0, 0x0, 0x0,
    0x0, 0xe, 0xff, 0xff, 0xff, 0xff, 0xff, 0xff,
    0xf0, 0x0, 0x0, 0x0, 0xf, 0xff, 0xff, 0xff,
    0xff, 0xb9, 0xcf, 0xfb, 0x66, 0x66, 0x66, 0xbf,
    0xfc, 0x9b, 0xff, 0xff, 0x10, 0x2f, 0xff, 0xff,
    0xff, 0xff, 0xff, 0xf2, 0x1, 0xff, 0xff, 0x10,
    0x3f, 0xff, 0xff, 0xff, 0xff, 0xff, 0xf3, 0x1,
    0xff, 0xff, 0xfe, 0xff, 0xf6, 0x22, 0x22, 0x22,
    0x6f, 0xff, 0xef, 0xff, 0xff, 0xff, 0xff, 0xf0,
    0x0, 0x0, 0x0, 0xf, 0xff, 0xff, 0xff, 0xff,
    0xfe, 0xff, 0xe0, 0x0, 0x0, 0x0, 0xe, 0xff,
    0xef, 0xff, 0xff, 0x10, 0x3f, 0xe0, 0x0, 0x0,
    0x0, 0xe, 0xf3, 0x1, 0xff, 0xff, 0x10, 0x2f,
    0xf0, 0x0, 0x0, 0x0, 0xf, 0xf2, 0x1, 0xff,
    0xff, 0xb9, 0xcf, 0xfd, 0x99, 0x99, 0x99, 0xdf,
    0xfc, 0x9b, 0xff, 0xbf, 0xff, 0xff, 0xff, 0xff,
    0xff, 0xff, 0xff, 0xff, 0xff, 0xfb, 0x1c, 0xff,
    0xff, 0xff, 0xff, 0xff, 0xff, 0xff, 0xff, 0xff,
    0xc1, 0x0, 0x12, 0x22, 0x22, 0x22, 0x22, 0x22,
    0x22, 0x22, 0x21, 0x0,

    /* U+F00B "" */
    0x6, 0xbc, 0xcc, 0xcc, 0xcc, 0xcc, 0xcc, 0xcc,
    0xcc, 0xcb, 0x60, 0x8f, 0xff, 0xff, 0xff, 0xff,
    0xff, 0xff, 0xff, 0xff, 0xff, 0xf8, 0xef, 0xff,
    0xff, 0xff, 0xff, 0xff, 0xff, 0xff, 0xff, 0xff,
    0xfe, 0xff, 0xc0, 0xa, 0xff, 0x10, 0x0, 0x0,
    0x0, 0x0, 0xc, 0xff, 0xff, 0xc0, 0xa, 0xff,
    0x10, 0x0, 0x0, 0x0, 0x0, 0xc, 0xff, 0xff,
    0xe9, 0x9d, 0xff, 0xa9, 0x99, 0x99, 0x99, 0x99,
    0x9e, 0xff, 0xff, 0xff, 0xff, 0xff, 0xff, 0xff,
    0xff, 0xff, 0xff, 0xff, 0xff, 0xff, 0xff, 0xff,
    0xff, 0xff, 0xff, 0xff, 0xff, 0xff, 0xff, 0xff,
    0xff, 0xc2, 0x2b, 0xff, 0x32, 0x22, 0x22, 0x22,
    0x22, 0x2c, 0xff, 0xff, 0xc0, 0xa, 0xff, 0x10,
    0x0, 0x0, 0x0, 0x0, 0xc, 0xff, 0xff, 0xc0,
    0xa, 0xff, 0x10, 0x0, 0x0, 0x0, 0x0, 0xc,
    0xff, 0xff, 0xfc, 0xce, 0xff, 0xdc, 0xcc, 0xcc,
    0xcc, 0xcc, 0xcf, 0xff, 0xff, 0xff, 0xff, 0xff,
    0xff, 0xff, 0xff, 0xff, 0xff, 0xff, 0xff, 0xff,
    0xff, 0xff, 0xff, 0xff, 0xff, 0xff, 0xff, 0xff,
    0xff, 0xff, 0xff, 0xc0, 0xa, 0xff, 0x10, 0x0,
    0x0, 0x0, 0x0, 0xc, 0xff, 0xff, 0xc0, 0xa,
    0xff, 0x10, 0x0, 0x0, 0x0, 0x0, 0xc, 0xff,
    0xff, 0xe9, 0x9d, 0xff, 0xa9, 0x99, 0x99, 0x99,
    0x99, 0x9e, 0xff, 0xbf, 0xff, 0xff, 0xff, 0xff,
    0xff, 0xff, 0xff, 0xff, 0xff, 0xfb, 0x1c, 0xff,
    0xff, 0xff, 0xff, 0xff, 0xff, 0xff, 0xff, 0xff,
    0xc1, 0x0, 0x12, 0x22, 0x22, 0x22, 0x22, 0x22,
    0x22, 0x22, 0x21, 0x0,

    /* U+F00C "" */
    0x0, 0x0, 0x0, 0x0, 0x0, 0x0, 0x0, 0x0,
    0x0, 0x0, 0x0, 0x0, 0x0, 0x0, 0x0, 0x0,
    0x0, 0x0, 0x5f, 0xe1, 0x0, 0x0, 0x0, 0x0,
    0x0, 0x0, 0x0, 0x5, 0xff, 0xf2, 0x0, 0x0,
    0x0, 0x0, 0x0, 0x0, 0x0, 0x5f, 0xff, 0x90,
    0x0, 0x0, 0x0, 0x0, 0x0, 0x0, 0x5, 0xff,
    0xf9, 0x0, 0x0, 0x0, 0x0, 0x0, 0x0, 0x0,
    0x5f, 0xff, 0x90, 0x0, 0x49, 0x20, 0x0, 0x0,
    0x0, 0x5, 0xff, 0xf9, 0x0, 0x0, 0xef, 0xe2,
    0x0, 0x0, 0x0, 0x5f, 0xff, 0x90, 0x0, 0x0,
    0xbf, 0xfe, 0x20, 0x0, 0x5, 0xff, 0xf9, 0x0,
    0x0, 0x0, 0xc, 0xff, 0xe2, 0x0, 0x5f, 0xff,
    0x90, 0x0, 0x0, 0x0, 0x0, 0xcf, 0xfe, 0x25,
    0xff, 0xf9, 0x0, 0x0, 0x0, 0x0, 0x0, 0xc,
    0xff, 0xef, 0xff, 0x90, 0x0, 0x0, 0x0, 0x0,
    0x0, 0x0, 0xcf, 0xff, 0xf9, 0x0, 0x0, 0x0,
    0x0, 0x0, 0x0, 0x0, 0xc, 0xff, 0x90, 0x0,
    0x0, 0x0, 0x0, 0x0, 0x0, 0x0, 0x0, 0x86,
    0x0, 0x0, 0x0, 0x0, 0x0, 0x0,

    /* U+F00D "" */
    0x3c, 0x90, 0x0, 0x0, 0x0, 0x3, 0xc8, 0x9,
    0xff, 0xa0, 0x0, 0x0, 0x3, 0xff, 0xf1, 0x3f,
    0xff, 0xa0, 0x0, 0x3, 0xff, 0xfb, 0x0, 0x4f,
    0xff, 0xa0, 0x3, 0xff, 0xfb, 0x0, 0x0, 0x4f,
    0xff, 0x93, 0xef, 0xfb, 0x0, 0x0, 0x0, 0x4f,
    0xff, 0xff, 0xfb, 0x0, 0x0, 0x0, 0x0, 0x4f,
    0xff, 0xfb, 0x0, 0x0, 0x0, 0x0, 0x2, 0xef,
    0xff, 0x90, 0x0, 0x0, 0x0, 0x2, 0xef, 0xff,
    0xff, 0x90, 0x0, 0x0, 0x2, 0xef, 0xfb, 0x5f,
    0xff, 0x90, 0x0, 0x2, 0xef, 0xfc, 0x0, 0x5f,
    0xff, 0x90, 0x2, 0xef, 0xfc, 0x0, 0x0, 0x5f,
    0xff, 0x90, 0x9f, 0xfc, 0x0, 0x0, 0x0, 0x5f,
    0xff, 0x14, 0xeb, 0x0, 0x0, 0x0, 0x0, 0x5e,
    0xb0,

    /* U+F011 "" */
    0x0, 0x0, 0x0, 0x0, 0x0, 0x3, 0x0, 0x0,
    0x0, 0x0, 0x0, 0x0, 0x0, 0x0, 0x0, 0x0,
    0xdf, 0x70, 0x0, 0x0, 0x0, 0x0, 0x0, 0x0,
    0x0, 0x0, 0x1, 0xff, 0xa0, 0x0, 0x0, 0x0,
    0x0, 0x0, 0x0, 0x37, 0x10, 0x1, 0xff, 0xa0,
    0x0, 0x37, 0x0, 0x0, 0x0, 0x3, 0xff, 0xa0,
    0x1, 0xff, 0xa0, 0x0, 0xff, 0xc0, 0x0, 0x0,
    0x2f, 0xff, 0x80, 0x1, 0xff, 0xa0, 0x0, 0xef,
    0xfb, 0x0, 0x0, 0xcf, 0xfa, 0x0, 0x1, 0xff,
    0xa0, 0x0, 0x2e, 0xff, 0x60, 0x5, 0xff, 0xd0,
    0x0, 0x1, 0xff, 0xa0, 0x0, 0x3, 0xff, 0xe0,
    0xa, 0xff, 0x40, 0x0, 0x1, 0xff, 0xa0, 0x0,
    0x0, 0xaf, 0xf4, 0xf, 0xfe, 0x0, 0x0, 0x1,
    0xff, 0xa0, 0x0, 0x0, 0x3f, 0xf9, 0x1f, 0xfa,
    0x0, 0x0, 0x1, 0xff, 0xa0, 0x0, 0x0, 0xf,
    0xfb, 0x3f, 0xf8, 0x0, 0x0, 0x1, 0xff, 0xa0,
    0x0, 0x0, 0xe, 0xfd, 0x2f, 0xf9, 0x0, 0x0,
    0x0, 0xcf, 0x60, 0x0, 0x0, 0xf, 0xfc, 0xf,
    0xfc, 0x0, 0x0, 0x0, 0x1, 0x0, 0x0, 0x0,
    0x2f, 0xfb, 0xd, 0xff, 0x10, 0x0, 0x0, 0x0,
    0x0, 0x0, 0x0, 0x7f, 0xf7, 0x7, 0xff, 0x90,
    0x0, 0x0, 0x0, 0x0, 0x0, 0x0, 0xef, 0xf2,
    0x1, 0xff, 0xf4, 0x0, 0x0, 0x0, 0x0, 0x0,
    0xa, 0xff, 0xa0, 0x0, 0x5f, 0xff, 0x50, 0x0,
    0x0, 0x0, 0x0, 0xaf, 0xfe, 0x10, 0x0, 0x8,
    0xff, 0xfb, 0x30, 0x0, 0x1, 0x6e, 0xff, 0xf3,
    0x0, 0x0, 0x0, 0x7f, 0xff, 0xfe, 0xcb, 0xdf,
    0xff, 0xfe, 0x30, 0x0, 0x0, 0x0, 0x4, 0xdf,
    0xff, 0xff, 0xff, 0xff, 0xa1, 0x0, 0x0, 0x0,
    0x0, 0x0, 0x5, 0xad, 0xff, 0xfc, 0x82, 0x0,
    0x0, 0x0, 0x0, 0x0, 0x0, 0x0, 0x0, 0x0,
    0x0, 0x0, 0x0, 0x0, 0x0,

    /* U+F013 "" */
    0x0, 0x0, 0x0, 0x0, 0x0, 0x11, 0x0, 0x0,
    0x0, 0x0, 0x0, 0x0, 0x0, 0x0, 0x0, 0x6f,
    0xff, 0xf6, 0x0, 0x0, 0x0, 0x0, 0x0, 0x0,
    0x0, 0x0, 0xcf, 0xff, 0xfc, 0x0, 0x0, 0x0,
    0x0, 0x0, 0x0, 0x0, 0x0, 0xff, 0xff, 0xff,
    0x0, 0x0, 0x0, 0x0, 0x0, 0x26, 0x20, 0x19,
    0xff, 0xff, 0xff, 0x91, 0x2, 0x62, 0x0, 0x0,
    0xdf, 0xfd, 0xef, 0xff, 0xff, 0xff, 0xfe, 0xdf,
    0xfe, 0x10, 0x9, 0xff, 0xff, 0xff, 0xff, 0xff,
    0xff, 0xff, 0xff, 0xff, 0x90, 0x1f, 0xff, 0xff,
    0xff, 0xff, 0xff, 0xff, 0xff, 0xff, 0xff, 0xf1,
    0x4f, 0xff, 0xff, 0xff, 0xfc, 0x77, 0xcf, 0xff,
    0xff, 0xff, 0xf4, 0x7, 0xff, 0xff, 0xff, 0x80,
    0x0, 0x8, 0xff, 0xff, 0xff, 0x80, 0x0, 0x6f,
    0xff, 0xfd, 0x0, 0x0, 0x0, 0xdf, 0xff, 0xf7,
    0x0, 0x0, 0x3f, 0xff, 0xf9, 0x0, 0x0, 0x0,
    0x9f, 0xff, 0xf3, 0x0, 0x0, 0x2f, 0xff, 0xfa,
    0x0, 0x0, 0x0, 0xaf, 0xff, 0xf3, 0x0, 0x1,
    0xcf, 0xff, 0xff, 0x20, 0x0, 0x2, 0xff, 0xff,
    0xfd, 0x10, 0x1d, 0xff, 0xff, 0xff, 0xd3, 0x0,
    0x3d, 0xff, 0xff, 0xff, 0xd1, 0x4f, 0xff, 0xff,
    0xff, 0xff, 0xee, 0xff, 0xff, 0xff, 0xff, 0xf4,
    0xd, 0xff, 0xff, 0xff, 0xff, 0xff, 0xff, 0xff,
    0xff, 0xff, 0xe0, 0x4, 0xff, 0xff, 0xff, 0xff,
    0xff, 0xff, 0xff, 0xff, 0xff, 0x50, 0x0, 0x9f,
    0xb6, 0x9f, 0xff, 0xff, 0xff, 0xf9, 0x6b, 0xf9,
    0x0, 0x0, 0x0, 0x0, 0x2, 0xff, 0xff, 0xff,
    0x30, 0x0, 0x0, 0x0, 0x0, 0x0, 0x0, 0x0,
    0xef, 0xff, 0xfe, 0x0, 0x0, 0x0, 0x0, 0x0,
    0x0, 0x0, 0x0, 0xaf, 0xff, 0xfb, 0x0, 0x0,
    0x0, 0x0, 0x0, 0x0, 0x0, 0x0, 0x28, 0xaa,
    0x82, 0x0, 0x0, 0x0, 0x0,

    /* U+F015 "" */
    0x0, 0x0, 0x0, 0x0, 0x0, 0x0, 0x20, 0x0,
    0x0, 0x0, 0x0, 0x0, 0x0, 0x0, 0x0, 0x0,
    0x0, 0x1, 0xbf, 0xc1, 0x0, 0x0, 0x0, 0x0,
    0x0, 0x0, 0x0, 0x0, 0x0, 0x1, 0xdf, 0xff,
    0xd1, 0x0, 0x0, 0x0, 0x0, 0x0, 0x0, 0x0,
    0x0, 0x3, 0xef, 0xff, 0xff, 0xe3, 0x0, 0x0,
    0x0, 0x0, 0x0, 0x0, 0x0, 0x4, 0xff, 0xff,
    0xff, 0xff, 0xf4, 0x0, 0x0, 0x0, 0x0, 0x0,
    0x0, 0x6, 0xff, 0xff, 0xff, 0xff, 0xff, 0xf6,
    0x0, 0x0, 0x0, 0x0, 0x0, 0x8, 0xff, 0xff,
    0xff, 0xff, 0xff, 0xff, 0xf7, 0x0, 0x0, 0x0,
    0x0, 0xa, 0xff, 0xff, 0xff, 0xff, 0xff, 0xff,
    0xff, 0xf9, 0x0, 0x0, 0x0, 0x1c, 0xff, 0xff,
    0xff, 0xff, 0xff, 0xff, 0xff, 0xff, 0xfb, 0x0,
    0x0, 0x1d, 0xff, 0xff, 0xff, 0xff, 0xff, 0xff,
    0xff, 0xff, 0xff, 0xfc, 0x10, 0x2e, 0xff, 0xff,
    0xff, 0xff, 0xff, 0xff, 0xff, 0xff, 0xff, 0xff,
    0xfd, 0x2b, 0xff, 0xff, 0xff, 0xff, 0xff, 0xff,
    0xff, 0xff, 0xff, 0xff, 0xff, 0xfb, 0x9f, 0xff,
    0xff, 0xff, 0xff, 0xff, 0xff, 0xff, 0xff, 0xff,
    0xff, 0xff, 0x80, 0x24, 0xff, 0xff, 0xff, 0xff,
    0xff, 0xff, 0xff, 0xff, 0xff, 0xf4, 0x20, 0x0,
    0x1f, 0xff, 0xff, 0xff, 0xff, 0xff, 0xff, 0xff,
    0xff, 0xff, 0x10, 0x0, 0x1, 0xff, 0xff, 0xff,
    0xff, 0xff, 0xff, 0xff, 0xff, 0xff, 0xf1, 0x0,
    0x0, 0x1f, 0xff, 0xff, 0xff, 0x20, 0x0, 0x2f,
    0xff, 0xff, 0xff, 0x10, 0x0, 0x1, 0xff, 0xff,
    0xff, 0xc0, 0x0, 0x0, 0xcf, 0xff, 0xff, 0xf1,
    0x0, 0x0, 0x1f, 0xff, 0xff, 0xfc, 0x0, 0x0,
    0xc, 0xff, 0xff, 0xff, 0x10, 0x0, 0x1, 0xff,
    0xff, 0xff, 0xc0, 0x0, 0x0, 0xcf, 0xff, 0xff,
    0xf1, 0x0, 0x0, 0x1f, 0xff, 0xff, 0xfc, 0x0,
    0x0, 0xc, 0xff, 0xff, 0xff, 0x10, 0x0, 0x0,
    0xff, 0xff, 0xff, 0xb0, 0x0, 0x0, 0xbf, 0xff,
    0xff, 0xf0, 0x0, 0x0, 0x5, 0xcd, 0xdd, 0xb2,
    0x0, 0x0, 0x2, 0xbd, 0xdd, 0xc5, 0x0, 0x0,

    /* U+F019 "" */
    0x0, 0x0, 0x0, 0x0, 0x0, 0x33, 0x0, 0x0,
    0x0, 0x0, 0x0, 0x0, 0x0, 0x0, 0x0, 0x3,
    0xff, 0x30, 0x0, 0x0, 0x0, 0x0, 0x0, 0x0,
    0x0, 0x0, 0x5, 0xff, 0x50, 0x0, 0x0, 0x0,
    0x0, 0x0, 0x0, 0x0, 0x0, 0x5, 0xff, 0x50,
    0x0, 0x0, 0x0, 0x0, 0x0, 0x0, 0x0, 0x0,
    0x5, 0xff, 0x50, 0x0, 0x0, 0x0, 0x0, 0x0,
    0x0, 0x0, 0x0, 0x5, 0xff, 0x50, 0x0, 0x0,
    0x0, 0x0, 0x0, 0x0, 0x0, 0x0, 0x5, 0xff,
    0x50, 0x0, 0x0, 0x0, 0x0, 0x0, 0x0, 0x0,
    0x0, 0x5, 0xff, 0x50, 0x0, 0x0, 0x0, 0x0,
    0x0, 0x0, 0x0, 0x0, 0x5, 0xff, 0x50, 0x0,
    0x0, 0x0, 0x0, 0x0, 0x0, 0x5c, 0x50, 0x5,
    0xff, 0x50, 0x5, 0xc5, 0x0, 0x0, 0x0, 0x0,
    0xdf, 0xf6, 0x5, 0xff, 0x50, 0x6f, 0xfd, 0x0,
    0x0, 0x0, 0x0, 0x6f, 0xff, 0x65, 0xff, 0x56,
    0xff, 0xf6, 0x0, 0x0, 0x0, 0x0, 0x6, 0xff,
    0xfb, 0xff, 0xbf, 0xff, 0x60, 0x0, 0x0, 0x0,
    0x0, 0x0, 0x6f, 0xff, 0xff, 0xff, 0xf6, 0x0,
    0x0, 0x0, 0x0, 0x0, 0x0, 0x5, 0xff, 0xff,
    0xff, 0x50, 0x0, 0x0, 0x0, 0x0, 0x0, 0x0,
    0x0, 0x5f, 0xff, 0xf5, 0x0, 0x0, 0x0, 0x0,
    0x8, 0xde, 0xee, 0xe8, 0x4, 0xff, 0x40, 0x8e,
    0xee, 0xed, 0x80, 0x9f, 0xff, 0xff, 0xff, 0x80,
    0x0, 0x8, 0xff, 0xff, 0xff, 0xf9, 0xef, 0xff,
    0xff, 0xff, 0xfb, 0x44, 0xbf, 0xff, 0xfe, 0x8e,
    0xfe, 0xff, 0xff, 0xff, 0xff, 0xff, 0xff, 0xff,
    0xff, 0xfa, 0x8, 0xff, 0xef, 0xff, 0xff, 0xff,
    0xff, 0xff, 0xff, 0xff, 0xff, 0x8e, 0xfe, 0x9f,
    0xff, 0xff, 0xff, 0xff, 0xff, 0xff, 0xff, 0xff,
    0xff, 0xf9, 0x9, 0xef, 0xff, 0xff, 0xff, 0xff,
    0xff, 0xff, 0xff, 0xfe, 0x90,

    /* U+F01C "" */
    0x0, 0x2, 0xac, 0xcc, 0xcc, 0xcc, 0xcc, 0xcc,
    0xca, 0x20, 0x0, 0x0, 0x1f, 0xff, 0xff, 0xff,
    0xff, 0xff, 0xff, 0xff, 0xf1, 0x0, 0x0, 0x8f,
    0xff, 0xff, 0xff, 0xff, 0xff, 0xff, 0xff, 0xf8,
    0x0, 0x0, 0xcf, 0xf1, 0x0, 0x0, 0x0, 0x0,
    0x0, 0x1f, 0xfc, 0x0, 0x0, 0xff, 0xc0, 0x0,
    0x0, 0x0, 0x0, 0x0, 0xd, 0xff, 0x0, 0x4,
    0xff, 0x80, 0x0, 0x0, 0x0, 0x0, 0x0, 0x9,
    0xff, 0x40, 0x8, 0xff, 0x40, 0x0, 0x0, 0x0,
    0x0, 0x0, 0x5, 0xff, 0x80, 0xc, 0xff, 0x10,
    0x0, 0x0, 0x0, 0x0, 0x0, 0x1, 0xff, 0xc0,
    0xf, 0xfc, 0x0, 0x0, 0x0, 0x0, 0x0, 0x0,
    0x0, 0xdf, 0xf0, 0x4f, 0xf8, 0x0, 0x0, 0x0,
    0x0, 0x0, 0x0, 0x0, 0x9f, 0xf4, 0x8f, 0xf4,
    0x0, 0x0, 0x0, 0x0, 0x0, 0x0, 0x0, 0x5f,
    0xf8, 0xcf, 0xfd, 0xcb, 0x30, 0x0, 0x0, 0x0,
    0x3, 0xbc, 0xdf, 0xfc, 0xff, 0xff, 0xff, 0xd0,
    0x0, 0x0, 0x0, 0xd, 0xff, 0xff, 0xff, 0xff,
    0xff, 0xff, 0xf8, 0x10, 0x0, 0x1, 0x8f, 0xff,
    0xff, 0xff, 0xff, 0xff, 0xff, 0xff, 0xff, 0xff,
    0xff, 0xff, 0xff, 0xff, 0xff, 0xff, 0xff, 0xff,
    0xff, 0xff, 0xff, 0xff, 0xff, 0xff, 0xff, 0xff,
    0xff, 0xff, 0xff, 0xff, 0xff, 0xff, 0xff, 0xff,
    0xff, 0xff, 0xff, 0xdf, 0xff, 0xff, 0xff, 0xff,
    0xff, 0xff, 0xff, 0xff, 0xff, 0xfd, 0x4f, 0xff,
    0xff, 0xff, 0xff, 0xff, 0xff, 0xff, 0xff, 0xff,
    0xf4, 0x1, 0x67, 0x77, 0x77, 0x77, 0x77, 0x77,
    0x77, 0x77, 0x76, 0x10,

    /* U+F021 "" */
    0x0, 0x0, 0x0, 0x0, 0x0, 0x1, 0x0, 0x0,
    0x0, 0x0, 0x0, 0x0, 0x0, 0x0, 0x4, 0xae,
    0xff, 0xfd, 0x92, 0x0, 0x2, 0x50, 0x0, 0x0,
    0x2, 0xcf, 0xff, 0xff, 0xff, 0xff, 0x90, 0xe,
    0xf8, 0x0, 0x0, 0x3e, 0xff, 0xfe, 0xba, 0xcf,
    0xff, 0xfc, 0x2f, 0xfa, 0x0, 0x1, 0xef, 0xfd,
    0x50, 0x0, 0x0, 0x7f, 0xff, 0xef, 0xfa, 0x0,
    0xc, 0xff, 0xb0, 0x0, 0x0, 0x0, 0x2, 0xdf,
    0xff, 0xfa, 0x0, 0x4f, 0xfc, 0x0, 0x0, 0x0,
    0x0, 0x39, 0xbf, 0xff, 0xfa, 0x0, 0xbf, 0xf3,
    0x0, 0x0, 0x0, 0x0, 0xdf, 0xff, 0xff, 0xfa,
    0x0, 0x8f, 0xa0, 0x0, 0x0, 0x0, 0x0, 0xaf,
    0xff, 0xff, 0xf6, 0x0, 0x1, 0x0, 0x0, 0x0,
    0x0, 0x0, 0x2, 0x22, 0x22, 0x10, 0x0, 0x0,
    0x0, 0x0, 0x0, 0x0, 0x0, 0x0, 0x0, 0x0,
    0x0, 0x0, 0x0, 0x0, 0x0, 0x0, 0x0, 0x0,
    0x0, 0x0, 0x0, 0x0, 0x7, 0xcc, 0xcc, 0xcb,
    0x10, 0x0, 0x0, 0x0, 0x0, 0xa9, 0x0, 0x1f,
    0xff, 0xff, 0xff, 0x60, 0x0, 0x0, 0x0, 0x7,
    0xff, 0x50, 0x1f, 0xff, 0xff, 0xfd, 0x20, 0x0,
    0x0, 0x0, 0x1e, 0xff, 0x10, 0x1f, 0xff, 0xff,
    0x30, 0x0, 0x0, 0x0, 0x0, 0xcf, 0xf9, 0x0,
    0x1f, 0xff, 0xff, 0xf6, 0x0, 0x0, 0x0, 0x2c,
    0xff, 0xd0, 0x0, 0x1f, 0xfa, 0xaf, 0xff, 0xd8,
    0x55, 0x6b, 0xff, 0xfe, 0x20, 0x0, 0xf, 0xf9,
    0x8, 0xff, 0xff, 0xff, 0xff, 0xff, 0xd2, 0x0,
    0x0, 0x7, 0xb2, 0x0, 0x3b, 0xff, 0xff, 0xff,
    0xd7, 0x0, 0x0, 0x0, 0x0, 0x0, 0x0, 0x0,
    0x14, 0x66, 0x52, 0x0, 0x0, 0x0, 0x0,

    /* U+F026 "" */
    0x0, 0x0, 0x0, 0x0, 0x0, 0x0, 0x0, 0x0,
    0x0, 0x0, 0x0, 0x0, 0x6, 0xb3, 0x0, 0x0,
    0x0, 0x0, 0x0, 0x9f, 0xfb, 0x0, 0x0, 0x0,
    0x0, 0xb, 0xff, 0xfb, 0x0, 0x0, 0x0, 0x1,
    0xcf, 0xff, 0xfb, 0x0, 0x0, 0x0, 0x2d, 0xff,
    0xff, 0xfb, 0x0, 0x34, 0x45, 0xef, 0xff, 0xff,
    0xfb, 0x2e, 0xff, 0xff, 0xff, 0xff, 0xff, 0xfb,
    0xcf, 0xff, 0xff, 0xff, 0xff, 0xff, 0xfb, 0xff,
    0xff, 0xff, 0xff, 0xff, 0xff, 0xfb, 0xff, 0xff,
    0xff, 0xff, 0xff, 0xff, 0xfb, 0xff, 0xff, 0xff,
    0xff, 0xff, 0xff, 0xfb, 0xef, 0xff, 0xff, 0xff,
    0xff, 0xff, 0xfb, 0x9f, 0xff, 0xff, 0xff, 0xff,
    0xff, 0xfb, 0x9, 0xef, 0xff, 0xff, 0xff, 0xff,
    0xfb, 0x0, 0x0, 0x0, 0xaf, 0xff, 0xff, 0xfb,
    0x0, 0x0, 0x0, 0x9, 0xff, 0xff, 0xfb, 0x0,
    0x0, 0x0, 0x0, 0x7f, 0xff, 0xfb, 0x0, 0x0,
    0x0, 0x0, 0x5, 0xff, 0xfb, 0x0, 0x0, 0x0,
    0x0, 0x0, 0x4f, 0xf9, 0x0, 0x0, 0x0, 0x0,
    0x0, 0x2, 0x60,

    /* U+F027 "" */
    0x0, 0x0, 0x0, 0x0, 0x0, 0x0, 0x0, 0x0,
    0x0, 0x0, 0x0, 0x0, 0x0, 0x0, 0x0, 0x6,
    0xb3, 0x0, 0x0, 0x0, 0x0, 0x0, 0x0, 0x0,
    0x0, 0x9f, 0xfb, 0x0, 0x0, 0x0, 0x0, 0x0,
    0x0, 0x0, 0xb, 0xff, 0xfc, 0x0, 0x0, 0x0,
    0x0, 0x0, 0x0, 0x1, 0xcf, 0xff, 0xfc, 0x0,
    0x0, 0x0, 0x0, 0x0, 0x0, 0x2d, 0xff, 0xff,
    0xfc, 0x0, 0x0, 0x0, 0x0, 0x34, 0x45, 0xef,
    0xff, 0xff, 0xfc, 0x0, 0x0, 0x0, 0x2e, 0xff,
    0xff, 0xff, 0xff, 0xff, 0xfc, 0x0, 0x68, 0x0,
    0xcf, 0xff, 0xff, 0xff, 0xff, 0xff, 0xfc, 0x0,
    0xef, 0x80, 0xff, 0xff, 0xff, 0xff, 0xff, 0xff,
    0xfc, 0x0, 0x5f, 0xf0, 0xff, 0xff, 0xff, 0xff,
    0xff, 0xff, 0xfc, 0x0, 0xe, 0xf3, 0xff, 0xff,
    0xff, 0xff, 0xff, 0xff, 0xfc, 0x0, 0x1f, 0xf2,
    0xef, 0xff, 0xff, 0xff, 0xff, 0xff, 0xfc, 0x0,
    0xaf, 0xd0, 0x9f, 0xff, 0xff, 0xff, 0xff, 0xff,
    0xfc, 0x0, 0xdf, 0x30, 0x9, 0xef, 0xff, 0xff,
    0xff, 0xff, 0xfc, 0x0, 0x1, 0x0, 0x0, 0x0,
    0x0, 0xaf, 0xff, 0xff, 0xfc, 0x0, 0x0, 0x0,
    0x0, 0x0, 0x0, 0x9, 0xff, 0xff, 0xfc, 0x0,
    0x0, 0x0, 0x0, 0x0, 0x0, 0x0, 0x7f, 0xff,
    0xfc, 0x0, 0x0, 0x0, 0x0, 0x0, 0x0, 0x0,
    0x5, 0xff, 0xfc, 0x0, 0x0, 0x0, 0x0, 0x0,
    0x0, 0x0, 0x0, 0x4f, 0xf9, 0x0, 0x0, 0x0,
    0x0, 0x0, 0x0, 0x0, 0x0, 0x2, 0x60, 0x0,
    0x0, 0x0,

    /* U+F028 "" */
    0x0, 0x0, 0x0, 0x0, 0x0, 0x0, 0x0, 0x0,
    0x0, 0x0, 0x0, 0x0, 0x0, 0x0, 0x0, 0x0,
    0x0, 0x0, 0x0, 0x6, 0xb3, 0x0, 0x0, 0x0,
    0xc, 0xe2, 0x0, 0x0, 0x0, 0x0, 0x0, 0x0,
    0x0, 0x9f, 0xfb, 0x0, 0x0, 0x0, 0xb, 0xfe,
    0x20, 0x0, 0x0, 0x0, 0x0, 0x0, 0xb, 0xff,
    0xfc, 0x0, 0x0, 0x0, 0x0, 0xcf, 0xd0, 0x0,
    0x0, 0x0, 0x0, 0x1, 0xcf, 0xff, 0xfc, 0x0,
    0x0, 0x2d, 0x60, 0xd, 0xf8, 0x0, 0x0, 0x0,
    0x0, 0x2d, 0xff, 0xff, 0xfc, 0x0, 0x0, 0x4f,
    0xf6, 0x4, 0xff, 0x20, 0x0, 0x34, 0x45, 0xef,
    0xff, 0xff, 0xfc, 0x0, 0x0, 0x7, 0xff, 0x20,
    0xbf, 0x80, 0x2e, 0xff, 0xff, 0xff, 0xff, 0xff,
    0xfc, 0x0, 0x68, 0x0, 0xaf, 0xa0, 0x4f, 0xd0,
    0xcf, 0xff, 0xff, 0xff, 0xff, 0xff, 0xfc, 0x0,
    0xef, 0x80, 0x2f, 0xf0, 0xf, 0xf0, 0xff, 0xff,
    0xff, 0xff, 0xff, 0xff, 0xfc, 0x0, 0x5f, 0xf0,
    0xe, 0xf3, 0xd, 0xf3, 0xff, 0xff, 0xff, 0xff,
    0xff, 0xff, 0xfc, 0x0, 0xe, 0xf3, 0xc, 0xf4,
    0xc, 0xf4, 0xff, 0xff, 0xff, 0xff, 0xff, 0xff,
    0xfc, 0x0, 0x1f, 0xf2, 0xc, 0xf4, 0xc, 0xf3,
    0xef, 0xff, 0xff, 0xff, 0xff, 0xff, 0xfc, 0x0,
    0xaf, 0xd0, 0xf, 0xf2, 0xe, 0xf2, 0x9f, 0xff,
    0xff, 0xff, 0xff, 0xff, 0xfc, 0x0, 0xdf, 0x30,
    0x6f, 0xd0, 0x2f, 0xf0, 0x9, 0xef, 0xff, 0xff,
    0xff, 0xff, 0xfc, 0x0, 0x1, 0x1, 0xef, 0x60,
    0x7f, 0xa0, 0x0, 0x0, 0x0, 0xaf, 0xff, 0xff,
    0xfc, 0x0, 0x0, 0x1d, 0xfc, 0x0, 0xef, 0x50,
    0x0, 0x0, 0x0, 0x9, 0xff, 0xff, 0xfc, 0x0,
    0x0, 0x5f, 0xd1, 0x9, 0xfd, 0x0, 0x0, 0x0,
    0x0, 0x0, 0x7f, 0xff, 0xfc, 0x0, 0x0, 0x5,
    0x10, 0x5f, 0xf3, 0x0, 0x0, 0x0, 0x0, 0x0,
    0x5, 0xff, 0xfc, 0x0, 0x0, 0x0, 0x5, 0xff,
    0x80, 0x0, 0x0, 0x0, 0x0, 0x0, 0x0, 0x4f,
    0xf9, 0x0, 0x0, 0x0, 0xe, 0xf9, 0x0, 0x0,
    0x0, 0x0, 0x0, 0x0, 0x0, 0x2, 0x60, 0x0,
    0x0, 0x0, 0x5, 0x70, 0x0, 0x0,

    /* U+F03E "" */
    0x7, 0xcd, 0xdd, 0xdd, 0xdd, 0xdd, 0xdd, 0xdd,
    0xdd, 0xdc, 0x70, 0x8f, 0xff, 0xff, 0xff, 0xff,
    0xff, 0xff, 0xff, 0xff, 0xff, 0xf8, 0xef, 0xff,
    0xff, 0xff, 0xff, 0xff, 0xff, 0xff, 0xff, 0xff,
    0xfe, 0xff, 0xf7, 0x1, 0xbf, 0xff, 0xff, 0xff,
    0xff, 0xff, 0xff, 0xff, 0xff, 0xd0, 0x0, 0x2f,
    0xff, 0xff, 0xff, 0xff, 0xff, 0xff, 0xff, 0xff,
    0xe0, 0x0, 0x4f, 0xff, 0xff, 0xff, 0xff, 0xff,
    0xff, 0xff, 0xff, 0xfb, 0x46, 0xef, 0xff, 0xff,
    0xff, 0xff, 0xff, 0xff, 0xff, 0xff, 0xff, 0xff,
    0xff, 0xff, 0xff, 0x43, 0xff, 0xff, 0xff, 0xff,
    0xff, 0xff, 0xff, 0xff, 0xff, 0xf8, 0x0, 0x5f,
    0xff, 0xff, 0xff, 0xff, 0xff, 0xff, 0xff, 0xff,
    0xc0, 0x0, 0xa, 0xff, 0xff, 0xff, 0xff, 0xff,
    0xff, 0xff, 0xff, 0x20, 0x0, 0x1, 0xef, 0xff,
    0xff, 0xff, 0xff, 0xfb, 0x3b, 0xf6, 0x0, 0x0,
    0x0, 0x4f, 0xff, 0xff, 0xff, 0xff, 0xd1, 0x0,
    0x80, 0x0, 0x0, 0x0, 0x9, 0xff, 0xff, 0xff,
    0xfe, 0x20, 0x0, 0x0, 0x0, 0x0, 0x0, 0x0,
    0xdf, 0xff, 0xff, 0xf4, 0x0, 0x0, 0x0, 0x0,
    0x0, 0x0, 0x0, 0x3f, 0xff, 0xff, 0xd0, 0x0,
    0x0, 0x0, 0x0, 0x0, 0x0, 0x0, 0xd, 0xff,
    0xff, 0xfb, 0x99, 0x99, 0x99, 0x99, 0x99, 0x99,
    0x99, 0xbf, 0xff, 0xbf, 0xff, 0xff, 0xff, 0xff,
    0xff, 0xff, 0xff, 0xff, 0xff, 0xfb, 0x1c, 0xff,
    0xff, 0xff, 0xff, 0xff, 0xff, 0xff, 0xff, 0xff,
    0xc1, 0x0, 0x12, 0x22, 0x22, 0x22, 0x22, 0x22,
    0x22, 0x22, 0x21, 0x0,

    /* U+F043 "" */
    0x0, 0x0, 0x0, 0x0, 0x10, 0x0, 0x0, 0x0,
    0x0, 0x0, 0x0, 0x1, 0xdf, 0x60, 0x0, 0x0,
    0x0, 0x0, 0x0, 0x0, 0xbf, 0xff, 0x30, 0x0,
    0x0, 0x0, 0x0, 0x0, 0x7f, 0xff, 0xfe, 0x10,
    0x0, 0x0, 0x0, 0x0, 0x3f, 0xff, 0xff, 0xfb,
    0x0, 0x0, 0x0, 0x0, 0xd, 0xff, 0xff, 0xff,
    0xf5, 0x0, 0x0, 0x0, 0x8, 0xff, 0xff, 0xff,
    0xff, 0xe1, 0x0, 0x0, 0x2, 0xff, 0xff, 0xff,
    0xff, 0xff, 0xa0, 0x0, 0x0, 0xbf, 0xff, 0xff,
    0xff, 0xff, 0xff, 0x30, 0x0, 0x5f, 0xff, 0xff,
    0xff, 0xff, 0xff, 0xfc, 0x0, 0xd, 0xff, 0xff,
    0xff, 0xff, 0xff, 0xff, 0xf5, 0x4, 0xff, 0xff,
    0xff, 0xff, 0xff, 0xff, 0xff, 0xc0, 0x9f, 0xff,
    0xff, 0xff, 0xff, 0xff, 0xff, 0xff, 0x1d, 0xff,
    0xff, 0xff, 0xff, 0xff, 0xff, 0xff, 0xf5, 0xff,
    0xfb, 0xff, 0xff, 0xff, 0xff, 0xff, 0xff, 0x7e,
    0xfc, 0xd, 0xff, 0xff, 0xff, 0xff, 0xff, 0xf6,
    0xbf, 0xe0, 0x9f, 0xff, 0xff, 0xff, 0xff, 0xff,
    0x36, 0xff, 0x51, 0xef, 0xff, 0xff, 0xff, 0xff,
    0xe0, 0xe, 0xfe, 0x21, 0x8b, 0xff, 0xff, 0xff,
    0xf7, 0x0, 0x4f, 0xff, 0x72, 0x1d, 0xff, 0xff,
    0xfc, 0x0, 0x0, 0x6f, 0xff, 0xff, 0xff, 0xff,
    0xfc, 0x10, 0x0, 0x0, 0x3c, 0xff, 0xff, 0xff,
    0xf8, 0x0, 0x0, 0x0, 0x0, 0x3, 0x8a, 0xb9,
    0x61, 0x0, 0x0, 0x0,

    /* U+F048 "" */
    0x27, 0x10, 0x0, 0x0, 0x0, 0x2, 0x71, 0xef,
    0xa0, 0x0, 0x0, 0x0, 0x5f, 0xfa, 0xff, 0xb0,
    0x0, 0x0, 0x8, 0xff, 0xfb, 0xff, 0xb0, 0x0,
    0x0, 0xaf, 0xff, 0xfb, 0xff, 0xb0, 0x0, 0x1c,
    0xff, 0xff, 0xfb, 0xff, 0xb0, 0x3, 0xef, 0xff,
    0xff, 0xfb, 0xff, 0xb0, 0x5f, 0xff, 0xff, 0xff,
    0xfb, 0xff, 0xc8, 0xff, 0xff, 0xff, 0xff, 0xfb,
    0xff, 0xff, 0xff, 0xff, 0xff, 0xff, 0xfb, 0xff,
    0xde, 0xff, 0xff, 0xff, 0xff, 0xfb, 0xff, 0xb1,
    0xdf, 0xff, 0xff, 0xff, 0xfb, 0xff, 0xb0, 0xa,
    0xff, 0xff, 0xff, 0xfb, 0xff, 0xb0, 0x0, 0x8f,
    0xff, 0xff, 0xfb, 0xff, 0xb0, 0x0, 0x5, 0xff,
    0xff, 0xfb, 0xff, 0xb0, 0x0, 0x0, 0x3e, 0xff,
    0xfb, 0xff, 0xb0, 0x0, 0x0, 0x1, 0xdf, 0xfb,
    0x9f, 0x60, 0x0, 0x0, 0x0, 0xa, 0xf5, 0x0,
    0x0, 0x0, 0x0, 0x0, 0x0, 0x0,

    /* U+F04B "" */
    0x0, 0x0, 0x0, 0x0, 0x0, 0x0, 0x0, 0x0,
    0x2, 0xcc, 0x50, 0x0, 0x0, 0x0, 0x0, 0x0,
    0x0, 0xcf, 0xff, 0xb2, 0x0, 0x0, 0x0, 0x0,
    0x0, 0xf, 0xff, 0xff, 0xf8, 0x0, 0x0, 0x0,
    0x0, 0x0, 0xff, 0xff, 0xff, 0xfd, 0x40, 0x0,
    0x0, 0x0, 0xf, 0xff, 0xff, 0xff, 0xff, 0xb1,
    0x0, 0x0, 0x0, 0xff, 0xff, 0xff, 0xff, 0xff,
    0xf7, 0x0, 0x0, 0xf, 0xff, 0xff, 0xff, 0xff,
    0xff, 0xfd, 0x30, 0x0, 0xff, 0xff, 0xff, 0xff,
    0xff, 0xff, 0xff, 0xa1, 0xf, 0xff, 0xff, 0xff,
    0xff, 0xff, 0xff, 0xff, 0xe1, 0xff, 0xff, 0xff,
    0xff, 0xff, 0xff, 0xff, 0xff, 0x6f, 0xff, 0xff,
    0xff, 0xff, 0xff, 0xff, 0xff, 0xf4, 0xff, 0xff,
    0xff, 0xff, 0xff, 0xff, 0xff, 0xf7, 0xf, 0xff,
    0xff, 0xff, 0xff, 0xff, 0xff, 0xb2, 0x0, 0xff,
    0xff, 0xff, 0xff, 0xff, 0xfe, 0x50, 0x0, 0xf,
    0xff, 0xff, 0xff, 0xff, 0xf9, 0x0, 0x0, 0x0,
    0xff, 0xff, 0xff, 0xff, 0xc3, 0x0, 0x0, 0x0,
    0xf, 0xff, 0xff, 0xfe, 0x60, 0x0, 0x0, 0x0,
    0x0, 0xef, 0xff, 0xfa, 0x10, 0x0, 0x0, 0x0,
    0x0, 0x8, 0xff, 0xd4, 0x0, 0x0, 0x0, 0x0,
    0x0, 0x0, 0x4, 0x40, 0x0, 0x0, 0x0, 0x0,
    0x0, 0x0, 0x0,

    /* U+F04C "" */
    0x5, 0x77, 0x20, 0x0, 0x5, 0x77, 0x30, 0xaf,
    0xff, 0xf2, 0x0, 0x8f, 0xff, 0xf3, 0xff, 0xff,
    0xf7, 0x0, 0xef, 0xff, 0xf8, 0xff, 0xff, 0xf7,
    0x0, 0xef, 0xff, 0xf9, 0xff, 0xff, 0xf7, 0x0,
    0xef, 0xff, 0xf9, 0xff, 0xff, 0xf7, 0x0, 0xef,
    0xff, 0xf9, 0xff, 0xff, 0xf7, 0x0, 0xef, 0xff,
    0xf9, 0xff, 0xff, 0xf7, 0x0, 0xef, 0xff, 0xf9,
    0xff, 0xff, 0xf7, 0x0, 0xef, 0xff, 0xf9, 0xff,
    0xff, 0xf7, 0x0, 0xef, 0xff, 0xf9, 0xff, 0xff,
    0xf7, 0x0, 0xef, 0xff, 0xf9, 0xff, 0xff, 0xf7,
    0x0, 0xef, 0xff, 0xf9, 0xff, 0xff, 0xf7, 0x0,
    0xef, 0xff, 0xf9, 0xff, 0xff, 0xf7, 0x0, 0xef,
    0xff, 0xf9, 0xff, 0xff, 0xf7, 0x0, 0xef, 0xff,
    0xf9, 0xdf, 0xff, 0xf5, 0x0, 0xcf, 0xff, 0xf7,
    0x4d, 0xff, 0xa0, 0x0, 0x3d, 0xff, 0xa0,

    /* U+F04D "" */
    0x2, 0x78, 0x88, 0x88, 0x88, 0x88, 0x87, 0x50,
    0x4, 0xff, 0xff, 0xff, 0xff, 0xff, 0xff, 0xff,
    0xc0, 0xdf, 0xff, 0xff, 0xff, 0xff, 0xff, 0xff,
    0xff, 0x5f, 0xff, 0xff, 0xff, 0xff, 0xff, 0xff,
    0xff, 0xf7, 0xff, 0xff, 0xff, 0xff, 0xff, 0xff,
    0xff, 0xff, 0x8f, 0xff, 0xff, 0xff, 0xff, 0xff,
    0xff, 0xff, 0xf8, 0xff, 0xff, 0xff, 0xff, 0xff,
    0xff, 0xff, 0xff, 0x8f, 0xff, 0xff, 0xff, 0xff,
    0xff, 0xff, 0xff, 0xf8, 0xff, 0xff, 0xff, 0xff,
    0xff, 0xff, 0xff, 0xff, 0x8f, 0xff, 0xff, 0xff,
    0xff, 0xff, 0xff, 0xff, 0xf8, 0xff, 0xff, 0xff,
    0xff, 0xff, 0xff, 0xff, 0xff, 0x8f, 0xff, 0xff,
    0xff, 0xff, 0xff, 0xff, 0xff, 0xf8, 0xff, 0xff,
    0xff, 0xff, 0xff, 0xff, 0xff, 0xff, 0x8f, 0xff,
    0xff, 0xff, 0xff, 0xff, 0xff, 0xff, 0xf8, 0xff,
    0xff, 0xff, 0xff, 0xff, 0xff, 0xff, 0xff, 0x7a,
    0xff, 0xff, 0xff, 0xff, 0xff, 0xff, 0xff, 0xf2,
    0xa, 0xff, 0xff, 0xff, 0xff, 0xff, 0xff, 0xd4,
    0x0,

    /* U+F051 "" */
    0x26, 0x10, 0x0, 0x0, 0x0, 0x2, 0x71, 0xef,
    0xe3, 0x0, 0x0, 0x0, 0xe, 0xfa, 0xff, 0xff,
    0x50, 0x0, 0x0, 0xf, 0xfc, 0xff, 0xff, 0xf8,
    0x0, 0x0, 0xf, 0xfc, 0xff, 0xff, 0xff, 0xa0,
    0x0, 0xf, 0xfc, 0xff, 0xff, 0xff, 0xfc, 0x10,
    0xf, 0xfc, 0xff, 0xff, 0xff, 0xff, 0xe3, 0xf,
    0xfc, 0xff, 0xff, 0xff, 0xff, 0xff, 0x5f, 0xfc,
    0xff, 0xff, 0xff, 0xff, 0xff, 0xff, 0xfc, 0xff,
    0xff, 0xff, 0xff, 0xff, 0xcf, 0xfc, 0xff, 0xff,
    0xff, 0xff, 0xfa, 0xf, 0xfc, 0xff, 0xff, 0xff,
    0xff, 0x80, 0xf, 0xfc, 0xff, 0xff, 0xff, 0xf5,
    0x0, 0xf, 0xfc, 0xff, 0xff, 0xfe, 0x30, 0x0,
    0xf, 0xfc, 0xff, 0xff, 0xc1, 0x0, 0x0, 0xf,
    0xfc, 0xff, 0xfa, 0x0, 0x0, 0x0, 0xf, 0xfb,
    0x9f, 0x80, 0x0, 0x0, 0x0, 0x9, 0xf6, 0x0,
    0x0, 0x0, 0x0, 0x0, 0x0, 0x0,

    /* U+F052 "" */
    0x0, 0x0, 0x0, 0x0, 0x9, 0xea, 0x10, 0x0,
    0x0, 0x0, 0x0, 0x0, 0x0, 0x0, 0x9, 0xff,
    0xfc, 0x0, 0x0, 0x0, 0x0, 0x0, 0x0, 0x0,
    0x8, 0xff, 0xff, 0xfb, 0x0, 0x0, 0x0, 0x0,
    0x0, 0x0, 0x7, 0xff, 0xff, 0xff, 0xfa, 0x0,
    0x0, 0x0, 0x0, 0x0, 0x6, 0xff, 0xff, 0xff,
    0xff, 0xf9, 0x0, 0x0, 0x0, 0x0, 0x4, 0xff,
    0xff, 0xff, 0xff, 0xff, 0xf7, 0x0, 0x0, 0x0,
    0x3, 0xff, 0xff, 0xff, 0xff, 0xff, 0xff, 0xf6,
    0x0, 0x0, 0x2, 0xff, 0xff, 0xff, 0xff, 0xff,
    0xff, 0xff, 0xf5, 0x0, 0x2, 0xef, 0xff, 0xff,
    0xff, 0xff, 0xff, 0xff, 0xff, 0xf4, 0x0, 0xcf,
    0xff, 0xff, 0xff, 0xff, 0xff, 0xff, 0xff, 0xff,
    0xe0, 0xf, 0xff, 0xff, 0xff, 0xff, 0xff, 0xff,
    0xff, 0xff, 0xff, 0x30, 0x9f, 0xff, 0xff, 0xff,
    0xff, 0xff, 0xff, 0xff, 0xff, 0xd0, 0x0, 0x46,
    0x66, 0x66, 0x66, 0x66, 0x66, 0x66, 0x66, 0x50,
    0x0, 0x0, 0x0, 0x0, 0x0, 0x0, 0x0, 0x0,
    0x0, 0x0, 0x0, 0x0, 0x0, 0x0, 0x0, 0x0,
    0x0, 0x0, 0x0, 0x0, 0x0, 0x0, 0x3d, 0xff,
    0xff, 0xff, 0xff, 0xff, 0xff, 0xff, 0xfe, 0x60,
    0xd, 0xff, 0xff, 0xff, 0xff, 0xff, 0xff, 0xff,
    0xff, 0xff, 0x10, 0xef, 0xff, 0xff, 0xff, 0xff,
    0xff, 0xff, 0xff, 0xff, 0xf2, 0x5, 0xff, 0xff,
    0xff, 0xff, 0xff, 0xff, 0xff, 0xff, 0xf9, 0x0,
    0x0, 0x22, 0x22, 0x22, 0x22, 0x22, 0x22, 0x22,
    0x21, 0x0,

    /* U+F053 "" */
    0x0, 0x0, 0x0, 0x0, 0x5d, 0x70, 0x0, 0x0,
    0x0, 0x5f, 0xff, 0x0, 0x0, 0x0, 0x5f, 0xff,
    0x80, 0x0, 0x0, 0x5f, 0xff, 0x90, 0x0, 0x0,
    0x5f, 0xff, 0x90, 0x0, 0x0, 0x5f, 0xff, 0x90,
    0x0, 0x0, 0x5f, 0xff, 0x90, 0x0, 0x0, 0x5f,
    0xff, 0x90, 0x0, 0x0, 0x5f, 0xff, 0x90, 0x0,
    0x0, 0xe, 0xff, 0x90, 0x0, 0x0, 0x0, 0xbf,
    0xfe, 0x20, 0x0, 0x0, 0x0, 0xcf, 0xfe, 0x20,
    0x0, 0x0, 0x0, 0xcf, 0xfe, 0x20, 0x0, 0x0,
    0x0, 0xcf, 0xfe, 0x20, 0x0, 0x0, 0x0, 0xcf,
    0xfe, 0x20, 0x0, 0x0, 0x0, 0xcf, 0xfe, 0x20,
    0x0, 0x0, 0x0, 0xcf, 0xfe, 0x20, 0x0, 0x0,
    0x0, 0xcf, 0xfd, 0x0, 0x0, 0x0, 0x0, 0xcf,
    0xd0, 0x0, 0x0, 0x0, 0x0, 0x51,

    /* U+F054 "" */
    0xa, 0xc2, 0x0, 0x0, 0x0, 0x0, 0x3f, 0xfe,
    0x20, 0x0, 0x0, 0x0, 0xc, 0xff, 0xe2, 0x0,
    0x0, 0x0, 0x0, 0xcf, 0xfe, 0x20, 0x0, 0x0,
    0x0, 0xc, 0xff, 0xe2, 0x0, 0x0, 0x0, 0x0,
    0xcf, 0xfe, 0x20, 0x0, 0x0, 0x0, 0xc, 0xff,
    0xe2, 0x0, 0x0, 0x0, 0x0, 0xcf, 0xfe, 0x20,
    0x0, 0x0, 0x0, 0xc, 0xff, 0xe2, 0x0, 0x0,
    0x0, 0x0, 0xdf, 0xfa, 0x0, 0x0, 0x0, 0x5,
    0xff, 0xf7, 0x0, 0x0, 0x0, 0x5f, 0xff, 0x90,
    0x0, 0x0, 0x5, 0xff, 0xf9, 0x0, 0x0, 0x0,
    0x5f, 0xff, 0x90, 0x0, 0x0, 0x5, 0xff, 0xf9,
    0x0, 0x0, 0x0, 0x5f, 0xff, 0x90, 0x0, 0x0,
    0x5, 0xff, 0xf9, 0x0, 0x0, 0x0, 0x1f, 0xff,
    0x90, 0x0, 0x0, 0x0, 0x2f, 0xf9, 0x0, 0x0,
    0x0, 0x0, 0x2, 0x40, 0x0, 0x0, 0x0, 0x0,

    /* U+F067 "" */
    0x0, 0x0, 0x0, 0x0, 0x5f, 0x90, 0x0, 0x0,
    0x0, 0x0, 0x0, 0x0, 0x0, 0xb, 0xff, 0x0,
    0x0, 0x0, 0x0, 0x0, 0x0, 0x0, 0x0, 0xbf,
    0xf0, 0x0, 0x0, 0x0, 0x0, 0x0, 0x0, 0x0,
    0xb, 0xff, 0x0, 0x0, 0x0, 0x0, 0x0, 0x0,
    0x0, 0x0, 0xbf, 0xf0, 0x0, 0x0, 0x0, 0x0,
    0x0, 0x0, 0x0, 0xb, 0xff, 0x0, 0x0, 0x0,
    0x0, 0x0, 0x0, 0x0, 0x0, 0xbf, 0xf0, 0x0,
    0x0, 0x0, 0x0, 0x0, 0x0, 0x0, 0xb, 0xff,
    0x0, 0x0, 0x0, 0x0, 0x1d, 0xff, 0xff, 0xff,
    0xff, 0xff, 0xff, 0xff, 0xfe, 0x34, 0xff, 0xff,
    0xff, 0xff, 0xff, 0xff, 0xff, 0xff, 0xf8, 0x9,
    0xcc, 0xcc, 0xcc, 0xff, 0xfc, 0xcc, 0xcc, 0xcb,
    0x10, 0x0, 0x0, 0x0, 0xb, 0xff, 0x0, 0x0,
    0x0, 0x0, 0x0, 0x0, 0x0, 0x0, 0xbf, 0xf0,
    0x0, 0x0, 0x0, 0x0, 0x0, 0x0, 0x0, 0xb,
    0xff, 0x0, 0x0, 0x0, 0x0, 0x0, 0x0, 0x0,
    0x0, 0xbf, 0xf0, 0x0, 0x0, 0x0, 0x0, 0x0,
    0x0, 0x0, 0xb, 0xff, 0x0, 0x0, 0x0, 0x0,
    0x0, 0x0, 0x0, 0x0, 0xbf, 0xf0, 0x0, 0x0,
    0x0, 0x0, 0x0, 0x0, 0x0, 0x6, 0xf9, 0x0,
    0x0, 0x0, 0x0,

    /* U+F068 "" */
    0x9, 0xcc, 0xcc, 0xcc, 0xcc, 0xcc, 0xcc, 0xcc,
    0xcb, 0x14, 0xff, 0xff, 0xff, 0xff, 0xff, 0xff,
    0xff, 0xff, 0xf8, 0x1d, 0xff, 0xff, 0xff, 0xff,
    0xff, 0xff, 0xff, 0xfe, 0x30,

    /* U+F06E "" */
    0x0, 0x0, 0x0, 0x0, 0x2, 0x7b, 0xcd, 0xca,
    0x61, 0x0, 0x0, 0x0, 0x0, 0x0, 0x0, 0x0,
    0x3, 0xcf, 0xff, 0xff, 0xff, 0xff, 0x91, 0x0,
    0x0, 0x0, 0x0, 0x0, 0x0, 0x8f, 0xff, 0xff,
    0xff, 0xff, 0xff, 0xff, 0x50, 0x0, 0x0, 0x0,
    0x0, 0xb, 0xff, 0xff, 0xfd, 0xa9, 0xae, 0xff,
    0xff, 0xf8, 0x0, 0x0, 0x0, 0x0, 0xcf, 0xff,
    0xfe, 0x40, 0x0, 0x0, 0x6f, 0xff, 0xff, 0x80,
    0x0, 0x0, 0xa, 0xff, 0xff, 0xd1, 0x0, 0x3,
    0x20, 0x3, 0xff, 0xff, 0xf6, 0x0, 0x0, 0x6f,
    0xff, 0xff, 0x20, 0x0, 0xb, 0xfb, 0x10, 0x6f,
    0xff, 0xff, 0x20, 0x1, 0xef, 0xff, 0xfa, 0x0,
    0x0, 0xb, 0xff, 0xc0, 0xe, 0xff, 0xff, 0xc0,
    0x8, 0xff, 0xff, 0xf5, 0x0, 0x0, 0x2f, 0xff,
    0xf4, 0x9, 0xff, 0xff, 0xf4, 0xe, 0xff, 0xff,
    0xf3, 0x3, 0x47, 0xef, 0xff, 0xf7, 0x7, 0xff,
    0xff, 0xfb, 0xb, 0xff, 0xff, 0xf4, 0xa, 0xff,
    0xff, 0xff, 0xf6, 0x8, 0xff, 0xff, 0xf8, 0x4,
    0xff, 0xff, 0xf7, 0x4, 0xff, 0xff, 0xff, 0xf1,
    0xb, 0xff, 0xff, 0xf1, 0x0, 0xaf, 0xff, 0xfd,
    0x0, 0x9f, 0xff, 0xff, 0x50, 0x2f, 0xff, 0xff,
    0x60, 0x0, 0x1e, 0xff, 0xff, 0x80, 0x6, 0xcd,
    0xb3, 0x0, 0xbf, 0xff, 0xfb, 0x0, 0x0, 0x3,
    0xff, 0xff, 0xf7, 0x0, 0x0, 0x0, 0xa, 0xff,
    0xff, 0xd1, 0x0, 0x0, 0x0, 0x4f, 0xff, 0xff,
    0xc6, 0x21, 0x37, 0xef, 0xff, 0xfe, 0x20, 0x0,
    0x0, 0x0, 0x3, 0xef, 0xff, 0xff, 0xff, 0xff,
    0xff, 0xff, 0xc1, 0x0, 0x0, 0x0, 0x0, 0x0,
    0x1a, 0xff, 0xff, 0xff, 0xff, 0xff, 0xf8, 0x0,
    0x0, 0x0, 0x0, 0x0, 0x0, 0x0, 0x39, 0xef,
    0xff, 0xff, 0xd8, 0x10, 0x0, 0x0, 0x0, 0x0,
    0x0, 0x0, 0x0, 0x0, 0x2, 0x45, 0x32, 0x0,
    0x0, 0x0, 0x0, 0x0,

    /* U+F070 "" */
    0x1, 0x20, 0x0, 0x0, 0x0, 0x0, 0x0, 0x0,
    0x0, 0x0, 0x0, 0x0, 0x0, 0x0, 0x0, 0xef,
    0x60, 0x0, 0x0, 0x0, 0x0, 0x0, 0x0, 0x0,
    0x0, 0x0, 0x0, 0x0, 0x0, 0x9, 0xff, 0x90,
    0x0, 0x0, 0x16, 0xac, 0xdd, 0xb8, 0x30, 0x0,
    0x0, 0x0, 0x0, 0x0, 0x6, 0xff, 0xc2, 0x1,
    0x9f, 0xff, 0xff, 0xff, 0xff, 0xd4, 0x0, 0x0,
    0x0, 0x0, 0x0, 0x3, 0xef, 0xe7, 0xef, 0xff,
    0xff, 0xff, 0xff, 0xff, 0xfa, 0x0, 0x0, 0x0,
    0x0, 0x0, 0x1, 0xcf, 0xff, 0xff, 0xff, 0xb9,
    0x9d, 0xff, 0xff, 0xfd, 0x10, 0x0, 0x0, 0x0,
    0x0, 0x0, 0x9f, 0xff, 0xf7, 0x0, 0x0, 0x3,
    0xcf, 0xff, 0xfd, 0x10, 0x0, 0x0, 0x0, 0x1,
    0x0, 0x5f, 0xfe, 0x20, 0x1, 0x40, 0x0, 0xbf,
    0xff, 0xfc, 0x0, 0x0, 0x0, 0x0, 0xe8, 0x0,
    0x2d, 0xff, 0x50, 0x5f, 0xe4, 0x1, 0xef, 0xff,
    0xf8, 0x0, 0x0, 0x0, 0x9f, 0xfb, 0x10, 0x1b,
    0xff, 0x85, 0xff, 0xf3, 0x8, 0xff, 0xff, 0xf2,
    0x0, 0x0, 0x2f, 0xff, 0xfe, 0x30, 0x8, 0xff,
    0xff, 0xff, 0xa0, 0x3f, 0xff, 0xff, 0xa0, 0x0,
    0x8, 0xff, 0xff, 0xf9, 0x0, 0x4, 0xef, 0xff,
    0xfd, 0x1, 0xff, 0xff, 0xff, 0x10, 0x0, 0x6f,
    0xff, 0xff, 0xa0, 0x0, 0x2, 0xdf, 0xff, 0xc0,
    0x2f, 0xff, 0xff, 0xe0, 0x0, 0x0, 0xef, 0xff,
    0xfd, 0x0, 0x0, 0x0, 0xaf, 0xfb, 0x5, 0xff,
    0xff, 0xf6, 0x0, 0x0, 0x5, 0xff, 0xff, 0xf3,
    0x0, 0x0, 0x0, 0x6f, 0xfc, 0xcf, 0xff, 0xfc,
    0x0, 0x0, 0x0, 0xa, 0xff, 0xff, 0xd0, 0x0,
    0x0, 0x0, 0x3e, 0xff, 0xff, 0xff, 0x20, 0x0,
    0x0, 0x0, 0xc, 0xff, 0xff, 0xc1, 0x0, 0x0,
    0x0, 0x1c, 0xff, 0xff, 0x50, 0x0, 0x0, 0x0,
    0x0, 0x1c, 0xff, 0xff, 0xf8, 0x31, 0x25, 0x20,
    0x9, 0xff, 0xd1, 0x0, 0x0, 0x0, 0x0, 0x0,
    0xb, 0xff, 0xff, 0xff, 0xff, 0xff, 0x50, 0x5,
    0xff, 0xd2, 0x0, 0x0, 0x0, 0x0, 0x0, 0x7,
    0xff, 0xff, 0xff, 0xff, 0xff, 0x80, 0x2, 0xdf,
    0xf5, 0x0, 0x0, 0x0, 0x0, 0x0, 0x1, 0x7d,
    0xff, 0xff, 0xff, 0xb4, 0x0, 0x0, 0xbf, 0xf9,
    0x0, 0x0, 0x0, 0x0, 0x0, 0x0, 0x1, 0x35,
    0x53, 0x0, 0x0, 0x0, 0x0, 0x7f, 0xf6, 0x0,
    0x0, 0x0, 0x0, 0x0, 0x0, 0x0, 0x0, 0x0,
    0x0, 0x0, 0x0, 0x0, 0x4b, 0x20, 0x0, 0x0,
    0x0, 0x0, 0x0, 0x0, 0x0, 0x0, 0x0, 0x0,
    0x0, 0x0, 0x0, 0x0,

    /* U+F071 "" */
    0x0, 0x0, 0x0, 0x0, 0x0, 0x1b, 0xb2, 0x0,
    0x0, 0x0, 0x0, 0x0, 0x0, 0x0, 0x0, 0x0,
    0x0, 0xcf, 0xfc, 0x0, 0x0, 0x0, 0x0, 0x0,
    0x0, 0x0, 0x0, 0x0, 0x5, 0xff, 0xff, 0x60,
    0x0, 0x0, 0x0, 0x0, 0x0, 0x0, 0x0, 0x0,
    0xe, 0xff, 0xff, 0xe1, 0x0, 0x0, 0x0, 0x0,
    0x0, 0x0, 0x0, 0x0, 0x8f, 0xff, 0xff, 0xf9,
    0x0, 0x0, 0x0, 0x0, 0x0, 0x0, 0x0, 0x2,
    0xff, 0xfd, 0xdf, 0xff, 0x30, 0x0, 0x0, 0x0,
    0x0, 0x0, 0x0, 0xc, 0xff, 0xf1, 0x1f, 0xff,
    0xc0, 0x0, 0x0, 0x0, 0x0, 0x0, 0x0, 0x5f,
    0xff, 0xf0, 0xf, 0xff, 0xf6, 0x0, 0x0, 0x0,
    0x0, 0x0, 0x0, 0xef, 0xff, 0xf0, 0xf, 0xff,
    0xfe, 0x0, 0x0, 0x0, 0x0, 0x0, 0x8, 0xff,
    0xff, 0xf0, 0xf, 0xff, 0xff, 0x80, 0x0, 0x0,
    0x0, 0x0, 0x2f, 0xff, 0xff, 0xf0, 0xf, 0xff,
    0xff, 0xf2, 0x0, 0x0, 0x0, 0x0, 0xbf, 0xff,
    0xff, 0xf0, 0xf, 0xff, 0xff, 0xfb, 0x0, 0x0,
    0x0, 0x5, 0xff, 0xff, 0xff, 0xfb, 0xbf, 0xff,
    0xff, 0xff, 0x50, 0x0, 0x0, 0xe, 0xff, 0xff,
    0xff, 0xff, 0xff, 0xff, 0xff, 0xff, 0xe0, 0x0,
    0x0, 0x8f, 0xff, 0xff, 0xff, 0xd0, 0xd, 0xff,
    0xff, 0xff, 0xf8, 0x0, 0x2, 0xff, 0xff, 0xff,
    0xff, 0xb0, 0xb, 0xff, 0xff, 0xff, 0xff, 0x20,
    0xb, 0xff, 0xff, 0xff, 0xff, 0xfb, 0xbf, 0xff,
    0xff, 0xff, 0xff, 0xb0, 0xe, 0xff, 0xff, 0xff,
    0xff, 0xff, 0xff, 0xff, 0xff, 0xff, 0xff, 0xe0,
    0x8, 0xff, 0xff, 0xff, 0xff, 0xff, 0xff, 0xff,
    0xff, 0xff, 0xff, 0x80, 0x0, 0x12, 0x22, 0x22,
    0x22, 0x22, 0x22, 0x22, 0x22, 0x22, 0x21, 0x0,

    /* U+F074 "" */
    0x0, 0x0, 0x0, 0x0, 0x0, 0x0, 0x0, 0x0,
    0x0, 0x0, 0x0, 0x0, 0x0, 0x0, 0x0, 0x0,
    0x0, 0x0, 0x0, 0x1c, 0xa0, 0x0, 0x0, 0x0,
    0x0, 0x0, 0x0, 0x0, 0x0, 0x0, 0x7f, 0xfc,
    0x0, 0x1, 0x22, 0x10, 0x0, 0x0, 0x0, 0x0,
    0x1, 0x9f, 0xff, 0xc0, 0xbf, 0xff, 0xfd, 0x50,
    0x0, 0x0, 0x3c, 0xff, 0xff, 0xff, 0xfb, 0xef,
    0xff, 0xff, 0xf6, 0x0, 0x3, 0xff, 0xff, 0xff,
    0xff, 0xfe, 0x49, 0xaa, 0xbf, 0xff, 0x30, 0xd,
    0xff, 0xda, 0xdf, 0xff, 0xf5, 0x0, 0x0, 0x8,
    0xff, 0xd0, 0x4f, 0xfc, 0x0, 0x8f, 0xff, 0x50,
    0x0, 0x0, 0x0, 0xcf, 0xfa, 0x9, 0xe1, 0x0,
    0x5f, 0xf5, 0x0, 0x0, 0x0, 0x0, 0x1e, 0xff,
    0x60, 0x30, 0x0, 0x3, 0x20, 0x0, 0x0, 0x0,
    0x0, 0x4, 0xff, 0xf3, 0x0, 0x0, 0x0, 0x0,
    0x0, 0x0, 0x0, 0x0, 0x0, 0x8f, 0xfd, 0x0,
    0x0, 0x0, 0x0, 0x0, 0x0, 0x0, 0x0, 0x67,
    0xc, 0xff, 0xa0, 0x0, 0x1c, 0xa0, 0x0, 0x0,
    0x0, 0x2, 0xff, 0x41, 0xef, 0xf6, 0x0, 0x7f,
    0xfc, 0x0, 0x1, 0x22, 0x3d, 0xff, 0x80, 0x4f,
    0xff, 0x52, 0x9f, 0xff, 0xc0, 0xbf, 0xff, 0xff,
    0xfc, 0x0, 0x8, 0xff, 0xff, 0xff, 0xff, 0xfb,
    0xef, 0xff, 0xff, 0xc1, 0x0, 0x0, 0xaf, 0xff,
    0xff, 0xff, 0xfe, 0x49, 0xaa, 0x95, 0x0, 0x0,
    0x0, 0x4, 0x89, 0xdf, 0xff, 0xf5, 0x0, 0x0,
    0x0, 0x0, 0x0, 0x0, 0x0, 0x0, 0x8f, 0xff,
    0x50, 0x0, 0x0, 0x0, 0x0, 0x0, 0x0, 0x0,
    0x0, 0x5f, 0xf5, 0x0, 0x0, 0x0, 0x0, 0x0,
    0x0, 0x0, 0x0, 0x0, 0x4, 0x20, 0x0,

    /* U+F077 "" */
    0x0, 0x0, 0x0, 0x0, 0x0, 0x0, 0x0, 0x0,
    0x0, 0x0, 0x0, 0x0, 0x0, 0x0, 0x5f, 0xe2,
    0x0, 0x0, 0x0, 0x0, 0x0, 0x0, 0x0, 0x5,
    0xff, 0xfe, 0x20, 0x0, 0x0, 0x0, 0x0, 0x0,
    0x0, 0x5f, 0xff, 0xff, 0xe2, 0x0, 0x0, 0x0,
    0x0, 0x0, 0x5, 0xff, 0xf9, 0xcf, 0xfe, 0x20,
    0x0, 0x0, 0x0, 0x0, 0x5f, 0xff, 0x80, 0xc,
    0xff, 0xe2, 0x0, 0x0, 0x0, 0x5, 0xff, 0xf8,
    0x0, 0x0, 0xcf, 0xfe, 0x20, 0x0, 0x0, 0x5f,
    0xff, 0x80, 0x0, 0x0, 0xc, 0xff, 0xe2, 0x0,
    0x5, 0xff, 0xf9, 0x0, 0x0, 0x0, 0x0, 0xcf,
    0xfe, 0x20, 0x5f, 0xff, 0x90, 0x0, 0x0, 0x0,
    0x0, 0xc, 0xff, 0xe1, 0xbf, 0xf9, 0x0, 0x0,
    0x0, 0x0, 0x0, 0x1, 0xcf, 0xf7, 0x4d, 0x80,
    0x0, 0x0, 0x0, 0x0, 0x0, 0x0, 0x1a, 0xc1,

    /* U+F078 "" */
    0x5, 0x10, 0x0, 0x0, 0x0, 0x0, 0x0, 0x0,
    0x3, 0x40, 0x9f, 0xe2, 0x0, 0x0, 0x0, 0x0,
    0x0, 0x0, 0x5f, 0xf5, 0x9f, 0xfe, 0x20, 0x0,
    0x0, 0x0, 0x0, 0x5, 0xff, 0xf5, 0x1c, 0xff,
    0xe2, 0x0, 0x0, 0x0, 0x0, 0x5f, 0xff, 0x90,
    0x1, 0xcf, 0xfe, 0x20, 0x0, 0x0, 0x5, 0xff,
    0xf9, 0x0, 0x0, 0x1c, 0xff, 0xe2, 0x0, 0x0,
    0x5f, 0xff, 0x90, 0x0, 0x0, 0x1, 0xcf, 0xfe,
    0x20, 0x5, 0xff, 0xf9, 0x0, 0x0, 0x0, 0x0,
    0x1c, 0xff, 0xe2, 0x5f, 0xff, 0x90, 0x0, 0x0,
    0x0, 0x0, 0x1, 0xcf, 0xfe, 0xff, 0xf9, 0x0,
    0x0, 0x0, 0x0, 0x0, 0x0, 0x1c, 0xff, 0xff,
    0x90, 0x0, 0x0, 0x0, 0x0, 0x0, 0x0, 0x1,
    0xcf, 0xf9, 0x0, 0x0, 0x0, 0x0, 0x0, 0x0,
    0x0, 0x0, 0x8, 0x60, 0x0, 0x0, 0x0, 0x0,

    /* U+F079 "" */
    0x0, 0x0, 0x36, 0x0, 0x0, 0x0, 0x0, 0x0,
    0x0, 0x0, 0x0, 0x0, 0x0, 0x0, 0x0, 0x4f,
    0xfc, 0x10, 0x0, 0x0, 0x1, 0x11, 0x11, 0x0,
    0x0, 0x0, 0x0, 0x0, 0x4f, 0xff, 0xfc, 0x10,
    0x0, 0xd, 0xff, 0xff, 0xff, 0xc3, 0x0, 0x0,
    0x0, 0x4f, 0xff, 0xff, 0xfc, 0x0, 0x1, 0xff,
    0xff, 0xff, 0xff, 0xf3, 0x0, 0x0, 0xb, 0xff,
    0xff, 0xff, 0xf5, 0x0, 0x6, 0xaa, 0xaa, 0xac,
    0xff, 0xc0, 0x0, 0x0, 0x6f, 0xff, 0xff, 0xfe,
    0x20, 0x0, 0x0, 0x0, 0x0, 0xc, 0xff, 0x0,
    0x0, 0x0, 0x1, 0xff, 0xa0, 0x0, 0x0, 0x0,
    0x0, 0x0, 0x0, 0xaf, 0xf1, 0x0, 0x0, 0x0,
    0x1f, 0xfa, 0x0, 0x0, 0x0, 0x0, 0x0, 0x0,
    0x9, 0xff, 0x10, 0x0, 0x0, 0x1, 0xff, 0xa0,
    0x0, 0x0, 0x0, 0x0, 0x0, 0x0, 0x9f, 0xf1,
    0x0, 0x0, 0x0, 0x1f, 0xfa, 0x0, 0x0, 0x0,
    0x0, 0x0, 0x0, 0x9, 0xff, 0x10, 0x0, 0x0,
    0x1, 0xff, 0xa0, 0x0, 0x0, 0x0, 0x0, 0x0,
    0x0, 0x9f, 0xf1, 0x0, 0x0, 0x0, 0x1f, 0xfb,
    0x0, 0x0, 0x0, 0x0, 0x0, 0x4, 0x6c, 0xff,
    0x86, 0x10, 0x0, 0x0, 0xff, 0xe3, 0x0, 0x0,
    0x0, 0x0, 0x3, 0xff, 0xff, 0xff, 0xfb, 0x0,
    0x0, 0x9, 0xff, 0xff, 0xff, 0xff, 0xd0, 0x0,
    0x3f, 0xff, 0xff, 0xff, 0xb0, 0x0, 0x0, 0xc,
    0xff, 0xff, 0xff, 0xff, 0x20, 0x0, 0x6f, 0xff,
    0xff, 0xd1, 0x0, 0x0, 0x0, 0x6, 0xab, 0xbb,
    0xbb, 0x70, 0x0, 0x0, 0x6f, 0xff, 0xd1, 0x0,
    0x0, 0x0, 0x0, 0x0, 0x0, 0x0, 0x0, 0x0,
    0x0, 0x0, 0x6f, 0xc1, 0x0, 0x0, 0x0, 0x0,
    0x0, 0x0, 0x0, 0x0, 0x0, 0x0, 0x0, 0x0,
    0x0, 0x0, 0x0,

    /* U+F07B "" */
    0x8, 0xdd, 0xdd, 0xdd, 0xd8, 0x0, 0x0, 0x0,
    0x0, 0x0, 0x0, 0x8f, 0xff, 0xff, 0xff, 0xff,
    0xa0, 0x0, 0x0, 0x0, 0x0, 0x0, 0xef, 0xff,
    0xff, 0xff, 0xff, 0xf8, 0x21, 0x11, 0x11, 0x11,
    0x0, 0xff, 0xff, 0xff, 0xff, 0xff, 0xff, 0xff,
    0xff, 0xff, 0xff, 0xc1, 0xff, 0xff, 0xff, 0xff,
    0xff, 0xff, 0xff, 0xff, 0xff, 0xff, 0xfa, 0xff,
    0xff, 0xff, 0xff, 0xff, 0xff, 0xff, 0xff, 0xff,
    0xff, 0xff, 0xff, 0xff, 0xff, 0xff, 0xff, 0xff,
    0xff, 0xff, 0xff, 0xff, 0xff, 0xff, 0xff, 0xff,
    0xff, 0xff, 0xff, 0xff, 0xff, 0xff, 0xff, 0xff,
    0xff, 0xff, 0xff, 0xff, 0xff, 0xff, 0xff, 0xff,
    0xff, 0xff, 0xff, 0xff, 0xff, 0xff, 0xff, 0xff,
    0xff, 0xff, 0xff, 0xff, 0xff, 0xff, 0xff, 0xff,
    0xff, 0xff, 0xff, 0xff, 0xff, 0xff, 0xff, 0xff,
    0xff, 0xff, 0xff, 0xff, 0xff, 0xff, 0xff, 0xff,
    0xff, 0xff, 0xff, 0xff, 0xff, 0xff, 0xff, 0xff,
    0xff, 0xff, 0xff, 0xff, 0xff, 0xff, 0xff, 0xff,
    0xff, 0xff, 0xff, 0xff, 0xff, 0xff, 0xff, 0xff,
    0xff, 0xff, 0xff, 0xff, 0xff, 0xff, 0xff, 0xff,
    0xff, 0xff, 0xff, 0xff, 0xff, 0xff, 0xff, 0xff,
    0xff, 0xff, 0xff, 0xff, 0xff, 0xff, 0xff, 0xff,
    0xff, 0xff, 0xff, 0xff, 0xff, 0xff, 0xff, 0xff,
    0xff, 0xff, 0xff, 0xcf, 0xff, 0xff, 0xff, 0xff,
    0xff, 0xff, 0xff, 0xff, 0xff, 0xfc, 0x3e, 0xff,
    0xff, 0xff, 0xff, 0xff, 0xff, 0xff, 0xff, 0xff,
    0xe3, 0x1, 0x55, 0x55, 0x55, 0x55, 0x55, 0x55,
    0x55, 0x55, 0x55, 0x10,

    /* U+F093 "" */
    0x0, 0x0, 0x0, 0x0, 0x0, 0x33, 0x0, 0x0,
    0x0, 0x0, 0x0, 0x0, 0x0, 0x0, 0x0, 0x6,
    0xff, 0x60, 0x0, 0x0, 0x0, 0x0, 0x0, 0x0,
    0x0, 0x0, 0x6f, 0xff, 0xf6, 0x0, 0x0, 0x0,
    0x0, 0x0, 0x0, 0x0, 0x6, 0xff, 0xff, 0xff,
    0x60, 0x0, 0x0, 0x0, 0x0, 0x0, 0x0, 0x6f,
    0xff, 0xff, 0xff, 0xf6, 0x0, 0x0, 0x0, 0x0,
    0x0, 0x5, 0xff, 0xfd, 0xff, 0xdf, 0xff, 0x50,
    0x0, 0x0, 0x0, 0x0, 0x5f, 0xff, 0x96, 0xff,
    0x69, 0xff, 0xf5, 0x0, 0x0, 0x0, 0x0, 0xdf,
    0xf9, 0x6, 0xff, 0x60, 0x9f, 0xfd, 0x0, 0x0,
    0x0, 0x0, 0x8f, 0x90, 0x6, 0xff, 0x60, 0x9,
    0xf8, 0x0, 0x0, 0x0, 0x0, 0x0, 0x0, 0x6,
    0xff, 0x60, 0x0, 0x0, 0x0, 0x0, 0x0, 0x0,
    0x0, 0x0, 0x6, 0xff, 0x60, 0x0, 0x0, 0x0,
    0x0, 0x0, 0x0, 0x0, 0x0, 0x6, 0xff, 0x60,
    0x0, 0x0, 0x0, 0x0, 0x0, 0x0, 0x0, 0x0,
    0x6, 0xff, 0x60, 0x0, 0x0, 0x0, 0x0, 0x0,
    0x0, 0x0, 0x0, 0x6, 0xff, 0x60, 0x0, 0x0,
    0x0, 0x0, 0x0, 0x0, 0x0, 0x0, 0x6, 0xff,
    0x60, 0x0, 0x0, 0x0, 0x0, 0x0, 0x0, 0x0,
    0x0, 0x5, 0xff, 0x50, 0x0, 0x0, 0x0, 0x0,
    0x8, 0xde, 0xee, 0xee, 0x52, 0xff, 0x25, 0xee,
    0xee, 0xed, 0x80, 0x9f, 0xff, 0xff, 0xff, 0xb0,
    0x0, 0xb, 0xff, 0xff, 0xff, 0xf9, 0xef, 0xff,
    0xff, 0xff, 0xfb, 0x44, 0xbf, 0xff, 0xfe, 0x8e,
    0xfe, 0xff, 0xff, 0xff, 0xff, 0xff, 0xff, 0xff,
    0xff, 0xfa, 0x8, 0xff, 0xef, 0xff, 0xff, 0xff,
    0xff, 0xff, 0xff, 0xff, 0xff, 0x8e, 0xfe, 0x9f,
    0xff, 0xff, 0xff, 0xff, 0xff, 0xff, 0xff, 0xff,
    0xff, 0xf9, 0x9, 0xef, 0xff, 0xff, 0xff, 0xff,
    0xff, 0xff, 0xff, 0xfe, 0x90,

    /* U+F095 "" */
    0x0, 0x0, 0x13, 0x0, 0x0, 0x0, 0x0, 0x0,
    0x0, 0x0, 0x0, 0x0, 0x38, 0xcf, 0xfd, 0x0,
    0x0, 0x0, 0x0, 0x0, 0x0, 0x0, 0x0, 0x9f,
    0xff, 0xff, 0xf5, 0x0, 0x0, 0x0, 0x0, 0x0,
    0x0, 0x0, 0xf, 0xff, 0xff, 0xff, 0xc0, 0x0,
    0x0, 0x0, 0x0, 0x0, 0x0, 0x0, 0xef, 0xff,
    0xff, 0xff, 0x30, 0x0, 0x0, 0x0, 0x0, 0x0,
    0x0, 0xd, 0xff, 0xff, 0xff, 0xf9, 0x0, 0x0,
    0x0, 0x0, 0x0, 0x0, 0x0, 0xbf, 0xff, 0xff,
    0xff, 0xe0, 0x0, 0x0, 0x0, 0x0, 0x0, 0x0,
    0x8, 0xff, 0xff, 0xff, 0xf9, 0x0, 0x0, 0x0,
    0x0, 0x0, 0x0, 0x0, 0x5f, 0xff, 0xff, 0xf9,
    0x0, 0x0, 0x0, 0x0, 0x0, 0x0, 0x0, 0x0,
    0xff, 0xff, 0xf7, 0x0, 0x0, 0x0, 0x0, 0x0,
    0x0, 0x0, 0x0, 0xa, 0xff, 0xff, 0xa0, 0x0,
    0x0, 0x0, 0x0, 0x0, 0x0, 0x0, 0x0, 0x3f,
    0xff, 0xff, 0x40, 0x0, 0x0, 0x0, 0x0, 0x0,
    0x0, 0x0, 0x0, 0xbf, 0xff, 0xfe, 0x10, 0x0,
    0x0, 0x0, 0x0, 0x0, 0x0, 0x0, 0x3, 0xff,
    0xff, 0xfc, 0x0, 0x0, 0x0, 0x1, 0x0, 0x0,
    0x0, 0x0, 0x7, 0xff, 0xff, 0xfd, 0x20, 0x0,
    0x3f, 0xfc, 0x50, 0x0, 0x0, 0x0, 0xb, 0xff,
    0xff, 0xfe, 0x50, 0x1e, 0xff, 0xff, 0xe8, 0x10,
    0x0, 0x0, 0xd, 0xff, 0xff, 0xff, 0xcd, 0xff,
    0xff, 0xff, 0xfc, 0x0, 0x0, 0x0, 0x1c, 0xff,
    0xff, 0xff, 0xff, 0xff, 0xff, 0xff, 0xf0, 0x0,
    0x0, 0x0, 0xb, 0xff, 0xff, 0xff, 0xff, 0xff,
    0xff, 0xfb, 0x0, 0x0, 0x0, 0x0, 0x6, 0xff,
    0xff, 0xff, 0xff, 0xff, 0xff, 0x70, 0x0, 0x0,
    0x0, 0x0, 0x1, 0x9f, 0xff, 0xff, 0xff, 0xff,
    0xf3, 0x0, 0x0, 0x0, 0x0, 0x0, 0x0, 0x28,
    0xdf, 0xff, 0xff, 0xfe, 0x0, 0x0, 0x0, 0x0,
    0x0, 0x0, 0x0, 0x0, 0x25, 0x8a, 0xbb, 0x30,
    0x0,

    /* U+F0C4 "" */
    0x0, 0x0, 0x21, 0x0, 0x0, 0x0, 0x0, 0x0,
    0x0, 0x0, 0x0, 0x0, 0x9f, 0xff, 0xd5, 0x0,
    0x0, 0x0, 0x0, 0x0, 0x0, 0x0, 0xc, 0xff,
    0xff, 0xff, 0x60, 0x0, 0x0, 0x0, 0x4, 0xbd,
    0x90, 0x7f, 0xfe, 0x8a, 0xff, 0xf2, 0x0, 0x0,
    0x0, 0x6f, 0xff, 0xf9, 0xdf, 0xf2, 0x0, 0x8f,
    0xf7, 0x0, 0x0, 0x6, 0xff, 0xff, 0xe2, 0xff,
    0xd0, 0x0, 0x3f, 0xf9, 0x0, 0x0, 0x6f, 0xff,
    0xfe, 0x20, 0xef, 0xf1, 0x0, 0x7f, 0xf8, 0x0,
    0x6, 0xff, 0xff, 0xe2, 0x0, 0x9f, 0xfd, 0x68,
    0xff, 0xf8, 0x0, 0x6f, 0xff, 0xfe, 0x20, 0x0,
    0x1e, 0xff, 0xff, 0xff, 0xff, 0x67, 0xff, 0xff,
    0xe2, 0x0, 0x0, 0x2, 0xcf, 0xff, 0xff, 0xff,
    0xff, 0xff, 0xfe, 0x20, 0x0, 0x0, 0x0, 0x3,
    0x66, 0x4e, 0xff, 0xff, 0xff, 0xe2, 0x0, 0x0,
    0x0, 0x0, 0x0, 0x0, 0x2, 0xff, 0xff, 0xfe,
    0x20, 0x0, 0x0, 0x0, 0x0, 0x0, 0x0, 0x7,
    0xff, 0xff, 0xe2, 0x10, 0x0, 0x0, 0x0, 0x0,
    0x4a, 0xdc, 0xaf, 0xff, 0xfe, 0x22, 0xe7, 0x0,
    0x0, 0x0, 0x7, 0xff, 0xff, 0xff, 0xff, 0xe2,
    0x2e, 0xff, 0x70, 0x0, 0x0, 0x4f, 0xff, 0xff,
    0xff, 0xfe, 0x20, 0xcf, 0xff, 0xf7, 0x0, 0x0,
    0xcf, 0xf7, 0x1, 0xcf, 0xf6, 0x0, 0x2e, 0xff,
    0xff, 0x70, 0x0, 0xff, 0xd0, 0x0, 0x3f, 0xf9,
    0x0, 0x2, 0xef, 0xff, 0xf8, 0x0, 0xff, 0xd0,
    0x0, 0x3f, 0xf9, 0x0, 0x0, 0x2d, 0xff, 0xff,
    0x80, 0xbf, 0xf9, 0x13, 0xdf, 0xf5, 0x0, 0x0,
    0x1, 0xdf, 0xff, 0xf6, 0x3f, 0xff, 0xff, 0xff,
    0xd0, 0x0, 0x0, 0x0, 0x1d, 0xff, 0xf5, 0x6,
    0xff, 0xff, 0xfd, 0x20, 0x0, 0x0, 0x0, 0x0,
    0x46, 0x20, 0x0, 0x28, 0xba, 0x60, 0x0, 0x0,
    0x0, 0x0, 0x0, 0x0, 0x0,

    /* U+F0C5 "" */
    0x0, 0x0, 0x0, 0x0, 0x24, 0x44, 0x44, 0x30,
    0x0, 0x0, 0x0, 0x0, 0x0, 0x9, 0xff, 0xff,
    0xff, 0xfc, 0x10, 0x0, 0x0, 0x0, 0x0, 0xf,
    0xff, 0xff, 0xff, 0xff, 0xc1, 0x0, 0x0, 0x0,
    0x0, 0x2f, 0xff, 0xff, 0xff, 0xff, 0xfc, 0x10,
    0x0, 0x0, 0x0, 0x2f, 0xff, 0xff, 0xff, 0xff,
    0xff, 0xc0, 0x0, 0x0, 0x0, 0x2f, 0xff, 0xff,
    0xff, 0xff, 0xff, 0xf3, 0x19, 0xbc, 0xc6, 0x2f,
    0xff, 0xff, 0xff, 0xff, 0xff, 0xf4, 0xcf, 0xff,
    0xf8, 0x2f, 0xff, 0xff, 0xff, 0xff, 0xff, 0xf4,
    0xff, 0xff, 0xf8, 0x2f, 0xff, 0xff, 0xff, 0xff,
    0xff, 0xf4, 0xff, 0xc0, 0x0, 0x2f, 0xff, 0xff,
    0xff, 0xff, 0xff, 0xf4, 0xff, 0xc0, 0x0, 0x2f,
    0xff, 0xff, 0xff, 0xff, 0xff, 0xf4, 0xff, 0xc0,
    0x0, 0x2f, 0xff, 0xff, 0xff, 0xff, 0xff, 0xf4,
    0xff, 0xc0, 0x0, 0x2f, 0xff, 0xff, 0xff, 0xff,
    0xff, 0xf4, 0xff, 0xc0, 0x0, 0x2f, 0xff, 0xff,
    0xff, 0xff, 0xff, 0xf4, 0xff, 0xc0, 0x0, 0x2f,
    0xff, 0xff, 0xff, 0xff, 0xff, 0xf4, 0xff, 0xc0,
    0x0, 0xf, 0xff, 0xff, 0xff, 0xff, 0xff, 0xf2,
    0xff, 0xc0, 0x0, 0x8, 0xff, 0xff, 0xff, 0xff,
    0xff, 0xa0, 0xff, 0xc0, 0x0, 0x0, 0x24, 0x44,
    0x44, 0x44, 0x42, 0x0, 0xff, 0xc0, 0x0, 0x0,
    0x0, 0x6, 0x64, 0x0, 0x0, 0x0, 0xff, 0xc0,
    0x0, 0x0, 0x0, 0xf, 0xfc, 0x0, 0x0, 0x0,
    0xff, 0xff, 0xff, 0xff, 0xff, 0xff, 0xfb, 0x0,
    0x0, 0x0, 0xcf, 0xff, 0xff, 0xff, 0xff, 0xff,
    0xf8, 0x0, 0x0, 0x0, 0x19, 0xbc, 0xcc, 0xcc,
    0xcc, 0xcb, 0x80, 0x0, 0x0, 0x0,

    /* U+F0C7 "" */
    0x6, 0xbc, 0xcc, 0xcc, 0xcc, 0xcc, 0xcb, 0x60,
    0x0, 0x0, 0x8f, 0xff, 0xff, 0xff, 0xff, 0xff,
    0xff, 0xf9, 0x0, 0x0, 0xef, 0xff, 0xff, 0xff,
    0xff, 0xff, 0xff, 0xff, 0xa0, 0x0, 0xff, 0xf2,
    0x0, 0x0, 0x0, 0x0, 0x9, 0xff, 0xfa, 0x0,
    0xff, 0xc0, 0x0, 0x0, 0x0, 0x0, 0x4, 0xff,
    0xff, 0x90, 0xff, 0xb0, 0x0, 0x0, 0x0, 0x0,
    0x3, 0xff, 0xff, 0xf1, 0xff, 0xc0, 0x0, 0x0,
    0x0, 0x0, 0x4, 0xff, 0xff, 0xf3, 0xff, 0xe0,
    0x0, 0x0, 0x0, 0x0, 0x7, 0xff, 0xff, 0xf3,
    0xff, 0xfe, 0xcb, 0xbb, 0xbb, 0xbb, 0xcf, 0xff,
    0xff, 0xf3, 0xff, 0xff, 0xff, 0xff, 0xff, 0xff,
    0xff, 0xff, 0xff, 0xf3, 0xff, 0xff, 0xff, 0xff,
    0xff, 0xff, 0xff, 0xff, 0xff, 0xf3, 0xff, 0xff,
    0xff, 0xfe, 0x40, 0x2c, 0xff, 0xff, 0xff, 0xf3,
    0xff, 0xff, 0xff, 0xf3, 0x0, 0x0, 0xef, 0xff,
    0xff, 0xf3, 0xff, 0xff, 0xff, 0xe0, 0x0, 0x0,
    0xaf, 0xff, 0xff, 0xf3, 0xff, 0xff, 0xff, 0xf1,
    0x0, 0x0, 0xcf, 0xff, 0xff, 0xf3, 0xff, 0xff,
    0xff, 0xfa, 0x0, 0x6, 0xff, 0xff, 0xff, 0xf3,
    0xff, 0xff, 0xff, 0xff, 0xda, 0xcf, 0xff, 0xff,
    0xff, 0xf3, 0xbf, 0xff, 0xff, 0xff, 0xff, 0xff,
    0xff, 0xff, 0xff, 0xe0, 0x1c, 0xff, 0xff, 0xff,
    0xff, 0xff, 0xff, 0xff, 0xfe, 0x40, 0x0, 0x12,
    0x22, 0x22, 0x22, 0x22, 0x22, 0x22, 0x20, 0x0,

    /* U+F0C9 "" */
    0x5b, 0xbb, 0xbb, 0xbb, 0xbb, 0xbb, 0xbb, 0xbb,
    0xbb, 0x80, 0xff, 0xff, 0xff, 0xff, 0xff, 0xff,
    0xff, 0xff, 0xff, 0xf3, 0xaf, 0xff, 0xff, 0xff,
    0xff, 0xff, 0xff, 0xff, 0xff, 0xd0, 0x0, 0x0,
    0x0, 0x0, 0x0, 0x0, 0x0, 0x0, 0x0, 0x0,
    0x0, 0x0, 0x0, 0x0, 0x0, 0x0, 0x0, 0x0,
    0x0, 0x0, 0x0, 0x0, 0x0, 0x0, 0x0, 0x0,
    0x0, 0x0, 0x0, 0x0, 0x0, 0x0, 0x0, 0x0,
    0x0, 0x0, 0x0, 0x0, 0x0, 0x0, 0x5b, 0xbb,
    0xbb, 0xbb, 0xbb, 0xbb, 0xbb, 0xbb, 0xbb, 0x80,
    0xff, 0xff, 0xff, 0xff, 0xff, 0xff, 0xff, 0xff,
    0xff, 0xf3, 0xaf, 0xff, 0xff, 0xff, 0xff, 0xff,
    0xff, 0xff, 0xff, 0xd0, 0x0, 0x0, 0x0, 0x0,
    0x0, 0x0, 0x0, 0x0, 0x0, 0x0, 0x0, 0x0,
    0x0, 0x0, 0x0, 0x0, 0x0, 0x0, 0x0, 0x0,
    0x0, 0x0, 0x0, 0x0, 0x0, 0x0, 0x0, 0x0,
    0x0, 0x0, 0x0, 0x0, 0x0, 0x0, 0x0, 0x0,
    0x0, 0x0, 0x0, 0x0, 0x6b, 0xcc, 0xcc, 0xcc,
    0xcc, 0xcc, 0xcc, 0xcc, 0xcb, 0x80, 0xff, 0xff,
    0xff, 0xff, 0xff, 0xff, 0xff, 0xff, 0xff, 0xf3,
    0x9f, 0xff, 0xff, 0xff, 0xff, 0xff, 0xff, 0xff,
    0xff, 0xc0,

    /* U+F0E0 "" */
    0x5, 0x77, 0x77, 0x77, 0x77, 0x77, 0x77, 0x77,
    0x77, 0x77, 0x50, 0xaf, 0xff, 0xff, 0xff, 0xff,
    0xff, 0xff, 0xff, 0xff, 0xff, 0xfa, 0xff, 0xff,
    0xff, 0xff, 0xff, 0xff, 0xff, 0xff, 0xff, 0xff,
    0xff, 0xbf, 0xff, 0xff, 0xff, 0xff, 0xff, 0xff,
    0xff, 0xff, 0xff, 0xfb, 0x1b, 0xff, 0xff, 0xff,
    0xff, 0xff, 0xff, 0xff, 0xff, 0xff, 0xb1, 0x50,
    0x7f, 0xff, 0xff, 0xff, 0xff, 0xff, 0xff, 0xff,
    0xf7, 0x5, 0xf9, 0x3, 0xef, 0xff, 0xff, 0xff,
    0xff, 0xff, 0xfe, 0x30, 0x9f, 0xff, 0xc2, 0x1b,
    0xff, 0xff, 0xff, 0xff, 0xff, 0xb1, 0x2c, 0xff,
    0xff, 0xff, 0x50, 0x7f, 0xff, 0xff, 0xff, 0xf7,
    0x5, 0xff, 0xff, 0xff, 0xff, 0xf9, 0x3, 0xef,
    0xff, 0xfe, 0x30, 0x9f, 0xff, 0xff, 0xff, 0xff,
    0xff, 0xc2, 0x1b, 0xff, 0xb1, 0x2c, 0xff, 0xff,
    0xff, 0xff, 0xff, 0xff, 0xff, 0x50, 0x55, 0x5,
    0xff, 0xff, 0xff, 0xff, 0xff, 0xff, 0xff, 0xff,
    0xfa, 0x33, 0x9f, 0xff, 0xff, 0xff, 0xff, 0xff,
    0xff, 0xff, 0xff, 0xff, 0xff, 0xff, 0xff, 0xff,
    0xff, 0xff, 0xff, 0xff, 0xff, 0xff, 0xff, 0xff,
    0xff, 0xff, 0xff, 0xff, 0xff, 0xaf, 0xff, 0xff,
    0xff, 0xff, 0xff, 0xff, 0xff, 0xff, 0xff, 0xfa,
    0xa, 0xff, 0xff, 0xff, 0xff, 0xff, 0xff, 0xff,
    0xff, 0xff, 0xa0,

    /* U+F0E7 "" */
    0x0, 0x0, 0x0, 0x0, 0x0, 0x0, 0x21, 0x0,
    0x0, 0x0, 0x0, 0x0, 0x0, 0x0, 0x9, 0xfe,
    0x0, 0x0, 0x0, 0x0, 0x0, 0x0, 0x0, 0xbf,
    0xff, 0x0, 0x0, 0x0, 0x0, 0x0, 0x0, 0x1c,
    0xff, 0xfa, 0x0, 0x0, 0x0, 0x0, 0x0, 0x2,
    0xef, 0xff, 0xf3, 0x0, 0x0, 0x0, 0x0, 0x0,
    0x4e, 0xff, 0xff, 0xc0, 0x0, 0x0, 0x0, 0x0,
    0x5, 0xff, 0xff, 0xff, 0x60, 0x0, 0x0, 0x0,
    0x0, 0x7f, 0xff, 0xff, 0xfe, 0x0, 0x0, 0x0,
    0x0, 0x9, 0xff, 0xff, 0xff, 0xf8, 0x0, 0x0,
    0x0, 0x0, 0xbf, 0xff, 0xff, 0xff, 0xf1, 0x0,
    0x0, 0x0, 0x1c, 0xff, 0xff, 0xff, 0xff, 0xe9,
    0x99, 0x99, 0x20, 0x8f, 0xff, 0xff, 0xff, 0xff,
    0xff, 0xff, 0xff, 0xc0, 0x4f, 0xff, 0xff, 0xff,
    0xff, 0xff, 0xff, 0xff, 0x90, 0x0, 0x11, 0x11,
    0xaf, 0xff, 0xff, 0xff, 0xf9, 0x0, 0x0, 0x0,
    0x1, 0xff, 0xff, 0xff, 0xff, 0x70, 0x0, 0x0,
    0x0, 0x7, 0xff, 0xff, 0xff, 0xf5, 0x0, 0x0,
    0x0, 0x0, 0xe, 0xff, 0xff, 0xfe, 0x30, 0x0,
    0x0, 0x0, 0x0, 0x5f, 0xff, 0xff, 0xd2, 0x0,
    0x0, 0x0, 0x0, 0x0, 0xcf, 0xff, 0xfc, 0x10,
    0x0, 0x0, 0x0, 0x0, 0x2, 0xff, 0xff, 0xb0,
    0x0, 0x0, 0x0, 0x0, 0x0, 0x9, 0xff, 0xf9,
    0x0, 0x0, 0x0, 0x0, 0x0, 0x0, 0xd, 0xff,
    0x70, 0x0, 0x0, 0x0, 0x0, 0x0, 0x0, 0x4,
    0xb4, 0x0, 0x0, 0x0, 0x0, 0x0, 0x0, 0x0,
    0x0, 0x0, 0x0, 0x0, 0x0, 0x0, 0x0, 0x0,

    /* U+F0EA "" */
    0x0, 0x0, 0x0, 0x22, 0x0, 0x0, 0x0, 0x0,
    0x0, 0x0, 0x0, 0x0, 0x0, 0x1d, 0xff, 0xa0,
    0x0, 0x0, 0x0, 0x0, 0x0, 0x0, 0x2b, 0xdd,
    0xef, 0xac, 0xfd, 0xdd, 0x91, 0x0, 0x0, 0x0,
    0x0, 0xcf, 0xff, 0xff, 0x3, 0xff, 0xff, 0xf8,
    0x0, 0x0, 0x0, 0x0, 0xff, 0xff, 0xff, 0x9c,
    0xff, 0xff, 0xea, 0x0, 0x0, 0x0, 0x0, 0xff,
    0xff, 0xff, 0xff, 0xfb, 0x20, 0x0, 0x0, 0x0,
    0x0, 0x0, 0xff, 0xff, 0xff, 0xff, 0xd0, 0x27,
    0x88, 0x88, 0x87, 0x0, 0x0, 0xff, 0xff, 0xff,
    0xff, 0x61, 0xff, 0xff, 0xff, 0xff, 0xd1, 0x0,
    0xff, 0xff, 0xff, 0xff, 0x45, 0xff, 0xff, 0xff,
    0xff, 0xfd, 0x10, 0xff, 0xff, 0xff, 0xff, 0x35,
    0xff, 0xff, 0xff, 0xff, 0xff, 0xd1, 0xff, 0xff,
    0xff, 0xff, 0x35, 0xff, 0xff, 0xff, 0xff, 0xff,
    0xfb, 0xff, 0xff, 0xff, 0xff, 0x35, 0xff, 0xff,
    0xff, 0xff, 0xff, 0xff, 0xff, 0xff, 0xff, 0xff,
    0x35, 0xff, 0xff, 0xff, 0xff, 0xff, 0xff, 0xff,
    0xff, 0xff, 0xff, 0x35, 0xff, 0xff, 0xff, 0xff,
    0xff, 0xff, 0xff, 0xff, 0xff, 0xff, 0x35, 0xff,
    0xff, 0xff, 0xff, 0xff, 0xff, 0xff, 0xff, 0xff,
    0xff, 0x35, 0xff, 0xff, 0xff, 0xff, 0xff, 0xff,
    0xff, 0xff, 0xff, 0xff, 0x35, 0xff, 0xff, 0xff,
    0xff, 0xff, 0xff, 0xff, 0xff, 0xff, 0xff, 0x35,
    0xff, 0xff, 0xff, 0xff, 0xff, 0xff, 0xef, 0xff,
    0xff, 0xff, 0x35, 0xff, 0xff, 0xff, 0xff, 0xff,
    0xff, 0x6f, 0xff, 0xff, 0xff, 0x35, 0xff, 0xff,
    0xff, 0xff, 0xff, 0xff, 0x1, 0x33, 0x33, 0x33,
    0x5, 0xff, 0xff, 0xff, 0xff, 0xff, 0xff, 0x0,
    0x0, 0x0, 0x0, 0x3, 0xff, 0xff, 0xff, 0xff,
    0xff, 0xfd, 0x0, 0x0, 0x0, 0x0, 0x0, 0x8e,
    0xff, 0xff, 0xff, 0xff, 0xd3,

    /* U+F0F3 "" */
    0x0, 0x0, 0x0, 0x0, 0x0, 0x0, 0x0, 0x0,
    0x0, 0x0, 0x0, 0x0, 0x0, 0x0, 0x0, 0x6f,
    0xa0, 0x0, 0x0, 0x0, 0x0, 0x0, 0x0, 0x0,
    0x0, 0xb, 0xff, 0x0, 0x0, 0x0, 0x0, 0x0,
    0x0, 0x0, 0x0, 0x3a, 0xff, 0xfb, 0x50, 0x0,
    0x0, 0x0, 0x0, 0x0, 0x0, 0x9f, 0xff, 0xff,
    0xff, 0xc1, 0x0, 0x0, 0x0, 0x0, 0x0, 0x9f,
    0xff, 0xff, 0xff, 0xff, 0xd0, 0x0, 0x0, 0x0,
    0x0, 0x4f, 0xff, 0xff, 0xff, 0xff, 0xff, 0x90,
    0x0, 0x0, 0x0, 0xc, 0xff, 0xff, 0xff, 0xff,
    0xff, 0xff, 0x10, 0x0, 0x0, 0x1, 0xff, 0xff,
    0xff, 0xff, 0xff, 0xff, 0xf5, 0x0, 0x0, 0x0,
    0x3f, 0xff, 0xff, 0xff, 0xff, 0xff, 0xff, 0x70,
    0x0, 0x0, 0x3, 0xff, 0xff, 0xff, 0xff, 0xff,
    0xff, 0xf8, 0x0, 0x0, 0x0, 0x5f, 0xff, 0xff,
    0xff, 0xff, 0xff, 0xff, 0x90, 0x0, 0x0, 0x7,
    0xff, 0xff, 0xff, 0xff, 0xff, 0xff, 0xfb, 0x0,
    0x0, 0x0, 0xcf, 0xff, 0xff, 0xff, 0xff, 0xff,
    0xff, 0xf1, 0x0, 0x0, 0x3f, 0xff, 0xff, 0xff,
    0xff, 0xff, 0xff, 0xff, 0x70, 0x0, 0xc, 0xff,
    0xff, 0xff, 0xff, 0xff, 0xff, 0xff, 0xff, 0x20,
    0x8, 0xff, 0xff, 0xff, 0xff, 0xff, 0xff, 0xff,
    0xff, 0xfd, 0x0, 0xef, 0xff, 0xff, 0xff, 0xff,
    0xff, 0xff, 0xff, 0xff, 0xf3, 0x6, 0xcd, 0xdd,
    0xdd, 0xdd, 0xdd, 0xdd, 0xdd, 0xdd, 0xd9, 0x0,
    0x0, 0x0, 0x0, 0x0, 0x0, 0x0, 0x0, 0x0,
    0x0, 0x0, 0x0, 0x0, 0x0, 0x0, 0xff, 0xff,
    0xf4, 0x0, 0x0, 0x0, 0x0, 0x0, 0x0, 0x0,
    0x9, 0xff, 0xfd, 0x0, 0x0, 0x0, 0x0, 0x0,
    0x0, 0x0, 0x0, 0x7, 0xb8, 0x10, 0x0, 0x0,
    0x0, 0x0,

    /* U+F111 "" */
    0x0, 0x0, 0x0, 0x0, 0x0, 0x22, 0x0, 0x0,
    0x0, 0x0, 0x0, 0x0, 0x0, 0x0, 0x39, 0xdf,
    0xff, 0xfd, 0x93, 0x0, 0x0, 0x0, 0x0, 0x0,
    0x1b, 0xff, 0xff, 0xff, 0xff, 0xff, 0xb1, 0x0,
    0x0, 0x0, 0x3, 0xef, 0xff, 0xff, 0xff, 0xff,
    0xff, 0xfe, 0x30, 0x0, 0x0, 0x3f, 0xff, 0xff,
    0xff, 0xff, 0xff, 0xff, 0xff, 0xf3, 0x0, 0x1,
    0xef, 0xff, 0xff, 0xff, 0xff, 0xff, 0xff, 0xff,
    0xfe, 0x10, 0x9, 0xff, 0xff, 0xff, 0xff, 0xff,
    0xff, 0xff, 0xff, 0xff, 0x90, 0x1f, 0xff, 0xff,
    0xff, 0xff, 0xff, 0xff, 0xff, 0xff, 0xff, 0xf1,
    0x7f, 0xff, 0xff, 0xff, 0xff, 0xff, 0xff, 0xff,
    0xff, 0xff, 0xf7, 0xbf, 0xff, 0xff, 0xff, 0xff,
    0xff, 0xff, 0xff, 0xff, 0xff, 0xfb, 0xef, 0xff,
    0xff, 0xff, 0xff, 0xff, 0xff, 0xff, 0xff, 0xff,
    0xfe, 0xff, 0xff, 0xff, 0xff, 0xff, 0xff, 0xff,
    0xff, 0xff, 0xff, 0xff, 0xff, 0xff, 0xff, 0xff,
    0xff, 0xff, 0xff, 0xff, 0xff, 0xff, 0xff, 0xdf,
    0xff, 0xff, 0xff, 0xff, 0xff, 0xff, 0xff, 0xff,
    0xff, 0xfd, 0xaf, 0xff, 0xff, 0xff, 0xff, 0xff,
    0xff, 0xff, 0xff, 0xff, 0xfa, 0x5f, 0xff, 0xff,
    0xff, 0xff, 0xff, 0xff, 0xff, 0xff, 0xff, 0xf5,
    0xe, 0xff, 0xff, 0xff, 0xff, 0xff, 0xff, 0xff,
    0xff, 0xff, 0xe0, 0x6, 0xff, 0xff, 0xff, 0xff,
    0xff, 0xff, 0xff, 0xff, 0xff, 0x60, 0x0, 0xbf,
    0xff, 0xff, 0xff, 0xff, 0xff, 0xff, 0xff, 0xfb,
    0x0, 0x0, 0xc, 0xff, 0xff, 0xff, 0xff, 0xff,
    0xff, 0xff, 0xc0, 0x0, 0x0, 0x0, 0xaf, 0xff,
    0xff, 0xff, 0xff, 0xff, 0xfa, 0x0, 0x0, 0x0,
    0x0, 0x5, 0xdf, 0xff, 0xff, 0xff, 0xfd, 0x50,
    0x0, 0x0, 0x0, 0x0, 0x0, 0x3, 0x8a, 0xcc,
    0xb8, 0x30, 0x0, 0x0, 0x0,

    /* U+F11C "" */
    0x5, 0xab, 0xbb, 0xbb, 0xbb, 0xbb, 0xbb, 0xbb,
    0xbb, 0xbb, 0xbb, 0x93, 0x7, 0xff, 0xff, 0xff,
    0xff, 0xff, 0xff, 0xff, 0xff, 0xff, 0xff, 0xff,
    0xf3, 0xef, 0xff, 0xff, 0xff, 0xff, 0xff, 0xff,
    0xff, 0xff, 0xff, 0xff, 0xff, 0xaf, 0xfd, 0x10,
    0xaf, 0x10, 0x8f, 0x20, 0x6f, 0x40, 0x4f, 0x60,
    0x2f, 0xfb, 0xff, 0xb0, 0x7, 0xd0, 0x5, 0xf0,
    0x3, 0xf1, 0x1, 0xf3, 0x0, 0xff, 0xbf, 0xfd,
    0x0, 0xaf, 0x10, 0x8f, 0x20, 0x6f, 0x40, 0x4f,
    0x60, 0x2f, 0xfb, 0xff, 0xff, 0xff, 0xff, 0xff,
    0xff, 0xff, 0xff, 0xff, 0xff, 0xff, 0xff, 0xbf,
    0xff, 0x66, 0xdf, 0x76, 0xbf, 0x85, 0xaf, 0x95,
    0x9f, 0xa5, 0x8f, 0xfb, 0xff, 0xc0, 0x8, 0xe0,
    0x6, 0xf0, 0x4, 0xf2, 0x2, 0xf4, 0x0, 0xff,
    0xbf, 0xfd, 0x0, 0x9e, 0x0, 0x7f, 0x10, 0x5f,
    0x30, 0x3f, 0x50, 0x1f, 0xfb, 0xff, 0xfe, 0xef,
    0xfe, 0xef, 0xff, 0xdf, 0xff, 0xdf, 0xff, 0xdf,
    0xff, 0xbf, 0xff, 0x88, 0xdf, 0x97, 0x77, 0x77,
    0x77, 0x77, 0xbf, 0xc7, 0xaf, 0xfb, 0xff, 0xc0,
    0x8, 0xe0, 0x0, 0x0, 0x0, 0x0, 0x2, 0xf4,
    0x0, 0xff, 0xbf, 0xfc, 0x0, 0x8e, 0x0, 0x0,
    0x0, 0x0, 0x0, 0x2f, 0x40, 0xf, 0xfb, 0xef,
    0xfc, 0xcf, 0xfd, 0xbb, 0xbb, 0xbb, 0xbb, 0xbe,
    0xfe, 0xbd, 0xff, 0xa9, 0xff, 0xff, 0xff, 0xff,
    0xff, 0xff, 0xff, 0xff, 0xff, 0xff, 0xff, 0xf5,
    0x9, 0xff, 0xff, 0xff, 0xff, 0xff, 0xff, 0xff,
    0xff, 0xff, 0xff, 0xe7, 0x0,

    /* U+F124 "" */
    0x0, 0x0, 0x0, 0x0, 0x0, 0x0, 0x0, 0x0,
    0x1, 0x0, 0x0, 0x0, 0x0, 0x0, 0x0, 0x0,
    0x3, 0xaf, 0xf4, 0x0, 0x0, 0x0, 0x0, 0x0,
    0x0, 0x6c, 0xff, 0xff, 0x70, 0x0, 0x0, 0x0,
    0x0, 0x29, 0xff, 0xff, 0xff, 0xf2, 0x0, 0x0,
    0x0, 0x5, 0xcf, 0xff, 0xff, 0xff, 0xfb, 0x0,
    0x0, 0x2, 0x8e, 0xff, 0xff, 0xff, 0xff, 0xff,
    0x50, 0x0, 0x4b, 0xff, 0xff, 0xff, 0xff, 0xff,
    0xff, 0xe0, 0x1, 0xdf, 0xff, 0xff, 0xff, 0xff,
    0xff, 0xff, 0xf8, 0x0, 0x3f, 0xff, 0xff, 0xff,
    0xff, 0xff, 0xff, 0xff, 0x10, 0x0, 0x8b, 0xbb,
    0xbb, 0xbb, 0xdf, 0xff, 0xff, 0xb0, 0x0, 0x0,
    0x0, 0x0, 0x0, 0x5, 0xff, 0xff, 0xf4, 0x0,
    0x0, 0x0, 0x0, 0x0, 0x0, 0x5f, 0xff, 0xfe,
    0x0, 0x0, 0x0, 0x0, 0x0, 0x0, 0x5, 0xff,
    0xff, 0x70, 0x0, 0x0, 0x0, 0x0, 0x0, 0x0,
    0x5f, 0xff, 0xf1, 0x0, 0x0, 0x0, 0x0, 0x0,
    0x0, 0x5, 0xff, 0xfa, 0x0, 0x0, 0x0, 0x0,
    0x0, 0x0, 0x0, 0x5f, 0xff, 0x30, 0x0, 0x0,
    0x0, 0x0, 0x0, 0x0, 0x5, 0xff, 0xd0, 0x0,
    0x0, 0x0, 0x0, 0x0, 0x0, 0x0, 0x4f, 0xf6,
    0x0, 0x0, 0x0, 0x0, 0x0, 0x0, 0x0, 0x0,
    0x78, 0x0, 0x0, 0x0, 0x0,

    /* U+F158 "" */
    0x0, 0xc, 0xff, 0xff, 0xff, 0xfe, 0xa3, 0x0,
    0x0, 0x3, 0xff, 0xff, 0xff, 0xff, 0xff, 0xf7,
    0x0, 0x0, 0x3f, 0xfe, 0xcc, 0xcc, 0xcf, 0xff,
    0xf5, 0x0, 0x3, 0xff, 0x70, 0x0, 0x0, 0x8,
    0xff, 0xe0, 0x0, 0x3f, 0xf7, 0x0, 0x0, 0x0,
    0xb, 0xff, 0x40, 0x3, 0xff, 0x70, 0x0, 0x0,
    0x0, 0x5f, 0xf7, 0x0, 0x3f, 0xf7, 0x0, 0x0,
    0x0, 0x5, 0xff, 0x70, 0x3, 0xff, 0x70, 0x0,
    0x0, 0x0, 0xbf, 0xf4, 0x0, 0x3f, 0xf7, 0x0,
    0x0, 0x0, 0x8f, 0xfe, 0x6, 0xcd, 0xff, 0xec,
    0xcc, 0xcd, 0xff, 0xff, 0x50, 0xff, 0xff, 0xff,
    0xff, 0xff, 0xff, 0xff, 0x70, 0x9, 0xff, 0xff,
    0xff, 0xff, 0xff, 0xea, 0x30, 0x0, 0x0, 0x3f,
    0xf7, 0x0, 0x0, 0x0, 0x0, 0x0, 0x6, 0xcd,
    0xff, 0xec, 0xcc, 0xcc, 0xcb, 0x30, 0x0, 0xff,
    0xff, 0xff, 0xff, 0xff, 0xff, 0xfb, 0x0, 0x9,
    0xff, 0xff, 0xff, 0xff, 0xff, 0xff, 0x60, 0x0,
    0x0, 0x3f, 0xf7, 0x0, 0x0, 0x0, 0x0, 0x0,
    0x0, 0x3, 0xff, 0x70, 0x0, 0x0, 0x0, 0x0,
    0x0, 0x0, 0xc, 0xe2, 0x0, 0x0, 0x0, 0x0,
    0x0, 0x0,

    /* U+F1EB "" */
    0x0, 0x0, 0x0, 0x0, 0x26, 0x9b, 0xcd, 0xdc,
    0xa7, 0x40, 0x0, 0x0, 0x0, 0x0, 0x0, 0x0,
    0x0, 0x7d, 0xff, 0xff, 0xff, 0xff, 0xff, 0xff,
    0xa3, 0x0, 0x0, 0x0, 0x0, 0x0, 0x7f, 0xff,
    0xff, 0xff, 0xee, 0xef, 0xff, 0xff, 0xff, 0xc3,
    0x0, 0x0, 0x0, 0x3d, 0xff, 0xff, 0xc7, 0x30,
    0x0, 0x0, 0x15, 0x9e, 0xff, 0xff, 0x90, 0x0,
    0x7, 0xff, 0xff, 0xa2, 0x0, 0x0, 0x0, 0x0,
    0x0, 0x0, 0x5d, 0xff, 0xfd, 0x10, 0x8f, 0xff,
    0xb2, 0x0, 0x0, 0x0, 0x0, 0x0, 0x0, 0x0,
    0x0, 0x6f, 0xff, 0xe2, 0xff, 0xf8, 0x0, 0x0,
    0x0, 0x0, 0x0, 0x0, 0x0, 0x0, 0x0, 0x2,
    0xdf, 0xf7, 0x7c, 0x50, 0x0, 0x0, 0x3, 0x8c,
    0xef, 0xed, 0xa6, 0x10, 0x0, 0x0, 0x1a, 0xc1,
    0x0, 0x0, 0x0, 0x4, 0xcf, 0xff, 0xff, 0xff,
    0xff, 0xf8, 0x10, 0x0, 0x0, 0x0, 0x0, 0x0,
    0x0, 0x9f, 0xff, 0xff, 0xec, 0xdf, 0xff, 0xff,
    0xe3, 0x0, 0x0, 0x0, 0x0, 0x0, 0xa, 0xff,
    0xfc, 0x51, 0x0, 0x0, 0x38, 0xff, 0xff, 0x30,
    0x0, 0x0, 0x0, 0x0, 0xc, 0xff, 0x50, 0x0,
    0x0, 0x0, 0x0, 0x1b, 0xff, 0x40, 0x0, 0x0,
    0x0, 0x0, 0x2, 0x71, 0x0, 0x0, 0x0, 0x0,
    0x0, 0x0, 0x55, 0x0, 0x0, 0x0, 0x0, 0x0,
    0x0, 0x0, 0x0, 0x0, 0x1, 0x0, 0x0, 0x0,
    0x0, 0x0, 0x0, 0x0, 0x0, 0x0, 0x0, 0x0,
    0x0, 0x1, 0xcf, 0xf6, 0x0, 0x0, 0x0, 0x0,
    0x0, 0x0, 0x0, 0x0, 0x0, 0x0, 0x0, 0xb,
    0xff, 0xff, 0x30, 0x0, 0x0, 0x0, 0x0, 0x0,
    0x0, 0x0, 0x0, 0x0, 0x0, 0xf, 0xff, 0xff,
    0x70, 0x0, 0x0, 0x0, 0x0, 0x0, 0x0, 0x0,
    0x0, 0x0, 0x0, 0xd, 0xff, 0xff, 0x50, 0x0,
    0x0, 0x0, 0x0, 0x0, 0x0, 0x0, 0x0, 0x0,
    0x0, 0x3, 0xff, 0xfa, 0x0, 0x0, 0x0, 0x0,
    0x0, 0x0, 0x0, 0x0, 0x0, 0x0, 0x0, 0x0,
    0x15, 0x30, 0x0, 0x0, 0x0, 0x0, 0x0, 0x0,

    /* U+F240 "" */
    0x0, 0x1, 0x11, 0x11, 0x11, 0x11, 0x11, 0x11,
    0x11, 0x11, 0x0, 0x0, 0x0, 0x7e, 0xff, 0xff,
    0xff, 0xff, 0xff, 0xff, 0xff, 0xff, 0xfe, 0x80,
    0x0, 0x6f, 0xff, 0xff, 0xff, 0xff, 0xff, 0xff,
    0xff, 0xff, 0xff, 0xff, 0x90, 0xd, 0xff, 0xba,
    0xaa, 0xaa, 0xaa, 0xaa, 0xaa, 0xaa, 0xaa, 0xaf,
    0xff, 0x0, 0xff, 0xc0, 0x0, 0x0, 0x0, 0x0,
    0x0, 0x0, 0x0, 0x0, 0x9f, 0xf2, 0xf, 0xfb,
    0xe, 0xff, 0xff, 0xff, 0xff, 0xff, 0xff, 0xff,
    0x39, 0xff, 0xe3, 0xff, 0xb0, 0xef, 0xff, 0xff,
    0xff, 0xff, 0xff, 0xff, 0xf3, 0x9f, 0xff, 0x8f,
    0xfb, 0xe, 0xff, 0xff, 0xff, 0xff, 0xff, 0xff,
    0xff, 0x39, 0xff, 0xf8, 0xff, 0xb0, 0xef, 0xff,
    0xff, 0xff, 0xff, 0xff, 0xff, 0xf3, 0x9f, 0xff,
    0x8f, 0xfb, 0xe, 0xff, 0xff, 0xff, 0xff, 0xff,
    0xff, 0xff, 0x39, 0xff, 0xf6, 0xff, 0xb0, 0x77,
    0x77, 0x77, 0x77, 0x77, 0x77, 0x77, 0x71, 0x9f,
    0xf7, 0xf, 0xfd, 0x10, 0x0, 0x0, 0x0, 0x0,
    0x0, 0x0, 0x0, 0xb, 0xff, 0x10, 0xbf, 0xff,
    0xff, 0xff, 0xff, 0xff, 0xff, 0xff, 0xff, 0xff,
    0xff, 0xd0, 0x2, 0xff, 0xff, 0xff, 0xff, 0xff,
    0xff, 0xff, 0xff, 0xff, 0xff, 0xf4, 0x0, 0x1,
    0x8a, 0xbb, 0xbb, 0xbb, 0xbb, 0xbb, 0xbb, 0xbb,
    0xbb, 0x82, 0x0, 0x0,

    /* U+F241 "" */
    0x0, 0x1, 0x11, 0x11, 0x11, 0x11, 0x11, 0x11,
    0x11, 0x11, 0x0, 0x0, 0x0, 0x7e, 0xff, 0xff,
    0xff, 0xff, 0xff, 0xff, 0xff, 0xff, 0xfe, 0x80,
    0x0, 0x6f, 0xff, 0xff, 0xff, 0xff, 0xff, 0xff,
    0xff, 0xff, 0xff, 0xff, 0x90, 0xd, 0xff, 0xba,
    0xaa, 0xaa, 0xaa, 0xaa, 0xaa, 0xaa, 0xaa, 0xaf,
    0xff, 0x0, 0xff, 0xc0, 0x0, 0x0, 0x0, 0x0,
    0x0, 0x0, 0x0, 0x0, 0x9f, 0xf2, 0xf, 0xfb,
    0xe, 0xff, 0xff, 0xff, 0xff, 0xff, 0x10, 0x0,
    0x9, 0xff, 0xe3, 0xff, 0xb0, 0xef, 0xff, 0xff,
    0xff, 0xff, 0xf1, 0x0, 0x0, 0x9f, 0xff, 0x8f,
    0xfb, 0xe, 0xff, 0xff, 0xff, 0xff, 0xff, 0x10,
    0x0, 0x9, 0xff, 0xf8, 0xff, 0xb0, 0xef, 0xff,
    0xff, 0xff, 0xff, 0xf1, 0x0, 0x0, 0x9f, 0xff,
    0x8f, 0xfb, 0xe, 0xff, 0xff, 0xff, 0xff, 0xff,
    0x10, 0x0, 0x9, 0xff, 0xf6, 0xff, 0xb0, 0x77,
    0x77, 0x77, 0x77, 0x77, 0x70, 0x0, 0x0, 0x9f,
    0xf7, 0xf, 0xfd, 0x10, 0x0, 0x0, 0x0, 0x0,
    0x0, 0x0, 0x0, 0xb, 0xff, 0x10, 0xbf, 0xff,
    0xff, 0xff, 0xff, 0xff, 0xff, 0xff, 0xff, 0xff,
    0xff, 0xd0, 0x2, 0xff, 0xff, 0xff, 0xff, 0xff,
    0xff, 0xff, 0xff, 0xff, 0xff, 0xf4, 0x0, 0x1,
    0x8a, 0xbb, 0xbb, 0xbb, 0xbb, 0xbb, 0xbb, 0xbb,
    0xbb, 0x82, 0x0, 0x0,

    /* U+F242 "" */
    0x0, 0x1, 0x11, 0x11, 0x11, 0x11, 0x11, 0x11,
    0x11, 0x11, 0x0, 0x0, 0x0, 0x7e, 0xff, 0xff,
    0xff, 0xff, 0xff, 0xff, 0xff, 0xff, 0xfe, 0x80,
    0x0, 0x6f, 0xff, 0xff, 0xff, 0xff, 0xff, 0xff,
    0xff, 0xff, 0xff, 0xff, 0x90, 0xd, 0xff, 0xba,
    0xaa, 0xaa, 0xaa, 0xaa, 0xaa, 0xaa, 0xaa, 0xaf,
    0xff, 0x0, 0xff, 0xc0, 0x0, 0x0, 0x0, 0x0,
    0x0, 0x0, 0x0, 0x0, 0x9f, 0xf2, 0xf, 0xfb,
    0xe, 0xff, 0xff, 0xff, 0xf5, 0x0, 0x0, 0x0,
    0x9, 0xff, 0xe3, 0xff, 0xb0, 0xef, 0xff, 0xff,
    0xff, 0x50, 0x0, 0x0, 0x0, 0x9f, 0xff, 0x8f,
    0xfb, 0xe, 0xff, 0xff, 0xff, 0xf5, 0x0, 0x0,
    0x0, 0x9, 0xff, 0xf8, 0xff, 0xb0, 0xef, 0xff,
    0xff, 0xff, 0x50, 0x0, 0x0, 0x0, 0x9f, 0xff,
    0x8f, 0xfb, 0xe, 0xff, 0xff, 0xff, 0xf5, 0x0,
    0x0, 0x0, 0x9, 0xff, 0xf6, 0xff, 0xb0, 0x77,
    0x77, 0x77, 0x77, 0x20, 0x0, 0x0, 0x0, 0x9f,
    0xf7, 0xf, 0xfd, 0x10, 0x0, 0x0, 0x0, 0x0,
    0x0, 0x0, 0x0, 0xb, 0xff, 0x10, 0xbf, 0xff,
    0xff, 0xff, 0xff, 0xff, 0xff, 0xff, 0xff, 0xff,
    0xff, 0xd0, 0x2, 0xff, 0xff, 0xff, 0xff, 0xff,
    0xff, 0xff, 0xff, 0xff, 0xff, 0xf4, 0x0, 0x1,
    0x8a, 0xbb, 0xbb, 0xbb, 0xbb, 0xbb, 0xbb, 0xbb,
    0xbb, 0x82, 0x0, 0x0,

    /* U+F243 "" */
    0x0, 0x1, 0x11, 0x11, 0x11, 0x11, 0x11, 0x11,
    0x11, 0x11, 0x0, 0x0, 0x0, 0x7e, 0xff, 0xff,
    0xff, 0xff, 0xff, 0xff, 0xff, 0xff, 0xfe, 0x80,
    0x0, 0x6f, 0xff, 0xff, 0xff, 0xff, 0xff, 0xff,
    0xff, 0xff, 0xff, 0xff, 0x90, 0xd, 0xff, 0xba,
    0xaa, 0xaa, 0xaa, 0xaa, 0xaa, 0xaa, 0xaa, 0xaf,
    0xff, 0x0, 0xff, 0xc0, 0x0, 0x0, 0x0, 0x0,
    0x0, 0x0, 0x0, 0x0, 0x9f, 0xf2, 0xf, 0xfb,
    0xe, 0xff, 0xf3, 0x0, 0x0, 0x0, 0x0, 0x0,
    0x9, 0xff, 0xe3, 0xff, 0xb0, 0xef, 0xff, 0x30,
    0x0, 0x0, 0x0, 0x0, 0x0, 0x9f, 0xff, 0x8f,
    0xfb, 0xe, 0xff, 0xf3, 0x0, 0x0, 0x0, 0x0,
    0x0, 0x9, 0xff, 0xf8, 0xff, 0xb0, 0xef, 0xff,
    0x30, 0x0, 0x0, 0x0, 0x0, 0x0, 0x9f, 0xff,
    0x8f, 0xfb, 0xe, 0xff, 0xf3, 0x0, 0x0, 0x0,
    0x0, 0x0, 0x9, 0xff, 0xf6, 0xff, 0xb0, 0x77,
    0x77, 0x10, 0x0, 0x0, 0x0, 0x0, 0x0, 0x9f,
    0xf7, 0xf, 0xfd, 0x10, 0x0, 0x0, 0x0, 0x0,
    0x0, 0x0, 0x0, 0xb, 0xff, 0x10, 0xbf, 0xff,
    0xff, 0xff, 0xff, 0xff, 0xff, 0xff, 0xff, 0xff,
    0xff, 0xd0, 0x2, 0xff, 0xff, 0xff, 0xff, 0xff,
    0xff, 0xff, 0xff, 0xff, 0xff, 0xf4, 0x0, 0x1,
    0x8a, 0xbb, 0xbb, 0xbb, 0xbb, 0xbb, 0xbb, 0xbb,
    0xbb, 0x82, 0x0, 0x0,

    /* U+F244 "" */
    0x0, 0x1, 0x11, 0x11, 0x11, 0x11, 0x11, 0x11,
    0x11, 0x11, 0x0, 0x0, 0x0, 0x7e, 0xff, 0xff,
    0xff, 0xff, 0xff, 0xff, 0xff, 0xff, 0xfe, 0x80,
    0x0, 0x6f, 0xff, 0xff, 0xff, 0xff, 0xff, 0xff,
    0xff, 0xff, 0xff, 0xff, 0x90, 0xd, 0xff, 0xba,
    0xaa, 0xaa, 0xaa, 0xaa, 0xaa, 0xaa, 0xaa, 0xaf,
    0xff, 0x0, 0xff, 0xc0, 0x0, 0x0, 0x0, 0x0,
    0x0, 0x0, 0x0, 0x0, 0x9f, 0xf2, 0xf, 0xfc,
    0x0, 0x0, 0x0, 0x0, 0x0, 0x0, 0x0, 0x0,
    0x9, 0xff, 0xe3, 0xff, 0xc0, 0x0, 0x0, 0x0,
    0x0, 0x0, 0x0, 0x0, 0x0, 0x9f, 0xff, 0x8f,
    0xfc, 0x0, 0x0, 0x0, 0x0, 0x0, 0x0, 0x0,
    0x0, 0x9, 0xff, 0xf8, 0xff, 0xc0, 0x0, 0x0,
    0x0, 0x0, 0x0, 0x0, 0x0, 0x0, 0x9f, 0xff,
    0x8f, 0xfc, 0x0, 0x0, 0x0, 0x0, 0x0, 0x0,
    0x0, 0x0, 0x9, 0xff, 0xf6, 0xff, 0xc0, 0x0,
    0x0, 0x0, 0x0, 0x0, 0x0, 0x0, 0x0, 0x9f,
    0xf7, 0xf, 0xfd, 0x10, 0x0, 0x0, 0x0, 0x0,
    0x0, 0x0, 0x0, 0xb, 0xff, 0x10, 0xbf, 0xff,
    0xff, 0xff, 0xff, 0xff, 0xff, 0xff, 0xff, 0xff,
    0xff, 0xd0, 0x2, 0xff, 0xff, 0xff, 0xff, 0xff,
    0xff, 0xff, 0xff, 0xff, 0xff, 0xf4, 0x0, 0x1,
    0x8a, 0xbb, 0xbb, 0xbb, 0xbb, 0xbb, 0xbb, 0xbb,
    0xbb, 0x82, 0x0, 0x0,

    /* U+F2ED "" */
    0x0, 0x0, 0x0, 0x2, 0x22, 0x22, 0x10, 0x0,
    0x0, 0x0, 0x0, 0x0, 0x2, 0xef, 0xff, 0xff,
    0xf5, 0x0, 0x0, 0x0, 0x6c, 0xcc, 0xce, 0xff,
    0xff, 0xff, 0xff, 0xcc, 0xcc, 0x90, 0xff, 0xff,
    0xff, 0xff, 0xff, 0xff, 0xff, 0xff, 0xff, 0xf3,
    0x8f, 0xff, 0xff, 0xff, 0xff, 0xff, 0xff, 0xff,
    0xff, 0xc0, 0x0, 0x0, 0x0, 0x0, 0x0, 0x0,
    0x0, 0x0, 0x0, 0x0, 0x7, 0xcc, 0xcc, 0xcc,
    0xcc, 0xcc, 0xcc, 0xcc, 0xca, 0x0, 0xa, 0xff,
    0xff, 0xff, 0xff, 0xff, 0xff, 0xff, 0xfe, 0x0,
    0xa, 0xff, 0xff, 0xff, 0xff, 0xff, 0xff, 0xff,
    0xfe, 0x0, 0xa, 0xff, 0xe1, 0xef, 0xf1, 0xcf,
    0xf3, 0xaf, 0xfe, 0x0, 0xa, 0xff, 0xd0, 0xdf,
    0xf0, 0xbf, 0xf1, 0x9f, 0xfe, 0x0, 0xa, 0xff,
    0xd0, 0xdf, 0xf0, 0xbf, 0xf1, 0x9f, 0xfe, 0x0,
    0xa, 0xff, 0xd0, 0xdf, 0xf0, 0xbf, 0xf1, 0x9f,
    0xfe, 0x0, 0xa, 0xff, 0xd0, 0xdf, 0xf0, 0xbf,
    0xf1, 0x9f, 0xfe, 0x0, 0xa, 0xff, 0xd0, 0xdf,
    0xf0, 0xbf, 0xf1, 0x9f, 0xfe, 0x0, 0xa, 0xff,
    0xd0, 0xdf, 0xf0, 0xbf, 0xf1, 0x9f, 0xfe, 0x0,
    0xa, 0xff, 0xd0, 0xdf, 0xf0, 0xbf, 0xf1, 0x9f,
    0xfe, 0x0, 0xa, 0xff, 0xd0, 0xdf, 0xf0, 0xbf,
    0xf1, 0x9f, 0xfe, 0x0, 0xa, 0xff, 0xd0, 0xdf,
    0xf0, 0xbf, 0xf1, 0x9f, 0xfe, 0x0, 0xa, 0xff,
    0xe1, 0xef, 0xf1, 0xcf, 0xf3, 0xaf, 0xfe, 0x0,
    0x8, 0xff, 0xff, 0xff, 0xff, 0xff, 0xff, 0xff,
    0xfc, 0x0, 0x2, 0xff, 0xff, 0xff, 0xff, 0xff,
    0xff, 0xff, 0xf5, 0x0, 0x0, 0x29, 0xbc, 0xcc,
    0xcc, 0xcc, 0xcc, 0xca, 0x40, 0x0,

    /* U+F304 "" */
    0x0, 0x0, 0x0, 0x0, 0x0, 0x0, 0x0, 0x0,
    0x0, 0x20, 0x0, 0x0, 0x0, 0x0, 0x0, 0x0,
    0x0, 0x0, 0x0, 0x5, 0xef, 0xf5, 0x0, 0x0,
    0x0, 0x0, 0x0, 0x0, 0x0, 0x0, 0x5, 0xff,
    0xff, 0xf6, 0x0, 0x0, 0x0, 0x0, 0x0, 0x0,
    0x0, 0x3, 0xff, 0xff, 0xff, 0xf5, 0x0, 0x0,
    0x0, 0x0, 0x0, 0x0, 0x2, 0xa, 0xff, 0xff,
    0xff, 0xc0, 0x0, 0x0, 0x0, 0x0, 0x0, 0x5,
    0xf6, 0xa, 0xff, 0xff, 0xfe, 0x0, 0x0, 0x0,
    0x0, 0x0, 0x5, 0xff, 0xf6, 0xa, 0xff, 0xff,
    0x90, 0x0, 0x0, 0x0, 0x0, 0x5, 0xff, 0xff,
    0xf6, 0xa, 0xff, 0xc0, 0x0, 0x0, 0x0, 0x0,
    0x5, 0xff, 0xff, 0xff, 0xf6, 0xa, 0xc0, 0x0,
    0x0, 0x0, 0x0, 0x5, 0xff, 0xff, 0xff, 0xff,
    0xf6, 0x0, 0x0, 0x0, 0x0, 0x0, 0x5, 0xff,
    0xff, 0xff, 0xff, 0xff, 0xc0, 0x0, 0x0, 0x0,
    0x0, 0x5, 0xff, 0xff, 0xff, 0xff, 0xff, 0xc0,
    0x0, 0x0, 0x0, 0x0, 0x5, 0xff, 0xff, 0xff,
    0xff, 0xff, 0xc0, 0x0, 0x0, 0x0, 0x0, 0x5,
    0xff, 0xff, 0xff, 0xff, 0xff, 0xc0, 0x0, 0x0,
    0x0, 0x0, 0x4, 0xff, 0xff, 0xff, 0xff, 0xff,
    0xc0, 0x0, 0x0, 0x0, 0x0, 0x1, 0xff, 0xff,
    0xff, 0xff, 0xff, 0xc0, 0x0, 0x0, 0x0, 0x0,
    0x0, 0x8f, 0xff, 0xff, 0xff, 0xff, 0xc0, 0x0,
    0x0, 0x0, 0x0, 0x0, 0xd, 0xff, 0xff, 0xff,
    0xff, 0xc0, 0x0, 0x0, 0x0, 0x0, 0x0, 0x1,
    0xff, 0xff, 0xff, 0xff, 0xc0, 0x0, 0x0, 0x0,
    0x0, 0x0, 0x0, 0x6f, 0xff, 0xff, 0xff, 0xc0,
    0x0, 0x0, 0x0, 0x0, 0x0, 0x0, 0xa, 0xff,
    0xff, 0xff, 0xa0, 0x0, 0x0, 0x0, 0x0, 0x0,
    0x0, 0x0, 0xef, 0xff, 0xc7, 0x20, 0x0, 0x0,
    0x0, 0x0, 0x0, 0x0, 0x0, 0x8, 0xa5, 0x10,
    0x0, 0x0, 0x0, 0x0, 0x0, 0x0, 0x0, 0x0,
    0x0
};


/*---------------------
 *  GLYPH DESCRIPTION
 *--------------------*/

static const lv_font_fmt_txt_glyph_dsc_t glyph_dsc[] = {
    {.bitmap_index = 0, .adv_w = 0, .box_w = 0, .box_h = 0, .ofs_x = 0, .ofs_y = 0} /* id = 0 reserved */,
    {.bitmap_index = 0, .adv_w = 86, .box_w = 0, .box_h = 0, .ofs_x = 0, .ofs_y = 0},
    {.bitmap_index = 0, .adv_w = 86, .box_w = 3, .box_h = 16, .ofs_x = 1, .ofs_y = 0},
    {.bitmap_index = 24, .adv_w = 132, .box_w = 7, .box_h = 5, .ofs_x = 1, .ofs_y = 11},
    {.bitmap_index = 42, .adv_w = 245, .box_w = 14, .box_h = 15, .ofs_x = 1, .ofs_y = 1},
    {.bitmap_index = 147, .adv_w = 218, .box_w = 13, .box_h = 20, .ofs_x = 0, .ofs_y = -2},
    {.bitmap_index = 277, .adv_w = 268, .box_w = 15, .box_h = 16, .ofs_x = 1, .ofs_y = 0},
    {.bitmap_index = 397, .adv_w = 244, .box_w = 14, .box_h = 16, .ofs_x = 1, .ofs_y = 0},
    {.bitmap_index = 509, .adv_w = 77, .box_w = 3, .box_h = 5, .ofs_x = 1, .ofs_y = 11},
    {.bitmap_index = 517, .adv_w = 119, .box_w = 6, .box_h = 21, .ofs_x = 1, .ofs_y = -4},
    {.bitmap_index = 580, .adv_w = 119, .box_w = 7, .box_h = 21, .ofs_x = 0, .ofs_y = -4},
    {.bitmap_index = 654, .adv_w = 157, .box_w = 8, .box_h = 8, .ofs_x = 1, .ofs_y = 8},
    {.bitmap_index = 686, .adv_w = 219, .box_w = 13, .box_h = 13, .ofs_x = 0, .ofs_y = 1},
    {.bitmap_index = 771, .adv_w = 88, .box_w = 4, .box_h = 5, .ofs_x = 1, .ofs_y = -2},
    {.bitmap_index = 781, .adv_w = 170, .box_w = 9, .box_h = 2, .ofs_x = 1, .ofs_y = 6},
    {.bitmap_index = 790, .adv_w = 89, .box_w = 4, .box_h = 3, .ofs_x = 1, .ofs_y = 0},
    {.bitmap_index = 796, .adv_w = 170, .box_w = 11, .box_h = 20, .ofs_x = 0, .ofs_y = -2},
    {.bitmap_index = 906, .adv_w = 224, .box_w = 12, .box_h = 16, .ofs_x = 1, .ofs_y = 0},
    {.bitmap_index = 1002, .adv_w = 151, .box_w = 8, .box_h = 16, .ofs_x = 0, .ofs_y = 0},
    {.bitmap_index = 1066, .adv_w = 207, .box_w = 11, .box_h = 16, .ofs_x = 1, .ofs_y = 0},
    {.bitmap_index = 1154, .adv_w = 212, .box_w = 13, .box_h = 16, .ofs_x = 0, .ofs_y = 0},
    {.bitmap_index = 1258, .adv_w = 219, .box_w = 13, .box_h = 16, .ofs_x = 0, .ofs_y = 0},
    {.bitmap_index = 1362, .adv_w = 209, .box_w = 13, .box_h = 16, .ofs_x = 0, .ofs_y = 0},
    {.bitmap_index = 1466, .adv_w = 212, .box_w = 12, .box_h = 16, .ofs_x = 1, .ofs_y = 0},
    {.bitmap_index = 1562, .adv_w = 181, .box_w = 11, .box_h = 16, .ofs_x = 0, .ofs_y = 0},
    {.bitmap_index = 1650, .adv_w = 224, .box_w = 12, .box_h = 16, .ofs_x = 1, .ofs_y = 0},
    {.bitmap_index = 1746, .adv_w = 209, .box_w = 12, .box_h = 16, .ofs_x = 0, .ofs_y = 0},
    {.bitmap_index = 1842, .adv_w = 90, .box_w = 4, .box_h = 11, .ofs_x = 1, .ofs_y = 0},
    {.bitmap_index = 1864, .adv_w = 95, .box_w = 4, .box_h = 12, .ofs_x = 1, .ofs_y = -2},
    {.bitmap_index = 1888, .adv_w = 173, .box_w = 10, .box_h = 13, .ofs_x = 0, .ofs_y = 1},
    {.bitmap_index = 1953, .adv_w = 201, .box_w = 10, .box_h = 8, .ofs_x = 1, .ofs_y = 3},
    {.bitmap_index = 1993, .adv_w = 173, .box_w = 10, .box_h = 13, .ofs_x = 1, .ofs_y = 1},
    {.bitmap_index = 2058, .adv_w = 187, .box_w = 11, .box_h = 16, .ofs_x = 0, .ofs_y = 0},
    {.bitmap_index = 2146, .adv_w = 293, .box_w = 16, .box_h = 18, .ofs_x = 1, .ofs_y = -3},
    {.bitmap_index = 2290, .adv_w = 236, .box_w = 15, .box_h = 16, .ofs_x = 0, .ofs_y = 0},
    {.bitmap_index = 2410, .adv_w = 235, .box_w = 13, .box_h = 16, .ofs_x = 1, .ofs_y = 0},
    {.bitmap_index = 2514, .adv_w = 234, .box_w = 13, .box_h = 16, .ofs_x = 1, .ofs_y = 0},
    {.bitmap_index = 2618, .adv_w = 243, .box_w = 13, .box_h = 16, .ofs_x = 1, .ofs_y = 0},
    {.bitmap_index = 2722, .adv_w = 213, .box_w = 12, .box_h = 16, .ofs_x = 1, .ofs_y = 0},
    {.bitmap_index = 2818, .adv_w = 206, .box_w = 11, .box_h = 16, .ofs_x = 1, .ofs_y = 0},
    {.bitmap_index = 2906, .adv_w = 240, .box_w = 13, .box_h = 16, .ofs_x = 1, .ofs_y = 0},
    {.bitmap_index = 3010, .adv_w = 251, .box_w = 13, .box_h = 16, .ofs_x = 1, .ofs_y = 0},
    {.bitmap_index = 3114, .adv_w = 96, .box_w = 4, .box_h = 16, .ofs_x = 1, .ofs_y = 0},
    {.bitmap_index = 3146, .adv_w = 223, .box_w = 13, .box_h = 16, .ofs_x = 0, .ofs_y = 0},
    {.bitmap_index = 3250, .adv_w = 212, .box_w = 12, .box_h = 16, .ofs_x = 1, .ofs_y = 0},
    {.bitmap_index = 3346, .adv_w = 198, .box_w = 11, .box_h = 16, .ofs_x = 1, .ofs_y = 0},
    {.bitmap_index = 3434, .adv_w = 279, .box_w = 15, .box_h = 16, .ofs_x = 1, .ofs_y = 0},
    {.bitmap_index = 3554, .adv_w = 245, .box_w = 13, .box_h = 16, .ofs_x = 1, .ofs_y = 0},
    {.bitmap_index = 3658, .adv_w = 238, .box_w = 13, .box_h = 16, .ofs_x = 1, .ofs_y = 0},
    {.bitmap_index = 3762, .adv_w = 226, .box_w = 13, .box_h = 16, .ofs_x = 1, .ofs_y = 0},
    {.bitmap_index = 3866, .adv_w = 238, .box_w = 13, .box_h = 17, .ofs_x = 1, .ofs_y = -1},
    {.bitmap_index = 3977, .adv_w = 231, .box_w = 13, .box_h = 16, .ofs_x = 1, .ofs_y = 0},
    {.bitmap_index = 4081, .adv_w = 219, .box_w = 13, .box_h = 16, .ofs_x = 0, .ofs_y = 0},
    {.bitmap_index = 4185, .adv_w = 204, .box_w = 13, .box_h = 16, .ofs_x = 0, .ofs_y = 0},
    {.bitmap_index = 4289, .adv_w = 247, .box_w = 13, .box_h = 16, .ofs_x = 1, .ofs_y = 0},
    {.bitmap_index = 4393, .adv_w = 231, .box_w = 14, .box_h = 16, .ofs_x = 0, .ofs_y = 0},
    {.bitmap_index = 4505, .adv_w = 282, .box_w = 17, .box_h = 16, .ofs_x = 0, .ofs_y = 0},
    {.bitmap_index = 4641, .adv_w = 223, .box_w = 14, .box_h = 16, .ofs_x = 0, .ofs_y = 0},
    {.bitmap_index = 4753, .adv_w = 228, .box_w = 14, .box_h = 16, .ofs_x = 0, .ofs_y = 0},
    {.bitmap_index = 4865, .adv_w = 211, .box_w = 13, .box_h = 16, .ofs_x = 0, .ofs_y = 0},
    {.bitmap_index = 4969, .adv_w = 115, .box_w = 6, .box_h = 21, .ofs_x = 1, .ofs_y = -4},
    {.bitmap_index = 5032, .adv_w = 169, .box_w = 11, .box_h = 20, .ofs_x = 0, .ofs_y = -2},
    {.bitmap_index = 5142, .adv_w = 115, .box_w = 6, .box_h = 21, .ofs_x = 0, .ofs_y = -4},
    {.bitmap_index = 5205, .adv_w = 152, .box_w = 8, .box_h = 3, .ofs_x = 1, .ofs_y = 13},
    {.bitmap_index = 5217, .adv_w = 263, .box_w = 15, .box_h = 2, .ofs_x = 1, .ofs_y = -1},
    {.bitmap_index = 5232, .adv_w = 119, .box_w = 5, .box_h = 3, .ofs_x = 1, .ofs_y = 13},
    {.bitmap_index = 5240, .adv_w = 194, .box_w = 11, .box_h = 12, .ofs_x = 0, .ofs_y = 0},
    {.bitmap_index = 5306, .adv_w = 209, .box_w = 12, .box_h = 16, .ofs_x = 1, .ofs_y = 0},
    {.bitmap_index = 5402, .adv_w = 194, .box_w = 11, .box_h = 12, .ofs_x = 1, .ofs_y = 0},
    {.bitmap_index = 5468, .adv_w = 209, .box_w = 11, .box_h = 16, .ofs_x = 1, .ofs_y = 0},
    {.bitmap_index = 5556, .adv_w = 197, .box_w = 11, .box_h = 12, .ofs_x = 1, .ofs_y = 0},
    {.bitmap_index = 5622, .adv_w = 136, .box_w = 9, .box_h = 17, .ofs_x = 0, .ofs_y = 0},
    {.bitmap_index = 5699, .adv_w = 210, .box_w = 11, .box_h = 17, .ofs_x = 1, .ofs_y = -5},
    {.bitmap_index = 5793, .adv_w = 214, .box_w = 11, .box_h = 16, .ofs_x = 1, .ofs_y = 0},
    {.bitmap_index = 5881, .adv_w = 85, .box_w = 3, .box_h = 16, .ofs_x = 1, .ofs_y = 0},
    {.bitmap_index = 5905, .adv_w = 89, .box_w = 6, .box_h = 20, .ofs_x = -1, .ofs_y = -4},
    {.bitmap_index = 5965, .adv_w = 182, .box_w = 11, .box_h = 16, .ofs_x = 1, .ofs_y = 0},
    {.bitmap_index = 6053, .adv_w = 86, .box_w = 3, .box_h = 16, .ofs_x = 1, .ofs_y = 0},
    {.bitmap_index = 6077, .adv_w = 313, .box_w = 18, .box_h = 12, .ofs_x = 1, .ofs_y = 0},
    {.bitmap_index = 6185, .adv_w = 213, .box_w = 11, .box_h = 12, .ofs_x = 1, .ofs_y = 0},
    {.bitmap_index = 6251, .adv_w = 202, .box_w = 11, .box_h = 12, .ofs_x = 1, .ofs_y = 0},
    {.bitmap_index = 6317, .adv_w = 210, .box_w = 12, .box_h = 16, .ofs_x = 1, .ofs_y = -4},
    {.bitmap_index = 6413, .adv_w = 210, .box_w = 11, .box_h = 16, .ofs_x = 1, .ofs_y = -4},
    {.bitmap_index = 6501, .adv_w = 134, .box_w = 8, .box_h = 12, .ofs_x = 1, .ofs_y = 0},
    {.bitmap_index = 6549, .adv_w = 180, .box_w = 11, .box_h = 12, .ofs_x = 0, .ofs_y = 0},
    {.bitmap_index = 6615, .adv_w = 138, .box_w = 9, .box_h = 16, .ofs_x = 0, .ofs_y = 0},
    {.bitmap_index = 6687, .adv_w = 212, .box_w = 11, .box_h = 12, .ofs_x = 1, .ofs_y = 0},
    {.bitmap_index = 6753, .adv_w = 195, .box_w = 12, .box_h = 12, .ofs_x = 0, .ofs_y = 0},
    {.bitmap_index = 6825, .adv_w = 282, .box_w = 17, .box_h = 12, .ofs_x = 0, .ofs_y = 0},
    {.bitmap_index = 6927, .adv_w = 190, .box_w = 12, .box_h = 12, .ofs_x = 0, .ofs_y = 0},
    {.bitmap_index = 6999, .adv_w = 194, .box_w = 12, .box_h = 16, .ofs_x = 0, .ofs_y = -4},
    {.bitmap_index = 7095, .adv_w = 179, .box_w = 11, .box_h = 12, .ofs_x = 0, .ofs_y = 0},
    {.bitmap_index = 7161, .adv_w = 130, .box_w = 8, .box_h = 21, .ofs_x = 0, .ofs_y = -4},
    {.bitmap_index = 7245, .adv_w = 82, .box_w = 3, .box_h = 25, .ofs_x = 1, .ofs_y = -4},
    {.bitmap_index = 7283, .adv_w = 130, .box_w = 8, .box_h = 21, .ofs_x = 0, .ofs_y = -4},
    {.bitmap_index = 7367, .adv_w = 197, .box_w = 10, .box_h = 3, .ofs_x = 1, .ofs_y = 5},
    {.bitmap_index = 7382, .adv_w = 137, .box_w = 7, .box_h = 7, .ofs_x = 1, .ofs_y = 10},
    {.bitmap_index = 7407, .adv_w = 134, .box_w = 6, .box_h = 5, .ofs_x = 1, .ofs_y = 5},
    {.bitmap_index = 7422, .adv_w = 352, .box_w = 23, .box_h = 23, .ofs_x = -1, .ofs_y = -3},
    {.bitmap_index = 7687, .adv_w = 352, .box_w = 22, .box_h = 20, .ofs_x = 0, .ofs_y = -2},
    {.bitmap_index = 7907, .adv_w = 352, .box_w = 22, .box_h = 20, .ofs_x = 0, .ofs_y = -2},
    {.bitmap_index = 8127, .adv_w = 308, .box_w = 20, .box_h = 15, .ofs_x = 0, .ofs_y = 1},
    {.bitmap_index = 8277, .adv_w = 264, .box_w = 15, .box_h = 14, .ofs_x = 1, .ofs_y = 1},
    {.bitmap_index = 8382, .adv_w = 352, .box_w = 22, .box_h = 23, .ofs_x = 0, .ofs_y = -3},
    {.bitmap_index = 8635, .adv_w = 352, .box_w = 22, .box_h = 23, .ofs_x = 0, .ofs_y = -3},
    {.bitmap_index = 8888, .adv_w = 396, .box_w = 25, .box_h = 23, .ofs_x = 0, .ofs_y = -3},
    {.bitmap_index = 9176, .adv_w = 352, .box_w = 22, .box_h = 23, .ofs_x = 0, .ofs_y = -3},
    {.bitmap_index = 9429, .adv_w = 352, .box_w = 22, .box_h = 20, .ofs_x = 0, .ofs_y = -2},
    {.bitmap_index = 9649, .adv_w = 352, .box_w = 22, .box_h = 21, .ofs_x = 0, .ofs_y = -2},
    {.bitmap_index = 9880, .adv_w = 220, .box_w = 14, .box_h = 21, .ofs_x = 0, .ofs_y = -2},
    {.bitmap_index = 10027, .adv_w = 308, .box_w = 20, .box_h = 21, .ofs_x = 0, .ofs_y = -2},
    {.bitmap_index = 10237, .adv_w = 440, .box_w = 28, .box_h = 21, .ofs_x = 0, .ofs_y = -2},
    {.bitmap_index = 10531, .adv_w = 352, .box_w = 22, .box_h = 20, .ofs_x = 0, .ofs_y = -2},
    {.bitmap_index = 10751, .adv_w = 264, .box_w = 17, .box_h = 23, .ofs_x = 0, .ofs_y = -3},
    {.bitmap_index = 10947, .adv_w = 220, .box_w = 14, .box_h = 18, .ofs_x = 0, .ofs_y = -1},
    {.bitmap_index = 11073, .adv_w = 264, .box_w = 17, .box_h = 21, .ofs_x = 0, .ofs_y = -2},
    {.bitmap_index = 11252, .adv_w = 220, .box_w = 14, .box_h = 17, .ofs_x = 0, .ofs_y = 0},
    {.bitmap_index = 11371, .adv_w = 264, .box_w = 17, .box_h = 17, .ofs_x = 0, .ofs_y = 0},
    {.bitmap_index = 11516, .adv_w = 220, .box_w = 14, .box_h = 18, .ofs_x = 0, .ofs_y = -1},
    {.bitmap_index = 11642, .adv_w = 308, .box_w = 21, .box_h = 20, .ofs_x = -1, .ofs_y = -2},
    {.bitmap_index = 11852, .adv_w = 220, .box_w = 11, .box_h = 20, .ofs_x = 0, .ofs_y = -2},
    {.bitmap_index = 11962, .adv_w = 220, .box_w = 12, .box_h = 20, .ofs_x = 2, .ofs_y = -2},
    {.bitmap_index = 12082, .adv_w = 308, .box_w = 19, .box_h = 18, .ofs_x = 0, .ofs_y = -1},
    {.bitmap_index = 12253, .adv_w = 308, .box_w = 19, .box_h = 3, .ofs_x = 0, .ofs_y = 7},
    {.bitmap_index = 12282, .adv_w = 396, .box_w = 26, .box_h = 20, .ofs_x = -1, .ofs_y = -2},
    {.bitmap_index = 12542, .adv_w = 440, .box_w = 29, .box_h = 24, .ofs_x = -1, .ofs_y = -4},
    {.bitmap_index = 12890, .adv_w = 352, .box_w = 24, .box_h = 20, .ofs_x = -1, .ofs_y = -2},
    {.bitmap_index = 13130, .adv_w = 352, .box_w = 22, .box_h = 21, .ofs_x = 0, .ofs_y = -2},
    {.bitmap_index = 13361, .adv_w = 352, .box_w = 20, .box_h = 12, .ofs_x = 1, .ofs_y = 4},
    {.bitmap_index = 13481, .adv_w = 352, .box_w = 20, .box_h = 12, .ofs_x = 1, .ofs_y = 1},
    {.bitmap_index = 13601, .adv_w = 396, .box_w = 27, .box_h = 18, .ofs_x = -1, .ofs_y = -1},
    {.bitmap_index = 13844, .adv_w = 352, .box_w = 22, .box_h = 20, .ofs_x = 0, .ofs_y = -2},
    {.bitmap_index = 14064, .adv_w = 352, .box_w = 22, .box_h = 23, .ofs_x = 0, .ofs_y = -3},
    {.bitmap_index = 14317, .adv_w = 352, .box_w = 23, .box_h = 23, .ofs_x = 0, .ofs_y = -3},
    {.bitmap_index = 14582, .adv_w = 352, .box_w = 22, .box_h = 23, .ofs_x = 0, .ofs_y = -3},
    {.bitmap_index = 14835, .adv_w = 308, .box_w = 20, .box_h = 23, .ofs_x = 0, .ofs_y = -3},
    {.bitmap_index = 15065, .adv_w = 308, .box_w = 20, .box_h = 20, .ofs_x = 0, .ofs_y = -2},
    {.bitmap_index = 15265, .adv_w = 308, .box_w = 20, .box_h = 17, .ofs_x = 0, .ofs_y = 0},
    {.bitmap_index = 15435, .adv_w = 352, .box_w = 22, .box_h = 17, .ofs_x = 0, .ofs_y = 0},
    {.bitmap_index = 15622, .adv_w = 308, .box_w = 18, .box_h = 24, .ofs_x = 1, .ofs_y = -4},
    {.bitmap_index = 15838, .adv_w = 352, .box_w = 22, .box_h = 23, .ofs_x = 0, .ofs_y = -3},
    {.bitmap_index = 16091, .adv_w = 308, .box_w = 21, .box_h = 23, .ofs_x = -1, .ofs_y = -3},
    {.bitmap_index = 16333, .adv_w = 352, .box_w = 22, .box_h = 23, .ofs_x = 0, .ofs_y = -3},
    {.bitmap_index = 16586, .adv_w = 396, .box_w = 25, .box_h = 17, .ofs_x = 0, .ofs_y = 0},
    {.bitmap_index = 16799, .adv_w = 308, .box_w = 19, .box_h = 19, .ofs_x = 0, .ofs_y = -1},
    {.bitmap_index = 16980, .adv_w = 264, .box_w = 17, .box_h = 19, .ofs_x = 0, .ofs_y = -1},
    {.bitmap_index = 17142, .adv_w = 440, .box_w = 28, .box_h = 20, .ofs_x = 0, .ofs_y = -2},
    {.bitmap_index = 17422, .adv_w = 396, .box_w = 25, .box_h = 15, .ofs_x = 0, .ofs_y = 1},
    {.bitmap_index = 17610, .adv_w = 396, .box_w = 25, .box_h = 15, .ofs_x = 0, .ofs_y = 1},
    {.bitmap_index = 17798, .adv_w = 396, .box_w = 25, .box_h = 15, .ofs_x = 0, .ofs_y = 1},
    {.bitmap_index = 17986, .adv_w = 396, .box_w = 25, .box_h = 15, .ofs_x = 0, .ofs_y = 1},
    {.bitmap_index = 18174, .adv_w = 396, .box_w = 25, .box_h = 15, .ofs_x = 0, .ofs_y = 1},
    {.bitmap_index = 18362, .adv_w = 308, .box_w = 20, .box_h = 23, .ofs_x = 0, .ofs_y = -3},
    {.bitmap_index = 18592, .adv_w = 352, .box_w = 23, .box_h = 23, .ofs_x = -1, .ofs_y = -3}
};

/*---------------------
 *  CHARACTER MAPPING
 *--------------------*/

static const uint16_t unicode_list_1[] = {
    0x0, 0x1f72, 0xef51, 0xef58, 0xef5b, 0xef5c, 0xef5d, 0xef61,
    0xef63, 0xef65, 0xef69, 0xef6c, 0xef71, 0xef76, 0xef77, 0xef78,
    0xef8e, 0xef93, 0xef98, 0xef9b, 0xef9c, 0xef9d, 0xefa1, 0xefa2,
    0xefa3, 0xefa4, 0xefb7, 0xefb8, 0xefbe, 0xefc0, 0xefc1, 0xefc4,
    0xefc7, 0xefc8, 0xefc9, 0xefcb, 0xefe3, 0xefe5, 0xf014, 0xf015,
    0xf017, 0xf019, 0xf030, 0xf037, 0xf03a, 0xf043, 0xf061, 0xf06c,
    0xf074, 0xf0a8, 0xf13b, 0xf190, 0xf191, 0xf192, 0xf193, 0xf194,
    0xf23d, 0xf254
};

/*Collect the unicode lists and glyph_id offsets*/
static const lv_font_fmt_txt_cmap_t cmaps[] =
{
    {
        .range_start = 32, .range_length = 95, .glyph_id_start = 1,
        .unicode_list = NULL, .glyph_id_ofs_list = NULL, .list_length = 0, .type = LV_FONT_FMT_TXT_CMAP_FORMAT0_TINY
    },
    {
        .range_start = 176, .range_length = 62037, .glyph_id_start = 96,
        .unicode_list = unicode_list_1, .glyph_id_ofs_list = NULL, .list_length = 58, .type = LV_FONT_FMT_TXT_CMAP_SPARSE_TINY
    }
};

/*-----------------
 *    KERNING
 *----------------*/


/*Pair left and right glyphs for kerning*/
static const uint8_t kern_pair_glyph_ids[] =
{
    3, 7,
    3, 13,
    3, 14,
    3, 15,
    3, 16,
    3, 21,
    3, 23,
    3, 27,
    3, 28,
    3, 33,
    4, 24,
    7, 3,
    7, 8,
    8, 7,
    8, 13,
    8, 14,
    8, 15,
    8, 16,
    8, 21,
    8, 23,
    8, 27,
    8, 28,
    8, 33,
    9, 9,
    9, 17,
    9, 18,
    9, 19,
    9, 21,
    9, 22,
    9, 23,
    9, 25,
    9, 26,
    9, 92,
    10, 10,
    10, 62,
    10, 94,
    12, 18,
    12, 19,
    12, 20,
    12, 24,
    13, 3,
    13, 8,
    13, 14,
    13, 17,
    13, 18,
    13, 21,
    13, 23,
    13, 24,
    13, 25,
    13, 26,
    14, 3,
    14, 8,
    14, 18,
    14, 19,
    14, 20,
    14, 22,
    14, 24,
    14, 26,
    15, 3,
    15, 8,
    15, 14,
    15, 17,
    15, 18,
    15, 21,
    15, 23,
    15, 24,
    15, 25,
    15, 26,
    16, 16,
    16, 17,
    16, 18,
    16, 19,
    16, 21,
    16, 22,
    16, 23,
    16, 25,
    16, 26,
    17, 10,
    17, 13,
    17, 15,
    17, 16,
    17, 61,
    17, 62,
    17, 94,
    19, 10,
    19, 12,
    19, 14,
    19, 21,
    19, 61,
    19, 62,
    19, 94,
    20, 16,
    20, 18,
    20, 61,
    21, 3,
    21, 8,
    21, 10,
    21, 13,
    21, 15,
    21, 16,
    21, 18,
    21, 24,
    21, 26,
    21, 61,
    21, 62,
    21, 94,
    22, 13,
    22, 15,
    22, 16,
    22, 18,
    22, 61,
    23, 3,
    23, 8,
    23, 10,
    23, 16,
    23, 18,
    23, 24,
    23, 61,
    23, 62,
    23, 94,
    24, 4,
    24, 12,
    24, 13,
    24, 14,
    24, 15,
    24, 16,
    24, 21,
    24, 23,
    24, 30,
    25, 10,
    25, 13,
    25, 15,
    25, 16,
    25, 61,
    25, 62,
    25, 94,
    26, 10,
    26, 13,
    26, 14,
    26, 15,
    26, 16,
    26, 20,
    26, 21,
    26, 23,
    26, 61,
    26, 62,
    26, 94,
    27, 3,
    27, 8,
    28, 3,
    28, 8,
    30, 24,
    33, 3,
    33, 8,
    60, 9,
    60, 17,
    60, 18,
    60, 19,
    60, 21,
    60, 22,
    60, 23,
    60, 25,
    60, 26,
    60, 92,
    61, 3,
    61, 8,
    61, 17,
    61, 18,
    61, 20,
    61, 21,
    61, 22,
    61, 23,
    61, 24,
    61, 25,
    61, 26,
    61, 61,
    92, 9,
    92, 17,
    92, 18,
    92, 19,
    92, 21,
    92, 22,
    92, 23,
    92, 25,
    92, 26,
    92, 92,
    94, 10,
    94, 62,
    94, 94,
    96, 21,
    96, 23
};

/* Kerning between the respective left and right glyphs
 * 4.4 format which needs to scaled with `kern_scale`*/
static const int8_t kern_pair_values[] =
{
    -6, -36, -22, -36, -23, -18, -14, -3,
    -3, -5, -5, -13, -13, -6, -36, -22,
    -36, -23, -18, -14, -3, -3, -5, -1,
    -10, -12, -6, -15, -5, -16, -9, -7,
    -8, -1, -1, -1, -8, -9, -4, -19,
    -36, -36, -18, -5, -24, -5, -4, -11,
    -4, -16, -22, -22, -13, -14, -7, -3,
    -20, -5, -36, -36, -18, -5, -24, -5,
    -4, -11, -4, -16, -72, -7, -1, -5,
    -20, -2, -18, -7, -1, -10, -5, -5,
    -7, -7, -8, -8, -5, -5, -8, -4,
    -5, -4, -4, -1, -6, -1, -8, -8,
    -9, -5, -5, -1, -7, -6, -3, -11,
    -8, -8, -3, -3, -1, -5, -1, -13,
    -13, -12, -1, -8, -11, -14, -10, -10,
    -3, -11, -23, -12, -23, -23, -12, -11,
    -4, -10, -4, -4, -1, -7, -7, -8,
    -10, -23, -5, -23, -19, -5, -5, -4,
    -4, -8, -8, -3, -3, -3, -3, -8,
    -3, -3, -1, -8, -10, -5, -11, -4,
    -12, -7, -6, -6, -23, -23, -7, -21,
    -1, -4, -1, -4, -8, -1, -13, -72,
    -1, -8, -10, -5, -12, -4, -13, -8,
    -6, -7, -8, -6, -7, -15, -11
};

/*Collect the kern pair's data in one place*/
static const lv_font_fmt_txt_kern_pair_t kern_pairs =
{
    .glyph_ids = kern_pair_glyph_ids,
    .values = kern_pair_values,
    .pair_cnt = 191,
    .glyph_ids_size = 0
};

/*--------------------
 *  ALL CUSTOM DATA
 *--------------------*/

#if LVGL_VERSION_MAJOR == 8
/*Store all the custom data of the font*/
static  lv_font_fmt_txt_glyph_cache_t cache;
#endif

#if LVGL_VERSION_MAJOR >= 8
static const lv_font_fmt_txt_dsc_t font_dsc = {
#else
static lv_font_fmt_txt_dsc_t font_dsc = {
#endif
    .glyph_bitmap = glyph_bitmap,
    .glyph_dsc = glyph_dsc,
    .cmaps = cmaps,
    .kern_dsc = &kern_pairs,
    .kern_scale = 16,
    .cmap_num = 2,
    .bpp = 4,
    .kern_classes = 0,
    .bitmap_format = 0,
#if LVGL_VERSION_MAJOR == 8
    .cache = &cache
#endif
};



/*-----------------
 *  PUBLIC FONT
 *----------------*/

/*Initialize a public general font descriptor*/
#if LVGL_VERSION_MAJOR >= 8
const lv_font_t lv_font_rubik_22 = {
#else
lv_font_t lv_font_rubik_22 = {
#endif
    .get_glyph_dsc = lv_font_get_glyph_dsc_fmt_txt,    /*Function pointer to get glyph's data*/
    .get_glyph_bitmap = lv_font_get_bitmap_fmt_txt,    /*Function pointer to get glyph's bitmap*/
    .line_height = 26,          /*The maximum line height required by the font*/
    .base_line = 5,             /*Baseline measured from the bottom of the line*/
#if !(LVGL_VERSION_MAJOR == 6 && LVGL_VERSION_MINOR == 0)
    .subpx = LV_FONT_SUBPX_NONE,
#endif
#if LV_VERSION_CHECK(7, 4, 0) || LVGL_VERSION_MAJOR >= 8
    .underline_position = -1,
    .underline_thickness = 1,
#endif
    .dsc = &font_dsc,          /*The custom font data. Will be accessed by `get_glyph_bitmap/dsc` */
#if LV_VERSION_CHECK(8, 2, 0) || LVGL_VERSION_MAJOR >= 9
    .fallback = NULL,
#endif
    .user_data = NULL,
};



#endif /*#if LV_FONT_RUBIK_22*/

