/*******************************************************************************
 * Size: 24 px
 * Bpp: 4
 * Opts: --font Rubik-Static-400.ttf -r 0x20-0x7F,0x2022,0xB0 --font FontAwesome-Solid.ttf -r 0xF001,0xF008,0xF00B,0xF00C,0xF00D,0xF011,0xF013,0xF015,0xF019,0xF01C,0xF021,0xF026,0xF027,0xF028,0xF03E,0xF043,0xF048,0xF04B,0xF04C,0xF04D,0xF051,0xF052,0xF053,0xF054,0xF067,0xF068,0xF06E,0xF070,0xF071,0xF074,0xF077,0xF078,0xF079,0xF07B,0xF093,0xF095,0xF0C4,0xF0C5,0xF0C7,0xF0C9,0xF0E0,0xF0E7,0xF0EA,0xF0F3,0xF111,0xF11C,0xF124,0xF158,0xF1EB,0xF240,0xF241,0xF242,0xF243,0xF244,0xF2ED,0xF304 --size 24 --format lvgl --bpp 4 --no-compress --no-prefilter --output lv_font_rubik_24.c --lv-include lvgl.h
 ******************************************************************************/

#ifdef LV_LVGL_H_INCLUDE_SIMPLE
#include "lvgl.h"
#else
#include "lvgl.h"
#endif

#ifndef LV_FONT_RUBIK_24
#define LV_FONT_RUBIK_24 1
#endif

#if LV_FONT_RUBIK_24

/*-----------------
 *    BITMAPS
 *----------------*/

/*Store the image of the glyphs*/
static LV_ATTRIBUTE_LARGE_CONST const uint8_t glyph_bitmap[] = {
    /* U+0020 " " */

    /* U+0021 "!" */
    0x1f, 0xf0, 0x2f, 0xf1, 0x2f, 0xf1, 0x2f, 0xf1,
    0x2f, 0xf1, 0x2f, 0xf1, 0x2f, 0xf1, 0x2f, 0xf1,
    0x2f, 0xf1, 0x2f, 0xf1, 0x2f, 0xf1, 0x2f, 0xf1,
    0x2f, 0xf0, 0x1, 0x0, 0x2b, 0xa1, 0x6f, 0xf4,
    0x4f, 0xf2,

    /* U+0022 "\"" */
    0x9f, 0xc0, 0xdf, 0x89, 0xfc, 0xd, 0xf8, 0x7f,
    0xb0, 0xbf, 0x76, 0xf9, 0xa, 0xf5, 0x4f, 0x80,
    0x8f, 0x40, 0x62, 0x2, 0x60,

    /* U+0023 "#" */
    0x0, 0x0, 0x19, 0x40, 0x0, 0x68, 0x0, 0x0,
    0x0, 0x5, 0xf8, 0x0, 0xe, 0xf0, 0x0, 0x0,
    0x0, 0x7f, 0x60, 0x0, 0xfd, 0x0, 0x0, 0x0,
    0xa, 0xf4, 0x0, 0x2f, 0xb0, 0x0, 0x1f, 0xff,
    0xff, 0xff, 0xff, 0xff, 0xff, 0x71, 0xee, 0xef,
    0xfe, 0xee, 0xff, 0xfe, 0xe6, 0x0, 0x1, 0xfd,
    0x0, 0x9, 0xf4, 0x0, 0x0, 0x0, 0x3f, 0xb0,
    0x0, 0xcf, 0x20, 0x0, 0x0, 0x6, 0xf8, 0x0,
    0xe, 0xf0, 0x0, 0x0, 0x0, 0x8f, 0x60, 0x1,
    0xfd, 0x0, 0x0, 0xae, 0xef, 0xff, 0xee, 0xef,
    0xfe, 0xec, 0xb, 0xff, 0xff, 0xff, 0xff, 0xff,
    0xff, 0xd0, 0x0, 0xf, 0xf0, 0x0, 0x8f, 0x60,
    0x0, 0x0, 0x1, 0xfc, 0x0, 0xa, 0xf3, 0x0,
    0x0, 0x0, 0x4f, 0xa0, 0x0, 0xdf, 0x10, 0x0,
    0x0, 0x1, 0x62, 0x0, 0x4, 0x50, 0x0, 0x0,

    /* U+0024 "$" */
    0x0, 0x0, 0x0, 0x8f, 0x50, 0x0, 0x0, 0x0,
    0x0, 0x0, 0x9f, 0x60, 0x0, 0x0, 0x0, 0x0,
    0x49, 0xef, 0xc7, 0x10, 0x0, 0x0, 0x1c, 0xff,
    0xff, 0xff, 0xf7, 0x0, 0x0, 0xdf, 0xf9, 0x65,
    0x7d, 0xff, 0x70, 0x5, 0xff, 0x40, 0x0, 0x0,
    0xaf, 0xf1, 0x8, 0xfe, 0x0, 0x0, 0x0, 0x2f,
    0xf4, 0x7, 0xfe, 0x0, 0x0, 0x0, 0x1, 0x10,
    0x4, 0xff, 0x90, 0x0, 0x0, 0x0, 0x0, 0x0,
    0xaf, 0xfe, 0x83, 0x0, 0x0, 0x0, 0x0, 0x7,
    0xff, 0xff, 0xe9, 0x30, 0x0, 0x0, 0x0, 0x6,
    0xbf, 0xff, 0xfc, 0x20, 0x0, 0x0, 0x0, 0x0,
    0x5b, 0xff, 0xe2, 0x0, 0x0, 0x0, 0x0, 0x0,
    0x4f, 0xf9, 0x3, 0x40, 0x0, 0x0, 0x0, 0xa,
    0xfc, 0xf, 0xf7, 0x0, 0x0, 0x0, 0xa, 0xfc,
    0xb, 0xfe, 0x20, 0x0, 0x0, 0x2f, 0xf8, 0x3,
    0xff, 0xf9, 0x54, 0x59, 0xff, 0xe1, 0x0, 0x3d,
    0xff, 0xff, 0xff, 0xfd, 0x20, 0x0, 0x0, 0x59,
    0xdf, 0xd8, 0x40, 0x0, 0x0, 0x0, 0x0, 0x9f,
    0x60, 0x0, 0x0, 0x0, 0x0, 0x0, 0x8f, 0x50,
    0x0, 0x0,

    /* U+0025 "%" */
    0x5, 0xdf, 0xd8, 0x0, 0x0, 0x0, 0x1d, 0xf1,
    0x4, 0xfd, 0x8c, 0xf8, 0x0, 0x0, 0xb, 0xf8,
    0x0, 0xaf, 0x20, 0xd, 0xf0, 0x0, 0x7, 0xfb,
    0x0, 0xd, 0xe0, 0x0, 0xaf, 0x10, 0x3, 0xfe,
    0x10, 0x0, 0xde, 0x0, 0x9, 0xf2, 0x1, 0xef,
    0x40, 0x0, 0xc, 0xf0, 0x0, 0xbf, 0x0, 0xbf,
    0x80, 0x0, 0x0, 0x8f, 0x70, 0x4f, 0xd0, 0x7f,
    0xb0, 0x0, 0x0, 0x1, 0xdf, 0xff, 0xf3, 0x3f,
    0xe1, 0x0, 0x0, 0x0, 0x0, 0x57, 0x61, 0x1e,
    0xf4, 0x17, 0x97, 0x20, 0x0, 0x0, 0x0, 0xb,
    0xf8, 0x1e, 0xff, 0xff, 0x40, 0x0, 0x0, 0x7,
    0xfb, 0x9, 0xf7, 0x4, 0xfc, 0x0, 0x0, 0x3,
    0xfe, 0x10, 0xcf, 0x0, 0xb, 0xf0, 0x0, 0x1,
    0xef, 0x40, 0xd, 0xe0, 0x0, 0x9f, 0x20, 0x0,
    0xbf, 0x70, 0x0, 0xde, 0x0, 0xa, 0xf1, 0x0,
    0x7f, 0xb0, 0x0, 0xb, 0xf2, 0x0, 0xde, 0x0,
    0x4f, 0xe1, 0x0, 0x0, 0x4f, 0xd8, 0xbf, 0x80,
    0xc, 0xf3, 0x0, 0x0, 0x0, 0x5d, 0xfd, 0x70,
    0x0,

    /* U+0026 "&" */
    0x0, 0x4, 0xbe, 0xfd, 0x60, 0x0, 0x0, 0x0,
    0x0, 0x6f, 0xff, 0xff, 0xfa, 0x0, 0x0, 0x0,
    0x1, 0xff, 0x90, 0x5, 0xff, 0x40, 0x0, 0x0,
    0x4, 0xfe, 0x0, 0x0, 0xaf, 0x80, 0x0, 0x0,
    0x4, 0xfe, 0x0, 0x0, 0x9f, 0x70, 0x0, 0x0,
    0x0, 0xef, 0x40, 0x2, 0xff, 0x20, 0x0, 0x0,
    0x0, 0x5f, 0xe2, 0x6f, 0xf5, 0x0, 0x0, 0x0,
    0x0, 0x8, 0xff, 0xfc, 0x20, 0x0, 0x0, 0x0,
    0x0, 0x6f, 0xff, 0xf5, 0x0, 0x0, 0xaf, 0x40,
    0x8, 0xff, 0x88, 0xff, 0x50, 0x0, 0xef, 0x30,
    0x3f, 0xf4, 0x0, 0x7f, 0xf5, 0x4, 0xfe, 0x0,
    0x8f, 0xb0, 0x0, 0x7, 0xff, 0x6b, 0xf8, 0x0,
    0x9f, 0x90, 0x0, 0x0, 0x6f, 0xff, 0xe1, 0x0,
    0x7f, 0xd0, 0x0, 0x0, 0xb, 0xff, 0x90, 0x0,
    0x1f, 0xfc, 0x30, 0x4, 0xbf, 0xff, 0xf5, 0x0,
    0x4, 0xff, 0xff, 0xff, 0xff, 0x57, 0xff, 0x40,
    0x0, 0x29, 0xdf, 0xfd, 0x81, 0x0, 0x8f, 0xe0,

    /* U+0027 "'" */
    0x9f, 0xc9, 0xfc, 0x7f, 0xb6, 0xf9, 0x4f, 0x80,
    0x62,

    /* U+0028 "(" */
    0x0, 0x6, 0xcf, 0x70, 0x9, 0xff, 0xf7, 0x3,
    0xff, 0x71, 0x0, 0xaf, 0x90, 0x0, 0xf, 0xf2,
    0x0, 0x2, 0xfe, 0x0, 0x0, 0x5f, 0xb0, 0x0,
    0x7, 0xfa, 0x0, 0x0, 0x8f, 0x90, 0x0, 0x9,
    0xf8, 0x0, 0x0, 0x9f, 0x80, 0x0, 0x9, 0xf7,
    0x0, 0x0, 0x9f, 0x80, 0x0, 0x9, 0xf8, 0x0,
    0x0, 0x8f, 0x90, 0x0, 0x7, 0xfa, 0x0, 0x0,
    0x5f, 0xb0, 0x0, 0x2, 0xfe, 0x0, 0x0, 0xf,
    0xf2, 0x0, 0x0, 0xaf, 0x90, 0x0, 0x3, 0xff,
    0x71, 0x0, 0x8, 0xff, 0xf7, 0x0, 0x5, 0xcf,
    0x70,

    /* U+0029 ")" */
    0x5f, 0xd7, 0x0, 0x5, 0xff, 0xfa, 0x0, 0x0,
    0x6f, 0xf5, 0x0, 0x0, 0x7f, 0xc0, 0x0, 0x0,
    0xff, 0x10, 0x0, 0xc, 0xf4, 0x0, 0x0, 0xaf,
    0x70, 0x0, 0x8, 0xf9, 0x0, 0x0, 0x7f, 0xa0,
    0x0, 0x6, 0xfb, 0x0, 0x0, 0x5f, 0xb0, 0x0,
    0x5, 0xfb, 0x0, 0x0, 0x5f, 0xb0, 0x0, 0x6,
    0xfb, 0x0, 0x0, 0x7f, 0xa0, 0x0, 0x8, 0xf8,
    0x0, 0x0, 0xaf, 0x70, 0x0, 0xc, 0xf4, 0x0,
    0x0, 0xff, 0x10, 0x0, 0x7f, 0xc0, 0x0, 0x6f,
    0xf5, 0x5, 0xff, 0xfa, 0x0, 0x5f, 0xc6, 0x0,
    0x0,

    /* U+002A "*" */
    0x0, 0xb, 0xf6, 0x0, 0x0, 0x10, 0xaf, 0x50,
    0x10, 0x5f, 0x98, 0xf5, 0xbf, 0x1a, 0xff, 0xff,
    0xff, 0xf5, 0x14, 0x7f, 0xfd, 0x53, 0x0, 0x1d,
    0xfc, 0xf9, 0x0, 0xa, 0xfc, 0x1f, 0xf5, 0x0,
    0x1b, 0x40, 0x88, 0x0,

    /* U+002B "+" */
    0x0, 0x0, 0x0, 0x10, 0x0, 0x0, 0x0, 0x0,
    0x0, 0x7f, 0x60, 0x0, 0x0, 0x0, 0x0, 0x8,
    0xf6, 0x0, 0x0, 0x0, 0x0, 0x0, 0x8f, 0x60,
    0x0, 0x0, 0x0, 0x0, 0x8, 0xf6, 0x0, 0x0,
    0x0, 0x0, 0x0, 0x8f, 0x60, 0x0, 0x0, 0xde,
    0xee, 0xef, 0xff, 0xee, 0xee, 0xce, 0xff, 0xff,
    0xff, 0xff, 0xff, 0xfd, 0x0, 0x0, 0x8, 0xf6,
    0x0, 0x0, 0x0, 0x0, 0x0, 0x8f, 0x60, 0x0,
    0x0, 0x0, 0x0, 0x8, 0xf6, 0x0, 0x0, 0x0,
    0x0, 0x0, 0x8f, 0x60, 0x0, 0x0, 0x0, 0x0,
    0x8, 0xf6, 0x0, 0x0, 0x0, 0x0, 0x0, 0x6f,
    0x50, 0x0, 0x0,

    /* U+002C "," */
    0x1b, 0xb4, 0x4f, 0xf3, 0x7f, 0xd0, 0xaf, 0x70,
    0xbe, 0x10,

    /* U+002D "-" */
    0x0, 0x11, 0x11, 0x11, 0x4, 0xff, 0xff, 0xff,
    0xfe, 0x4f, 0xff, 0xff, 0xff, 0xd0,

    /* U+002E "." */
    0x4e, 0xe5, 0x6f, 0xf7, 0x4f, 0xf6,

    /* U+002F "/" */
    0x0, 0x0, 0x0, 0x0, 0x7, 0x60, 0x0, 0x0,
    0x0, 0x5, 0xfc, 0x0, 0x0, 0x0, 0x0, 0xbf,
    0x60, 0x0, 0x0, 0x0, 0x2f, 0xf0, 0x0, 0x0,
    0x0, 0x8, 0xf9, 0x0, 0x0, 0x0, 0x0, 0xef,
    0x20, 0x0, 0x0, 0x0, 0x5f, 0xc0, 0x0, 0x0,
    0x0, 0xc, 0xf5, 0x0, 0x0, 0x0, 0x2, 0xfe,
    0x0, 0x0, 0x0, 0x0, 0x8f, 0x80, 0x0, 0x0,
    0x0, 0xe, 0xf2, 0x0, 0x0, 0x0, 0x5, 0xfb,
    0x0, 0x0, 0x0, 0x0, 0xcf, 0x50, 0x0, 0x0,
    0x0, 0x2f, 0xe0, 0x0, 0x0, 0x0, 0x9, 0xf8,
    0x0, 0x0, 0x0, 0x0, 0xff, 0x20, 0x0, 0x0,
    0x0, 0x6f, 0xb0, 0x0, 0x0, 0x0, 0xc, 0xf4,
    0x0, 0x0, 0x0, 0x3, 0xfe, 0x0, 0x0, 0x0,
    0x0, 0x9f, 0x70, 0x0, 0x0, 0x0, 0xf, 0xf1,
    0x0, 0x0, 0x0, 0x4, 0xfa, 0x0, 0x0, 0x0,
    0x0,

    /* U+0030 "0" */
    0x0, 0x4, 0xbe, 0xfe, 0xc6, 0x0, 0x0, 0x9,
    0xff, 0xff, 0xff, 0xfc, 0x0, 0x6, 0xff, 0xb4,
    0x13, 0x9f, 0xfa, 0x0, 0xef, 0xc0, 0x0, 0x0,
    0x9f, 0xf2, 0x3f, 0xf4, 0x0, 0x0, 0x1, 0xff,
    0x76, 0xff, 0x0, 0x0, 0x0, 0xd, 0xfa, 0x7f,
    0xe0, 0x0, 0x0, 0x0, 0xbf, 0xb7, 0xfe, 0x0,
    0x0, 0x0, 0xa, 0xfb, 0x8f, 0xe0, 0x0, 0x0,
    0x0, 0xaf, 0xb7, 0xfe, 0x0, 0x0, 0x0, 0xa,
    0xfb, 0x7f, 0xe0, 0x0, 0x0, 0x0, 0xbf, 0xb6,
    0xff, 0x0, 0x0, 0x0, 0xd, 0xfa, 0x3f, 0xf4,
    0x0, 0x0, 0x1, 0xff, 0x70, 0xef, 0xc0, 0x0,
    0x0, 0x8f, 0xf2, 0x6, 0xff, 0xb4, 0x23, 0x9f,
    0xfa, 0x0, 0x9, 0xff, 0xff, 0xff, 0xfc, 0x0,
    0x0, 0x4, 0xbe, 0xfe, 0xc6, 0x0, 0x0,

    /* U+0031 "1" */
    0x0, 0x0, 0x6, 0xff, 0x50, 0x0, 0x9, 0xff,
    0xf7, 0x0, 0x2c, 0xff, 0xff, 0x70, 0x4e, 0xff,
    0x4e, 0xf7, 0x4f, 0xfd, 0x20, 0xef, 0x71, 0xea,
    0x0, 0xe, 0xf7, 0x0, 0x0, 0x0, 0xef, 0x70,
    0x0, 0x0, 0xe, 0xf7, 0x0, 0x0, 0x0, 0xef,
    0x70, 0x0, 0x0, 0xe, 0xf7, 0x0, 0x0, 0x0,
    0xef, 0x70, 0x0, 0x0, 0xe, 0xf7, 0x0, 0x0,
    0x0, 0xef, 0x70, 0x0, 0x0, 0xe, 0xf7, 0x0,
    0x0, 0x0, 0xef, 0x70, 0x0, 0x0, 0xe, 0xf7,
    0x0, 0x0, 0x0, 0xdf, 0x50,

    /* U+0032 "2" */
    0x0, 0x7, 0xcf, 0xfd, 0x92, 0x0, 0x1, 0xdf,
    0xff, 0xff, 0xff, 0x30, 0xb, 0xff, 0x72, 0x26,
    0xef, 0xe0, 0x3f, 0xf6, 0x0, 0x0, 0x4f, 0xf5,
    0x7f, 0xf0, 0x0, 0x0, 0xf, 0xf7, 0x4a, 0x60,
    0x0, 0x0, 0xf, 0xf7, 0x0, 0x0, 0x0, 0x0,
    0x4f, 0xf4, 0x0, 0x0, 0x0, 0x1, 0xdf, 0xd0,
    0x0, 0x0, 0x0, 0x1c, 0xff, 0x20, 0x0, 0x0,
    0x2, 0xdf, 0xf4, 0x0, 0x0, 0x0, 0x2e, 0xff,
    0x30, 0x0, 0x0, 0x2, 0xef, 0xf3, 0x0, 0x0,
    0x0, 0x2e, 0xff, 0x30, 0x0, 0x0, 0x2, 0xef,
    0xf3, 0x0, 0x0, 0x0, 0x2e, 0xff, 0x52, 0x22,
    0x22, 0x21, 0xcf, 0xff, 0xff, 0xff, 0xff, 0xfd,
    0xbf, 0xff, 0xff, 0xff, 0xff, 0xfc,

    /* U+0033 "3" */
    0x2f, 0xff, 0xff, 0xff, 0xff, 0xf6, 0x2, 0xff,
    0xff, 0xff, 0xff, 0xff, 0x70, 0x0, 0x11, 0x11,
    0x12, 0xef, 0xb0, 0x0, 0x0, 0x0, 0x1, 0xdf,
    0xc0, 0x0, 0x0, 0x0, 0x0, 0xcf, 0xd1, 0x0,
    0x0, 0x0, 0x0, 0xcf, 0xe1, 0x0, 0x0, 0x0,
    0x0, 0xbf, 0xe2, 0x0, 0x0, 0x0, 0x0, 0x6f,
    0xff, 0xfd, 0x81, 0x0, 0x0, 0x5, 0xcd, 0xdf,
    0xff, 0xe2, 0x0, 0x0, 0x0, 0x0, 0x4, 0xef,
    0xc0, 0x0, 0x0, 0x0, 0x0, 0x6, 0xff, 0x10,
    0x0, 0x0, 0x0, 0x0, 0x2f, 0xf3, 0xbd, 0x30,
    0x0, 0x0, 0x3, 0xff, 0x2c, 0xfc, 0x0, 0x0,
    0x0, 0xaf, 0xe0, 0x5f, 0xfb, 0x52, 0x24, 0xbf,
    0xf7, 0x0, 0x7f, 0xff, 0xff, 0xff, 0xf9, 0x0,
    0x0, 0x29, 0xdf, 0xfd, 0xa3, 0x0, 0x0,

    /* U+0034 "4" */
    0x0, 0x0, 0x0, 0x0, 0xcf, 0xf4, 0x0, 0x0,
    0x0, 0x0, 0x0, 0x8f, 0xff, 0x60, 0x0, 0x0,
    0x0, 0x0, 0x4f, 0xff, 0xf6, 0x0, 0x0, 0x0,
    0x0, 0x1e, 0xf7, 0xef, 0x60, 0x0, 0x0, 0x0,
    0xa, 0xfb, 0xe, 0xf6, 0x0, 0x0, 0x0, 0x5,
    0xfe, 0x10, 0xef, 0x60, 0x0, 0x0, 0x1, 0xef,
    0x50, 0xe, 0xf6, 0x0, 0x0, 0x0, 0xbf, 0xa0,
    0x0, 0xef, 0x60, 0x0, 0x0, 0x7f, 0xe1, 0x0,
    0xe, 0xf6, 0x0, 0x0, 0x2f, 0xf4, 0x0, 0x0,
    0xef, 0x60, 0x0, 0xc, 0xfa, 0x22, 0x22, 0x2e,
    0xf7, 0x21, 0x3, 0xff, 0xff, 0xff, 0xff, 0xff,
    0xff, 0xf1, 0x2f, 0xff, 0xff, 0xff, 0xff, 0xff,
    0xff, 0x10, 0x0, 0x0, 0x0, 0x0, 0xef, 0x60,
    0x0, 0x0, 0x0, 0x0, 0x0, 0xe, 0xf6, 0x0,
    0x0, 0x0, 0x0, 0x0, 0x0, 0xef, 0x60, 0x0,
    0x0, 0x0, 0x0, 0x0, 0xd, 0xf4, 0x0, 0x0,

    /* U+0035 "5" */
    0x4, 0xff, 0xff, 0xff, 0xff, 0xf1, 0x0, 0x7f,
    0xff, 0xff, 0xff, 0xff, 0x10, 0x9, 0xfa, 0x11,
    0x11, 0x11, 0x0, 0x0, 0xaf, 0x80, 0x0, 0x0,
    0x0, 0x0, 0xc, 0xf7, 0x0, 0x0, 0x0, 0x0,
    0x0, 0xdf, 0x50, 0x0, 0x0, 0x0, 0x0, 0xf,
    0xf8, 0xbf, 0xfe, 0xa3, 0x0, 0x0, 0xff, 0xff,
    0xff, 0xff, 0xf7, 0x0, 0x1f, 0xfc, 0x40, 0x3,
    0xbf, 0xf5, 0x0, 0x22, 0x0, 0x0, 0x0, 0xcf,
    0xd0, 0x0, 0x0, 0x0, 0x0, 0x6, 0xff, 0x10,
    0x0, 0x0, 0x0, 0x0, 0x4f, 0xf1, 0xdf, 0x70,
    0x0, 0x0, 0x7, 0xff, 0xb, 0xfe, 0x10, 0x0,
    0x1, 0xdf, 0xc0, 0x3f, 0xfe, 0x62, 0x25, 0xdf,
    0xf4, 0x0, 0x6f, 0xff, 0xff, 0xff, 0xf6, 0x0,
    0x0, 0x29, 0xdf, 0xfd, 0x92, 0x0, 0x0,

    /* U+0036 "6" */
    0x0, 0x0, 0x0, 0x9f, 0xc0, 0x0, 0x0, 0x0,
    0x0, 0x5f, 0xf4, 0x0, 0x0, 0x0, 0x0, 0x2f,
    0xf7, 0x0, 0x0, 0x0, 0x0, 0xc, 0xfa, 0x0,
    0x0, 0x0, 0x0, 0x8, 0xfd, 0x0, 0x0, 0x0,
    0x0, 0x3, 0xff, 0xff, 0xeb, 0x40, 0x0, 0x1,
    0xef, 0xff, 0xff, 0xff, 0x90, 0x0, 0x9f, 0xf8,
    0x20, 0x3a, 0xff, 0x80, 0x2f, 0xf5, 0x0, 0x0,
    0x9, 0xff, 0x18, 0xfc, 0x0, 0x0, 0x0, 0x1f,
    0xf6, 0xcf, 0x90, 0x0, 0x0, 0x0, 0xdf, 0x8c,
    0xf9, 0x0, 0x0, 0x0, 0xe, 0xf7, 0xaf, 0xd0,
    0x0, 0x0, 0x1, 0xff, 0x55, 0xff, 0x60, 0x0,
    0x0, 0xaf, 0xf0, 0xc, 0xff, 0x93, 0x14, 0xbf,
    0xf6, 0x0, 0x1c, 0xff, 0xff, 0xff, 0xf8, 0x0,
    0x0, 0x6, 0xce, 0xfd, 0xa3, 0x0, 0x0,

    /* U+0037 "7" */
    0x3f, 0xff, 0xff, 0xff, 0xff, 0xf9, 0x4f, 0xff,
    0xff, 0xff, 0xff, 0xfa, 0x2, 0x22, 0x22, 0x22,
    0x3f, 0xf6, 0x0, 0x0, 0x0, 0x0, 0x7f, 0xf0,
    0x0, 0x0, 0x0, 0x0, 0xdf, 0x90, 0x0, 0x0,
    0x0, 0x4, 0xff, 0x20, 0x0, 0x0, 0x0, 0xb,
    0xfb, 0x0, 0x0, 0x0, 0x0, 0x2f, 0xf5, 0x0,
    0x0, 0x0, 0x0, 0x9f, 0xe0, 0x0, 0x0, 0x0,
    0x0, 0xff, 0x70, 0x0, 0x0, 0x0, 0x6, 0xff,
    0x10, 0x0, 0x0, 0x0, 0xd, 0xfa, 0x0, 0x0,
    0x0, 0x0, 0x4f, 0xf3, 0x0, 0x0, 0x0, 0x0,
    0xbf, 0xc0, 0x0, 0x0, 0x0, 0x2, 0xff, 0x50,
    0x0, 0x0, 0x0, 0x8, 0xfe, 0x0, 0x0, 0x0,
    0x0, 0xc, 0xf7, 0x0, 0x0, 0x0,

    /* U+0038 "8" */
    0x0, 0x5, 0xbe, 0xfe, 0xc7, 0x0, 0x0, 0xb,
    0xff, 0xff, 0xff, 0xfe, 0x20, 0x9, 0xff, 0x71,
    0x1, 0x5e, 0xfc, 0x0, 0xef, 0x70, 0x0, 0x0,
    0x3f, 0xf2, 0xf, 0xf3, 0x0, 0x0, 0x0, 0xff,
    0x40, 0xef, 0x70, 0x0, 0x0, 0x4f, 0xf2, 0x7,
    0xff, 0x82, 0x1, 0x6e, 0xfb, 0x0, 0x9, 0xff,
    0xff, 0xff, 0xfc, 0x10, 0x2, 0xcf, 0xff, 0xff,
    0xff, 0xe4, 0x0, 0xdf, 0xe6, 0x10, 0x4, 0xdf,
    0xf2, 0x6f, 0xf2, 0x0, 0x0, 0x0, 0xdf, 0xa9,
    0xfb, 0x0, 0x0, 0x0, 0x8, 0xfd, 0x9f, 0xc0,
    0x0, 0x0, 0x0, 0x8f, 0xd6, 0xff, 0x30, 0x0,
    0x0, 0x1e, 0xfa, 0xd, 0xfe, 0x61, 0x0, 0x5d,
    0xff, 0x30, 0x2d, 0xff, 0xff, 0xff, 0xff, 0x50,
    0x0, 0x6, 0xbe, 0xfe, 0xc8, 0x10, 0x0,

    /* U+0039 "9" */
    0x0, 0x1, 0x8d, 0xff, 0xd8, 0x10, 0x0, 0x0,
    0x4f, 0xff, 0xff, 0xff, 0xf4, 0x0, 0x2, 0xff,
    0xe6, 0x22, 0x6e, 0xff, 0x20, 0xa, 0xfe, 0x10,
    0x0, 0x1, 0xef, 0xa0, 0xf, 0xf7, 0x0, 0x0,
    0x0, 0x7f, 0xe0, 0x1f, 0xf4, 0x0, 0x0, 0x0,
    0x5f, 0xf0, 0xf, 0xf6, 0x0, 0x0, 0x0, 0x7f,
    0xf0, 0xb, 0xfd, 0x0, 0x0, 0x1, 0xef, 0xb0,
    0x3, 0xff, 0xc4, 0x0, 0x4d, 0xff, 0x40, 0x0,
    0x6f, 0xff, 0xff, 0xff, 0xfb, 0x0, 0x0, 0x2,
    0xae, 0xfe, 0xff, 0xe1, 0x0, 0x0, 0x0, 0x0,
    0x8, 0xff, 0x40, 0x0, 0x0, 0x0, 0x0, 0x3f,
    0xf9, 0x0, 0x0, 0x0, 0x0, 0x0, 0xdf, 0xd0,
    0x0, 0x0, 0x0, 0x0, 0x9, 0xff, 0x20, 0x0,
    0x0, 0x0, 0x0, 0x4f, 0xf7, 0x0, 0x0, 0x0,
    0x0, 0x0, 0xbf, 0xa0, 0x0, 0x0, 0x0,

    /* U+003A ":" */
    0x3d, 0xd5, 0x5f, 0xf7, 0x4f, 0xf6, 0x0, 0x0,
    0x0, 0x0, 0x0, 0x0, 0x0, 0x0, 0x0, 0x0,
    0x0, 0x0, 0x3d, 0xd5, 0x5f, 0xf7, 0x4f, 0xf6,

    /* U+003B ";" */
    0xf, 0xfb, 0x1f, 0xfc, 0xc, 0xd9, 0x0, 0x0,
    0x0, 0x0, 0x0, 0x0, 0x0, 0x0, 0x0, 0x0,
    0x8, 0xb7, 0xf, 0xf7, 0x2f, 0xf2, 0x5f, 0xb0,
    0x6f, 0x50,

    /* U+003C "<" */
    0x0, 0x0, 0x0, 0x0, 0x2a, 0x10, 0x0, 0x0,
    0x0, 0x6f, 0xf2, 0x0, 0x0, 0x1, 0xaf, 0xfa,
    0x0, 0x0, 0x4, 0xef, 0xf6, 0x0, 0x0, 0x9,
    0xff, 0xc2, 0x0, 0x0, 0x2d, 0xff, 0x70, 0x0,
    0x0, 0xf, 0xfd, 0x30, 0x0, 0x0, 0x1, 0xff,
    0xb1, 0x0, 0x0, 0x0, 0x5, 0xff, 0xe4, 0x0,
    0x0, 0x0, 0x2, 0xcf, 0xf9, 0x0, 0x0, 0x0,
    0x0, 0x7f, 0xfd, 0x30, 0x0, 0x0, 0x0, 0x3d,
    0xff, 0x70, 0x0, 0x0, 0x0, 0x9, 0xff, 0x20,
    0x0, 0x0, 0x0, 0x5, 0xe1,

    /* U+003D "=" */
    0x3f, 0xff, 0xff, 0xff, 0xff, 0xd2, 0xef, 0xff,
    0xff, 0xff, 0xfc, 0x0, 0x0, 0x0, 0x0, 0x0,
    0x0, 0x0, 0x0, 0x0, 0x0, 0x0, 0x0, 0x0,
    0x0, 0x0, 0x0, 0x0, 0x0, 0x0, 0x0, 0x0,
    0x0, 0x2e, 0xff, 0xff, 0xff, 0xff, 0xc3, 0xff,
    0xff, 0xff, 0xff, 0xfd,

    /* U+003E ">" */
    0x39, 0x0, 0x0, 0x0, 0x0, 0x5f, 0xe4, 0x0,
    0x0, 0x0, 0x1d, 0xff, 0x80, 0x0, 0x0, 0x0,
    0x8f, 0xfd, 0x20, 0x0, 0x0, 0x4, 0xef, 0xf7,
    0x0, 0x0, 0x0, 0x1a, 0xff, 0xb1, 0x0, 0x0,
    0x0, 0x5e, 0xfc, 0x0, 0x0, 0x0, 0x2d, 0xfd,
    0x0, 0x0, 0x6, 0xff, 0xe3, 0x0, 0x1, 0xbf,
    0xfa, 0x10, 0x0, 0x4e, 0xff, 0x60, 0x0, 0x9,
    0xff, 0xc2, 0x0, 0x0, 0x5f, 0xf7, 0x0, 0x0,
    0x0, 0x5d, 0x30, 0x0, 0x0, 0x0,

    /* U+003F "?" */
    0x0, 0x4, 0xae, 0xfe, 0xb5, 0x0, 0x0, 0x9f,
    0xff, 0xff, 0xff, 0xa0, 0x7, 0xff, 0xa3, 0x13,
    0xbf, 0xf6, 0xe, 0xfa, 0x0, 0x0, 0xb, 0xfc,
    0x2f, 0xf3, 0x0, 0x0, 0x8, 0xfd, 0x6, 0x60,
    0x0, 0x0, 0xc, 0xfa, 0x0, 0x0, 0x0, 0x0,
    0x7f, 0xf3, 0x0, 0x0, 0x0, 0x6, 0xff, 0x70,
    0x0, 0x0, 0x0, 0x4f, 0xf8, 0x0, 0x0, 0x0,
    0x1, 0xef, 0xb0, 0x0, 0x0, 0x0, 0x7, 0xff,
    0x10, 0x0, 0x0, 0x0, 0xa, 0xfc, 0x0, 0x0,
    0x0, 0x0, 0x9, 0xfa, 0x0, 0x0, 0x0, 0x0,
    0x0, 0x0, 0x0, 0x0, 0x0, 0x0, 0x7, 0xa6,
    0x0, 0x0, 0x0, 0x0, 0xe, 0xfc, 0x0, 0x0,
    0x0, 0x0, 0xd, 0xfb, 0x0, 0x0,

    /* U+0040 "@" */
    0x0, 0x0, 0x17, 0xbe, 0xff, 0xeb, 0x71, 0x0,
    0x0, 0x0, 0x6, 0xff, 0xfd, 0xbb, 0xdf, 0xff,
    0x80, 0x0, 0x0, 0x7f, 0xe6, 0x0, 0x0, 0x0,
    0x5d, 0xfb, 0x0, 0x3, 0xfe, 0x10, 0x0, 0x0,
    0x0, 0x0, 0xcf, 0x60, 0xc, 0xf3, 0x0, 0x28,
    0xa8, 0x19, 0x60, 0x1f, 0xe0, 0x2f, 0xb0, 0x3,
    0xff, 0xff, 0xdf, 0xb0, 0xa, 0xf3, 0x6f, 0x60,
    0xc, 0xf6, 0x3, 0xef, 0xb0, 0x6, 0xf6, 0x8f,
    0x30, 0x2f, 0xb0, 0x0, 0x6f, 0xb0, 0x4, 0xf7,
    0x9f, 0x20, 0x5f, 0x70, 0x0, 0x2f, 0xb0, 0x3,
    0xf8, 0x9f, 0x20, 0x6f, 0x60, 0x0, 0x1f, 0xb0,
    0x3, 0xf8, 0x9f, 0x20, 0x5f, 0x70, 0x0, 0x2f,
    0xb0, 0x4, 0xf7, 0x8f, 0x30, 0x2f, 0xb0, 0x0,
    0x5f, 0xf1, 0x9, 0xf4, 0x6f, 0x50, 0xd, 0xf6,
    0x3, 0xef, 0xfe, 0xcf, 0xd0, 0x2f, 0xa0, 0x3,
    0xff, 0xff, 0xf5, 0xae, 0xfb, 0x20, 0xc, 0xf2,
    0x0, 0x29, 0xb9, 0x30, 0x0, 0x0, 0x0, 0x5,
    0xfd, 0x10, 0x0, 0x0, 0x0, 0x0, 0x56, 0x0,
    0x0, 0x9f, 0xe6, 0x0, 0x0, 0x0, 0x4c, 0xfc,
    0x0, 0x0, 0x7, 0xff, 0xfd, 0xbb, 0xcf, 0xff,
    0x90, 0x0, 0x0, 0x0, 0x17, 0xce, 0xff, 0xec,
    0x82, 0x0, 0x0,

    /* U+0041 "A" */
    0x0, 0x0, 0x0, 0x7f, 0xf8, 0x0, 0x0, 0x0,
    0x0, 0x0, 0x0, 0xef, 0xff, 0x0, 0x0, 0x0,
    0x0, 0x0, 0x4, 0xff, 0xef, 0x50, 0x0, 0x0,
    0x0, 0x0, 0xa, 0xfa, 0x8f, 0xb0, 0x0, 0x0,
    0x0, 0x0, 0x1f, 0xf4, 0x2f, 0xf1, 0x0, 0x0,
    0x0, 0x0, 0x6f, 0xd0, 0xc, 0xf7, 0x0, 0x0,
    0x0, 0x0, 0xcf, 0x70, 0x6, 0xfd, 0x0, 0x0,
    0x0, 0x2, 0xff, 0x20, 0x1, 0xff, 0x30, 0x0,
    0x0, 0x9, 0xfb, 0x0, 0x0, 0xaf, 0xa0, 0x0,
    0x0, 0xe, 0xf5, 0x0, 0x0, 0x4f, 0xf0, 0x0,
    0x0, 0x5f, 0xf0, 0x0, 0x0, 0xe, 0xf6, 0x0,
    0x0, 0xbf, 0xff, 0xff, 0xff, 0xff, 0xfc, 0x0,
    0x1, 0xff, 0xff, 0xff, 0xff, 0xff, 0xff, 0x20,
    0x7, 0xfe, 0x21, 0x11, 0x11, 0x11, 0xef, 0x80,
    0xd, 0xf9, 0x0, 0x0, 0x0, 0x0, 0x8f, 0xe0,
    0x3f, 0xf3, 0x0, 0x0, 0x0, 0x0, 0x1f, 0xf4,
    0x6f, 0xc0, 0x0, 0x0, 0x0, 0x0, 0xb, 0xf7,

    /* U+0042 "B" */
    0xdf, 0xff, 0xff, 0xff, 0xea, 0x20, 0xe, 0xff,
    0xff, 0xff, 0xff, 0xff, 0x40, 0xef, 0x70, 0x0,
    0x1, 0x4d, 0xfe, 0xe, 0xf7, 0x0, 0x0, 0x0,
    0x4f, 0xf4, 0xef, 0x70, 0x0, 0x0, 0x1, 0xff,
    0x5e, 0xf7, 0x0, 0x0, 0x0, 0x4f, 0xf3, 0xef,
    0x70, 0x0, 0x0, 0x4e, 0xfc, 0xe, 0xff, 0xff,
    0xff, 0xff, 0xfc, 0x10, 0xef, 0xff, 0xff, 0xff,
    0xff, 0xe3, 0xe, 0xf7, 0x0, 0x0, 0x14, 0xdf,
    0xe0, 0xef, 0x70, 0x0, 0x0, 0x2, 0xff, 0x7e,
    0xf7, 0x0, 0x0, 0x0, 0xc, 0xfa, 0xef, 0x70,
    0x0, 0x0, 0x0, 0xcf, 0xae, 0xf7, 0x0, 0x0,
    0x0, 0x2f, 0xf7, 0xef, 0x70, 0x0, 0x0, 0x4d,
    0xff, 0x1e, 0xff, 0xff, 0xff, 0xff, 0xff, 0x50,
    0xdf, 0xff, 0xff, 0xff, 0xea, 0x30, 0x0,

    /* U+0043 "C" */
    0x0, 0x2, 0x9d, 0xef, 0xea, 0x50, 0x0, 0x0,
    0x7f, 0xff, 0xff, 0xff, 0xfc, 0x10, 0x5, 0xff,
    0xd5, 0x22, 0x49, 0xff, 0xc0, 0xd, 0xfc, 0x0,
    0x0, 0x0, 0x5f, 0xf6, 0x3f, 0xf3, 0x0, 0x0,
    0x0, 0xc, 0xfb, 0x6f, 0xf0, 0x0, 0x0, 0x0,
    0x5, 0xc9, 0x8f, 0xd0, 0x0, 0x0, 0x0, 0x0,
    0x0, 0x8f, 0xd0, 0x0, 0x0, 0x0, 0x0, 0x0,
    0x8f, 0xd0, 0x0, 0x0, 0x0, 0x0, 0x0, 0x8f,
    0xd0, 0x0, 0x0, 0x0, 0x0, 0x0, 0x8f, 0xd0,
    0x0, 0x0, 0x0, 0x0, 0x0, 0x6f, 0xf0, 0x0,
    0x0, 0x0, 0x5, 0xc9, 0x3f, 0xf3, 0x0, 0x0,
    0x0, 0xc, 0xfb, 0xe, 0xfc, 0x0, 0x0, 0x0,
    0x5f, 0xf6, 0x5, 0xff, 0xc5, 0x22, 0x49, 0xff,
    0xc0, 0x0, 0x7f, 0xff, 0xff, 0xff, 0xfc, 0x10,
    0x0, 0x2, 0x9d, 0xff, 0xea, 0x50, 0x0,

    /* U+0044 "D" */
    0xdf, 0xff, 0xff, 0xfe, 0xb6, 0x0, 0x0, 0xef,
    0xff, 0xff, 0xff, 0xff, 0xe3, 0x0, 0xef, 0x71,
    0x11, 0x13, 0x8f, 0xfe, 0x0, 0xef, 0x70, 0x0,
    0x0, 0x4, 0xff, 0x70, 0xef, 0x70, 0x0, 0x0,
    0x0, 0xbf, 0xb0, 0xef, 0x70, 0x0, 0x0, 0x0,
    0x7f, 0xe0, 0xef, 0x70, 0x0, 0x0, 0x0, 0x6f,
    0xf0, 0xef, 0x70, 0x0, 0x0, 0x0, 0x5f, 0xf0,
    0xef, 0x70, 0x0, 0x0, 0x0, 0x5f, 0xf0, 0xef,
    0x70, 0x0, 0x0, 0x0, 0x5f, 0xf0, 0xef, 0x70,
    0x0, 0x0, 0x0, 0x6f, 0xf0, 0xef, 0x70, 0x0,
    0x0, 0x0, 0x7f, 0xe0, 0xef, 0x70, 0x0, 0x0,
    0x0, 0xbf, 0xc0, 0xef, 0x70, 0x0, 0x0, 0x3,
    0xff, 0x70, 0xef, 0x71, 0x11, 0x13, 0x7f, 0xfe,
    0x10, 0xef, 0xff, 0xff, 0xff, 0xff, 0xe3, 0x0,
    0xdf, 0xff, 0xff, 0xfe, 0xc7, 0x10, 0x0,

    /* U+0045 "E" */
    0xdf, 0xff, 0xff, 0xff, 0xff, 0xf0, 0xef, 0xff,
    0xff, 0xff, 0xff, 0xf1, 0xef, 0x71, 0x11, 0x11,
    0x11, 0x0, 0xef, 0x60, 0x0, 0x0, 0x0, 0x0,
    0xef, 0x60, 0x0, 0x0, 0x0, 0x0, 0xef, 0x60,
    0x0, 0x0, 0x0, 0x0, 0xef, 0x60, 0x0, 0x0,
    0x0, 0x0, 0xef, 0xff, 0xff, 0xff, 0xff, 0x70,
    0xef, 0xff, 0xff, 0xff, 0xff, 0x80, 0xef, 0x61,
    0x11, 0x11, 0x11, 0x0, 0xef, 0x60, 0x0, 0x0,
    0x0, 0x0, 0xef, 0x60, 0x0, 0x0, 0x0, 0x0,
    0xef, 0x60, 0x0, 0x0, 0x0, 0x0, 0xef, 0x60,
    0x0, 0x0, 0x0, 0x0, 0xef, 0x71, 0x11, 0x11,
    0x11, 0x10, 0xef, 0xff, 0xff, 0xff, 0xff, 0xf4,
    0xdf, 0xff, 0xff, 0xff, 0xff, 0xf3,

    /* U+0046 "F" */
    0xdf, 0xff, 0xff, 0xff, 0xff, 0xe0, 0xef, 0xff,
    0xff, 0xff, 0xff, 0xf0, 0xef, 0x82, 0x22, 0x22,
    0x22, 0x10, 0xef, 0x60, 0x0, 0x0, 0x0, 0x0,
    0xef, 0x60, 0x0, 0x0, 0x0, 0x0, 0xef, 0x60,
    0x0, 0x0, 0x0, 0x0, 0xef, 0x60, 0x0, 0x0,
    0x0, 0x0, 0xef, 0x82, 0x22, 0x22, 0x22, 0x0,
    0xef, 0xff, 0xff, 0xff, 0xff, 0x70, 0xef, 0xff,
    0xff, 0xff, 0xff, 0x70, 0xef, 0x60, 0x0, 0x0,
    0x0, 0x0, 0xef, 0x60, 0x0, 0x0, 0x0, 0x0,
    0xef, 0x60, 0x0, 0x0, 0x0, 0x0, 0xef, 0x60,
    0x0, 0x0, 0x0, 0x0, 0xef, 0x60, 0x0, 0x0,
    0x0, 0x0, 0xef, 0x60, 0x0, 0x0, 0x0, 0x0,
    0xdf, 0x50, 0x0, 0x0, 0x0, 0x0,

    /* U+0047 "G" */
    0x0, 0x2, 0x8d, 0xef, 0xeb, 0x60, 0x0, 0x0,
    0x6f, 0xff, 0xff, 0xff, 0xfd, 0x20, 0x5, 0xff,
    0xd6, 0x31, 0x38, 0xff, 0xe1, 0xd, 0xfc, 0x0,
    0x0, 0x0, 0x3f, 0xf9, 0x3f, 0xf3, 0x0, 0x0,
    0x0, 0x6, 0xa7, 0x6f, 0xf0, 0x0, 0x0, 0x0,
    0x0, 0x0, 0x8f, 0xd0, 0x0, 0x0, 0x0, 0x0,
    0x0, 0x8f, 0xd0, 0x0, 0x6, 0xff, 0xff, 0xfd,
    0x8f, 0xd0, 0x0, 0x7, 0xff, 0xff, 0xff, 0x8f,
    0xd0, 0x0, 0x0, 0x0, 0x6, 0xff, 0x8f, 0xd0,
    0x0, 0x0, 0x0, 0x6, 0xff, 0x6f, 0xf0, 0x0,
    0x0, 0x0, 0x8, 0xfd, 0x3f, 0xf3, 0x0, 0x0,
    0x0, 0xd, 0xfa, 0xd, 0xfc, 0x0, 0x0, 0x0,
    0x7f, 0xf4, 0x4, 0xff, 0xd6, 0x32, 0x4a, 0xff,
    0xa0, 0x0, 0x6f, 0xff, 0xff, 0xff, 0xfa, 0x0,
    0x0, 0x2, 0x8d, 0xef, 0xda, 0x40, 0x0,

    /* U+0048 "H" */
    0xdf, 0x50, 0x0, 0x0, 0x0, 0x3f, 0xe0, 0xef,
    0x70, 0x0, 0x0, 0x0, 0x4f, 0xf0, 0xef, 0x70,
    0x0, 0x0, 0x0, 0x4f, 0xf0, 0xef, 0x70, 0x0,
    0x0, 0x0, 0x4f, 0xf0, 0xef, 0x70, 0x0, 0x0,
    0x0, 0x4f, 0xf0, 0xef, 0x70, 0x0, 0x0, 0x0,
    0x4f, 0xf0, 0xef, 0x70, 0x0, 0x0, 0x0, 0x4f,
    0xf0, 0xef, 0xff, 0xff, 0xff, 0xff, 0xff, 0xf0,
    0xef, 0xff, 0xff, 0xff, 0xff, 0xff, 0xf0, 0xef,
    0x83, 0x33, 0x33, 0x33, 0x7f, 0xf0, 0xef, 0x70,
    0x0, 0x0, 0x0, 0x4f, 0xf0, 0xef, 0x70, 0x0,
    0x0, 0x0, 0x4f, 0xf0, 0xef, 0x70, 0x0, 0x0,
    0x0, 0x4f, 0xf0, 0xef, 0x70, 0x0, 0x0, 0x0,
    0x4f, 0xf0, 0xef, 0x70, 0x0, 0x0, 0x0, 0x4f,
    0xf0, 0xef, 0x70, 0x0, 0x0, 0x0, 0x4f, 0xf0,
    0xdf, 0x50, 0x0, 0x0, 0x0, 0x3f, 0xe0,

    /* U+0049 "I" */
    0xdf, 0x6e, 0xf7, 0xef, 0x7e, 0xf7, 0xef, 0x7e,
    0xf7, 0xef, 0x7e, 0xf7, 0xef, 0x7e, 0xf7, 0xef,
    0x7e, 0xf7, 0xef, 0x7e, 0xf7, 0xef, 0x7e, 0xf7,
    0xdf, 0x60,

    /* U+004A "J" */
    0x2, 0xff, 0xff, 0xff, 0xff, 0xff, 0xf3, 0x2,
    0xff, 0xff, 0xff, 0xff, 0xff, 0xf4, 0x0, 0x12,
    0x22, 0x22, 0x22, 0x3f, 0xf4, 0x0, 0x0, 0x0,
    0x0, 0x0, 0x2f, 0xf4, 0x0, 0x0, 0x0, 0x0,
    0x0, 0x2f, 0xf4, 0x0, 0x0, 0x0, 0x0, 0x0,
    0x2f, 0xf4, 0x0, 0x0, 0x0, 0x0, 0x0, 0x2f,
    0xf4, 0x0, 0x0, 0x0, 0x0, 0x0, 0x2f, 0xf4,
    0x0, 0x0, 0x0, 0x0, 0x0, 0x2f, 0xf4, 0x0,
    0x0, 0x0, 0x0, 0x0, 0x2f, 0xf4, 0x0, 0x0,
    0x0, 0x0, 0x0, 0x2f, 0xf4, 0x9, 0xa2, 0x0,
    0x0, 0x0, 0x4f, 0xf2, 0xf, 0xf7, 0x0, 0x0,
    0x0, 0x7f, 0xf0, 0xc, 0xfe, 0x10, 0x0, 0x1,
    0xef, 0xb0, 0x4, 0xff, 0xd5, 0x22, 0x5d, 0xff,
    0x30, 0x0, 0x7f, 0xff, 0xff, 0xff, 0xf5, 0x0,
    0x0, 0x2, 0x9d, 0xff, 0xd9, 0x20, 0x0,

    /* U+004B "K" */
    0xdf, 0x50, 0x0, 0x0, 0x4e, 0xf6, 0xe, 0xf6,
    0x0, 0x0, 0x5f, 0xfb, 0x0, 0xef, 0x60, 0x0,
    0x5f, 0xfb, 0x0, 0xe, 0xf6, 0x0, 0x6f, 0xfb,
    0x0, 0x0, 0xef, 0x60, 0x6f, 0xfa, 0x0, 0x0,
    0xe, 0xf6, 0x7f, 0xfa, 0x0, 0x0, 0x0, 0xef,
    0xcf, 0xfa, 0x0, 0x0, 0x0, 0xe, 0xff, 0xfa,
    0x0, 0x0, 0x0, 0x0, 0xef, 0xff, 0x60, 0x0,
    0x0, 0x0, 0xe, 0xff, 0xff, 0x50, 0x0, 0x0,
    0x0, 0xef, 0x7c, 0xff, 0x50, 0x0, 0x0, 0xe,
    0xf6, 0xc, 0xff, 0x50, 0x0, 0x0, 0xef, 0x60,
    0xc, 0xff, 0x50, 0x0, 0xe, 0xf6, 0x0, 0xc,
    0xff, 0x40, 0x0, 0xef, 0x60, 0x0, 0xc, 0xff,
    0x40, 0xe, 0xf6, 0x0, 0x0, 0xc, 0xff, 0x40,
    0xdf, 0x50, 0x0, 0x0, 0xb, 0xfe, 0x0,

    /* U+004C "L" */
    0xdf, 0x60, 0x0, 0x0, 0x0, 0x0, 0xef, 0x70,
    0x0, 0x0, 0x0, 0x0, 0xef, 0x70, 0x0, 0x0,
    0x0, 0x0, 0xef, 0x70, 0x0, 0x0, 0x0, 0x0,
    0xef, 0x70, 0x0, 0x0, 0x0, 0x0, 0xef, 0x70,
    0x0, 0x0, 0x0, 0x0, 0xef, 0x70, 0x0, 0x0,
    0x0, 0x0, 0xef, 0x70, 0x0, 0x0, 0x0, 0x0,
    0xef, 0x70, 0x0, 0x0, 0x0, 0x0, 0xef, 0x70,
    0x0, 0x0, 0x0, 0x0, 0xef, 0x70, 0x0, 0x0,
    0x0, 0x0, 0xef, 0x70, 0x0, 0x0, 0x0, 0x0,
    0xef, 0x70, 0x0, 0x0, 0x0, 0x0, 0xef, 0x70,
    0x0, 0x0, 0x0, 0x0, 0xef, 0x82, 0x22, 0x22,
    0x22, 0x10, 0xef, 0xff, 0xff, 0xff, 0xff, 0xf0,
    0xdf, 0xff, 0xff, 0xff, 0xff, 0xe0,

    /* U+004D "M" */
    0xdf, 0x70, 0x0, 0x0, 0x0, 0x0, 0x6f, 0xee,
    0xff, 0x10, 0x0, 0x0, 0x0, 0xe, 0xff, 0xef,
    0xf8, 0x0, 0x0, 0x0, 0x7, 0xff, 0xfe, 0xff,
    0xf1, 0x0, 0x0, 0x0, 0xef, 0xff, 0xef, 0xef,
    0x90, 0x0, 0x0, 0x8f, 0xef, 0xfe, 0xf8, 0xff,
    0x20, 0x0, 0x1f, 0xf7, 0xff, 0xef, 0x69, 0xf9,
    0x0, 0x8, 0xfa, 0x5f, 0xfe, 0xf6, 0x1f, 0xf2,
    0x1, 0xff, 0x25, 0xff, 0xef, 0x60, 0x9f, 0xa0,
    0x9f, 0xa0, 0x5f, 0xfe, 0xf6, 0x1, 0xff, 0x4f,
    0xf2, 0x5, 0xff, 0xef, 0x60, 0x9, 0xff, 0xfa,
    0x0, 0x5f, 0xfe, 0xf6, 0x0, 0x1f, 0xff, 0x20,
    0x5, 0xff, 0xef, 0x60, 0x0, 0x7e, 0x80, 0x0,
    0x5f, 0xfe, 0xf6, 0x0, 0x0, 0x0, 0x0, 0x5,
    0xff, 0xef, 0x60, 0x0, 0x0, 0x0, 0x0, 0x5f,
    0xfe, 0xf6, 0x0, 0x0, 0x0, 0x0, 0x5, 0xff,
    0xdf, 0x40, 0x0, 0x0, 0x0, 0x0, 0x3f, 0xe0,

    /* U+004E "N" */
    0xdf, 0x60, 0x0, 0x0, 0x0, 0x9f, 0x8e, 0xff,
    0x20, 0x0, 0x0, 0xb, 0xf9, 0xef, 0xfb, 0x0,
    0x0, 0x0, 0xbf, 0x9e, 0xff, 0xf5, 0x0, 0x0,
    0xb, 0xf9, 0xef, 0xef, 0xe1, 0x0, 0x0, 0xbf,
    0x9e, 0xf6, 0xdf, 0xa0, 0x0, 0xb, 0xf9, 0xef,
    0x64, 0xff, 0x40, 0x0, 0xbf, 0x9e, 0xf6, 0x9,
    0xfe, 0x0, 0xb, 0xf9, 0xef, 0x60, 0x1e, 0xf9,
    0x0, 0xbf, 0x9e, 0xf6, 0x0, 0x5f, 0xf3, 0xb,
    0xf9, 0xef, 0x60, 0x0, 0xaf, 0xd0, 0xbf, 0x9e,
    0xf6, 0x0, 0x1, 0xef, 0x8b, 0xf9, 0xef, 0x60,
    0x0, 0x6, 0xff, 0xdf, 0x9e, 0xf6, 0x0, 0x0,
    0xb, 0xff, 0xf9, 0xef, 0x60, 0x0, 0x0, 0x2f,
    0xff, 0x9e, 0xf6, 0x0, 0x0, 0x0, 0x7f, 0xf9,
    0xdf, 0x40, 0x0, 0x0, 0x0, 0xbf, 0x80,

    /* U+004F "O" */
    0x0, 0x2, 0x8d, 0xef, 0xda, 0x40, 0x0, 0x0,
    0x6f, 0xff, 0xff, 0xff, 0xfa, 0x0, 0x4, 0xff,
    0xd6, 0x22, 0x4b, 0xff, 0x90, 0xd, 0xfd, 0x0,
    0x0, 0x0, 0xaf, 0xf1, 0x3f, 0xf5, 0x0, 0x0,
    0x0, 0x1f, 0xf7, 0x6f, 0xf0, 0x0, 0x0, 0x0,
    0xc, 0xfa, 0x8f, 0xe0, 0x0, 0x0, 0x0, 0xa,
    0xfc, 0x8f, 0xd0, 0x0, 0x0, 0x0, 0x9, 0xfc,
    0x8f, 0xd0, 0x0, 0x0, 0x0, 0x9, 0xfd, 0x8f,
    0xd0, 0x0, 0x0, 0x0, 0x9, 0xfc, 0x8f, 0xe0,
    0x0, 0x0, 0x0, 0xa, 0xfc, 0x6f, 0xf0, 0x0,
    0x0, 0x0, 0xc, 0xfa, 0x3f, 0xf4, 0x0, 0x0,
    0x0, 0x1f, 0xf8, 0xe, 0xfc, 0x0, 0x0, 0x0,
    0x9f, 0xf2, 0x6, 0xff, 0xd6, 0x21, 0x4b, 0xff,
    0xa0, 0x0, 0x8f, 0xff, 0xff, 0xff, 0xfb, 0x0,
    0x0, 0x3, 0x9d, 0xff, 0xea, 0x50, 0x0,

    /* U+0050 "P" */
    0xdf, 0xff, 0xff, 0xfe, 0xc8, 0x10, 0xe, 0xff,
    0xff, 0xff, 0xff, 0xfe, 0x30, 0xef, 0x81, 0x11,
    0x12, 0x6e, 0xfe, 0xe, 0xf7, 0x0, 0x0, 0x0,
    0x4f, 0xf5, 0xef, 0x70, 0x0, 0x0, 0x0, 0xef,
    0x7e, 0xf7, 0x0, 0x0, 0x0, 0xe, 0xf8, 0xef,
    0x70, 0x0, 0x0, 0x3, 0xff, 0x5e, 0xf7, 0x0,
    0x0, 0x15, 0xef, 0xe0, 0xef, 0xff, 0xff, 0xff,
    0xff, 0xf4, 0xe, 0xff, 0xff, 0xff, 0xfd, 0x91,
    0x0, 0xef, 0x80, 0x0, 0x0, 0x0, 0x0, 0xe,
    0xf7, 0x0, 0x0, 0x0, 0x0, 0x0, 0xef, 0x70,
    0x0, 0x0, 0x0, 0x0, 0xe, 0xf7, 0x0, 0x0,
    0x0, 0x0, 0x0, 0xef, 0x70, 0x0, 0x0, 0x0,
    0x0, 0xe, 0xf7, 0x0, 0x0, 0x0, 0x0, 0x0,
    0xdf, 0x60, 0x0, 0x0, 0x0, 0x0, 0x0,

    /* U+0051 "Q" */
    0x0, 0x2, 0x8d, 0xff, 0xda, 0x40, 0x0, 0x0,
    0x6f, 0xff, 0xff, 0xff, 0xfa, 0x0, 0x5, 0xff,
    0xd6, 0x22, 0x4b, 0xff, 0x90, 0xd, 0xfd, 0x0,
    0x0, 0x0, 0xaf, 0xf1, 0x3f, 0xf4, 0x0, 0x0,
    0x0, 0x1f, 0xf7, 0x6f, 0xf0, 0x0, 0x0, 0x0,
    0xc, 0xfa, 0x8f, 0xe0, 0x0, 0x0, 0x0, 0xa,
    0xfc, 0x8f, 0xd0, 0x0, 0x0, 0x0, 0x9, 0xfc,
    0x8f, 0xd0, 0x0, 0x0, 0x0, 0x9, 0xfc, 0x8f,
    0xd0, 0x0, 0x0, 0x0, 0x9, 0xfc, 0x8f, 0xe0,
    0x0, 0x0, 0x0, 0xa, 0xfc, 0x6f, 0xf0, 0x0,
    0x0, 0x0, 0xc, 0xfa, 0x4f, 0xf4, 0x0, 0x0,
    0x0, 0x1f, 0xf7, 0xe, 0xfc, 0x0, 0x0, 0x0,
    0x9f, 0xf2, 0x6, 0xff, 0xd5, 0x21, 0x4b, 0xff,
    0x90, 0x0, 0x8f, 0xff, 0xff, 0xff, 0xff, 0x30,
    0x0, 0x3, 0x9d, 0xff, 0xd9, 0xdf, 0xc0, 0x0,
    0x0, 0x0, 0x0, 0x0, 0x3f, 0xf7, 0x0, 0x0,
    0x0, 0x0, 0x0, 0x4, 0x84,

    /* U+0052 "R" */
    0xdf, 0xff, 0xff, 0xfe, 0xc7, 0x0, 0xe, 0xff,
    0xff, 0xff, 0xff, 0xfd, 0x10, 0xef, 0x71, 0x11,
    0x13, 0x8f, 0xfc, 0xe, 0xf7, 0x0, 0x0, 0x0,
    0x7f, 0xf2, 0xef, 0x70, 0x0, 0x0, 0x2, 0xff,
    0x5e, 0xf7, 0x0, 0x0, 0x0, 0x1f, 0xf5, 0xef,
    0x70, 0x0, 0x0, 0x6, 0xff, 0x2e, 0xf7, 0x0,
    0x0, 0x27, 0xff, 0xc0, 0xef, 0xff, 0xff, 0xff,
    0xff, 0xd2, 0xe, 0xff, 0xff, 0xff, 0xff, 0x70,
    0x0, 0xef, 0x71, 0x11, 0x3f, 0xf6, 0x0, 0xe,
    0xf7, 0x0, 0x0, 0x9f, 0xe0, 0x0, 0xef, 0x70,
    0x0, 0x1, 0xff, 0x80, 0xe, 0xf7, 0x0, 0x0,
    0x7, 0xff, 0x10, 0xef, 0x70, 0x0, 0x0, 0xd,
    0xfa, 0xe, 0xf7, 0x0, 0x0, 0x0, 0x5f, 0xf3,
    0xdf, 0x50, 0x0, 0x0, 0x0, 0xbf, 0x90,

    /* U+0053 "S" */
    0x0, 0x17, 0xce, 0xfe, 0xb5, 0x0, 0x0, 0x3e,
    0xff, 0xff, 0xff, 0xfc, 0x10, 0xe, 0xfe, 0x63,
    0x23, 0x9f, 0xfb, 0x5, 0xff, 0x20, 0x0, 0x0,
    0x7f, 0xf3, 0x7f, 0xe0, 0x0, 0x0, 0x0, 0xbc,
    0x36, 0xff, 0x20, 0x0, 0x0, 0x0, 0x0, 0x1e,
    0xfe, 0x50, 0x0, 0x0, 0x0, 0x0, 0x3e, 0xff,
    0xfa, 0x50, 0x0, 0x0, 0x0, 0x6, 0xcf, 0xff,
    0xfa, 0x40, 0x0, 0x0, 0x0, 0x26, 0xbf, 0xff,
    0xa0, 0x0, 0x0, 0x0, 0x0, 0x19, 0xff, 0x70,
    0x0, 0x0, 0x0, 0x0, 0xb, 0xfc, 0xde, 0x50,
    0x0, 0x0, 0x0, 0x9f, 0xdc, 0xfd, 0x0, 0x0,
    0x0, 0xd, 0xfa, 0x4f, 0xfd, 0x62, 0x12, 0x5c,
    0xff, 0x40, 0x5f, 0xff, 0xff, 0xff, 0xff, 0x60,
    0x0, 0x18, 0xce, 0xfe, 0xc8, 0x20, 0x0,

    /* U+0054 "T" */
    0x5f, 0xff, 0xff, 0xff, 0xff, 0xff, 0xf3, 0x6f,
    0xff, 0xff, 0xff, 0xff, 0xff, 0xf4, 0x2, 0x33,
    0x36, 0xff, 0x43, 0x33, 0x20, 0x0, 0x0, 0x3,
    0xff, 0x20, 0x0, 0x0, 0x0, 0x0, 0x3, 0xff,
    0x20, 0x0, 0x0, 0x0, 0x0, 0x3, 0xff, 0x20,
    0x0, 0x0, 0x0, 0x0, 0x3, 0xff, 0x20, 0x0,
    0x0, 0x0, 0x0, 0x3, 0xff, 0x20, 0x0, 0x0,
    0x0, 0x0, 0x3, 0xff, 0x20, 0x0, 0x0, 0x0,
    0x0, 0x3, 0xff, 0x20, 0x0, 0x0, 0x0, 0x0,
    0x3, 0xff, 0x20, 0x0, 0x0, 0x0, 0x0, 0x3,
    0xff, 0x20, 0x0, 0x0, 0x0, 0x0, 0x3, 0xff,
    0x20, 0x0, 0x0, 0x0, 0x0, 0x3, 0xff, 0x20,
    0x0, 0x0, 0x0, 0x0, 0x3, 0xff, 0x20, 0x0,
    0x0, 0x0, 0x0, 0x3, 0xff, 0x20, 0x0, 0x0,
    0x0, 0x0, 0x2, 0xff, 0x10, 0x0, 0x0,

    /* U+0055 "U" */
    0xf, 0xf3, 0x0, 0x0, 0x0, 0x5, 0xfd, 0x1f,
    0xf4, 0x0, 0x0, 0x0, 0x7, 0xfe, 0x1f, 0xf4,
    0x0, 0x0, 0x0, 0x7, 0xfe, 0x1f, 0xf4, 0x0,
    0x0, 0x0, 0x7, 0xfe, 0x1f, 0xf4, 0x0, 0x0,
    0x0, 0x7, 0xfe, 0x1f, 0xf4, 0x0, 0x0, 0x0,
    0x7, 0xfe, 0x1f, 0xf4, 0x0, 0x0, 0x0, 0x7,
    0xfe, 0x1f, 0xf4, 0x0, 0x0, 0x0, 0x7, 0xfe,
    0x1f, 0xf4, 0x0, 0x0, 0x0, 0x7, 0xfe, 0x1f,
    0xf4, 0x0, 0x0, 0x0, 0x7, 0xfe, 0xf, 0xf4,
    0x0, 0x0, 0x0, 0x7, 0xfe, 0xf, 0xf6, 0x0,
    0x0, 0x0, 0x8, 0xfc, 0xd, 0xfa, 0x0, 0x0,
    0x0, 0xd, 0xfa, 0x7, 0xff, 0x30, 0x0, 0x0,
    0x6f, 0xf5, 0x1, 0xef, 0xf8, 0x32, 0x39, 0xff,
    0xc0, 0x0, 0x3e, 0xff, 0xff, 0xff, 0xfd, 0x20,
    0x0, 0x1, 0x7c, 0xef, 0xeb, 0x60, 0x0,

    /* U+0056 "V" */
    0x1f, 0xf2, 0x0, 0x0, 0x0, 0x0, 0x6f, 0xd0,
    0xef, 0x80, 0x0, 0x0, 0x0, 0xd, 0xf9, 0x9,
    0xfd, 0x0, 0x0, 0x0, 0x2, 0xff, 0x40, 0x3f,
    0xf3, 0x0, 0x0, 0x0, 0x8f, 0xe0, 0x0, 0xdf,
    0x80, 0x0, 0x0, 0xd, 0xf9, 0x0, 0x8, 0xfe,
    0x0, 0x0, 0x2, 0xff, 0x30, 0x0, 0x3f, 0xf3,
    0x0, 0x0, 0x8f, 0xe0, 0x0, 0x0, 0xdf, 0x90,
    0x0, 0xd, 0xf8, 0x0, 0x0, 0x8, 0xfe, 0x0,
    0x3, 0xff, 0x30, 0x0, 0x0, 0x2f, 0xf3, 0x0,
    0x8f, 0xd0, 0x0, 0x0, 0x0, 0xdf, 0x90, 0xe,
    0xf8, 0x0, 0x0, 0x0, 0x7, 0xfe, 0x3, 0xff,
    0x20, 0x0, 0x0, 0x0, 0x2f, 0xf4, 0x9f, 0xd0,
    0x0, 0x0, 0x0, 0x0, 0xcf, 0x9e, 0xf7, 0x0,
    0x0, 0x0, 0x0, 0x7, 0xff, 0xff, 0x20, 0x0,
    0x0, 0x0, 0x0, 0x1f, 0xff, 0xc0, 0x0, 0x0,
    0x0, 0x0, 0x0, 0xaf, 0xf5, 0x0, 0x0, 0x0,

    /* U+0057 "W" */
    0xdf, 0x50, 0x0, 0x0, 0x0, 0x0, 0x0, 0x2f,
    0xf1, 0xcf, 0x90, 0x0, 0x0, 0x0, 0x0, 0x0,
    0x5f, 0xf0, 0x9f, 0xc0, 0x0, 0x0, 0x0, 0x0,
    0x0, 0x8f, 0xc0, 0x6f, 0xf0, 0x0, 0x0, 0x0,
    0x0, 0x0, 0xcf, 0x90, 0x2f, 0xf2, 0x0, 0x7,
    0xfb, 0x0, 0x0, 0xff, 0x60, 0xf, 0xf5, 0x0,
    0xe, 0xff, 0x10, 0x2, 0xff, 0x30, 0xc, 0xf8,
    0x0, 0x2f, 0xff, 0x60, 0x5, 0xff, 0x0, 0x9,
    0xfb, 0x0, 0x7f, 0xdf, 0xb0, 0x8, 0xfc, 0x0,
    0x6, 0xfe, 0x0, 0xcf, 0x4f, 0xf0, 0xb, 0xf9,
    0x0, 0x3, 0xff, 0x21, 0xfe, 0xb, 0xf5, 0xe,
    0xf6, 0x0, 0x0, 0xff, 0x56, 0xf8, 0x5, 0xfa,
    0x1f, 0xf3, 0x0, 0x0, 0xcf, 0x8b, 0xf3, 0x0,
    0xfe, 0x4f, 0xf0, 0x0, 0x0, 0x9f, 0xcf, 0xe0,
    0x0, 0xbf, 0xbf, 0xc0, 0x0, 0x0, 0x6f, 0xff,
    0x90, 0x0, 0x6f, 0xff, 0x90, 0x0, 0x0, 0x3f,
    0xff, 0x40, 0x0, 0x1f, 0xff, 0x60, 0x0, 0x0,
    0xf, 0xfe, 0x0, 0x0, 0xb, 0xff, 0x30, 0x0,
    0x0, 0xb, 0xf8, 0x0, 0x0, 0x5, 0xfe, 0x0,
    0x0,

    /* U+0058 "X" */
    0xf, 0xf7, 0x0, 0x0, 0x0, 0x3, 0xff, 0x30,
    0x9f, 0xf3, 0x0, 0x0, 0x0, 0xdf, 0xb0, 0x0,
    0xdf, 0xd0, 0x0, 0x0, 0x9f, 0xf2, 0x0, 0x3,
    0xff, 0x90, 0x0, 0x4f, 0xf6, 0x0, 0x0, 0x8,
    0xff, 0x40, 0x1e, 0xfb, 0x0, 0x0, 0x0, 0xc,
    0xfe, 0x1a, 0xfe, 0x10, 0x0, 0x0, 0x0, 0x2f,
    0xfd, 0xff, 0x50, 0x0, 0x0, 0x0, 0x0, 0x6f,
    0xff, 0xa0, 0x0, 0x0, 0x0, 0x0, 0x0, 0xff,
    0xf4, 0x0, 0x0, 0x0, 0x0, 0x0, 0xaf, 0xff,
    0xd0, 0x0, 0x0, 0x0, 0x0, 0x5f, 0xfa, 0xff,
    0x90, 0x0, 0x0, 0x0, 0x1e, 0xfb, 0x9, 0xff,
    0x40, 0x0, 0x0, 0xb, 0xfe, 0x10, 0xd, 0xfe,
    0x10, 0x0, 0x6, 0xff, 0x40, 0x0, 0x2f, 0xfa,
    0x0, 0x2, 0xff, 0x90, 0x0, 0x0, 0x7f, 0xf5,
    0x0, 0xcf, 0xd0, 0x0, 0x0, 0x0, 0xbf, 0xf1,
    0x4f, 0xf3, 0x0, 0x0, 0x0, 0x1, 0xef, 0x80,

    /* U+0059 "Y" */
    0x2f, 0xf2, 0x0, 0x0, 0x0, 0x0, 0x9f, 0xb0,
    0xcf, 0xb0, 0x0, 0x0, 0x0, 0x3f, 0xf4, 0x3,
    0xff, 0x50, 0x0, 0x0, 0xc, 0xfb, 0x0, 0xa,
    0xfd, 0x0, 0x0, 0x6, 0xff, 0x20, 0x0, 0x1f,
    0xf8, 0x0, 0x1, 0xef, 0x80, 0x0, 0x0, 0x7f,
    0xf2, 0x0, 0x9f, 0xe1, 0x0, 0x0, 0x0, 0xdf,
    0xb0, 0x3f, 0xf6, 0x0, 0x0, 0x0, 0x4, 0xff,
    0x4c, 0xfc, 0x0, 0x0, 0x0, 0x0, 0xb, 0xff,
    0xff, 0x30, 0x0, 0x0, 0x0, 0x0, 0x2f, 0xff,
    0xa0, 0x0, 0x0, 0x0, 0x0, 0x0, 0x9f, 0xf1,
    0x0, 0x0, 0x0, 0x0, 0x0, 0x6, 0xff, 0x0,
    0x0, 0x0, 0x0, 0x0, 0x0, 0x6f, 0xf0, 0x0,
    0x0, 0x0, 0x0, 0x0, 0x6, 0xff, 0x0, 0x0,
    0x0, 0x0, 0x0, 0x0, 0x6f, 0xf0, 0x0, 0x0,
    0x0, 0x0, 0x0, 0x6, 0xff, 0x0, 0x0, 0x0,
    0x0, 0x0, 0x0, 0x5f, 0xd0, 0x0, 0x0, 0x0,

    /* U+005A "Z" */
    0xb, 0xff, 0xff, 0xff, 0xff, 0xff, 0xf2, 0xc,
    0xff, 0xff, 0xff, 0xff, 0xff, 0xf3, 0x0, 0x22,
    0x22, 0x22, 0x23, 0xff, 0xd0, 0x0, 0x0, 0x0,
    0x0, 0xb, 0xff, 0x20, 0x0, 0x0, 0x0, 0x0,
    0x7f, 0xf6, 0x0, 0x0, 0x0, 0x0, 0x3, 0xff,
    0xb0, 0x0, 0x0, 0x0, 0x0, 0xd, 0xfe, 0x10,
    0x0, 0x0, 0x0, 0x0, 0x9f, 0xf4, 0x0, 0x0,
    0x0, 0x0, 0x5, 0xff, 0x90, 0x0, 0x0, 0x0,
    0x0, 0x1e, 0xfd, 0x0, 0x0, 0x0, 0x0, 0x0,
    0xcf, 0xf2, 0x0, 0x0, 0x0, 0x0, 0x8, 0xff,
    0x60, 0x0, 0x0, 0x0, 0x0, 0x3f, 0xfb, 0x0,
    0x0, 0x0, 0x0, 0x1, 0xef, 0xe1, 0x0, 0x0,
    0x0, 0x0, 0xa, 0xff, 0x62, 0x22, 0x22, 0x22,
    0x20, 0xf, 0xff, 0xff, 0xff, 0xff, 0xff, 0xf6,
    0xe, 0xff, 0xff, 0xff, 0xff, 0xff, 0xf5,

    /* U+005B "[" */
    0x2f, 0xff, 0xff, 0x14, 0xff, 0xff, 0xf1, 0x4f,
    0xe0, 0x0, 0x4, 0xfe, 0x0, 0x0, 0x4f, 0xe0,
    0x0, 0x4, 0xfe, 0x0, 0x0, 0x4f, 0xe0, 0x0,
    0x4, 0xfe, 0x0, 0x0, 0x4f, 0xe0, 0x0, 0x4,
    0xfe, 0x0, 0x0, 0x4f, 0xe0, 0x0, 0x4, 0xfe,
    0x0, 0x0, 0x4f, 0xe0, 0x0, 0x4, 0xfe, 0x0,
    0x0, 0x4f, 0xe0, 0x0, 0x4, 0xfe, 0x0, 0x0,
    0x4f, 0xe0, 0x0, 0x4, 0xfe, 0x0, 0x0, 0x4f,
    0xe0, 0x0, 0x4, 0xfe, 0x0, 0x0, 0x4f, 0xe1,
    0x11, 0x4, 0xff, 0xff, 0xf1, 0x2f, 0xff, 0xff,
    0x10,

    /* U+005C "\\" */
    0x27, 0x30, 0x0, 0x0, 0x0, 0x3, 0xfd, 0x0,
    0x0, 0x0, 0x0, 0xd, 0xf4, 0x0, 0x0, 0x0,
    0x0, 0x6f, 0xa0, 0x0, 0x0, 0x0, 0x1, 0xff,
    0x10, 0x0, 0x0, 0x0, 0x9, 0xf7, 0x0, 0x0,
    0x0, 0x0, 0x3f, 0xe0, 0x0, 0x0, 0x0, 0x0,
    0xcf, 0x40, 0x0, 0x0, 0x0, 0x6, 0xfb, 0x0,
    0x0, 0x0, 0x0, 0xf, 0xf1, 0x0, 0x0, 0x0,
    0x0, 0x9f, 0x80, 0x0, 0x0, 0x0, 0x2, 0xfe,
    0x0, 0x0, 0x0, 0x0, 0xc, 0xf5, 0x0, 0x0,
    0x0, 0x0, 0x5f, 0xb0, 0x0, 0x0, 0x0, 0x0,
    0xef, 0x20, 0x0, 0x0, 0x0, 0x8, 0xf8, 0x0,
    0x0, 0x0, 0x0, 0x2f, 0xe0, 0x0, 0x0, 0x0,
    0x0, 0xbf, 0x50, 0x0, 0x0, 0x0, 0x5, 0xfc,
    0x0, 0x0, 0x0, 0x0, 0xe, 0xf2, 0x0, 0x0,
    0x0, 0x0, 0x8f, 0x90, 0x0, 0x0, 0x0, 0x1,
    0xfd,

    /* U+005D "]" */
    0x4f, 0xff, 0xfe, 0x4, 0xff, 0xff, 0xf1, 0x0,
    0x1, 0xff, 0x10, 0x0, 0x1f, 0xf1, 0x0, 0x1,
    0xff, 0x10, 0x0, 0x1f, 0xf1, 0x0, 0x1, 0xff,
    0x10, 0x0, 0x1f, 0xf1, 0x0, 0x1, 0xff, 0x10,
    0x0, 0x1f, 0xf1, 0x0, 0x1, 0xff, 0x10, 0x0,
    0x1f, 0xf1, 0x0, 0x1, 0xff, 0x10, 0x0, 0x1f,
    0xf1, 0x0, 0x1, 0xff, 0x10, 0x0, 0x1f, 0xf1,
    0x0, 0x1, 0xff, 0x10, 0x0, 0x1f, 0xf1, 0x0,
    0x1, 0xff, 0x10, 0x0, 0x1f, 0xf1, 0x1, 0x12,
    0xff, 0x14, 0xff, 0xff, 0xf1, 0x4f, 0xff, 0xff,
    0x0,

    /* U+005E "^" */
    0x0, 0x6, 0x71, 0x0, 0x0, 0x8f, 0xfd, 0x10,
    0x7, 0xfd, 0xaf, 0xc0, 0x4f, 0x90, 0x5, 0xea,

    /* U+005F "_" */
    0x0, 0x11, 0x11, 0x11, 0x11, 0x11, 0x11, 0x0,
    0x7f, 0xff, 0xff, 0xff, 0xff, 0xff, 0xff, 0xf6,
    0x7f, 0xff, 0xff, 0xff, 0xff, 0xff, 0xff, 0xf6,

    /* U+0060 "`" */
    0x27, 0x72, 0x0, 0x2e, 0xfe, 0x10, 0x1, 0xcf,
    0xc0, 0x0, 0xa, 0xf6,

    /* U+0061 "a" */
    0x0, 0x3, 0xbe, 0xfe, 0xb5, 0x0, 0x0, 0x6f,
    0xfe, 0xde, 0xff, 0x80, 0x1, 0xff, 0x80, 0x0,
    0x6f, 0xf2, 0x1, 0xa8, 0x0, 0x0, 0xd, 0xf6,
    0x0, 0x0, 0x0, 0x0, 0xb, 0xf8, 0x0, 0x0,
    0x48, 0xad, 0xff, 0xf9, 0x0, 0x6e, 0xff, 0xfd,
    0xad, 0xf9, 0x7, 0xff, 0x82, 0x0, 0xb, 0xf9,
    0xf, 0xf5, 0x0, 0x0, 0xd, 0xf9, 0x1f, 0xf2,
    0x0, 0x0, 0x3f, 0xf9, 0xd, 0xfb, 0x10, 0x4,
    0xef, 0xf9, 0x4, 0xff, 0xfe, 0xef, 0xec, 0xf9,
    0x0, 0x2a, 0xef, 0xe9, 0x18, 0xf7,

    /* U+0062 "b" */
    0x2f, 0xf0, 0x0, 0x0, 0x0, 0x0, 0x3, 0xff,
    0x10, 0x0, 0x0, 0x0, 0x0, 0x3f, 0xf1, 0x0,
    0x0, 0x0, 0x0, 0x3, 0xff, 0x10, 0x0, 0x0,
    0x0, 0x0, 0x3f, 0xf1, 0x6c, 0xff, 0xc5, 0x0,
    0x3, 0xff, 0xbf, 0xff, 0xff, 0xf8, 0x0, 0x3f,
    0xff, 0x92, 0x2, 0xaf, 0xf3, 0x3, 0xff, 0xa0,
    0x0, 0x0, 0xcf, 0xa0, 0x3f, 0xf3, 0x0, 0x0,
    0x6, 0xfe, 0x3, 0xff, 0x10, 0x0, 0x0, 0x4f,
    0xf0, 0x3f, 0xf0, 0x0, 0x0, 0x3, 0xff, 0x13,
    0xff, 0x10, 0x0, 0x0, 0x4f, 0xf0, 0x3f, 0xf4,
    0x0, 0x0, 0x6, 0xfe, 0x3, 0xff, 0xb0, 0x0,
    0x0, 0xcf, 0xa0, 0x3f, 0xff, 0x92, 0x2, 0xaf,
    0xf3, 0x3, 0xff, 0xbf, 0xff, 0xff, 0xf8, 0x0,
    0x2f, 0xe0, 0x6c, 0xff, 0xc5, 0x0, 0x0,

    /* U+0063 "c" */
    0x0, 0x29, 0xdf, 0xfc, 0x70, 0x0, 0x3, 0xff,
    0xff, 0xff, 0xfd, 0x10, 0xe, 0xfd, 0x30, 0x5,
    0xff, 0xb0, 0x6f, 0xf1, 0x0, 0x0, 0x6f, 0xf1,
    0x9f, 0xa0, 0x0, 0x0, 0x8, 0x80, 0xbf, 0x80,
    0x0, 0x0, 0x0, 0x0, 0xcf, 0x80, 0x0, 0x0,
    0x0, 0x0, 0xbf, 0x80, 0x0, 0x0, 0x0, 0x0,
    0x9f, 0xa0, 0x0, 0x0, 0x8, 0x80, 0x6f, 0xf1,
    0x0, 0x0, 0x6f, 0xf1, 0xe, 0xfd, 0x30, 0x5,
    0xff, 0xa0, 0x3, 0xff, 0xff, 0xff, 0xfd, 0x10,
    0x0, 0x29, 0xdf, 0xfc, 0x70, 0x0,

    /* U+0064 "d" */
    0x0, 0x0, 0x0, 0x0, 0xb, 0xf6, 0x0, 0x0,
    0x0, 0x0, 0xc, 0xf7, 0x0, 0x0, 0x0, 0x0,
    0xc, 0xf7, 0x0, 0x0, 0x0, 0x0, 0xc, 0xf7,
    0x0, 0x3a, 0xef, 0xd8, 0xc, 0xf7, 0x4, 0xff,
    0xff, 0xff, 0xdd, 0xf7, 0xe, 0xfd, 0x30, 0x16,
    0xff, 0xf7, 0x6f, 0xf1, 0x0, 0x0, 0x6f, 0xf7,
    0x9f, 0xb0, 0x0, 0x0, 0xe, 0xf7, 0xbf, 0x80,
    0x0, 0x0, 0xc, 0xf7, 0xcf, 0x80, 0x0, 0x0,
    0xc, 0xf7, 0xbf, 0x80, 0x0, 0x0, 0xc, 0xf7,
    0x9f, 0xb0, 0x0, 0x0, 0xf, 0xf7, 0x6f, 0xf1,
    0x0, 0x0, 0x6f, 0xf7, 0xe, 0xfd, 0x30, 0x16,
    0xff, 0xf7, 0x4, 0xff, 0xff, 0xff, 0xdc, 0xf7,
    0x0, 0x3a, 0xef, 0xd8, 0x19, 0xf6,

    /* U+0065 "e" */
    0x0, 0x18, 0xdf, 0xec, 0x50, 0x0, 0x3, 0xef,
    0xfd, 0xef, 0xfa, 0x0, 0xe, 0xfa, 0x10, 0x4,
    0xef, 0x70, 0x6f, 0xe0, 0x0, 0x0, 0x6f, 0xe0,
    0xaf, 0x90, 0x0, 0x0, 0xf, 0xf2, 0xcf, 0xdb,
    0xbb, 0xbb, 0xbf, 0xf4, 0xdf, 0xff, 0xff, 0xff,
    0xff, 0xf4, 0xbf, 0x80, 0x0, 0x0, 0x0, 0x0,
    0x9f, 0xb0, 0x0, 0x0, 0x0, 0x0, 0x4f, 0xf2,
    0x0, 0x0, 0x3b, 0xa0, 0xd, 0xfd, 0x20, 0x4,
    0xef, 0xb0, 0x2, 0xef, 0xfd, 0xef, 0xfc, 0x10,
    0x0, 0x18, 0xdf, 0xfc, 0x60, 0x0,

    /* U+0066 "f" */
    0x0, 0x0, 0x5c, 0xff, 0xf1, 0x0, 0x5, 0xff,
    0xff, 0xe1, 0x0, 0xc, 0xfb, 0x10, 0x0, 0x0,
    0xe, 0xf5, 0x0, 0x0, 0x0, 0xf, 0xf4, 0x0,
    0x0, 0x7f, 0xff, 0xff, 0xff, 0xd0, 0x7f, 0xff,
    0xff, 0xff, 0xc0, 0x0, 0xf, 0xf4, 0x0, 0x0,
    0x0, 0xf, 0xf4, 0x0, 0x0, 0x0, 0xf, 0xf4,
    0x0, 0x0, 0x0, 0xf, 0xf4, 0x0, 0x0, 0x0,
    0xf, 0xf4, 0x0, 0x0, 0x0, 0xf, 0xf4, 0x0,
    0x0, 0x0, 0xf, 0xf4, 0x0, 0x0, 0x0, 0xf,
    0xf4, 0x0, 0x0, 0x0, 0xf, 0xf4, 0x0, 0x0,
    0x0, 0xf, 0xf4, 0x0, 0x0, 0x0, 0xe, 0xf2,
    0x0, 0x0,

    /* U+0067 "g" */
    0x0, 0x2a, 0xef, 0xd8, 0x9, 0xf6, 0x4, 0xff,
    0xff, 0xff, 0xdc, 0xf8, 0xe, 0xfd, 0x40, 0x16,
    0xff, 0xf8, 0x5f, 0xf2, 0x0, 0x0, 0x6f, 0xf8,
    0x9f, 0xb0, 0x0, 0x0, 0xf, 0xf8, 0xbf, 0x90,
    0x0, 0x0, 0xc, 0xf8, 0xcf, 0x80, 0x0, 0x0,
    0xc, 0xf8, 0xbf, 0x90, 0x0, 0x0, 0xc, 0xf8,
    0x9f, 0xb0, 0x0, 0x0, 0xf, 0xf8, 0x5f, 0xf2,
    0x0, 0x0, 0x6f, 0xf8, 0xe, 0xfd, 0x30, 0x6,
    0xff, 0xf8, 0x4, 0xff, 0xff, 0xff, 0xdd, 0xf8,
    0x0, 0x3a, 0xef, 0xe8, 0x1c, 0xf8, 0x1, 0x0,
    0x0, 0x0, 0xd, 0xf6, 0x7f, 0xd0, 0x0, 0x0,
    0x1f, 0xf3, 0x2f, 0xf9, 0x10, 0x2, 0xcf, 0xd0,
    0x7, 0xff, 0xfe, 0xef, 0xfe, 0x30, 0x0, 0x3a,
    0xef, 0xfd, 0x81, 0x0,

    /* U+0068 "h" */
    0x2f, 0xf1, 0x0, 0x0, 0x0, 0x0, 0x3f, 0xf1,
    0x0, 0x0, 0x0, 0x0, 0x3f, 0xf1, 0x0, 0x0,
    0x0, 0x0, 0x3f, 0xf1, 0x0, 0x0, 0x0, 0x0,
    0x3f, 0xf1, 0x5c, 0xff, 0xc5, 0x0, 0x3f, 0xfa,
    0xff, 0xff, 0xff, 0x90, 0x3f, 0xff, 0x92, 0x2,
    0xbf, 0xf4, 0x3f, 0xfb, 0x0, 0x0, 0xe, 0xfa,
    0x3f, 0xf4, 0x0, 0x0, 0x8, 0xfd, 0x3f, 0xf2,
    0x0, 0x0, 0x6, 0xfe, 0x3f, 0xf1, 0x0, 0x0,
    0x6, 0xff, 0x3f, 0xf1, 0x0, 0x0, 0x6, 0xff,
    0x3f, 0xf1, 0x0, 0x0, 0x6, 0xff, 0x3f, 0xf1,
    0x0, 0x0, 0x6, 0xff, 0x3f, 0xf1, 0x0, 0x0,
    0x6, 0xff, 0x3f, 0xf1, 0x0, 0x0, 0x6, 0xff,
    0x2f, 0xf1, 0x0, 0x0, 0x4, 0xfd,

    /* U+0069 "i" */
    0x5f, 0xf2, 0x6f, 0xf3, 0x17, 0x70, 0x0, 0x0,
    0x2f, 0xe0, 0x3f, 0xf0, 0x3f, 0xf0, 0x3f, 0xf0,
    0x3f, 0xf0, 0x3f, 0xf0, 0x3f, 0xf0, 0x3f, 0xf0,
    0x3f, 0xf0, 0x3f, 0xf0, 0x3f, 0xf0, 0x3f, 0xf0,
    0x2f, 0xe0,

    /* U+006A "j" */
    0x0, 0x1f, 0xf6, 0x0, 0x2f, 0xf7, 0x0, 0x7,
    0x72, 0x0, 0x0, 0x0, 0x0, 0xe, 0xf3, 0x0,
    0xf, 0xf4, 0x0, 0xf, 0xf4, 0x0, 0xf, 0xf4,
    0x0, 0xf, 0xf4, 0x0, 0xf, 0xf4, 0x0, 0xf,
    0xf4, 0x0, 0xf, 0xf4, 0x0, 0xf, 0xf4, 0x0,
    0xf, 0xf4, 0x0, 0xf, 0xf4, 0x0, 0xf, 0xf4,
    0x0, 0xf, 0xf4, 0x0, 0xf, 0xf4, 0x0, 0x1f,
    0xf3, 0x0, 0x8f, 0xf0, 0xbf, 0xff, 0x80, 0xbf,
    0xd7, 0x0,

    /* U+006B "k" */
    0x2f, 0xe0, 0x0, 0x0, 0x0, 0x0, 0x3f, 0xf0,
    0x0, 0x0, 0x0, 0x0, 0x3f, 0xf0, 0x0, 0x0,
    0x0, 0x0, 0x3f, 0xf0, 0x0, 0x0, 0x0, 0x0,
    0x3f, 0xf0, 0x0, 0x5, 0xff, 0x50, 0x3f, 0xf0,
    0x0, 0x7f, 0xf9, 0x0, 0x3f, 0xf0, 0x9, 0xff,
    0x70, 0x0, 0x3f, 0xf1, 0xbf, 0xf5, 0x0, 0x0,
    0x3f, 0xfd, 0xfe, 0x30, 0x0, 0x0, 0x3f, 0xff,
    0xe2, 0x0, 0x0, 0x0, 0x3f, 0xff, 0xf5, 0x0,
    0x0, 0x0, 0x3f, 0xfb, 0xff, 0x50, 0x0, 0x0,
    0x3f, 0xf0, 0xaf, 0xf5, 0x0, 0x0, 0x3f, 0xf0,
    0xa, 0xff, 0x50, 0x0, 0x3f, 0xf0, 0x0, 0xaf,
    0xf5, 0x0, 0x3f, 0xf0, 0x0, 0xa, 0xff, 0x40,
    0x2f, 0xe0, 0x0, 0x0, 0xaf, 0xf0,

    /* U+006C "l" */
    0x2f, 0xe0, 0x3f, 0xf0, 0x3f, 0xf0, 0x3f, 0xf0,
    0x3f, 0xf0, 0x3f, 0xf0, 0x3f, 0xf0, 0x3f, 0xf0,
    0x3f, 0xf0, 0x3f, 0xf0, 0x3f, 0xf0, 0x3f, 0xf0,
    0x3f, 0xf0, 0x3f, 0xf0, 0x3f, 0xf0, 0x3f, 0xf0,
    0x2f, 0xe0,

    /* U+006D "m" */
    0x2f, 0xd1, 0x9e, 0xfd, 0x70, 0x2, 0xae, 0xfc,
    0x50, 0x3, 0xff, 0xdf, 0xff, 0xff, 0xa4, 0xff,
    0xff, 0xff, 0x70, 0x3f, 0xff, 0x50, 0x19, 0xff,
    0xfe, 0x40, 0x2a, 0xff, 0x23, 0xff, 0x70, 0x0,
    0xc, 0xff, 0x40, 0x0, 0xe, 0xf7, 0x3f, 0xf2,
    0x0, 0x0, 0x7f, 0xf0, 0x0, 0x0, 0xaf, 0x93,
    0xff, 0x0, 0x0, 0x6, 0xfd, 0x0, 0x0, 0x8,
    0xfa, 0x3f, 0xf0, 0x0, 0x0, 0x6f, 0xd0, 0x0,
    0x0, 0x8f, 0xb3, 0xff, 0x0, 0x0, 0x6, 0xfd,
    0x0, 0x0, 0x8, 0xfb, 0x3f, 0xf0, 0x0, 0x0,
    0x6f, 0xd0, 0x0, 0x0, 0x8f, 0xb3, 0xff, 0x0,
    0x0, 0x6, 0xfd, 0x0, 0x0, 0x8, 0xfb, 0x3f,
    0xf0, 0x0, 0x0, 0x6f, 0xd0, 0x0, 0x0, 0x8f,
    0xb3, 0xff, 0x0, 0x0, 0x6, 0xfd, 0x0, 0x0,
    0x8, 0xfb, 0x2f, 0xe0, 0x0, 0x0, 0x4f, 0xc0,
    0x0, 0x0, 0x7f, 0x90,

    /* U+006E "n" */
    0x2f, 0xe0, 0x6c, 0xff, 0xc5, 0x0, 0x3f, 0xfa,
    0xff, 0xff, 0xff, 0x80, 0x3f, 0xff, 0x92, 0x3,
    0xcf, 0xf3, 0x3f, 0xfa, 0x0, 0x0, 0xe, 0xf9,
    0x3f, 0xf3, 0x0, 0x0, 0x9, 0xfc, 0x3f, 0xf1,
    0x0, 0x0, 0x7, 0xfe, 0x3f, 0xf1, 0x0, 0x0,
    0x6, 0xfe, 0x3f, 0xf1, 0x0, 0x0, 0x6, 0xfe,
    0x3f, 0xf1, 0x0, 0x0, 0x6, 0xfe, 0x3f, 0xf1,
    0x0, 0x0, 0x6, 0xfe, 0x3f, 0xf1, 0x0, 0x0,
    0x6, 0xfe, 0x3f, 0xf1, 0x0, 0x0, 0x6, 0xfe,
    0x2f, 0xf0, 0x0, 0x0, 0x5, 0xfc,

    /* U+006F "o" */
    0x0, 0x18, 0xdf, 0xec, 0x70, 0x0, 0x3, 0xef,
    0xff, 0xff, 0xfd, 0x10, 0xe, 0xfd, 0x30, 0x5,
    0xef, 0xa0, 0x5f, 0xf2, 0x0, 0x0, 0x5f, 0xf2,
    0x9f, 0xb0, 0x0, 0x0, 0xf, 0xf6, 0xbf, 0x90,
    0x0, 0x0, 0xc, 0xf8, 0xcf, 0x80, 0x0, 0x0,
    0xc, 0xf8, 0xbf, 0x90, 0x0, 0x0, 0xc, 0xf8,
    0x9f, 0xb0, 0x0, 0x0, 0xf, 0xf6, 0x5f, 0xf2,
    0x0, 0x0, 0x5f, 0xf2, 0xe, 0xfd, 0x30, 0x5,
    0xef, 0xa0, 0x3, 0xef, 0xff, 0xff, 0xfd, 0x10,
    0x0, 0x19, 0xdf, 0xfc, 0x70, 0x0,

    /* U+0070 "p" */
    0x2f, 0xe0, 0x6c, 0xff, 0xc5, 0x0, 0x3, 0xff,
    0xaf, 0xff, 0xff, 0xf9, 0x0, 0x3f, 0xff, 0x92,
    0x2, 0xaf, 0xf4, 0x3, 0xff, 0xb0, 0x0, 0x0,
    0xcf, 0xb0, 0x3f, 0xf4, 0x0, 0x0, 0x6, 0xff,
    0x3, 0xff, 0x10, 0x0, 0x0, 0x4f, 0xf0, 0x3f,
    0xf0, 0x0, 0x0, 0x3, 0xff, 0x13, 0xff, 0x10,
    0x0, 0x0, 0x4f, 0xf0, 0x3f, 0xf3, 0x0, 0x0,
    0x6, 0xfe, 0x3, 0xff, 0xa0, 0x0, 0x0, 0xcf,
    0xa0, 0x3f, 0xff, 0x92, 0x2, 0xaf, 0xf4, 0x3,
    0xff, 0xaf, 0xff, 0xff, 0xf8, 0x0, 0x3f, 0xf1,
    0x6c, 0xff, 0xc5, 0x0, 0x3, 0xff, 0x10, 0x0,
    0x0, 0x0, 0x0, 0x3f, 0xf1, 0x0, 0x0, 0x0,
    0x0, 0x3, 0xff, 0x10, 0x0, 0x0, 0x0, 0x0,
    0x3f, 0xf1, 0x0, 0x0, 0x0, 0x0, 0x2, 0xff,
    0x0, 0x0, 0x0, 0x0, 0x0,

    /* U+0071 "q" */
    0x0, 0x3a, 0xef, 0xd8, 0x9, 0xf6, 0x4, 0xff,
    0xff, 0xff, 0xdc, 0xf8, 0xe, 0xfd, 0x40, 0x16,
    0xff, 0xf8, 0x5f, 0xf2, 0x0, 0x0, 0x6f, 0xf8,
    0x9f, 0xb0, 0x0, 0x0, 0xf, 0xf8, 0xbf, 0x90,
    0x0, 0x0, 0xc, 0xf8, 0xcf, 0x80, 0x0, 0x0,
    0xb, 0xf8, 0xbf, 0x90, 0x0, 0x0, 0xc, 0xf8,
    0x9f, 0xb0, 0x0, 0x0, 0xe, 0xf8, 0x5f, 0xf2,
    0x0, 0x0, 0x6f, 0xf8, 0xe, 0xfd, 0x40, 0x16,
    0xff, 0xf8, 0x4, 0xff, 0xff, 0xff, 0xdd, 0xf8,
    0x0, 0x2a, 0xef, 0xd8, 0xc, 0xf8, 0x0, 0x0,
    0x0, 0x0, 0xc, 0xf8, 0x0, 0x0, 0x0, 0x0,
    0xc, 0xf8, 0x0, 0x0, 0x0, 0x0, 0xc, 0xf8,
    0x0, 0x0, 0x0, 0x0, 0xc, 0xf8, 0x0, 0x0,
    0x0, 0x0, 0xa, 0xf6,

    /* U+0072 "r" */
    0x2f, 0xe1, 0x9e, 0xfc, 0x3f, 0xfd, 0xff, 0xfd,
    0x3f, 0xff, 0x72, 0x10, 0x3f, 0xf7, 0x0, 0x0,
    0x3f, 0xf2, 0x0, 0x0, 0x3f, 0xf1, 0x0, 0x0,
    0x3f, 0xf1, 0x0, 0x0, 0x3f, 0xf1, 0x0, 0x0,
    0x3f, 0xf1, 0x0, 0x0, 0x3f, 0xf1, 0x0, 0x0,
    0x3f, 0xf1, 0x0, 0x0, 0x3f, 0xf1, 0x0, 0x0,
    0x2f, 0xf0, 0x0, 0x0,

    /* U+0073 "s" */
    0x0, 0x7, 0xdf, 0xfd, 0x80, 0x0, 0x0, 0xcf,
    0xfd, 0xdf, 0xfd, 0x10, 0x6, 0xfe, 0x20, 0x2,
    0xcf, 0xa0, 0x9, 0xf9, 0x0, 0x0, 0x15, 0x30,
    0x8, 0xfe, 0x20, 0x0, 0x0, 0x0, 0x1, 0xef,
    0xfc, 0x73, 0x0, 0x0, 0x0, 0x19, 0xff, 0xff,
    0xe7, 0x0, 0x0, 0x0, 0x3, 0x7c, 0xff, 0xa0,
    0x0, 0x0, 0x0, 0x0, 0x6f, 0xf1, 0x6, 0x70,
    0x0, 0x0, 0x2f, 0xf3, 0xd, 0xfc, 0x20, 0x0,
    0xaf, 0xe0, 0x3, 0xef, 0xfd, 0xdf, 0xff, 0x50,
    0x0, 0x18, 0xdf, 0xfd, 0x92, 0x0,

    /* U+0074 "t" */
    0x0, 0x1f, 0xf0, 0x0, 0x0, 0x2, 0xff, 0x10,
    0x0, 0x0, 0x2f, 0xf1, 0x0, 0x0, 0x2, 0xff,
    0x10, 0x0, 0x7f, 0xff, 0xff, 0xff, 0x87, 0xff,
    0xff, 0xff, 0xf7, 0x0, 0x2f, 0xf1, 0x0, 0x0,
    0x2, 0xff, 0x10, 0x0, 0x0, 0x2f, 0xf1, 0x0,
    0x0, 0x2, 0xff, 0x10, 0x0, 0x0, 0x2f, 0xf1,
    0x0, 0x0, 0x2, 0xff, 0x10, 0x0, 0x0, 0x2f,
    0xf1, 0x0, 0x0, 0x1, 0xff, 0x30, 0x0, 0x0,
    0xe, 0xfa, 0x10, 0x0, 0x0, 0x6f, 0xff, 0xfc,
    0x0, 0x0, 0x6d, 0xff, 0xc0,

    /* U+0075 "u" */
    0x4f, 0xd0, 0x0, 0x0, 0x8, 0xf8, 0x5f, 0xf0,
    0x0, 0x0, 0xa, 0xfa, 0x5f, 0xf0, 0x0, 0x0,
    0xa, 0xfa, 0x5f, 0xf0, 0x0, 0x0, 0xa, 0xfa,
    0x5f, 0xf0, 0x0, 0x0, 0xa, 0xfa, 0x5f, 0xf0,
    0x0, 0x0, 0xa, 0xfa, 0x5f, 0xf0, 0x0, 0x0,
    0xa, 0xfa, 0x5f, 0xf0, 0x0, 0x0, 0xa, 0xfa,
    0x4f, 0xf1, 0x0, 0x0, 0xc, 0xfa, 0x1f, 0xf6,
    0x0, 0x0, 0x3f, 0xfa, 0xa, 0xff, 0x61, 0x5,
    0xef, 0xfa, 0x1, 0xef, 0xff, 0xff, 0xeb, 0xfa,
    0x0, 0x19, 0xef, 0xe9, 0x17, 0xf8,

    /* U+0076 "v" */
    0x2f, 0xe0, 0x0, 0x0, 0x0, 0xbf, 0x70, 0xef,
    0x60, 0x0, 0x0, 0x1f, 0xf3, 0x8, 0xfc, 0x0,
    0x0, 0x7, 0xfd, 0x0, 0x2f, 0xf2, 0x0, 0x0,
    0xdf, 0x70, 0x0, 0xcf, 0x80, 0x0, 0x3f, 0xf1,
    0x0, 0x6, 0xfd, 0x0, 0x9, 0xfa, 0x0, 0x0,
    0xf, 0xf3, 0x0, 0xef, 0x40, 0x0, 0x0, 0xaf,
    0x90, 0x5f, 0xe0, 0x0, 0x0, 0x4, 0xff, 0xb,
    0xf8, 0x0, 0x0, 0x0, 0xd, 0xf7, 0xff, 0x20,
    0x0, 0x0, 0x0, 0x7f, 0xff, 0xc0, 0x0, 0x0,
    0x0, 0x1, 0xff, 0xf6, 0x0, 0x0, 0x0, 0x0,
    0x9, 0xfd, 0x0, 0x0, 0x0,

    /* U+0077 "w" */
    0x1f, 0xe1, 0x0, 0x0, 0x6f, 0xa0, 0x0, 0x0,
    0xcf, 0x40, 0xef, 0x50, 0x0, 0xc, 0xff, 0x0,
    0x0, 0x1f, 0xf1, 0x9, 0xf9, 0x0, 0x1, 0xff,
    0xf4, 0x0, 0x5, 0xfc, 0x0, 0x4f, 0xe0, 0x0,
    0x5f, 0xef, 0x90, 0x0, 0xaf, 0x80, 0x0, 0xff,
    0x20, 0xa, 0xf5, 0xfe, 0x0, 0xe, 0xf3, 0x0,
    0xb, 0xf7, 0x0, 0xff, 0xb, 0xf3, 0x3, 0xfe,
    0x0, 0x0, 0x6f, 0xb0, 0x4f, 0xa0, 0x6f, 0x80,
    0x7f, 0xa0, 0x0, 0x1, 0xff, 0x9, 0xf5, 0x1,
    0xfd, 0xc, 0xf5, 0x0, 0x0, 0xd, 0xf4, 0xef,
    0x10, 0xc, 0xf3, 0xff, 0x10, 0x0, 0x0, 0x8f,
    0xcf, 0xb0, 0x0, 0x7f, 0xcf, 0xc0, 0x0, 0x0,
    0x3, 0xff, 0xf6, 0x0, 0x2, 0xff, 0xf7, 0x0,
    0x0, 0x0, 0xe, 0xff, 0x10, 0x0, 0xd, 0xff,
    0x20, 0x0, 0x0, 0x0, 0x8f, 0xb0, 0x0, 0x0,
    0x7f, 0xc0, 0x0, 0x0,

    /* U+0078 "x" */
    0xe, 0xf5, 0x0, 0x0, 0x5, 0xfe, 0x0, 0x7f,
    0xf2, 0x0, 0x2, 0xff, 0x70, 0x0, 0xbf, 0xd0,
    0x0, 0xdf, 0xb0, 0x0, 0x1, 0xef, 0x90, 0x9f,
    0xe1, 0x0, 0x0, 0x4, 0xff, 0x9f, 0xf4, 0x0,
    0x0, 0x0, 0x9, 0xff, 0xf8, 0x0, 0x0, 0x0,
    0x0, 0x2f, 0xff, 0x10, 0x0, 0x0, 0x0, 0xc,
    0xff, 0xfa, 0x0, 0x0, 0x0, 0x8, 0xff, 0x6f,
    0xf6, 0x0, 0x0, 0x4, 0xff, 0x50, 0x7f, 0xf3,
    0x0, 0x1, 0xef, 0xa0, 0x0, 0xbf, 0xd0, 0x0,
    0xbf, 0xd0, 0x0, 0x1, 0xef, 0xa0, 0x3f, 0xe2,
    0x0, 0x0, 0x4, 0xff, 0x10,

    /* U+0079 "y" */
    0x2f, 0xe1, 0x0, 0x0, 0x0, 0x9f, 0x80, 0xef,
    0x60, 0x0, 0x0, 0x1f, 0xf4, 0x8, 0xfd, 0x0,
    0x0, 0x7, 0xfd, 0x0, 0x2f, 0xf3, 0x0, 0x0,
    0xdf, 0x70, 0x0, 0xbf, 0x90, 0x0, 0x4f, 0xf1,
    0x0, 0x5, 0xff, 0x0, 0xa, 0xfa, 0x0, 0x0,
    0xe, 0xf6, 0x1, 0xff, 0x30, 0x0, 0x0, 0x8f,
    0xc0, 0x7f, 0xd0, 0x0, 0x0, 0x1, 0xff, 0x3e,
    0xf6, 0x0, 0x0, 0x0, 0xb, 0xfd, 0xff, 0x0,
    0x0, 0x0, 0x0, 0x4f, 0xff, 0x90, 0x0, 0x0,
    0x0, 0x0, 0xef, 0xf2, 0x0, 0x0, 0x0, 0x0,
    0xa, 0xfc, 0x0, 0x0, 0x0, 0x0, 0x0, 0xff,
    0x50, 0x0, 0x0, 0x0, 0x0, 0x6f, 0xe0, 0x0,
    0x0, 0x0, 0x0, 0xc, 0xf8, 0x0, 0x0, 0x0,
    0x0, 0x3, 0xff, 0x20, 0x0, 0x0, 0x0, 0x0,
    0x6f, 0xa0, 0x0, 0x0, 0x0,

    /* U+007A "z" */
    0xb, 0xff, 0xff, 0xff, 0xff, 0xc0, 0xa, 0xff,
    0xff, 0xff, 0xff, 0xc0, 0x0, 0x0, 0x0, 0x7,
    0xff, 0x50, 0x0, 0x0, 0x0, 0x3f, 0xf9, 0x0,
    0x0, 0x0, 0x1, 0xef, 0xd0, 0x0, 0x0, 0x0,
    0xb, 0xff, 0x20, 0x0, 0x0, 0x0, 0x7f, 0xf5,
    0x0, 0x0, 0x0, 0x4, 0xff, 0x90, 0x0, 0x0,
    0x0, 0x1e, 0xfd, 0x0, 0x0, 0x0, 0x0, 0xbf,
    0xf2, 0x0, 0x0, 0x0, 0x7, 0xff, 0x50, 0x0,
    0x0, 0x0, 0xf, 0xff, 0xff, 0xff, 0xff, 0xe3,
    0xe, 0xff, 0xff, 0xff, 0xff, 0xf4,

    /* U+007B "{" */
    0x0, 0x0, 0x19, 0xef, 0x20, 0x0, 0x1e, 0xff,
    0xf2, 0x0, 0x8, 0xfe, 0x30, 0x0, 0x0, 0xdf,
    0x50, 0x0, 0x0, 0xf, 0xf1, 0x0, 0x0, 0x2,
    0xff, 0x0, 0x0, 0x0, 0x2f, 0xf0, 0x0, 0x0,
    0x3, 0xfe, 0x0, 0x0, 0x0, 0x5f, 0xd0, 0x0,
    0x0, 0xc, 0xfa, 0x0, 0x0, 0xc, 0xff, 0x20,
    0x0, 0x4, 0xff, 0x60, 0x0, 0x0, 0xc, 0xff,
    0x30, 0x0, 0x0, 0xc, 0xfa, 0x0, 0x0, 0x0,
    0x5f, 0xd0, 0x0, 0x0, 0x3, 0xfe, 0x0, 0x0,
    0x0, 0x2f, 0xf0, 0x0, 0x0, 0x2, 0xff, 0x0,
    0x0, 0x0, 0xf, 0xf1, 0x0, 0x0, 0x0, 0xdf,
    0x50, 0x0, 0x0, 0x8, 0xfe, 0x30, 0x0, 0x0,
    0x1e, 0xff, 0xf2, 0x0, 0x0, 0x19, 0xef, 0x20,

    /* U+007C "|" */
    0x2f, 0xb3, 0xfd, 0x3f, 0xd3, 0xfd, 0x3f, 0xd3,
    0xfd, 0x3f, 0xd3, 0xfd, 0x3f, 0xd3, 0xfd, 0x3f,
    0xd3, 0xfd, 0x3f, 0xd3, 0xfd, 0x3f, 0xd3, 0xfd,
    0x3f, 0xd3, 0xfd, 0x3f, 0xd3, 0xfd, 0x3f, 0xd3,
    0xfd, 0x3f, 0xd3, 0xfd, 0x3f, 0xd3, 0xfd, 0x2f,
    0xb0,

    /* U+007D "}" */
    0x4f, 0xd8, 0x0, 0x0, 0x4, 0xff, 0xfc, 0x0,
    0x0, 0x0, 0x4f, 0xf5, 0x0, 0x0, 0x0, 0x8f,
    0xa0, 0x0, 0x0, 0x4, 0xfd, 0x0, 0x0, 0x0,
    0x2f, 0xf0, 0x0, 0x0, 0x1, 0xff, 0x0, 0x0,
    0x0, 0x1f, 0xf1, 0x0, 0x0, 0x0, 0xff, 0x30,
    0x0, 0x0, 0xc, 0xfa, 0x0, 0x0, 0x0, 0x4f,
    0xfa, 0x0, 0x0, 0x0, 0x9f, 0xf1, 0x0, 0x0,
    0x5f, 0xfa, 0x0, 0x0, 0xd, 0xfa, 0x0, 0x0,
    0x0, 0xff, 0x30, 0x0, 0x0, 0x1f, 0xf1, 0x0,
    0x0, 0x1, 0xff, 0x0, 0x0, 0x0, 0x2f, 0xf0,
    0x0, 0x0, 0x4, 0xfd, 0x0, 0x0, 0x0, 0x8f,
    0xa0, 0x0, 0x0, 0x4f, 0xf5, 0x0, 0x4, 0xff,
    0xfc, 0x0, 0x0, 0x4f, 0xd8, 0x0, 0x0, 0x0,

    /* U+007E "~" */
    0x6, 0xdf, 0xd9, 0x51, 0x17, 0x93, 0xff, 0xff,
    0xff, 0xff, 0xfb, 0x3d, 0x41, 0x37, 0xce, 0xeb,
    0x20,

    /* U+00B0 "°" */
    0x4, 0xcf, 0xd7, 0x0, 0x3f, 0xea, 0xdf, 0x80,
    0xbf, 0x20, 0xc, 0xf0, 0xdd, 0x0, 0x8, 0xf2,
    0xbf, 0x20, 0xc, 0xf0, 0x3f, 0xea, 0xdf, 0x80,
    0x4, 0xcf, 0xd7, 0x0,

    /* U+2022 "•" */
    0x0, 0x3, 0x10, 0x0, 0x3e, 0xff, 0x40, 0xd,
    0xff, 0xff, 0x0, 0xff, 0xff, 0xf1, 0xb, 0xff,
    0xfd, 0x0, 0x1b, 0xfc, 0x20,

    /* U+F001 "" */
    0x0, 0x0, 0x0, 0x0, 0x0, 0x0, 0x0, 0x0,
    0x0, 0x0, 0x0, 0x0, 0x0, 0x0, 0x0, 0x0,
    0x0, 0x0, 0x0, 0x0, 0x0, 0x2, 0x7c, 0xf8,
    0x0, 0x0, 0x0, 0x0, 0x0, 0x0, 0x0, 0x0,
    0x49, 0xef, 0xff, 0xff, 0x0, 0x0, 0x0, 0x0,
    0x0, 0x0, 0x16, 0xaf, 0xff, 0xff, 0xff, 0xff,
    0x0, 0x0, 0x0, 0x0, 0x2, 0x7c, 0xff, 0xff,
    0xff, 0xff, 0xff, 0xff, 0x0, 0x0, 0x0, 0x19,
    0xef, 0xff, 0xff, 0xff, 0xff, 0xff, 0xff, 0xff,
    0x0, 0x0, 0x0, 0xdf, 0xff, 0xff, 0xff, 0xff,
    0xff, 0xff, 0xff, 0xff, 0x0, 0x0, 0x0, 0xff,
    0xff, 0xff, 0xff, 0xff, 0xff, 0xff, 0xff, 0xff,
    0x0, 0x0, 0x0, 0xff, 0xff, 0xff, 0xff, 0xff,
    0xfe, 0xa5, 0xf, 0xff, 0x0, 0x0, 0x0, 0xff,
    0xff, 0xff, 0xff, 0xd8, 0x30, 0x0, 0xf, 0xff,
    0x0, 0x0, 0x0, 0xff, 0xff, 0xfc, 0x72, 0x0,
    0x0, 0x0, 0xf, 0xff, 0x0, 0x0, 0x0, 0xff,
    0xf5, 0x10, 0x0, 0x0, 0x0, 0x0, 0xf, 0xff,
    0x0, 0x0, 0x0, 0xff, 0xf0, 0x0, 0x0, 0x0,
    0x0, 0x0, 0xf, 0xff, 0x0, 0x0, 0x0, 0xff,
    0xf0, 0x0, 0x0, 0x0, 0x0, 0x0, 0xf, 0xff,
    0x0, 0x0, 0x0, 0xff, 0xf0, 0x0, 0x0, 0x0,
    0x1, 0x57, 0x5f, 0xff, 0x0, 0x0, 0x0, 0xff,
    0xf0, 0x0, 0x0, 0x0, 0x8f, 0xff, 0xff, 0xff,
    0x0, 0x0, 0x0, 0xff, 0xf0, 0x0, 0x0, 0x7,
    0xff, 0xff, 0xff, 0xff, 0x0, 0x15, 0x75, 0xff,
    0xf0, 0x0, 0x0, 0xe, 0xff, 0xff, 0xff, 0xff,
    0x8, 0xff, 0xff, 0xff, 0xf0, 0x0, 0x0, 0xf,
    0xff, 0xff, 0xff, 0xff, 0x7f, 0xff, 0xff, 0xff,
    0xf0, 0x0, 0x0, 0xb, 0xff, 0xff, 0xff, 0xfb,
    0xef, 0xff, 0xff, 0xff, 0xf0, 0x0, 0x0, 0x2,
    0xef, 0xff, 0xff, 0xe2, 0xff, 0xff, 0xff, 0xff,
    0xf0, 0x0, 0x0, 0x0, 0x18, 0xdf, 0xd8, 0x10,
    0xbf, 0xff, 0xff, 0xff, 0xb0, 0x0, 0x0, 0x0,
    0x0, 0x0, 0x0, 0x0, 0x2e, 0xff, 0xff, 0xfe,
    0x20, 0x0, 0x0, 0x0, 0x0, 0x0, 0x0, 0x0,
    0x1, 0x8d, 0xfd, 0x81, 0x0, 0x0, 0x0, 0x0,
    0x0, 0x0, 0x0, 0x0,

    /* U+F008 "" */
    0x0, 0x24, 0x44, 0x44, 0x44, 0x44, 0x44, 0x44,
    0x44, 0x44, 0x42, 0x0, 0x1c, 0xff, 0xff, 0xff,
    0xff, 0xff, 0xff, 0xff, 0xff, 0xff, 0xff, 0xc1,
    0xaf, 0xff, 0xff, 0xff, 0xff, 0xff, 0xff, 0xff,
    0xff, 0xff, 0xff, 0xfa, 0xff, 0xeb, 0xcf, 0xff,
    0xdb, 0xbb, 0xbb, 0xbc, 0xff, 0xfc, 0xbe, 0xff,
    0xff, 0x40, 0xe, 0xf9, 0x0, 0x0, 0x0, 0x0,
    0x9f, 0xf0, 0x4, 0xff, 0xff, 0x40, 0xe, 0xf6,
    0x0, 0x0, 0x0, 0x0, 0x5f, 0xe0, 0x4, 0xff,
    0xff, 0x94, 0x5f, 0xf6, 0x0, 0x0, 0x0, 0x0,
    0x5f, 0xf6, 0x49, 0xff, 0xff, 0xff, 0xff, 0xf6,
    0x0, 0x0, 0x0, 0x0, 0x5f, 0xff, 0xff, 0xff,
    0xff, 0xff, 0xff, 0xf7, 0x0, 0x0, 0x0, 0x0,
    0x6f, 0xff, 0xff, 0xff, 0xff, 0xeb, 0xcf, 0xfe,
    0x64, 0x44, 0x44, 0x45, 0xef, 0xfc, 0xbe, 0xff,
    0xff, 0x40, 0xe, 0xff, 0xff, 0xff, 0xff, 0xff,
    0xff, 0xf0, 0x4, 0xff, 0xff, 0x40, 0xe, 0xff,
    0xff, 0xff, 0xff, 0xff, 0xff, 0xe0, 0x4, 0xff,
    0xff, 0x94, 0x5f, 0xff, 0xdb, 0xbb, 0xbb, 0xbc,
    0xff, 0xf6, 0x49, 0xff, 0xff, 0xff, 0xff, 0xf9,
    0x0, 0x0, 0x0, 0x0, 0x9f, 0xff, 0xff, 0xff,
    0xff, 0xff, 0xff, 0xf6, 0x0, 0x0, 0x0, 0x0,
    0x5f, 0xff, 0xff, 0xff, 0xff, 0xeb, 0xcf, 0xf6,
    0x0, 0x0, 0x0, 0x0, 0x5f, 0xfc, 0xbe, 0xff,
    0xff, 0x40, 0xe, 0xf6, 0x0, 0x0, 0x0, 0x0,
    0x5f, 0xf0, 0x4, 0xff, 0xff, 0x40, 0xe, 0xf7,
    0x0, 0x0, 0x0, 0x0, 0x6f, 0xe0, 0x4, 0xff,
    0xff, 0x94, 0x5f, 0xfe, 0x64, 0x44, 0x44, 0x45,
    0xef, 0xf6, 0x49, 0xff, 0xdf, 0xff, 0xff, 0xff,
    0xff, 0xff, 0xff, 0xff, 0xff, 0xff, 0xff, 0xfd,
    0x5f, 0xff, 0xff, 0xff, 0xff, 0xff, 0xff, 0xff,
    0xff, 0xff, 0xff, 0xf5, 0x3, 0x9b, 0xbb, 0xbb,
    0xbb, 0xbb, 0xbb, 0xbb, 0xbb, 0xbb, 0xb9, 0x30,

    /* U+F00B "" */
    0x0, 0x24, 0x44, 0x44, 0x44, 0x44, 0x44, 0x44,
    0x44, 0x44, 0x42, 0x0, 0x1c, 0xff, 0xff, 0xff,
    0xff, 0xff, 0xff, 0xff, 0xff, 0xff, 0xff, 0xc1,
    0xaf, 0xff, 0xff, 0xff, 0xff, 0xff, 0xff, 0xff,
    0xff, 0xff, 0xff, 0xfa, 0xff, 0xfb, 0xbb, 0xff,
    0xfb, 0xbb, 0xbb, 0xbb, 0xbb, 0xbb, 0xbf, 0xff,
    0xff, 0xf0, 0x0, 0xff, 0xf0, 0x0, 0x0, 0x0,
    0x0, 0x0, 0xf, 0xff, 0xff, 0xf0, 0x0, 0xff,
    0xf0, 0x0, 0x0, 0x0, 0x0, 0x0, 0xf, 0xff,
    0xff, 0xf4, 0x44, 0xff, 0xf4, 0x44, 0x44, 0x44,
    0x44, 0x44, 0x4f, 0xff, 0xff, 0xff, 0xff, 0xff,
    0xff, 0xff, 0xff, 0xff, 0xff, 0xff, 0xff, 0xff,
    0xff, 0xff, 0xff, 0xff, 0xff, 0xff, 0xff, 0xff,
    0xff, 0xff, 0xff, 0xff, 0xff, 0xfb, 0xbb, 0xff,
    0xfb, 0xbb, 0xbb, 0xbb, 0xbb, 0xbb, 0xbf, 0xff,
    0xff, 0xf0, 0x0, 0xff, 0xf0, 0x0, 0x0, 0x0,
    0x0, 0x0, 0xf, 0xff, 0xff, 0xf0, 0x0, 0xff,
    0xf0, 0x0, 0x0, 0x0, 0x0, 0x0, 0xf, 0xff,
    0xff, 0xf4, 0x44, 0xff, 0xf4, 0x44, 0x44, 0x44,
    0x44, 0x44, 0x4f, 0xff, 0xff, 0xff, 0xff, 0xff,
    0xff, 0xff, 0xff, 0xff, 0xff, 0xff, 0xff, 0xff,
    0xff, 0xff, 0xff, 0xff, 0xff, 0xff, 0xff, 0xff,
    0xff, 0xff, 0xff, 0xff, 0xff, 0xfb, 0xbb, 0xff,
    0xfb, 0xbb, 0xbb, 0xbb, 0xbb, 0xbb, 0xbf, 0xff,
    0xff, 0xf0, 0x0, 0xff, 0xf0, 0x0, 0x0, 0x0,
    0x0, 0x0, 0xf, 0xff, 0xff, 0xf0, 0x0, 0xff,
    0xf0, 0x0, 0x0, 0x0, 0x0, 0x0, 0xf, 0xff,
    0xff, 0xf4, 0x44, 0xff, 0xf4, 0x44, 0x44, 0x44,
    0x44, 0x44, 0x4f, 0xff, 0xdf, 0xff, 0xff, 0xff,
    0xff, 0xff, 0xff, 0xff, 0xff, 0xff, 0xff, 0xfd,
    0x5f, 0xff, 0xff, 0xff, 0xff, 0xff, 0xff, 0xff,
    0xff, 0xff, 0xff, 0xf5, 0x3, 0x9b, 0xbb, 0xbb,
    0xbb, 0xbb, 0xbb, 0xbb, 0xbb, 0xbb, 0xb9, 0x30,

    /* U+F00C "" */
    0x0, 0x0, 0x0, 0x0, 0x0, 0x0, 0x0, 0x0,
    0x0, 0x27, 0x20, 0x0, 0x0, 0x0, 0x0, 0x0,
    0x0, 0x0, 0x0, 0x3f, 0xfd, 0x0, 0x0, 0x0,
    0x0, 0x0, 0x0, 0x0, 0x0, 0x3f, 0xff, 0xd0,
    0x0, 0x0, 0x0, 0x0, 0x0, 0x0, 0x0, 0x3f,
    0xff, 0xf3, 0x0, 0x0, 0x0, 0x0, 0x0, 0x0,
    0x0, 0x3e, 0xff, 0xf3, 0x0, 0x0, 0x0, 0x0,
    0x0, 0x0, 0x0, 0x3e, 0xff, 0xf3, 0x0, 0x27,
    0x20, 0x0, 0x0, 0x0, 0x0, 0x3e, 0xff, 0xf3,
    0x0, 0xd, 0xff, 0x30, 0x0, 0x0, 0x0, 0x3e,
    0xff, 0xf3, 0x0, 0x0, 0xdf, 0xfe, 0x30, 0x0,
    0x0, 0x3e, 0xff, 0xf3, 0x0, 0x0, 0x3, 0xff,
    0xfe, 0x30, 0x0, 0x3e, 0xff, 0xf3, 0x0, 0x0,
    0x0, 0x3, 0xff, 0xfe, 0x30, 0x3e, 0xff, 0xf3,
    0x0, 0x0, 0x0, 0x0, 0x3, 0xff, 0xfe, 0x5e,
    0xff, 0xf3, 0x0, 0x0, 0x0, 0x0, 0x0, 0x3,
    0xff, 0xff, 0xff, 0xf3, 0x0, 0x0, 0x0, 0x0,
    0x0, 0x0, 0x3, 0xff, 0xff, 0xf3, 0x0, 0x0,
    0x0, 0x0, 0x0, 0x0, 0x0, 0x3, 0xff, 0xf3,
    0x0, 0x0, 0x0, 0x0, 0x0, 0x0, 0x0, 0x0,
    0x2, 0x72, 0x0, 0x0, 0x0, 0x0, 0x0, 0x0,

    /* U+F00D "" */
    0x4, 0x40, 0x0, 0x0, 0x0, 0x0, 0x4, 0x40,
    0x5f, 0xf8, 0x0, 0x0, 0x0, 0x0, 0x8f, 0xf5,
    0x6f, 0xff, 0x70, 0x0, 0x0, 0x7, 0xff, 0xf6,
    0xc, 0xff, 0xf7, 0x0, 0x0, 0x7f, 0xff, 0xc0,
    0x0, 0xcf, 0xff, 0x60, 0x6, 0xff, 0xfc, 0x0,
    0x0, 0x1c, 0xff, 0xf6, 0x6f, 0xff, 0xc1, 0x0,
    0x0, 0x1, 0xcf, 0xff, 0xff, 0xfc, 0x10, 0x0,
    0x0, 0x0, 0x1d, 0xff, 0xff, 0xd1, 0x0, 0x0,
    0x0, 0x0, 0x6, 0xff, 0xff, 0x60, 0x0, 0x0,
    0x0, 0x0, 0x5f, 0xff, 0xff, 0xf5, 0x0, 0x0,
    0x0, 0x4, 0xff, 0xfd, 0xdf, 0xff, 0x40, 0x0,
    0x0, 0x4f, 0xff, 0xe1, 0x1e, 0xff, 0xf4, 0x0,
    0x4, 0xff, 0xfe, 0x20, 0x2, 0xef, 0xff, 0x40,
    0x2f, 0xff, 0xe2, 0x0, 0x0, 0x2e, 0xff, 0xf2,
    0x7f, 0xfe, 0x20, 0x0, 0x0, 0x2, 0xef, 0xf7,
    0x2d, 0xd3, 0x0, 0x0, 0x0, 0x0, 0x3d, 0xd2,

    /* U+F011 "" */
    0x0, 0x0, 0x0, 0x0, 0x0, 0x4e, 0xc0, 0x0,
    0x0, 0x0, 0x0, 0x0, 0x0, 0x0, 0x0, 0x0,
    0xb, 0xff, 0x40, 0x0, 0x0, 0x0, 0x0, 0x0,
    0x0, 0x0, 0x0, 0x0, 0xbf, 0xf4, 0x0, 0x0,
    0x0, 0x0, 0x0, 0x0, 0x6, 0xfc, 0x0, 0xb,
    0xff, 0x40, 0x4, 0xfd, 0x10, 0x0, 0x0, 0x6,
    0xff, 0xf3, 0x0, 0xbf, 0xf4, 0x0, 0x9f, 0xfd,
    0x10, 0x0, 0x3, 0xff, 0xfc, 0x0, 0xb, 0xff,
    0x40, 0x3, 0xff, 0xfc, 0x0, 0x0, 0xcf, 0xfc,
    0x0, 0x0, 0xbf, 0xf4, 0x0, 0x4, 0xff, 0xf6,
    0x0, 0x5f, 0xff, 0x20, 0x0, 0xb, 0xff, 0x40,
    0x0, 0x7, 0xff, 0xe0, 0xb, 0xff, 0x80, 0x0,
    0x0, 0xbf, 0xf4, 0x0, 0x0, 0xe, 0xff, 0x50,
    0xff, 0xf2, 0x0, 0x0, 0xb, 0xff, 0x40, 0x0,
    0x0, 0x8f, 0xf9, 0x2f, 0xfe, 0x0, 0x0, 0x0,
    0xbf, 0xf4, 0x0, 0x0, 0x4, 0xff, 0xc3, 0xff,
    0xc0, 0x0, 0x0, 0xb, 0xff, 0x40, 0x0, 0x0,
    0x3f, 0xfd, 0x3f, 0xfc, 0x0, 0x0, 0x0, 0x9f,
    0xf2, 0x0, 0x0, 0x3, 0xff, 0xd1, 0xff, 0xe0,
    0x0, 0x0, 0x0, 0x64, 0x0, 0x0, 0x0, 0x5f,
    0xfb, 0xe, 0xff, 0x20, 0x0, 0x0, 0x0, 0x0,
    0x0, 0x0, 0x9, 0xff, 0x80, 0xaf, 0xf9, 0x0,
    0x0, 0x0, 0x0, 0x0, 0x0, 0x0, 0xef, 0xf4,
    0x4, 0xff, 0xf2, 0x0, 0x0, 0x0, 0x0, 0x0,
    0x0, 0x8f, 0xfd, 0x0, 0xc, 0xff, 0xd0, 0x0,
    0x0, 0x0, 0x0, 0x0, 0x5f, 0xff, 0x60, 0x0,
    0x2f, 0xff, 0xd2, 0x0, 0x0, 0x0, 0x0, 0x6f,
    0xff, 0xb0, 0x0, 0x0, 0x5f, 0xff, 0xf9, 0x30,
    0x0, 0x5, 0xcf, 0xff, 0xd1, 0x0, 0x0, 0x0,
    0x5f, 0xff, 0xff, 0xfd, 0xef, 0xff, 0xff, 0xd1,
    0x0, 0x0, 0x0, 0x0, 0x2c, 0xff, 0xff, 0xff,
    0xff, 0xff, 0x80, 0x0, 0x0, 0x0, 0x0, 0x0,
    0x4, 0xae, 0xff, 0xff, 0xd8, 0x10, 0x0, 0x0,
    0x0, 0x0, 0x0, 0x0, 0x0, 0x1, 0x22, 0x0,
    0x0, 0x0, 0x0, 0x0,

    /* U+F013 "" */
    0x0, 0x0, 0x0, 0x0, 0x7, 0xdf, 0xfd, 0x70,
    0x0, 0x0, 0x0, 0x0, 0x0, 0x0, 0x0, 0x0,
    0xf, 0xff, 0xff, 0xf0, 0x0, 0x0, 0x0, 0x0,
    0x0, 0x0, 0x0, 0x0, 0x2f, 0xff, 0xff, 0xf2,
    0x0, 0x0, 0x0, 0x0, 0x0, 0x0, 0x0, 0x0,
    0x7f, 0xff, 0xff, 0xf7, 0x0, 0x0, 0x0, 0x0,
    0x0, 0x5f, 0xc7, 0x3c, 0xff, 0xff, 0xff, 0xff,
    0xc3, 0x7c, 0xf5, 0x0, 0x1, 0xef, 0xff, 0xff,
    0xff, 0xff, 0xff, 0xff, 0xff, 0xff, 0xff, 0x20,
    0xa, 0xff, 0xff, 0xff, 0xff, 0xff, 0xff, 0xff,
    0xff, 0xff, 0xff, 0xa0, 0x1f, 0xff, 0xff, 0xff,
    0xff, 0xff, 0xff, 0xff, 0xff, 0xff, 0xff, 0xf1,
    0x2f, 0xff, 0xff, 0xff, 0xff, 0x95, 0x59, 0xff,
    0xff, 0xff, 0xff, 0xf2, 0x6, 0xff, 0xff, 0xff,
    0xf4, 0x0, 0x0, 0x4f, 0xff, 0xff, 0xff, 0x60,
    0x0, 0x4f, 0xff, 0xff, 0x90, 0x0, 0x0, 0x9,
    0xff, 0xff, 0xf4, 0x0, 0x0, 0xf, 0xff, 0xff,
    0x50, 0x0, 0x0, 0x5, 0xff, 0xff, 0xf0, 0x0,
    0x0, 0xf, 0xff, 0xff, 0x50, 0x0, 0x0, 0x5,
    0xff, 0xff, 0xf0, 0x0, 0x0, 0x4f, 0xff, 0xff,
    0x90, 0x0, 0x0, 0x9, 0xff, 0xff, 0xf4, 0x0,
    0x5, 0xff, 0xff, 0xff, 0xf4, 0x0, 0x0, 0x4f,
    0xff, 0xff, 0xff, 0x60, 0x2f, 0xff, 0xff, 0xff,
    0xff, 0x95, 0x59, 0xff, 0xff, 0xff, 0xff, 0xf2,
    0x1f, 0xff, 0xff, 0xff, 0xff, 0xff, 0xff, 0xff,
    0xff, 0xff, 0xff, 0xf1, 0xa, 0xff, 0xff, 0xff,
    0xff, 0xff, 0xff, 0xff, 0xff, 0xff, 0xff, 0xa0,
    0x1, 0xef, 0xff, 0xff, 0xff, 0xff, 0xff, 0xff,
    0xff, 0xff, 0xfe, 0x10, 0x0, 0x5f, 0xc7, 0x3c,
    0xff, 0xff, 0xff, 0xff, 0xc3, 0x7c, 0xf5, 0x0,
    0x0, 0x0, 0x0, 0x0, 0x7f, 0xff, 0xff, 0xf7,
    0x0, 0x0, 0x0, 0x0, 0x0, 0x0, 0x0, 0x0,
    0x2f, 0xff, 0xff, 0xf2, 0x0, 0x0, 0x0, 0x0,
    0x0, 0x0, 0x0, 0x0, 0xf, 0xff, 0xff, 0xf0,
    0x0, 0x0, 0x0, 0x0, 0x0, 0x0, 0x0, 0x0,
    0x7, 0xdf, 0xfd, 0x70, 0x0, 0x0, 0x0, 0x0,

    /* U+F015 "" */
    0x0, 0x0, 0x0, 0x0, 0x0, 0x0, 0x0, 0x0,
    0x0, 0x0, 0x0, 0x0, 0x0, 0x0, 0x0, 0x0,
    0x0, 0x0, 0x0, 0x0, 0x9f, 0x90, 0x0, 0x0,
    0x0, 0x0, 0x0, 0x0, 0x0, 0x0, 0x0, 0x0,
    0x0, 0x1c, 0xff, 0xfb, 0x10, 0x0, 0x0, 0x0,
    0x0, 0x0, 0x0, 0x0, 0x0, 0x0, 0x2, 0xdf,
    0xff, 0xff, 0xd1, 0x0, 0x0, 0x0, 0x0, 0x0,
    0x0, 0x0, 0x0, 0x0, 0x3e, 0xff, 0xff, 0xff,
    0xfe, 0x30, 0x0, 0x0, 0x0, 0x0, 0x0, 0x0,
    0x0, 0x4, 0xff, 0xff, 0xff, 0xff, 0xff, 0xf4,
    0x0, 0x0, 0x0, 0x0, 0x0, 0x0, 0x0, 0x6f,
    0xff, 0xff, 0xff, 0xff, 0xff, 0xff, 0x60, 0x0,
    0x0, 0x0, 0x0, 0x0, 0x8, 0xff, 0xff, 0xff,
    0xff, 0xff, 0xff, 0xff, 0xf8, 0x0, 0x0, 0x0,
    0x0, 0x0, 0xaf, 0xff, 0xff, 0xff, 0xff, 0xff,
    0xff, 0xff, 0xff, 0x90, 0x0, 0x0, 0x0, 0x1c,
    0xff, 0xff, 0xff, 0xff, 0xff, 0xff, 0xff, 0xff,
    0xff, 0xfb, 0x0, 0x0, 0x2, 0xdf, 0xff, 0xff,
    0xff, 0xff, 0xff, 0xff, 0xff, 0xff, 0xff, 0xff,
    0xd1, 0x0, 0x3e, 0xff, 0xff, 0xff, 0xff, 0xff,
    0xff, 0xff, 0xff, 0xff, 0xff, 0xff, 0xfe, 0x20,
    0xef, 0xff, 0xff, 0xff, 0xff, 0xff, 0xff, 0xff,
    0xff, 0xff, 0xff, 0xff, 0xff, 0xd0, 0xdf, 0xff,
    0xff, 0xff, 0xff, 0xff, 0xff, 0xff, 0xff, 0xff,
    0xff, 0xff, 0xff, 0xd0, 0x27, 0x8f, 0xff, 0xff,
    0xff, 0xff, 0xff, 0xff, 0xff, 0xff, 0xff, 0xff,
    0x87, 0x10, 0x0, 0xf, 0xff, 0xff, 0xff, 0xff,
    0xff, 0xff, 0xff, 0xff, 0xff, 0xff, 0x0, 0x0,
    0x0, 0xf, 0xff, 0xff, 0xff, 0xff, 0xff, 0xff,
    0xff, 0xff, 0xff, 0xff, 0x0, 0x0, 0x0, 0xf,
    0xff, 0xff, 0xff, 0xfa, 0x88, 0x8a, 0xff, 0xff,
    0xff, 0xff, 0x0, 0x0, 0x0, 0xf, 0xff, 0xff,
    0xff, 0xa0, 0x0, 0x0, 0xaf, 0xff, 0xff, 0xff,
    0x0, 0x0, 0x0, 0xf, 0xff, 0xff, 0xff, 0x80,
    0x0, 0x0, 0x8f, 0xff, 0xff, 0xff, 0x0, 0x0,
    0x0, 0xf, 0xff, 0xff, 0xff, 0x80, 0x0, 0x0,
    0x8f, 0xff, 0xff, 0xff, 0x0, 0x0, 0x0, 0xf,
    0xff, 0xff, 0xff, 0x80, 0x0, 0x0, 0x8f, 0xff,
    0xff, 0xff, 0x0, 0x0, 0x0, 0xf, 0xff, 0xff,
    0xff, 0x80, 0x0, 0x0, 0x8f, 0xff, 0xff, 0xff,
    0x0, 0x0, 0x0, 0xe, 0xff, 0xff, 0xff, 0x60,
    0x0, 0x0, 0x6f, 0xff, 0xff, 0xfe, 0x0, 0x0,
    0x0, 0x5, 0xef, 0xff, 0xfb, 0x0, 0x0, 0x0,
    0xb, 0xff, 0xff, 0xe5, 0x0, 0x0,

    /* U+F019 "" */
    0x0, 0x0, 0x0, 0x0, 0x0, 0x2d, 0xd2, 0x0,
    0x0, 0x0, 0x0, 0x0, 0x0, 0x0, 0x0, 0x0,
    0x0, 0x7f, 0xf7, 0x0, 0x0, 0x0, 0x0, 0x0,
    0x0, 0x0, 0x0, 0x0, 0x0, 0x7f, 0xf7, 0x0,
    0x0, 0x0, 0x0, 0x0, 0x0, 0x0, 0x0, 0x0,
    0x0, 0x7f, 0xf7, 0x0, 0x0, 0x0, 0x0, 0x0,
    0x0, 0x0, 0x0, 0x0, 0x0, 0x7f, 0xf7, 0x0,
    0x0, 0x0, 0x0, 0x0, 0x0, 0x0, 0x0, 0x0,
    0x0, 0x7f, 0xf7, 0x0, 0x0, 0x0, 0x0, 0x0,
    0x0, 0x0, 0x0, 0x0, 0x0, 0x7f, 0xf7, 0x0,
    0x0, 0x0, 0x0, 0x0, 0x0, 0x0, 0x0, 0x0,
    0x0, 0x7f, 0xf7, 0x0, 0x0, 0x0, 0x0, 0x0,
    0x0, 0x0, 0x0, 0x0, 0x0, 0x7f, 0xf7, 0x0,
    0x0, 0x0, 0x0, 0x0, 0x0, 0x0, 0x2d, 0xd3,
    0x0, 0x7f, 0xf7, 0x0, 0x3d, 0xd2, 0x0, 0x0,
    0x0, 0x0, 0x7f, 0xfe, 0x30, 0x7f, 0xf7, 0x3,
    0xff, 0xf7, 0x0, 0x0, 0x0, 0x0, 0x2f, 0xff,
    0xe3, 0x7f, 0xf7, 0x3e, 0xff, 0xf2, 0x0, 0x0,
    0x0, 0x0, 0x3, 0xff, 0xfe, 0xaf, 0xfa, 0xef,
    0xff, 0x30, 0x0, 0x0, 0x0, 0x0, 0x0, 0x3f,
    0xff, 0xff, 0xff, 0xff, 0xf3, 0x0, 0x0, 0x0,
    0x0, 0x0, 0x0, 0x3, 0xff, 0xff, 0xff, 0xff,
    0x30, 0x0, 0x0, 0x0, 0x0, 0x0, 0x0, 0x0,
    0x3f, 0xff, 0xff, 0xf3, 0x0, 0x0, 0x0, 0x0,
    0x1, 0x67, 0x77, 0x77, 0x3, 0xff, 0xff, 0x30,
    0x77, 0x77, 0x76, 0x10, 0x3e, 0xff, 0xff, 0xff,
    0xb0, 0x3d, 0xd3, 0xb, 0xff, 0xff, 0xff, 0xe3,
    0xcf, 0xff, 0xff, 0xff, 0xfb, 0x10, 0x1, 0xbf,
    0xff, 0xff, 0xff, 0xfc, 0xff, 0xff, 0xff, 0xff,
    0xff, 0xe9, 0x9e, 0xff, 0xff, 0xf9, 0x4e, 0xff,
    0xff, 0xff, 0xff, 0xff, 0xff, 0xff, 0xff, 0xff,
    0xff, 0xf4, 0xc, 0xff, 0xef, 0xff, 0xff, 0xff,
    0xff, 0xff, 0xff, 0xff, 0xff, 0xfe, 0xcf, 0xfe,
    0x8f, 0xff, 0xff, 0xff, 0xff, 0xff, 0xff, 0xff,
    0xff, 0xff, 0xff, 0xf8, 0x8, 0xef, 0xff, 0xff,
    0xff, 0xff, 0xff, 0xff, 0xff, 0xff, 0xfe, 0x80,

    /* U+F01C "" */
    0x0, 0x0, 0x3, 0x44, 0x44, 0x44, 0x44, 0x44,
    0x44, 0x30, 0x0, 0x0, 0x0, 0x4, 0xef, 0xff,
    0xff, 0xff, 0xff, 0xff, 0xff, 0xfe, 0x40, 0x0,
    0x0, 0xf, 0xff, 0xff, 0xff, 0xff, 0xff, 0xff,
    0xff, 0xff, 0xf0, 0x0, 0x0, 0x5f, 0xfe, 0xbb,
    0xbb, 0xbb, 0xbb, 0xbb, 0xbb, 0xef, 0xf5, 0x0,
    0x0, 0x9f, 0xf7, 0x0, 0x0, 0x0, 0x0, 0x0,
    0x0, 0x7f, 0xf9, 0x0, 0x0, 0xdf, 0xf3, 0x0,
    0x0, 0x0, 0x0, 0x0, 0x0, 0x3f, 0xfd, 0x0,
    0x1, 0xff, 0xf0, 0x0, 0x0, 0x0, 0x0, 0x0,
    0x0, 0xf, 0xff, 0x10, 0x5, 0xff, 0xb0, 0x0,
    0x0, 0x0, 0x0, 0x0, 0x0, 0xb, 0xff, 0x50,
    0x9, 0xff, 0x70, 0x0, 0x0, 0x0, 0x0, 0x0,
    0x0, 0x7, 0xff, 0x90, 0xd, 0xff, 0x30, 0x0,
    0x0, 0x0, 0x0, 0x0, 0x0, 0x3, 0xff, 0xd0,
    0x1f, 0xff, 0x0, 0x0, 0x0, 0x0, 0x0, 0x0,
    0x0, 0x0, 0xff, 0xf1, 0x5f, 0xfb, 0x0, 0x0,
    0x0, 0x0, 0x0, 0x0, 0x0, 0x0, 0xbf, 0xf5,
    0x9f, 0xfa, 0x44, 0x10, 0x0, 0x0, 0x0, 0x0,
    0x1, 0x44, 0xaf, 0xf9, 0xdf, 0xff, 0xff, 0xe2,
    0x0, 0x0, 0x0, 0x0, 0x2e, 0xff, 0xff, 0xfd,
    0xff, 0xff, 0xff, 0xfa, 0x0, 0x0, 0x0, 0x0,
    0xaf, 0xff, 0xff, 0xff, 0xff, 0xff, 0xff, 0xff,
    0x84, 0x44, 0x44, 0x48, 0xff, 0xff, 0xff, 0xff,
    0xff, 0xff, 0xff, 0xff, 0xff, 0xff, 0xff, 0xff,
    0xff, 0xff, 0xff, 0xff, 0xff, 0xff, 0xff, 0xff,
    0xff, 0xff, 0xff, 0xff, 0xff, 0xff, 0xff, 0xff,
    0xff, 0xff, 0xff, 0xff, 0xff, 0xff, 0xff, 0xff,
    0xff, 0xff, 0xff, 0xff, 0xdf, 0xff, 0xff, 0xff,
    0xff, 0xff, 0xff, 0xff, 0xff, 0xff, 0xff, 0xfd,
    0x5f, 0xff, 0xff, 0xff, 0xff, 0xff, 0xff, 0xff,
    0xff, 0xff, 0xff, 0xf5, 0x3, 0x9b, 0xbb, 0xbb,
    0xbb, 0xbb, 0xbb, 0xbb, 0xbb, 0xbb, 0xb9, 0x30,

    /* U+F021 "" */
    0x0, 0x0, 0x0, 0x0, 0x0, 0x24, 0x32, 0x0,
    0x0, 0x0, 0x0, 0x0, 0x0, 0x0, 0x0, 0x4,
    0xaf, 0xff, 0xff, 0xfa, 0x30, 0x0, 0x17, 0x40,
    0x0, 0x0, 0x1, 0xbf, 0xff, 0xff, 0xff, 0xff,
    0xfa, 0x10, 0xaf, 0xf1, 0x0, 0x0, 0x3e, 0xff,
    0xff, 0xec, 0xce, 0xff, 0xff, 0xd2, 0xcf, 0xf3,
    0x0, 0x1, 0xef, 0xff, 0x92, 0x0, 0x0, 0x3a,
    0xff, 0xfe, 0xef, 0xf3, 0x0, 0xc, 0xff, 0xe4,
    0x0, 0x0, 0x0, 0x0, 0x5f, 0xff, 0xff, 0xf3,
    0x0, 0x5f, 0xff, 0x30, 0x0, 0x0, 0x0, 0x0,
    0x48, 0xff, 0xff, 0xf3, 0x0, 0xdf, 0xf7, 0x0,
    0x0, 0x0, 0x0, 0xd, 0xff, 0xff, 0xff, 0xf3,
    0x0, 0xff, 0xe0, 0x0, 0x0, 0x0, 0x0, 0xf,
    0xff, 0xff, 0xff, 0xf2, 0x0, 0x4a, 0x40, 0x0,
    0x0, 0x0, 0x0, 0x5, 0xbb, 0xbb, 0xbb, 0x70,
    0x0, 0x0, 0x0, 0x0, 0x0, 0x0, 0x0, 0x0,
    0x0, 0x0, 0x0, 0x0, 0x0, 0x0, 0x0, 0x0,
    0x0, 0x0, 0x0, 0x0, 0x0, 0x0, 0x0, 0x0,
    0x0, 0x44, 0x44, 0x44, 0x10, 0x0, 0x0, 0x0,
    0x0, 0x0, 0x30, 0x0, 0xc, 0xff, 0xff, 0xff,
    0xe0, 0x0, 0x0, 0x0, 0x0, 0x9, 0xfe, 0x0,
    0x1f, 0xff, 0xff, 0xff, 0xf1, 0x0, 0x0, 0x0,
    0x0, 0x2f, 0xff, 0x10, 0x1f, 0xff, 0xff, 0xcb,
    0x60, 0x0, 0x0, 0x0, 0x0, 0xbf, 0xfa, 0x0,
    0x1f, 0xff, 0xff, 0xc1, 0x0, 0x0, 0x0, 0x0,
    0x9, 0xff, 0xf3, 0x0, 0x1f, 0xff, 0xff, 0xfe,
    0x40, 0x0, 0x0, 0x2, 0xbf, 0xff, 0x70, 0x0,
    0x1f, 0xfe, 0x6f, 0xff, 0xfc, 0x75, 0x56, 0xaf,
    0xff, 0xfa, 0x0, 0x0, 0xf, 0xfe, 0x4, 0xef,
    0xff, 0xff, 0xff, 0xff, 0xff, 0x80, 0x0, 0x0,
    0x9, 0xe7, 0x0, 0x19, 0xff, 0xff, 0xff, 0xff,
    0xc3, 0x0, 0x0, 0x0, 0x0, 0x0, 0x0, 0x0,
    0x15, 0x9a, 0xb9, 0x72, 0x0, 0x0, 0x0, 0x0,
    0x0, 0x0, 0x0, 0x0, 0x0, 0x0, 0x0, 0x0,
    0x0, 0x0, 0x0, 0x0,

    /* U+F026 "" */
    0x0, 0x0, 0x0, 0x0, 0x0, 0x0, 0x3, 0x0,
    0x0, 0x0, 0x0, 0x0, 0x0, 0x1d, 0xfb, 0x0,
    0x0, 0x0, 0x0, 0x0, 0x2e, 0xff, 0xf0, 0x0,
    0x0, 0x0, 0x0, 0x4f, 0xff, 0xff, 0x0, 0x0,
    0x0, 0x0, 0x5f, 0xff, 0xff, 0xf0, 0x0, 0x0,
    0x0, 0x7f, 0xff, 0xff, 0xff, 0x0, 0x24, 0x44,
    0x9f, 0xff, 0xff, 0xff, 0xf1, 0xcf, 0xff, 0xff,
    0xff, 0xff, 0xff, 0xff, 0xaf, 0xff, 0xff, 0xff,
    0xff, 0xff, 0xff, 0xff, 0xff, 0xff, 0xff, 0xff,
    0xff, 0xff, 0xff, 0xff, 0xff, 0xff, 0xff, 0xff,
    0xff, 0xff, 0xff, 0xff, 0xff, 0xff, 0xff, 0xff,
    0xff, 0xff, 0xff, 0xff, 0xff, 0xff, 0xff, 0xff,
    0xff, 0xfd, 0xff, 0xff, 0xff, 0xff, 0xff, 0xff,
    0xff, 0x5f, 0xff, 0xff, 0xff, 0xff, 0xff, 0xff,
    0xf0, 0x39, 0xbb, 0xbe, 0xff, 0xff, 0xff, 0xff,
    0x0, 0x0, 0x0, 0x1d, 0xff, 0xff, 0xff, 0xf0,
    0x0, 0x0, 0x0, 0xb, 0xff, 0xff, 0xff, 0x0,
    0x0, 0x0, 0x0, 0xa, 0xff, 0xff, 0xf0, 0x0,
    0x0, 0x0, 0x0, 0x8, 0xff, 0xff, 0x0, 0x0,
    0x0, 0x0, 0x0, 0x7, 0xff, 0xe0, 0x0, 0x0,
    0x0, 0x0, 0x0, 0x4, 0xa4,

    /* U+F027 "" */
    0x0, 0x0, 0x0, 0x0, 0x0, 0x0, 0x3, 0x0,
    0x0, 0x0, 0x0, 0x0, 0x0, 0x0, 0x0, 0x0,
    0x1d, 0xfb, 0x0, 0x0, 0x0, 0x0, 0x0, 0x0,
    0x0, 0x0, 0x2e, 0xff, 0xf0, 0x0, 0x0, 0x0,
    0x0, 0x0, 0x0, 0x0, 0x4f, 0xff, 0xff, 0x0,
    0x0, 0x0, 0x0, 0x0, 0x0, 0x0, 0x5f, 0xff,
    0xff, 0xf0, 0x0, 0x0, 0x0, 0x0, 0x0, 0x0,
    0x7f, 0xff, 0xff, 0xff, 0x0, 0x0, 0x0, 0x0,
    0x24, 0x44, 0x9f, 0xff, 0xff, 0xff, 0xf0, 0x0,
    0x0, 0x1, 0xcf, 0xff, 0xff, 0xff, 0xff, 0xff,
    0xff, 0x0, 0x2b, 0x50, 0xaf, 0xff, 0xff, 0xff,
    0xff, 0xff, 0xff, 0xf0, 0x6, 0xff, 0x3f, 0xff,
    0xff, 0xff, 0xff, 0xff, 0xff, 0xff, 0x0, 0xd,
    0xfb, 0xff, 0xff, 0xff, 0xff, 0xff, 0xff, 0xff,
    0xf0, 0x0, 0x5f, 0xef, 0xff, 0xff, 0xff, 0xff,
    0xff, 0xff, 0xff, 0x0, 0x5, 0xfe, 0xff, 0xff,
    0xff, 0xff, 0xff, 0xff, 0xff, 0xf0, 0x0, 0xdf,
    0xbd, 0xff, 0xff, 0xff, 0xff, 0xff, 0xff, 0xff,
    0x0, 0x6f, 0xf3, 0x5f, 0xff, 0xff, 0xff, 0xff,
    0xff, 0xff, 0xf0, 0x2, 0xb5, 0x0, 0x39, 0xbb,
    0xbe, 0xff, 0xff, 0xff, 0xff, 0x0, 0x0, 0x0,
    0x0, 0x0, 0x0, 0x1d, 0xff, 0xff, 0xff, 0xf0,
    0x0, 0x0, 0x0, 0x0, 0x0, 0x0, 0xb, 0xff,
    0xff, 0xff, 0x0, 0x0, 0x0, 0x0, 0x0, 0x0,
    0x0, 0xa, 0xff, 0xff, 0xf0, 0x0, 0x0, 0x0,
    0x0, 0x0, 0x0, 0x0, 0x8, 0xff, 0xff, 0x0,
    0x0, 0x0, 0x0, 0x0, 0x0, 0x0, 0x0, 0x7,
    0xff, 0xe0, 0x0, 0x0, 0x0, 0x0, 0x0, 0x0,
    0x0, 0x0, 0x4, 0xa4, 0x0, 0x0, 0x0,

    /* U+F028 "" */
    0x0, 0x0, 0x0, 0x0, 0x0, 0x0, 0x0, 0x0,
    0x0, 0x0, 0x0, 0x0, 0x0, 0x0, 0x0, 0x0,
    0x0, 0x0, 0x0, 0x0, 0x0, 0x3, 0x0, 0x0,
    0x0, 0x0, 0x5, 0xa1, 0x0, 0x0, 0x0, 0x0,
    0x0, 0x0, 0x0, 0x1, 0xdf, 0xb0, 0x0, 0x0,
    0x0, 0xc, 0xfd, 0x10, 0x0, 0x0, 0x0, 0x0,
    0x0, 0x0, 0x2e, 0xff, 0xf0, 0x0, 0x0, 0x0,
    0x3, 0xff, 0xd1, 0x0, 0x0, 0x0, 0x0, 0x0,
    0x4, 0xff, 0xff, 0xf0, 0x0, 0x0, 0x2, 0x0,
    0x3f, 0xfa, 0x0, 0x0, 0x0, 0x0, 0x0, 0x5f,
    0xff, 0xff, 0xf0, 0x0, 0x0, 0x8f, 0xa0, 0x6,
    0xff, 0x40, 0x0, 0x0, 0x0, 0x7, 0xff, 0xff,
    0xff, 0xf0, 0x0, 0x0, 0x6f, 0xf9, 0x0, 0xbf,
    0xc0, 0x0, 0x24, 0x44, 0x9f, 0xff, 0xff, 0xff,
    0xf0, 0x0, 0x0, 0x8, 0xff, 0x40, 0x3f, 0xf3,
    0x1c, 0xff, 0xff, 0xff, 0xff, 0xff, 0xff, 0xf0,
    0x2, 0xb5, 0x0, 0xcf, 0xc0, 0xc, 0xf8, 0xaf,
    0xff, 0xff, 0xff, 0xff, 0xff, 0xff, 0xf0, 0x6,
    0xff, 0x30, 0x4f, 0xf1, 0x8, 0xfb, 0xff, 0xff,
    0xff, 0xff, 0xff, 0xff, 0xff, 0xf0, 0x0, 0xdf,
    0xb0, 0xf, 0xf5, 0x5, 0xfe, 0xff, 0xff, 0xff,
    0xff, 0xff, 0xff, 0xff, 0xf0, 0x0, 0x5f, 0xe0,
    0xd, 0xf7, 0x4, 0xff, 0xff, 0xff, 0xff, 0xff,
    0xff, 0xff, 0xff, 0xf0, 0x0, 0x5f, 0xe0, 0xd,
    0xf7, 0x4, 0xff, 0xff, 0xff, 0xff, 0xff, 0xff,
    0xff, 0xff, 0xf0, 0x0, 0xdf, 0xb0, 0xf, 0xf5,
    0x5, 0xfe, 0xdf, 0xff, 0xff, 0xff, 0xff, 0xff,
    0xff, 0xf0, 0x6, 0xff, 0x30, 0x4f, 0xf1, 0x8,
    0xfb, 0x5f, 0xff, 0xff, 0xff, 0xff, 0xff, 0xff,
    0xf0, 0x2, 0xb5, 0x0, 0xcf, 0xc0, 0xc, 0xf8,
    0x3, 0x9b, 0xbb, 0xef, 0xff, 0xff, 0xff, 0xf0,
    0x0, 0x0, 0x8, 0xff, 0x40, 0x3f, 0xf3, 0x0,
    0x0, 0x0, 0x1d, 0xff, 0xff, 0xff, 0xf0, 0x0,
    0x0, 0x6f, 0xf9, 0x0, 0xbf, 0xc0, 0x0, 0x0,
    0x0, 0x0, 0xbf, 0xff, 0xff, 0xf0, 0x0, 0x0,
    0x8f, 0xa0, 0x6, 0xff, 0x40, 0x0, 0x0, 0x0,
    0x0, 0xa, 0xff, 0xff, 0xf0, 0x0, 0x0, 0x2,
    0x0, 0x3f, 0xfa, 0x0, 0x0, 0x0, 0x0, 0x0,
    0x0, 0x8f, 0xff, 0xf0, 0x0, 0x0, 0x0, 0x3,
    0xff, 0xd1, 0x0, 0x0, 0x0, 0x0, 0x0, 0x0,
    0x7, 0xff, 0xe0, 0x0, 0x0, 0x0, 0xc, 0xfe,
    0x10, 0x0, 0x0, 0x0, 0x0, 0x0, 0x0, 0x0,
    0x4a, 0x40, 0x0, 0x0, 0x0, 0x5, 0xa2, 0x0,
    0x0, 0x0, 0x0, 0x0, 0x0, 0x0, 0x0, 0x0,
    0x0, 0x0, 0x0, 0x0, 0x0, 0x0, 0x0, 0x0,

    /* U+F03E "" */
    0x0, 0x24, 0x44, 0x44, 0x44, 0x44, 0x44, 0x44,
    0x44, 0x44, 0x42, 0x0, 0x1c, 0xff, 0xff, 0xff,
    0xff, 0xff, 0xff, 0xff, 0xff, 0xff, 0xff, 0xc1,
    0xaf, 0xff, 0xff, 0xff, 0xff, 0xff, 0xff, 0xff,
    0xff, 0xff, 0xff, 0xfa, 0xff, 0xff, 0xec, 0xff,
    0xff, 0xff, 0xff, 0xff, 0xff, 0xff, 0xff, 0xff,
    0xff, 0xf9, 0x0, 0x2e, 0xff, 0xff, 0xff, 0xff,
    0xff, 0xff, 0xff, 0xff, 0xff, 0xf1, 0x0, 0x9,
    0xff, 0xff, 0xff, 0xff, 0xff, 0xff, 0xff, 0xff,
    0xff, 0xf1, 0x0, 0x9, 0xff, 0xff, 0xff, 0xff,
    0xff, 0xff, 0xff, 0xff, 0xff, 0xfa, 0x0, 0x3f,
    0xff, 0xff, 0xff, 0xff, 0xff, 0xff, 0xff, 0xff,
    0xff, 0xff, 0xed, 0xff, 0xff, 0xff, 0xf9, 0x5e,
    0xff, 0xff, 0xff, 0xff, 0xff, 0xff, 0xff, 0xff,
    0xff, 0xff, 0xc0, 0x4, 0xff, 0xff, 0xff, 0xff,
    0xff, 0xff, 0xff, 0xff, 0xff, 0xff, 0x20, 0x0,
    0x9f, 0xff, 0xff, 0xff, 0xff, 0xff, 0xff, 0xff,
    0xff, 0xf6, 0x0, 0x0, 0xe, 0xff, 0xff, 0xff,
    0xff, 0xff, 0xff, 0xed, 0xff, 0xb0, 0x0, 0x0,
    0x4, 0xff, 0xff, 0xff, 0xff, 0xff, 0xfd, 0x10,
    0xbe, 0x10, 0x0, 0x0, 0x0, 0x9f, 0xff, 0xff,
    0xff, 0xff, 0xf2, 0x0, 0x4, 0x0, 0x0, 0x0,
    0x0, 0xd, 0xff, 0xff, 0xff, 0xff, 0x50, 0x0,
    0x0, 0x0, 0x0, 0x0, 0x0, 0x3, 0xff, 0xff,
    0xff, 0xf8, 0x0, 0x0, 0x0, 0x0, 0x0, 0x0,
    0x0, 0x0, 0x8f, 0xff, 0xff, 0xf1, 0x0, 0x0,
    0x0, 0x0, 0x0, 0x0, 0x0, 0x0, 0x1f, 0xff,
    0xff, 0xf9, 0x44, 0x44, 0x44, 0x44, 0x44, 0x44,
    0x44, 0x44, 0x9f, 0xff, 0xdf, 0xff, 0xff, 0xff,
    0xff, 0xff, 0xff, 0xff, 0xff, 0xff, 0xff, 0xfd,
    0x5f, 0xff, 0xff, 0xff, 0xff, 0xff, 0xff, 0xff,
    0xff, 0xff, 0xff, 0xf5, 0x3, 0x9b, 0xbb, 0xbb,
    0xbb, 0xbb, 0xbb, 0xbb, 0xbb, 0xbb, 0xb9, 0x30,

    /* U+F043 "" */
    0x0, 0x0, 0x0, 0x2, 0xdd, 0x20, 0x0, 0x0,
    0x0, 0x0, 0x0, 0x0, 0xd, 0xff, 0xd0, 0x0,
    0x0, 0x0, 0x0, 0x0, 0x0, 0xaf, 0xff, 0xfa,
    0x0, 0x0, 0x0, 0x0, 0x0, 0x6, 0xff, 0xff,
    0xff, 0x60, 0x0, 0x0, 0x0, 0x0, 0x2f, 0xff,
    0xff, 0xff, 0xf2, 0x0, 0x0, 0x0, 0x0, 0xcf,
    0xff, 0xff, 0xff, 0xfc, 0x0, 0x0, 0x0, 0x6,
    0xff, 0xff, 0xff, 0xff, 0xff, 0x60, 0x0, 0x0,
    0x1f, 0xff, 0xff, 0xff, 0xff, 0xff, 0xf1, 0x0,
    0x0, 0x9f, 0xff, 0xff, 0xff, 0xff, 0xff, 0xf9,
    0x0, 0x2, 0xff, 0xff, 0xff, 0xff, 0xff, 0xff,
    0xff, 0x20, 0xa, 0xff, 0xff, 0xff, 0xff, 0xff,
    0xff, 0xff, 0xa0, 0x2f, 0xff, 0xff, 0xff, 0xff,
    0xff, 0xff, 0xff, 0xf2, 0x7f, 0xff, 0xff, 0xff,
    0xff, 0xff, 0xff, 0xff, 0xf7, 0xcf, 0xff, 0xff,
    0xff, 0xff, 0xff, 0xff, 0xff, 0xfc, 0xff, 0xff,
    0xff, 0xff, 0xff, 0xff, 0xff, 0xff, 0xff, 0xff,
    0xf2, 0xaf, 0xff, 0xff, 0xff, 0xff, 0xff, 0xff,
    0xdf, 0xf1, 0x5f, 0xff, 0xff, 0xff, 0xff, 0xff,
    0xfd, 0x9f, 0xf5, 0x1e, 0xff, 0xff, 0xff, 0xff,
    0xff, 0xf9, 0x4f, 0xfc, 0x4, 0xef, 0xff, 0xff,
    0xff, 0xff, 0xf4, 0xc, 0xff, 0xa0, 0x15, 0xaf,
    0xff, 0xff, 0xff, 0xc0, 0x2, 0xef, 0xfc, 0x51,
    0x3f, 0xff, 0xff, 0xfe, 0x20, 0x0, 0x3e, 0xff,
    0xff, 0xff, 0xff, 0xff, 0xe3, 0x0, 0x0, 0x2,
    0xcf, 0xff, 0xff, 0xff, 0xfc, 0x20, 0x0, 0x0,
    0x0, 0x4, 0x9d, 0xee, 0xd9, 0x40, 0x0, 0x0,

    /* U+F048 "" */
    0x0, 0x0, 0x0, 0x0, 0x0, 0x0, 0x0, 0x8,
    0xf8, 0x0, 0x0, 0x0, 0x0, 0x9, 0xf8, 0xff,
    0xf0, 0x0, 0x0, 0x0, 0x1c, 0xff, 0xff, 0xff,
    0x0, 0x0, 0x0, 0x2d, 0xff, 0xff, 0xff, 0xf0,
    0x0, 0x0, 0x4f, 0xff, 0xff, 0xff, 0xff, 0x0,
    0x0, 0x7f, 0xff, 0xff, 0xff, 0xff, 0xf0, 0x0,
    0x9f, 0xff, 0xff, 0xff, 0xff, 0xff, 0x1, 0xcf,
    0xff, 0xff, 0xff, 0xff, 0xff, 0xf2, 0xdf, 0xff,
    0xff, 0xff, 0xff, 0xff, 0xff, 0xff, 0xff, 0xff,
    0xff, 0xff, 0xff, 0xff, 0xff, 0xff, 0xff, 0xff,
    0xff, 0xff, 0xff, 0xff, 0x2d, 0xff, 0xff, 0xff,
    0xff, 0xff, 0xff, 0xf0, 0x1c, 0xff, 0xff, 0xff,
    0xff, 0xff, 0xff, 0x0, 0x9, 0xff, 0xff, 0xff,
    0xff, 0xff, 0xf0, 0x0, 0x7, 0xff, 0xff, 0xff,
    0xff, 0xff, 0x0, 0x0, 0x4, 0xff, 0xff, 0xff,
    0xff, 0xf0, 0x0, 0x0, 0x2, 0xdf, 0xff, 0xff,
    0xff, 0x0, 0x0, 0x0, 0x1, 0xcf, 0xff, 0x8f,
    0x80, 0x0, 0x0, 0x0, 0x0, 0x9f, 0x80, 0x0,
    0x0, 0x0, 0x0, 0x0, 0x0, 0x0,

    /* U+F04B "" */
    0x5, 0x72, 0x0, 0x0, 0x0, 0x0, 0x0, 0x0,
    0x0, 0x9f, 0xff, 0x80, 0x0, 0x0, 0x0, 0x0,
    0x0, 0x0, 0xff, 0xff, 0xfd, 0x40, 0x0, 0x0,
    0x0, 0x0, 0x0, 0xff, 0xff, 0xff, 0xfa, 0x10,
    0x0, 0x0, 0x0, 0x0, 0xff, 0xff, 0xff, 0xff,
    0xf7, 0x0, 0x0, 0x0, 0x0, 0xff, 0xff, 0xff,
    0xff, 0xff, 0xd3, 0x0, 0x0, 0x0, 0xff, 0xff,
    0xff, 0xff, 0xff, 0xff, 0x91, 0x0, 0x0, 0xff,
    0xff, 0xff, 0xff, 0xff, 0xff, 0xfe, 0x60, 0x0,
    0xff, 0xff, 0xff, 0xff, 0xff, 0xff, 0xff, 0xfc,
    0x30, 0xff, 0xff, 0xff, 0xff, 0xff, 0xff, 0xff,
    0xff, 0xf5, 0xff, 0xff, 0xff, 0xff, 0xff, 0xff,
    0xff, 0xff, 0xfd, 0xff, 0xff, 0xff, 0xff, 0xff,
    0xff, 0xff, 0xff, 0xfd, 0xff, 0xff, 0xff, 0xff,
    0xff, 0xff, 0xff, 0xff, 0xf5, 0xff, 0xff, 0xff,
    0xff, 0xff, 0xff, 0xff, 0xfc, 0x30, 0xff, 0xff,
    0xff, 0xff, 0xff, 0xff, 0xfe, 0x60, 0x0, 0xff,
    0xff, 0xff, 0xff, 0xff, 0xff, 0xa1, 0x0, 0x0,
    0xff, 0xff, 0xff, 0xff, 0xff, 0xd3, 0x0, 0x0,
    0x0, 0xff, 0xff, 0xff, 0xff, 0xf7, 0x0, 0x0,
    0x0, 0x0, 0xff, 0xff, 0xff, 0xfa, 0x10, 0x0,
    0x0, 0x0, 0x0, 0xff, 0xff, 0xfd, 0x40, 0x0,
    0x0, 0x0, 0x0, 0x0, 0x9f, 0xff, 0x80, 0x0,
    0x0, 0x0, 0x0, 0x0, 0x0, 0x5, 0x72, 0x0,
    0x0, 0x0, 0x0, 0x0, 0x0, 0x0,

    /* U+F04C "" */
    0x3c, 0xff, 0xc3, 0x0, 0x3, 0xcf, 0xfc, 0x3c,
    0xff, 0xff, 0xc0, 0x0, 0xcf, 0xff, 0xfc, 0xff,
    0xff, 0xff, 0x0, 0xf, 0xff, 0xff, 0xff, 0xff,
    0xff, 0xf0, 0x0, 0xff, 0xff, 0xff, 0xff, 0xff,
    0xff, 0x0, 0xf, 0xff, 0xff, 0xff, 0xff, 0xff,
    0xf0, 0x0, 0xff, 0xff, 0xff, 0xff, 0xff, 0xff,
    0x0, 0xf, 0xff, 0xff, 0xff, 0xff, 0xff, 0xf0,
    0x0, 0xff, 0xff, 0xff, 0xff, 0xff, 0xff, 0x0,
    0xf, 0xff, 0xff, 0xff, 0xff, 0xff, 0xf0, 0x0,
    0xff, 0xff, 0xff, 0xff, 0xff, 0xff, 0x0, 0xf,
    0xff, 0xff, 0xff, 0xff, 0xff, 0xf0, 0x0, 0xff,
    0xff, 0xff, 0xff, 0xff, 0xff, 0x0, 0xf, 0xff,
    0xff, 0xff, 0xff, 0xff, 0xf0, 0x0, 0xff, 0xff,
    0xff, 0xff, 0xff, 0xff, 0x0, 0xf, 0xff, 0xff,
    0xff, 0xff, 0xff, 0xf0, 0x0, 0xff, 0xff, 0xff,
    0xcf, 0xff, 0xfc, 0x0, 0xc, 0xff, 0xff, 0xc3,
    0xcf, 0xfc, 0x30, 0x0, 0x3c, 0xff, 0xc3,

    /* U+F04D "" */
    0x8, 0xef, 0xff, 0xff, 0xff, 0xff, 0xff, 0xfe,
    0x80, 0x8f, 0xff, 0xff, 0xff, 0xff, 0xff, 0xff,
    0xff, 0xf8, 0xef, 0xff, 0xff, 0xff, 0xff, 0xff,
    0xff, 0xff, 0xfe, 0xff, 0xff, 0xff, 0xff, 0xff,
    0xff, 0xff, 0xff, 0xff, 0xff, 0xff, 0xff, 0xff,
    0xff, 0xff, 0xff, 0xff, 0xff, 0xff, 0xff, 0xff,
    0xff, 0xff, 0xff, 0xff, 0xff, 0xff, 0xff, 0xff,
    0xff, 0xff, 0xff, 0xff, 0xff, 0xff, 0xff, 0xff,
    0xff, 0xff, 0xff, 0xff, 0xff, 0xff, 0xff, 0xff,
    0xff, 0xff, 0xff, 0xff, 0xff, 0xff, 0xff, 0xff,
    0xff, 0xff, 0xff, 0xff, 0xff, 0xff, 0xff, 0xff,
    0xff, 0xff, 0xff, 0xff, 0xff, 0xff, 0xff, 0xff,
    0xff, 0xff, 0xff, 0xff, 0xff, 0xff, 0xff, 0xff,
    0xff, 0xff, 0xff, 0xff, 0xff, 0xff, 0xff, 0xff,
    0xff, 0xff, 0xff, 0xff, 0xff, 0xff, 0xff, 0xff,
    0xff, 0xff, 0xff, 0xff, 0xff, 0xff, 0xff, 0xff,
    0xff, 0xff, 0xff, 0xff, 0xff, 0xff, 0xff, 0xef,
    0xff, 0xff, 0xff, 0xff, 0xff, 0xff, 0xff, 0xfe,
    0x8f, 0xff, 0xff, 0xff, 0xff, 0xff, 0xff, 0xff,
    0xf8, 0x8, 0xef, 0xff, 0xff, 0xff, 0xff, 0xff,
    0xfe, 0x80,

    /* U+F051 "" */
    0x0, 0x0, 0x0, 0x0, 0x0, 0x0, 0x0, 0x8,
    0xf9, 0x0, 0x0, 0x0, 0x0, 0x8, 0xf8, 0xff,
    0xfc, 0x10, 0x0, 0x0, 0x0, 0xff, 0xff, 0xff,
    0xfe, 0x30, 0x0, 0x0, 0xf, 0xff, 0xff, 0xff,
    0xff, 0x50, 0x0, 0x0, 0xff, 0xff, 0xff, 0xff,
    0xff, 0x70, 0x0, 0xf, 0xff, 0xff, 0xff, 0xff,
    0xff, 0xa0, 0x0, 0xff, 0xff, 0xff, 0xff, 0xff,
    0xff, 0xc1, 0xf, 0xff, 0xff, 0xff, 0xff, 0xff,
    0xff, 0xe3, 0xff, 0xff, 0xff, 0xff, 0xff, 0xff,
    0xff, 0xff, 0xff, 0xff, 0xff, 0xff, 0xff, 0xff,
    0xff, 0xff, 0xff, 0xff, 0xff, 0xff, 0xff, 0xfe,
    0x3f, 0xff, 0xff, 0xff, 0xff, 0xff, 0xfc, 0x10,
    0xff, 0xff, 0xff, 0xff, 0xff, 0xfa, 0x0, 0xf,
    0xff, 0xff, 0xff, 0xff, 0xf7, 0x0, 0x0, 0xff,
    0xff, 0xff, 0xff, 0xf5, 0x0, 0x0, 0xf, 0xff,
    0xff, 0xff, 0xe3, 0x0, 0x0, 0x0, 0xff, 0xff,
    0xff, 0xc1, 0x0, 0x0, 0x0, 0xf, 0xff, 0x8f,
    0x90, 0x0, 0x0, 0x0, 0x0, 0x8f, 0x80, 0x0,
    0x0, 0x0, 0x0, 0x0, 0x0, 0x0,

    /* U+F052 "" */
    0x0, 0x0, 0x0, 0x0, 0x0, 0x37, 0x30, 0x0,
    0x0, 0x0, 0x0, 0x0, 0x0, 0x0, 0x0, 0x0,
    0x6f, 0xff, 0x50, 0x0, 0x0, 0x0, 0x0, 0x0,
    0x0, 0x0, 0x0, 0x5f, 0xff, 0xff, 0x40, 0x0,
    0x0, 0x0, 0x0, 0x0, 0x0, 0x0, 0x4f, 0xff,
    0xff, 0xff, 0x30, 0x0, 0x0, 0x0, 0x0, 0x0,
    0x0, 0x3f, 0xff, 0xff, 0xff, 0xfe, 0x20, 0x0,
    0x0, 0x0, 0x0, 0x0, 0x2e, 0xff, 0xff, 0xff,
    0xff, 0xfe, 0x20, 0x0, 0x0, 0x0, 0x0, 0x1e,
    0xff, 0xff, 0xff, 0xff, 0xff, 0xfd, 0x10, 0x0,
    0x0, 0x0, 0x1d, 0xff, 0xff, 0xff, 0xff, 0xff,
    0xff, 0xfc, 0x0, 0x0, 0x0, 0xc, 0xff, 0xff,
    0xff, 0xff, 0xff, 0xff, 0xff, 0xfc, 0x0, 0x0,
    0xb, 0xff, 0xff, 0xff, 0xff, 0xff, 0xff, 0xff,
    0xff, 0xfb, 0x0, 0x9, 0xff, 0xff, 0xff, 0xff,
    0xff, 0xff, 0xff, 0xff, 0xff, 0xf8, 0x0, 0xff,
    0xff, 0xff, 0xff, 0xff, 0xff, 0xff, 0xff, 0xff,
    0xff, 0xf0, 0xd, 0xff, 0xff, 0xff, 0xff, 0xff,
    0xff, 0xff, 0xff, 0xff, 0xfd, 0x0, 0x3d, 0xff,
    0xff, 0xff, 0xff, 0xff, 0xff, 0xff, 0xff, 0xfd,
    0x30, 0x0, 0x0, 0x0, 0x0, 0x0, 0x0, 0x0,
    0x0, 0x0, 0x0, 0x0, 0x0, 0x0, 0x0, 0x0,
    0x0, 0x0, 0x0, 0x0, 0x0, 0x0, 0x0, 0x0,
    0x0, 0x0, 0x0, 0x0, 0x0, 0x0, 0x0, 0x0,
    0x0, 0x0, 0x0, 0x0, 0x3c, 0xff, 0xff, 0xff,
    0xff, 0xff, 0xff, 0xff, 0xff, 0xfc, 0x30, 0xc,
    0xff, 0xff, 0xff, 0xff, 0xff, 0xff, 0xff, 0xff,
    0xff, 0xfc, 0x0, 0xef, 0xff, 0xff, 0xff, 0xff,
    0xff, 0xff, 0xff, 0xff, 0xff, 0xe0, 0x8, 0xff,
    0xff, 0xff, 0xff, 0xff, 0xff, 0xff, 0xff, 0xff,
    0xf8, 0x0, 0x4, 0x78, 0x88, 0x88, 0x88, 0x88,
    0x88, 0x88, 0x88, 0x74, 0x0,

    /* U+F053 "" */
    0x0, 0x0, 0x0, 0x0, 0x0, 0x30, 0x0, 0x0,
    0x0, 0x0, 0x1d, 0xfc, 0x0, 0x0, 0x0, 0x1,
    0xdf, 0xfe, 0x0, 0x0, 0x0, 0x1d, 0xff, 0xf5,
    0x0, 0x0, 0x1, 0xdf, 0xff, 0x60, 0x0, 0x0,
    0x1d, 0xff, 0xf5, 0x0, 0x0, 0x1, 0xdf, 0xff,
    0x50, 0x0, 0x0, 0x1d, 0xff, 0xf5, 0x0, 0x0,
    0x1, 0xdf, 0xff, 0x50, 0x0, 0x0, 0x1d, 0xff,
    0xf5, 0x0, 0x0, 0x0, 0xcf, 0xff, 0x50, 0x0,
    0x0, 0x0, 0xef, 0xfd, 0x10, 0x0, 0x0, 0x0,
    0x5f, 0xff, 0xd1, 0x0, 0x0, 0x0, 0x6, 0xff,
    0xfd, 0x10, 0x0, 0x0, 0x0, 0x6f, 0xff, 0xd1,
    0x0, 0x0, 0x0, 0x6, 0xff, 0xfd, 0x10, 0x0,
    0x0, 0x0, 0x6f, 0xff, 0xd1, 0x0, 0x0, 0x0,
    0x6, 0xff, 0xfd, 0x10, 0x0, 0x0, 0x0, 0x6f,
    0xff, 0xd1, 0x0, 0x0, 0x0, 0x6, 0xff, 0xfc,
    0x0, 0x0, 0x0, 0x0, 0x6f, 0xfe, 0x0, 0x0,
    0x0, 0x0, 0x5, 0xa4,

    /* U+F054 "" */
    0x3, 0x0, 0x0, 0x0, 0x0, 0x0, 0xcf, 0xd1,
    0x0, 0x0, 0x0, 0x0, 0xef, 0xfd, 0x10, 0x0,
    0x0, 0x0, 0x5f, 0xff, 0xd1, 0x0, 0x0, 0x0,
    0x6, 0xff, 0xfd, 0x10, 0x0, 0x0, 0x0, 0x5f,
    0xff, 0xd1, 0x0, 0x0, 0x0, 0x5, 0xff, 0xfd,
    0x10, 0x0, 0x0, 0x0, 0x5f, 0xff, 0xd1, 0x0,
    0x0, 0x0, 0x5, 0xff, 0xfd, 0x10, 0x0, 0x0,
    0x0, 0x5f, 0xff, 0xd1, 0x0, 0x0, 0x0, 0x5,
    0xff, 0xfc, 0x0, 0x0, 0x0, 0x1, 0xdf, 0xfe,
    0x0, 0x0, 0x0, 0x1d, 0xff, 0xf5, 0x0, 0x0,
    0x1, 0xdf, 0xff, 0x60, 0x0, 0x0, 0x1d, 0xff,
    0xf6, 0x0, 0x0, 0x1, 0xdf, 0xff, 0x60, 0x0,
    0x0, 0x1d, 0xff, 0xf6, 0x0, 0x0, 0x1, 0xdf,
    0xff, 0x60, 0x0, 0x0, 0x1d, 0xff, 0xf6, 0x0,
    0x0, 0x0, 0xcf, 0xff, 0x60, 0x0, 0x0, 0x0,
    0xef, 0xf6, 0x0, 0x0, 0x0, 0x0, 0x4a, 0x50,
    0x0, 0x0, 0x0, 0x0,

    /* U+F067 "" */
    0x0, 0x0, 0x0, 0x0, 0x8, 0xf8, 0x0, 0x0,
    0x0, 0x0, 0x0, 0x0, 0x0, 0x0, 0x0, 0xff,
    0xf0, 0x0, 0x0, 0x0, 0x0, 0x0, 0x0, 0x0,
    0x0, 0xf, 0xff, 0x0, 0x0, 0x0, 0x0, 0x0,
    0x0, 0x0, 0x0, 0x0, 0xff, 0xf0, 0x0, 0x0,
    0x0, 0x0, 0x0, 0x0, 0x0, 0x0, 0xf, 0xff,
    0x0, 0x0, 0x0, 0x0, 0x0, 0x0, 0x0, 0x0,
    0x0, 0xff, 0xf0, 0x0, 0x0, 0x0, 0x0, 0x0,
    0x0, 0x0, 0x0, 0xf, 0xff, 0x0, 0x0, 0x0,
    0x0, 0x0, 0x0, 0x0, 0x0, 0x0, 0xff, 0xf0,
    0x0, 0x0, 0x0, 0x0, 0x0, 0x11, 0x11, 0x11,
    0x1f, 0xff, 0x11, 0x11, 0x11, 0x10, 0x0, 0xdf,
    0xff, 0xff, 0xff, 0xff, 0xff, 0xff, 0xff, 0xff,
    0xd0, 0x3f, 0xff, 0xff, 0xff, 0xff, 0xff, 0xff,
    0xff, 0xff, 0xff, 0x30, 0xbf, 0xff, 0xff, 0xff,
    0xff, 0xff, 0xff, 0xff, 0xff, 0xb0, 0x0, 0x0,
    0x0, 0x0, 0xf, 0xff, 0x0, 0x0, 0x0, 0x0,
    0x0, 0x0, 0x0, 0x0, 0x0, 0xff, 0xf0, 0x0,
    0x0, 0x0, 0x0, 0x0, 0x0, 0x0, 0x0, 0xf,
    0xff, 0x0, 0x0, 0x0, 0x0, 0x0, 0x0, 0x0,
    0x0, 0x0, 0xff, 0xf0, 0x0, 0x0, 0x0, 0x0,
    0x0, 0x0, 0x0, 0x0, 0xf, 0xff, 0x0, 0x0,
    0x0, 0x0, 0x0, 0x0, 0x0, 0x0, 0x0, 0xff,
    0xf0, 0x0, 0x0, 0x0, 0x0, 0x0, 0x0, 0x0,
    0x0, 0xf, 0xff, 0x0, 0x0, 0x0, 0x0, 0x0,
    0x0, 0x0, 0x0, 0x0, 0x9f, 0x90, 0x0, 0x0,
    0x0, 0x0,

    /* U+F068 "" */
    0x0, 0x11, 0x11, 0x11, 0x11, 0x11, 0x11, 0x11,
    0x11, 0x10, 0x0, 0xdf, 0xff, 0xff, 0xff, 0xff,
    0xff, 0xff, 0xff, 0xff, 0xd0, 0x3f, 0xff, 0xff,
    0xff, 0xff, 0xff, 0xff, 0xff, 0xff, 0xff, 0x30,
    0xbf, 0xff, 0xff, 0xff, 0xff, 0xff, 0xff, 0xff,
    0xff, 0xb0,

    /* U+F06E "" */
    0x0, 0x0, 0x0, 0x0, 0x0, 0x3, 0x68, 0x98,
    0x63, 0x0, 0x0, 0x0, 0x0, 0x0, 0x0, 0x0,
    0x0, 0x0, 0x0, 0x8e, 0xff, 0xff, 0xff, 0xfe,
    0x80, 0x0, 0x0, 0x0, 0x0, 0x0, 0x0, 0x0,
    0x5, 0xef, 0xff, 0xff, 0xff, 0xff, 0xff, 0xe5,
    0x0, 0x0, 0x0, 0x0, 0x0, 0x0, 0x9, 0xff,
    0xff, 0xff, 0xff, 0xff, 0xff, 0xff, 0xf9, 0x0,
    0x0, 0x0, 0x0, 0x0, 0xc, 0xff, 0xff, 0xfe,
    0x74, 0x24, 0x7e, 0xff, 0xff, 0xfc, 0x0, 0x0,
    0x0, 0x0, 0xb, 0xff, 0xff, 0xf8, 0x0, 0x0,
    0x0, 0x8, 0xff, 0xff, 0xfb, 0x0, 0x0, 0x0,
    0x8, 0xff, 0xff, 0xf7, 0x0, 0x0, 0x33, 0x0,
    0x7, 0xff, 0xff, 0xf8, 0x0, 0x0, 0x4, 0xff,
    0xff, 0xfb, 0x0, 0x0, 0x9, 0xfd, 0x30, 0xb,
    0xff, 0xff, 0xf4, 0x0, 0x0, 0xdf, 0xff, 0xff,
    0x40, 0x0, 0x0, 0x9f, 0xff, 0x20, 0x4f, 0xff,
    0xff, 0xd0, 0x0, 0x6f, 0xff, 0xff, 0xe0, 0x0,
    0x0, 0xe, 0xff, 0xfa, 0x0, 0xff, 0xff, 0xff,
    0x70, 0xd, 0xff, 0xff, 0xfc, 0x0, 0x0, 0x2b,
    0xff, 0xff, 0xe0, 0xc, 0xff, 0xff, 0xfe, 0x0,
    0xdf, 0xff, 0xff, 0xc0, 0xe, 0xef, 0xff, 0xff,
    0xff, 0x0, 0xdf, 0xff, 0xff, 0xe0, 0x6, 0xff,
    0xff, 0xff, 0x0, 0xbf, 0xff, 0xff, 0xff, 0xb0,
    0xf, 0xff, 0xff, 0xf7, 0x0, 0xd, 0xff, 0xff,
    0xf4, 0x3, 0xff, 0xff, 0xff, 0xf4, 0x4, 0xff,
    0xff, 0xfd, 0x0, 0x0, 0x4f, 0xff, 0xff, 0xb0,
    0x5, 0xff, 0xff, 0xf6, 0x0, 0xbf, 0xff, 0xff,
    0x40, 0x0, 0x0, 0x8f, 0xff, 0xff, 0x70, 0x2,
    0x79, 0x71, 0x0, 0x7f, 0xff, 0xff, 0x80, 0x0,
    0x0, 0x0, 0xbf, 0xff, 0xff, 0x80, 0x0, 0x0,
    0x0, 0x8f, 0xff, 0xff, 0xb0, 0x0, 0x0, 0x0,
    0x0, 0xcf, 0xff, 0xff, 0xe7, 0x42, 0x47, 0xef,
    0xff, 0xff, 0xc0, 0x0, 0x0, 0x0, 0x0, 0x0,
    0x9f, 0xff, 0xff, 0xff, 0xff, 0xff, 0xff, 0xff,
    0x90, 0x0, 0x0, 0x0, 0x0, 0x0, 0x0, 0x5e,
    0xff, 0xff, 0xff, 0xff, 0xff, 0xfe, 0x50, 0x0,
    0x0, 0x0, 0x0, 0x0, 0x0, 0x0, 0x8, 0xef,
    0xff, 0xff, 0xff, 0xe8, 0x0, 0x0, 0x0, 0x0,
    0x0, 0x0, 0x0, 0x0, 0x0, 0x0, 0x36, 0x89,
    0x86, 0x30, 0x0, 0x0, 0x0, 0x0, 0x0,

    /* U+F070 "" */
    0x0, 0x10, 0x0, 0x0, 0x0, 0x0, 0x0, 0x0,
    0x0, 0x0, 0x0, 0x0, 0x0, 0x0, 0x0, 0x0,
    0xd, 0xf6, 0x0, 0x0, 0x0, 0x0, 0x0, 0x0,
    0x0, 0x0, 0x0, 0x0, 0x0, 0x0, 0x0, 0x0,
    0xc, 0xff, 0x90, 0x0, 0x0, 0x0, 0x15, 0x89,
    0x98, 0x61, 0x0, 0x0, 0x0, 0x0, 0x0, 0x0,
    0x1, 0xbf, 0xfc, 0x10, 0x0, 0x5c, 0xff, 0xff,
    0xff, 0xff, 0xc4, 0x0, 0x0, 0x0, 0x0, 0x0,
    0x0, 0x8, 0xff, 0xe4, 0x2c, 0xff, 0xff, 0xff,
    0xff, 0xff, 0xff, 0xb1, 0x0, 0x0, 0x0, 0x0,
    0x0, 0x0, 0x5f, 0xff, 0xff, 0xff, 0xff, 0xff,
    0xff, 0xff, 0xff, 0xfe, 0x30, 0x0, 0x0, 0x0,
    0x0, 0x0, 0x2, 0xdf, 0xff, 0xff, 0xfa, 0x42,
    0x24, 0xaf, 0xff, 0xff, 0xf5, 0x0, 0x0, 0x0,
    0x0, 0x0, 0x0, 0xb, 0xff, 0xfd, 0x20, 0x0,
    0x0, 0x2, 0xdf, 0xff, 0xff, 0x40, 0x0, 0x0,
    0x0, 0x0, 0x0, 0x0, 0x7f, 0xfe, 0x30, 0x0,
    0x41, 0x0, 0x1d, 0xff, 0xff, 0xe1, 0x0, 0x0,
    0x0, 0x0, 0x9c, 0x10, 0x4, 0xef, 0xf5, 0x1,
    0xff, 0x80, 0x3, 0xff, 0xff, 0xfc, 0x0, 0x0,
    0x0, 0x4, 0xff, 0xe3, 0x0, 0x2d, 0xff, 0x70,
    0xff, 0xf9, 0x0, 0xcf, 0xff, 0xff, 0x60, 0x0,
    0x0, 0xd, 0xff, 0xff, 0x60, 0x0, 0xaf, 0xfd,
    0xff, 0xff, 0x20, 0x7f, 0xff, 0xff, 0xe0, 0x0,
    0x0, 0x4f, 0xff, 0xff, 0xf3, 0x0, 0x7, 0xff,
    0xff, 0xff, 0x60, 0x5f, 0xff, 0xff, 0xf6, 0x0,
    0x0, 0x6f, 0xff, 0xff, 0xf4, 0x0, 0x0, 0x4e,
    0xff, 0xff, 0x70, 0x4f, 0xff, 0xff, 0xf6, 0x0,
    0x0, 0xf, 0xff, 0xff, 0xf6, 0x0, 0x0, 0x2,
    0xcf, 0xff, 0x30, 0x6f, 0xff, 0xff, 0xe0, 0x0,
    0x0, 0x7, 0xff, 0xff, 0xfb, 0x0, 0x0, 0x0,
    0xa, 0xff, 0xb1, 0xbf, 0xff, 0xff, 0x60, 0x0,
    0x0, 0x0, 0xdf, 0xff, 0xff, 0x20, 0x0, 0x0,
    0x0, 0x7f, 0xfe, 0xff, 0xff, 0xfc, 0x0, 0x0,
    0x0, 0x0, 0x2f, 0xff, 0xff, 0xd0, 0x0, 0x0,
    0x0, 0x4, 0xef, 0xff, 0xff, 0xf2, 0x0, 0x0,
    0x0, 0x0, 0x5, 0xff, 0xff, 0xfc, 0x20, 0x0,
    0x0, 0x0, 0x1c, 0xff, 0xff, 0x50, 0x0, 0x0,
    0x0, 0x0, 0x0, 0x5f, 0xff, 0xff, 0xf9, 0x42,
    0x24, 0x60, 0x0, 0x9f, 0xfe, 0x10, 0x0, 0x0,
    0x0, 0x0, 0x0, 0x4, 0xef, 0xff, 0xff, 0xff,
    0xff, 0xfb, 0x10, 0x6, 0xff, 0xe4, 0x0, 0x0,
    0x0, 0x0, 0x0, 0x0, 0x2b, 0xff, 0xff, 0xff,
    0xff, 0xff, 0xe3, 0x0, 0x3e, 0xff, 0x70, 0x0,
    0x0, 0x0, 0x0, 0x0, 0x0, 0x4c, 0xff, 0xff,
    0xff, 0xff, 0xc5, 0x0, 0x1, 0xcf, 0xfb, 0x0,
    0x0, 0x0, 0x0, 0x0, 0x0, 0x0, 0x26, 0x8a,
    0x98, 0x52, 0x0, 0x0, 0x0, 0x9, 0xff, 0xc0,
    0x0, 0x0, 0x0, 0x0, 0x0, 0x0, 0x0, 0x0,
    0x0, 0x0, 0x0, 0x0, 0x0, 0x0, 0x6f, 0xd0,
    0x0, 0x0, 0x0, 0x0, 0x0, 0x0, 0x0, 0x0,
    0x0, 0x0, 0x0, 0x0, 0x0, 0x0, 0x1, 0x0,

    /* U+F071 "" */
    0x0, 0x0, 0x0, 0x0, 0x0, 0x0, 0x22, 0x0,
    0x0, 0x0, 0x0, 0x0, 0x0, 0x0, 0x0, 0x0,
    0x0, 0x0, 0x6, 0xff, 0x70, 0x0, 0x0, 0x0,
    0x0, 0x0, 0x0, 0x0, 0x0, 0x0, 0x0, 0x2f,
    0xff, 0xf2, 0x0, 0x0, 0x0, 0x0, 0x0, 0x0,
    0x0, 0x0, 0x0, 0x0, 0xaf, 0xff, 0xfb, 0x0,
    0x0, 0x0, 0x0, 0x0, 0x0, 0x0, 0x0, 0x0,
    0x4, 0xff, 0xff, 0xff, 0x40, 0x0, 0x0, 0x0,
    0x0, 0x0, 0x0, 0x0, 0x0, 0xd, 0xff, 0xff,
    0xff, 0xd0, 0x0, 0x0, 0x0, 0x0, 0x0, 0x0,
    0x0, 0x0, 0x7f, 0xff, 0xee, 0xff, 0xf7, 0x0,
    0x0, 0x0, 0x0, 0x0, 0x0, 0x0, 0x1, 0xff,
    0xff, 0x11, 0xff, 0xff, 0x10, 0x0, 0x0, 0x0,
    0x0, 0x0, 0x0, 0xa, 0xff, 0xfe, 0x0, 0xef,
    0xff, 0xa0, 0x0, 0x0, 0x0, 0x0, 0x0, 0x0,
    0x3f, 0xff, 0xfe, 0x0, 0xef, 0xff, 0xf3, 0x0,
    0x0, 0x0, 0x0, 0x0, 0x0, 0xcf, 0xff, 0xfe,
    0x0, 0xef, 0xff, 0xfd, 0x0, 0x0, 0x0, 0x0,
    0x0, 0x6, 0xff, 0xff, 0xfe, 0x0, 0xef, 0xff,
    0xff, 0x60, 0x0, 0x0, 0x0, 0x0, 0x1e, 0xff,
    0xff, 0xfe, 0x0, 0xef, 0xff, 0xff, 0xe1, 0x0,
    0x0, 0x0, 0x0, 0x9f, 0xff, 0xff, 0xff, 0x11,
    0xff, 0xff, 0xff, 0xf9, 0x0, 0x0, 0x0, 0x2,
    0xff, 0xff, 0xff, 0xff, 0xff, 0xff, 0xff, 0xff,
    0xff, 0x30, 0x0, 0x0, 0xc, 0xff, 0xff, 0xff,
    0xff, 0xdd, 0xff, 0xff, 0xff, 0xff, 0xc0, 0x0,
    0x0, 0x5f, 0xff, 0xff, 0xff, 0xfb, 0x0, 0xbf,
    0xff, 0xff, 0xff, 0xf5, 0x0, 0x0, 0xef, 0xff,
    0xff, 0xff, 0xf9, 0x0, 0x9f, 0xff, 0xff, 0xff,
    0xfe, 0x0, 0x8, 0xff, 0xff, 0xff, 0xff, 0xff,
    0x66, 0xff, 0xff, 0xff, 0xff, 0xff, 0x80, 0xe,
    0xff, 0xff, 0xff, 0xff, 0xff, 0xff, 0xff, 0xff,
    0xff, 0xff, 0xff, 0xe0, 0xd, 0xff, 0xff, 0xff,
    0xff, 0xff, 0xff, 0xff, 0xff, 0xff, 0xff, 0xff,
    0xd0, 0x2, 0x9b, 0xbb, 0xbb, 0xbb, 0xbb, 0xbb,
    0xbb, 0xbb, 0xbb, 0xbb, 0xb9, 0x20,

    /* U+F074 "" */
    0x0, 0x0, 0x0, 0x0, 0x0, 0x0, 0x0, 0x0,
    0x0, 0x3, 0x0, 0x0, 0x0, 0x0, 0x0, 0x0,
    0x0, 0x0, 0x0, 0x0, 0x0, 0xbf, 0xd1, 0x0,
    0x0, 0x0, 0x0, 0x0, 0x0, 0x0, 0x0, 0x0,
    0x0, 0xff, 0xfd, 0x10, 0x4, 0x44, 0x42, 0x0,
    0x0, 0x0, 0x0, 0x2, 0x44, 0xff, 0xff, 0xd1,
    0xcf, 0xff, 0xff, 0xc2, 0x0, 0x0, 0x2, 0xcf,
    0xff, 0xff, 0xff, 0xfc, 0xef, 0xff, 0xff, 0xfe,
    0x20, 0x0, 0x2e, 0xff, 0xff, 0xff, 0xff, 0xfe,
    0x4b, 0xbb, 0xbf, 0xff, 0xd0, 0x0, 0xdf, 0xff,
    0xbb, 0xff, 0xff, 0xf5, 0x0, 0x0, 0x3, 0xff,
    0xf9, 0x6, 0xff, 0xf3, 0x0, 0xff, 0xff, 0x60,
    0x0, 0x0, 0x0, 0x6f, 0xff, 0x50, 0xcf, 0x60,
    0x0, 0xef, 0xf6, 0x0, 0x0, 0x0, 0x0, 0xa,
    0xff, 0xf2, 0x19, 0x0, 0x0, 0x4a, 0x50, 0x0,
    0x0, 0x0, 0x0, 0x0, 0xdf, 0xfc, 0x0, 0x0,
    0x0, 0x0, 0x0, 0x0, 0x0, 0x0, 0x0, 0x0,
    0x3f, 0xff, 0x90, 0x0, 0x0, 0x0, 0x0, 0x0,
    0x0, 0x0, 0x0, 0x3, 0x6, 0xff, 0xf5, 0x0,
    0x0, 0x3, 0x0, 0x0, 0x0, 0x0, 0x0, 0x2f,
    0x70, 0xaf, 0xff, 0x20, 0x0, 0xbf, 0xd1, 0x0,
    0x0, 0x0, 0x0, 0xcf, 0xf3, 0xd, 0xff, 0xc0,
    0x0, 0xff, 0xfd, 0x10, 0x4, 0x44, 0x4b, 0xff,
    0xf3, 0x3, 0xff, 0xfb, 0x44, 0xff, 0xff, 0xd1,
    0xcf, 0xff, 0xff, 0xff, 0x60, 0x0, 0x6f, 0xff,
    0xff, 0xff, 0xff, 0xfc, 0xef, 0xff, 0xff, 0xf8,
    0x0, 0x0, 0x8, 0xff, 0xff, 0xff, 0xff, 0xfe,
    0x4b, 0xbb, 0xb9, 0x30, 0x0, 0x0, 0x0, 0x39,
    0xbb, 0xff, 0xff, 0xf5, 0x0, 0x0, 0x0, 0x0,
    0x0, 0x0, 0x0, 0x0, 0x0, 0xff, 0xff, 0x60,
    0x0, 0x0, 0x0, 0x0, 0x0, 0x0, 0x0, 0x0,
    0x0, 0xef, 0xf6, 0x0, 0x0, 0x0, 0x0, 0x0,
    0x0, 0x0, 0x0, 0x0, 0x0, 0x4a, 0x40, 0x0,

    /* U+F077 "" */
    0x0, 0x0, 0x0, 0x0, 0x0, 0x64, 0x0, 0x0,
    0x0, 0x0, 0x0, 0x0, 0x0, 0x0, 0x0, 0x1c,
    0xff, 0x60, 0x0, 0x0, 0x0, 0x0, 0x0, 0x0,
    0x0, 0x1, 0xcf, 0xff, 0xf6, 0x0, 0x0, 0x0,
    0x0, 0x0, 0x0, 0x0, 0x1c, 0xff, 0xff, 0xff,
    0x60, 0x0, 0x0, 0x0, 0x0, 0x0, 0x1, 0xcf,
    0xff, 0x7c, 0xff, 0xf6, 0x0, 0x0, 0x0, 0x0,
    0x0, 0x1c, 0xff, 0xf6, 0x0, 0xcf, 0xff, 0x60,
    0x0, 0x0, 0x0, 0x1, 0xcf, 0xff, 0x60, 0x0,
    0xc, 0xff, 0xf6, 0x0, 0x0, 0x0, 0x1c, 0xff,
    0xf6, 0x0, 0x0, 0x0, 0xcf, 0xff, 0x60, 0x0,
    0x1, 0xcf, 0xff, 0x60, 0x0, 0x0, 0x0, 0xc,
    0xff, 0xf6, 0x0, 0x1c, 0xff, 0xf6, 0x0, 0x0,
    0x0, 0x0, 0x1, 0xcf, 0xff, 0x60, 0x9f, 0xff,
    0x60, 0x0, 0x0, 0x0, 0x0, 0x0, 0x1c, 0xff,
    0xf2, 0x9f, 0xf6, 0x0, 0x0, 0x0, 0x0, 0x0,
    0x0, 0x1, 0xcf, 0xf2, 0x6, 0x40, 0x0, 0x0,
    0x0, 0x0, 0x0, 0x0, 0x0, 0x6, 0x40,

    /* U+F078 "" */
    0x6, 0x40, 0x0, 0x0, 0x0, 0x0, 0x0, 0x0,
    0x0, 0x6, 0x40, 0x9f, 0xf6, 0x0, 0x0, 0x0,
    0x0, 0x0, 0x0, 0x1, 0xcf, 0xf2, 0x9f, 0xff,
    0x60, 0x0, 0x0, 0x0, 0x0, 0x0, 0x1c, 0xff,
    0xf2, 0x1c, 0xff, 0xf6, 0x0, 0x0, 0x0, 0x0,
    0x1, 0xcf, 0xff, 0x70, 0x1, 0xcf, 0xff, 0x60,
    0x0, 0x0, 0x0, 0xc, 0xff, 0xf7, 0x0, 0x0,
    0x1c, 0xff, 0xf6, 0x0, 0x0, 0x0, 0xcf, 0xff,
    0x70, 0x0, 0x0, 0x1, 0xcf, 0xff, 0x60, 0x0,
    0xc, 0xff, 0xf7, 0x0, 0x0, 0x0, 0x0, 0x1c,
    0xff, 0xf6, 0x0, 0xcf, 0xff, 0x70, 0x0, 0x0,
    0x0, 0x0, 0x1, 0xcf, 0xff, 0x7c, 0xff, 0xf7,
    0x0, 0x0, 0x0, 0x0, 0x0, 0x0, 0x1c, 0xff,
    0xff, 0xff, 0x70, 0x0, 0x0, 0x0, 0x0, 0x0,
    0x0, 0x1, 0xcf, 0xff, 0xf7, 0x0, 0x0, 0x0,
    0x0, 0x0, 0x0, 0x0, 0x0, 0x1c, 0xff, 0x70,
    0x0, 0x0, 0x0, 0x0, 0x0, 0x0, 0x0, 0x0,
    0x0, 0x64, 0x0, 0x0, 0x0, 0x0, 0x0,

    /* U+F079 "" */
    0x0, 0x0, 0x6b, 0x60, 0x0, 0x0, 0x0, 0x0,
    0x0, 0x0, 0x0, 0x0, 0x0, 0x0, 0x0, 0x0,
    0x7f, 0xff, 0x60, 0x0, 0x0, 0x1, 0x44, 0x44,
    0x44, 0x20, 0x0, 0x0, 0x0, 0x0, 0x7f, 0xff,
    0xff, 0x60, 0x0, 0x1, 0xff, 0xff, 0xff, 0xff,
    0xc2, 0x0, 0x0, 0x0, 0x6f, 0xff, 0xff, 0xff,
    0x60, 0x0, 0x2f, 0xff, 0xff, 0xff, 0xff, 0xe2,
    0x0, 0x0, 0xf, 0xff, 0xff, 0xff, 0xfe, 0x0,
    0x0, 0x7b, 0xbb, 0xbb, 0xbf, 0xff, 0xa0, 0x0,
    0x0, 0xaf, 0xff, 0xff, 0xff, 0xb0, 0x0, 0x0,
    0x0, 0x0, 0x0, 0x3f, 0xfe, 0x0, 0x0, 0x0,
    0x23, 0xff, 0xf3, 0x20, 0x0, 0x0, 0x0, 0x0,
    0x0, 0x0, 0xff, 0xf0, 0x0, 0x0, 0x0, 0xf,
    0xff, 0x0, 0x0, 0x0, 0x0, 0x0, 0x0, 0x0,
    0xf, 0xff, 0x0, 0x0, 0x0, 0x0, 0xff, 0xf0,
    0x0, 0x0, 0x0, 0x0, 0x0, 0x0, 0x0, 0xff,
    0xf0, 0x0, 0x0, 0x0, 0xf, 0xff, 0x0, 0x0,
    0x0, 0x0, 0x0, 0x0, 0x0, 0xf, 0xff, 0x0,
    0x0, 0x0, 0x0, 0xff, 0xf0, 0x0, 0x0, 0x0,
    0x0, 0x0, 0x0, 0x0, 0xff, 0xf0, 0x0, 0x0,
    0x0, 0xf, 0xff, 0x0, 0x0, 0x0, 0x0, 0x0,
    0x0, 0x0, 0xf, 0xff, 0x0, 0x0, 0x0, 0x0,
    0xff, 0xf0, 0x0, 0x0, 0x0, 0x0, 0x0, 0x4,
    0xbc, 0xff, 0xfc, 0xb4, 0x0, 0x0, 0xc, 0xff,
    0xb4, 0x44, 0x44, 0x41, 0x0, 0x0, 0xef, 0xff,
    0xff, 0xff, 0xe0, 0x0, 0x0, 0x5f, 0xff, 0xff,
    0xff, 0xff, 0xf1, 0x0, 0xb, 0xff, 0xff, 0xff,
    0xfb, 0x0, 0x0, 0x0, 0x8f, 0xff, 0xff, 0xff,
    0xff, 0x20, 0x0, 0x1c, 0xff, 0xff, 0xfc, 0x10,
    0x0, 0x0, 0x0, 0x39, 0xbb, 0xbb, 0xbb, 0x70,
    0x0, 0x0, 0x1c, 0xff, 0xfc, 0x10, 0x0, 0x0,
    0x0, 0x0, 0x0, 0x0, 0x0, 0x0, 0x0, 0x0,
    0x0, 0x1c, 0xfc, 0x10, 0x0, 0x0, 0x0, 0x0,
    0x0, 0x0, 0x0, 0x0, 0x0, 0x0, 0x0, 0x0,
    0x2, 0x0, 0x0, 0x0,

    /* U+F07B "" */
    0x0, 0x24, 0x44, 0x44, 0x43, 0x0, 0x0, 0x0,
    0x0, 0x0, 0x0, 0x0, 0x1c, 0xff, 0xff, 0xff,
    0xff, 0xd1, 0x0, 0x0, 0x0, 0x0, 0x0, 0x0,
    0xaf, 0xff, 0xff, 0xff, 0xff, 0xfc, 0x0, 0x0,
    0x0, 0x0, 0x0, 0x0, 0xff, 0xff, 0xff, 0xff,
    0xff, 0xff, 0xb4, 0x44, 0x44, 0x44, 0x42, 0x0,
    0xff, 0xff, 0xff, 0xff, 0xff, 0xff, 0xff, 0xff,
    0xff, 0xff, 0xff, 0xc1, 0xff, 0xff, 0xff, 0xff,
    0xff, 0xff, 0xff, 0xff, 0xff, 0xff, 0xff, 0xfa,
    0xff, 0xff, 0xff, 0xff, 0xff, 0xff, 0xff, 0xff,
    0xff, 0xff, 0xff, 0xff, 0xff, 0xff, 0xff, 0xff,
    0xff, 0xff, 0xff, 0xff, 0xff, 0xff, 0xff, 0xff,
    0xff, 0xff, 0xff, 0xff, 0xff, 0xff, 0xff, 0xff,
    0xff, 0xff, 0xff, 0xff, 0xff, 0xff, 0xff, 0xff,
    0xff, 0xff, 0xff, 0xff, 0xff, 0xff, 0xff, 0xff,
    0xff, 0xff, 0xff, 0xff, 0xff, 0xff, 0xff, 0xff,
    0xff, 0xff, 0xff, 0xff, 0xff, 0xff, 0xff, 0xff,
    0xff, 0xff, 0xff, 0xff, 0xff, 0xff, 0xff, 0xff,
    0xff, 0xff, 0xff, 0xff, 0xff, 0xff, 0xff, 0xff,
    0xff, 0xff, 0xff, 0xff, 0xff, 0xff, 0xff, 0xff,
    0xff, 0xff, 0xff, 0xff, 0xff, 0xff, 0xff, 0xff,
    0xff, 0xff, 0xff, 0xff, 0xff, 0xff, 0xff, 0xff,
    0xff, 0xff, 0xff, 0xff, 0xff, 0xff, 0xff, 0xff,
    0xff, 0xff, 0xff, 0xff, 0xff, 0xff, 0xff, 0xff,
    0xff, 0xff, 0xff, 0xff, 0xff, 0xff, 0xff, 0xff,
    0xff, 0xff, 0xff, 0xff, 0xff, 0xff, 0xff, 0xff,
    0xff, 0xff, 0xff, 0xff, 0xff, 0xff, 0xff, 0xff,
    0xff, 0xff, 0xff, 0xff, 0xff, 0xff, 0xff, 0xff,
    0xff, 0xff, 0xff, 0xff, 0xdf, 0xff, 0xff, 0xff,
    0xff, 0xff, 0xff, 0xff, 0xff, 0xff, 0xff, 0xfd,
    0x5f, 0xff, 0xff, 0xff, 0xff, 0xff, 0xff, 0xff,
    0xff, 0xff, 0xff, 0xf5, 0x3, 0x9b, 0xbb, 0xbb,
    0xbb, 0xbb, 0xbb, 0xbb, 0xbb, 0xbb, 0xb9, 0x30,

    /* U+F093 "" */
    0x0, 0x0, 0x0, 0x0, 0x0, 0x3d, 0xd3, 0x0,
    0x0, 0x0, 0x0, 0x0, 0x0, 0x0, 0x0, 0x0,
    0x3, 0xff, 0xff, 0x30, 0x0, 0x0, 0x0, 0x0,
    0x0, 0x0, 0x0, 0x0, 0x3f, 0xff, 0xff, 0xf3,
    0x0, 0x0, 0x0, 0x0, 0x0, 0x0, 0x0, 0x3,
    0xff, 0xff, 0xff, 0xff, 0x30, 0x0, 0x0, 0x0,
    0x0, 0x0, 0x0, 0x3f, 0xff, 0xff, 0xff, 0xff,
    0xf3, 0x0, 0x0, 0x0, 0x0, 0x0, 0x3, 0xff,
    0xfe, 0xaf, 0xfa, 0xef, 0xff, 0x30, 0x0, 0x0,
    0x0, 0x0, 0x2f, 0xff, 0xe3, 0x8f, 0xf8, 0x3e,
    0xff, 0xf2, 0x0, 0x0, 0x0, 0x0, 0x7f, 0xfe,
    0x30, 0x8f, 0xf8, 0x3, 0xff, 0xf7, 0x0, 0x0,
    0x0, 0x0, 0x2d, 0xd3, 0x0, 0x8f, 0xf8, 0x0,
    0x3d, 0xd2, 0x0, 0x0, 0x0, 0x0, 0x0, 0x0,
    0x0, 0x8f, 0xf8, 0x0, 0x0, 0x0, 0x0, 0x0,
    0x0, 0x0, 0x0, 0x0, 0x0, 0x8f, 0xf8, 0x0,
    0x0, 0x0, 0x0, 0x0, 0x0, 0x0, 0x0, 0x0,
    0x0, 0x8f, 0xf8, 0x0, 0x0, 0x0, 0x0, 0x0,
    0x0, 0x0, 0x0, 0x0, 0x0, 0x8f, 0xf8, 0x0,
    0x0, 0x0, 0x0, 0x0, 0x0, 0x0, 0x0, 0x0,
    0x0, 0x8f, 0xf8, 0x0, 0x0, 0x0, 0x0, 0x0,
    0x0, 0x0, 0x0, 0x0, 0x0, 0x8f, 0xf8, 0x0,
    0x0, 0x0, 0x0, 0x0, 0x0, 0x0, 0x0, 0x0,
    0x0, 0x8f, 0xf8, 0x0, 0x0, 0x0, 0x0, 0x0,
    0x1, 0x68, 0x88, 0x88, 0x80, 0x7f, 0xf7, 0x8,
    0x88, 0x88, 0x86, 0x10, 0x3e, 0xff, 0xff, 0xff,
    0xf3, 0x2d, 0xd2, 0x3f, 0xff, 0xff, 0xff, 0xe3,
    0xcf, 0xff, 0xff, 0xff, 0xfc, 0x10, 0x1, 0xcf,
    0xff, 0xff, 0xff, 0xfc, 0xff, 0xff, 0xff, 0xff,
    0xff, 0xe9, 0x9e, 0xff, 0xff, 0xf9, 0x4e, 0xff,
    0xff, 0xff, 0xff, 0xff, 0xff, 0xff, 0xff, 0xff,
    0xff, 0xf4, 0xc, 0xff, 0xef, 0xff, 0xff, 0xff,
    0xff, 0xff, 0xff, 0xff, 0xff, 0xfe, 0xcf, 0xfe,
    0x8f, 0xff, 0xff, 0xff, 0xff, 0xff, 0xff, 0xff,
    0xff, 0xff, 0xff, 0xf8, 0x8, 0xef, 0xff, 0xff,
    0xff, 0xff, 0xff, 0xff, 0xff, 0xff, 0xfe, 0x80,

    /* U+F095 "" */
    0x0, 0x0, 0x0, 0x0, 0x0, 0x0, 0x0, 0x0,
    0x0, 0x0, 0x0, 0x0, 0x0, 0x2, 0x6a, 0xee,
    0x40, 0x0, 0x0, 0x0, 0x0, 0x0, 0x0, 0x0,
    0x0, 0x4d, 0xff, 0xff, 0xfd, 0x0, 0x0, 0x0,
    0x0, 0x0, 0x0, 0x0, 0x0, 0xe, 0xff, 0xff,
    0xff, 0xf4, 0x0, 0x0, 0x0, 0x0, 0x0, 0x0,
    0x0, 0x0, 0xff, 0xff, 0xff, 0xff, 0xb0, 0x0,
    0x0, 0x0, 0x0, 0x0, 0x0, 0x0, 0xe, 0xff,
    0xff, 0xff, 0xff, 0x20, 0x0, 0x0, 0x0, 0x0,
    0x0, 0x0, 0x0, 0xdf, 0xff, 0xff, 0xff, 0xf8,
    0x0, 0x0, 0x0, 0x0, 0x0, 0x0, 0x0, 0xa,
    0xff, 0xff, 0xff, 0xff, 0xb0, 0x0, 0x0, 0x0,
    0x0, 0x0, 0x0, 0x0, 0x7f, 0xff, 0xff, 0xff,
    0xf4, 0x0, 0x0, 0x0, 0x0, 0x0, 0x0, 0x0,
    0x4, 0xff, 0xff, 0xff, 0xf4, 0x0, 0x0, 0x0,
    0x0, 0x0, 0x0, 0x0, 0x0, 0xe, 0xff, 0xff,
    0xe2, 0x0, 0x0, 0x0, 0x0, 0x0, 0x0, 0x0,
    0x0, 0x0, 0x9f, 0xff, 0xff, 0x30, 0x0, 0x0,
    0x0, 0x0, 0x0, 0x0, 0x0, 0x0, 0x3, 0xff,
    0xff, 0xfc, 0x0, 0x0, 0x0, 0x0, 0x0, 0x0,
    0x0, 0x0, 0x0, 0xb, 0xff, 0xff, 0xf7, 0x0,
    0x0, 0x0, 0x0, 0x0, 0x0, 0x0, 0x0, 0x0,
    0x3f, 0xff, 0xff, 0xf4, 0x0, 0x0, 0x0, 0x0,
    0x0, 0x0, 0x0, 0x0, 0x0, 0x8f, 0xff, 0xff,
    0xf4, 0x0, 0x0, 0x4, 0xb8, 0x20, 0x0, 0x0,
    0x0, 0x0, 0xdf, 0xff, 0xff, 0xf7, 0x0, 0x4,
    0xff, 0xff, 0xb4, 0x0, 0x0, 0x0, 0x2, 0xef,
    0xff, 0xff, 0xfc, 0x32, 0xff, 0xff, 0xff, 0xfd,
    0x40, 0x0, 0x0, 0x3, 0xff, 0xff, 0xff, 0xff,
    0xef, 0xff, 0xff, 0xff, 0xfe, 0x0, 0x0, 0x0,
    0x3, 0xef, 0xff, 0xff, 0xff, 0xff, 0xff, 0xff,
    0xff, 0xe0, 0x0, 0x0, 0x0, 0x2, 0xdf, 0xff,
    0xff, 0xff, 0xff, 0xff, 0xff, 0xfa, 0x0, 0x0,
    0x0, 0x0, 0x0, 0x8f, 0xff, 0xff, 0xff, 0xff,
    0xff, 0xff, 0x60, 0x0, 0x0, 0x0, 0x0, 0x0,
    0x3b, 0xff, 0xff, 0xff, 0xff, 0xff, 0xf2, 0x0,
    0x0, 0x0, 0x0, 0x0, 0x0, 0x3, 0x9e, 0xff,
    0xff, 0xff, 0xfd, 0x0, 0x0, 0x0, 0x0, 0x0,
    0x0, 0x0, 0x0, 0x4, 0x7a, 0xde, 0xfe, 0x40,
    0x0,

    /* U+F0C4 "" */
    0x0, 0x3b, 0xef, 0xc6, 0x0, 0x0, 0x0, 0x0,
    0x0, 0x0, 0x0, 0x0, 0x6, 0xff, 0xff, 0xff,
    0xa0, 0x0, 0x0, 0x0, 0x0, 0x4, 0x87, 0x10,
    0x3f, 0xff, 0xff, 0xff, 0xf7, 0x0, 0x0, 0x0,
    0x0, 0xaf, 0xff, 0xf3, 0xaf, 0xfc, 0x21, 0x9f,
    0xff, 0x0, 0x0, 0x0, 0xb, 0xff, 0xff, 0xf3,
    0xef, 0xf3, 0x0, 0xe, 0xff, 0x30, 0x0, 0x0,
    0xbf, 0xff, 0xff, 0x40, 0xff, 0xf1, 0x0, 0xc,
    0xff, 0x40, 0x0, 0xb, 0xff, 0xff, 0xf4, 0x0,
    0xdf, 0xf7, 0x0, 0x3f, 0xff, 0x20, 0x0, 0xbf,
    0xff, 0xff, 0x50, 0x0, 0x7f, 0xff, 0xa9, 0xef,
    0xff, 0x40, 0xb, 0xff, 0xff, 0xf5, 0x0, 0x0,
    0xd, 0xff, 0xff, 0xff, 0xff, 0xf5, 0xbf, 0xff,
    0xff, 0x50, 0x0, 0x0, 0x1, 0xbf, 0xff, 0xff,
    0xff, 0xff, 0xff, 0xff, 0xf5, 0x0, 0x0, 0x0,
    0x0, 0x3, 0x67, 0x4b, 0xff, 0xff, 0xff, 0xff,
    0x50, 0x0, 0x0, 0x0, 0x0, 0x0, 0x0, 0x0,
    0xcf, 0xff, 0xff, 0xf5, 0x0, 0x0, 0x0, 0x0,
    0x0, 0x0, 0x0, 0x0, 0x9f, 0xff, 0xff, 0x50,
    0x0, 0x0, 0x0, 0x0, 0x0, 0x0, 0x33, 0x17,
    0xff, 0xff, 0xf5, 0x5, 0x20, 0x0, 0x0, 0x0,
    0x0, 0x8f, 0xff, 0xff, 0xff, 0xff, 0x50, 0x6f,
    0xe3, 0x0, 0x0, 0x0, 0xb, 0xff, 0xff, 0xff,
    0xff, 0xf5, 0x6, 0xff, 0xfe, 0x30, 0x0, 0x0,
    0x6f, 0xff, 0xec, 0xff, 0xff, 0x50, 0xc, 0xff,
    0xff, 0xf3, 0x0, 0x0, 0xcf, 0xf9, 0x0, 0x3e,
    0xff, 0x10, 0x0, 0xcf, 0xff, 0xff, 0x30, 0x0,
    0xff, 0xf1, 0x0, 0x9, 0xff, 0x40, 0x0, 0xc,
    0xff, 0xff, 0xf3, 0x0, 0xef, 0xf2, 0x0, 0xa,
    0xff, 0x30, 0x0, 0x0, 0xbf, 0xff, 0xff, 0x40,
    0xbf, 0xfc, 0x31, 0x7f, 0xff, 0x0, 0x0, 0x0,
    0xb, 0xff, 0xff, 0xf3, 0x4f, 0xff, 0xff, 0xff,
    0xf7, 0x0, 0x0, 0x0, 0x0, 0xaf, 0xff, 0xf3,
    0x6, 0xff, 0xff, 0xff, 0xa0, 0x0, 0x0, 0x0,
    0x0, 0x4, 0x87, 0x10, 0x0, 0x4b, 0xef, 0xc6,
    0x0, 0x0, 0x0, 0x0, 0x0, 0x0, 0x0, 0x0,

    /* U+F0C5 "" */
    0x0, 0x0, 0x0, 0x0, 0x8f, 0xff, 0xff, 0xff,
    0xb1, 0x0, 0x0, 0x0, 0x0, 0x0, 0x4f, 0xff,
    0xff, 0xff, 0xff, 0xd1, 0x0, 0x0, 0x0, 0x0,
    0x7, 0xff, 0xff, 0xff, 0xff, 0xff, 0xd1, 0x0,
    0x0, 0x0, 0x0, 0x8f, 0xff, 0xff, 0xff, 0xff,
    0xff, 0xd1, 0x0, 0x0, 0x0, 0x8, 0xff, 0xff,
    0xff, 0xff, 0xff, 0xff, 0xb0, 0x0, 0x0, 0x0,
    0x8f, 0xff, 0xff, 0xff, 0xff, 0xff, 0xff, 0x3c,
    0xff, 0xff, 0x8, 0xff, 0xff, 0xff, 0xff, 0xff,
    0xff, 0xfc, 0xff, 0xff, 0xf0, 0x8f, 0xff, 0xff,
    0xff, 0xff, 0xff, 0xff, 0xff, 0xff, 0xff, 0x8,
    0xff, 0xff, 0xff, 0xff, 0xff, 0xff, 0xff, 0xff,
    0x0, 0x0, 0x8f, 0xff, 0xff, 0xff, 0xff, 0xff,
    0xff, 0xff, 0xf0, 0x0, 0x8, 0xff, 0xff, 0xff,
    0xff, 0xff, 0xff, 0xff, 0xff, 0x0, 0x0, 0x8f,
    0xff, 0xff, 0xff, 0xff, 0xff, 0xff, 0xff, 0xf0,
    0x0, 0x8, 0xff, 0xff, 0xff, 0xff, 0xff, 0xff,
    0xff, 0xff, 0x0, 0x0, 0x8f, 0xff, 0xff, 0xff,
    0xff, 0xff, 0xff, 0xff, 0xf0, 0x0, 0x8, 0xff,
    0xff, 0xff, 0xff, 0xff, 0xff, 0xff, 0xff, 0x0,
    0x0, 0x7f, 0xff, 0xff, 0xff, 0xff, 0xff, 0xff,
    0xff, 0xf0, 0x0, 0x4, 0xff, 0xff, 0xff, 0xff,
    0xff, 0xff, 0xcf, 0xff, 0x0, 0x0, 0x8, 0xff,
    0xff, 0xff, 0xff, 0xff, 0xc3, 0xff, 0xf0, 0x0,
    0x0, 0x0, 0x0, 0x0, 0x0, 0x0, 0x0, 0xf,
    0xff, 0x0, 0x0, 0x0, 0x0, 0x8, 0x88, 0x0,
    0x0, 0x0, 0xff, 0xf0, 0x0, 0x0, 0x0, 0x0,
    0xff, 0xf0, 0x0, 0x0, 0xf, 0xff, 0xff, 0xff,
    0xff, 0xff, 0xff, 0xff, 0x0, 0x0, 0x0, 0xcf,
    0xff, 0xff, 0xff, 0xff, 0xff, 0xff, 0xc0, 0x0,
    0x0, 0x3, 0xcf, 0xff, 0xff, 0xff, 0xff, 0xff,
    0xc3, 0x0, 0x0, 0x0,

    /* U+F0C7 "" */
    0x0, 0x24, 0x44, 0x44, 0x44, 0x44, 0x44, 0x30,
    0x0, 0x0, 0x1, 0xcf, 0xff, 0xff, 0xff, 0xff,
    0xff, 0xff, 0xf5, 0x0, 0x0, 0xaf, 0xff, 0xff,
    0xff, 0xff, 0xff, 0xff, 0xff, 0xf6, 0x0, 0xf,
    0xff, 0xfb, 0xbb, 0xbb, 0xbb, 0xbb, 0xbf, 0xff,
    0xf6, 0x0, 0xff, 0xf3, 0x0, 0x0, 0x0, 0x0,
    0x0, 0x3f, 0xff, 0xf6, 0xf, 0xff, 0x0, 0x0,
    0x0, 0x0, 0x0, 0x0, 0xff, 0xff, 0xf4, 0xff,
    0xf0, 0x0, 0x0, 0x0, 0x0, 0x0, 0xf, 0xff,
    0xff, 0xdf, 0xff, 0x0, 0x0, 0x0, 0x0, 0x0,
    0x0, 0xff, 0xff, 0xff, 0xff, 0xf0, 0x0, 0x0,
    0x0, 0x0, 0x0, 0xf, 0xff, 0xff, 0xff, 0xff,
    0xb4, 0x44, 0x44, 0x44, 0x44, 0x4b, 0xff, 0xff,
    0xff, 0xff, 0xff, 0xff, 0xff, 0xff, 0xff, 0xff,
    0xff, 0xff, 0xff, 0xff, 0xff, 0xff, 0xff, 0xff,
    0xff, 0xff, 0xff, 0xff, 0xff, 0xff, 0xff, 0xff,
    0xff, 0xff, 0xfe, 0xce, 0xff, 0xff, 0xff, 0xff,
    0xff, 0xff, 0xff, 0xff, 0xf8, 0x0, 0x8, 0xff,
    0xff, 0xff, 0xff, 0xff, 0xff, 0xff, 0xfc, 0x0,
    0x0, 0xc, 0xff, 0xff, 0xff, 0xff, 0xff, 0xff,
    0xff, 0x80, 0x0, 0x0, 0x8f, 0xff, 0xff, 0xff,
    0xff, 0xff, 0xff, 0xfa, 0x0, 0x0, 0xa, 0xff,
    0xff, 0xff, 0xff, 0xff, 0xff, 0xff, 0xf2, 0x0,
    0x2, 0xff, 0xff, 0xff, 0xff, 0xff, 0xff, 0xff,
    0xff, 0xe7, 0x57, 0xff, 0xff, 0xff, 0xff, 0xfd,
    0xff, 0xff, 0xff, 0xff, 0xff, 0xff, 0xff, 0xff,
    0xff, 0xfd, 0x5f, 0xff, 0xff, 0xff, 0xff, 0xff,
    0xff, 0xff, 0xff, 0xff, 0x50, 0x39, 0xbb, 0xbb,
    0xbb, 0xbb, 0xbb, 0xbb, 0xbb, 0xb9, 0x30,

    /* U+F0C9 "" */
    0x8f, 0xff, 0xff, 0xff, 0xff, 0xff, 0xff, 0xff,
    0xff, 0xff, 0x8f, 0xff, 0xff, 0xff, 0xff, 0xff,
    0xff, 0xff, 0xff, 0xff, 0xff, 0x8f, 0xff, 0xff,
    0xff, 0xff, 0xff, 0xff, 0xff, 0xff, 0xff, 0x80,
    0x0, 0x0, 0x0, 0x0, 0x0, 0x0, 0x0, 0x0,
    0x0, 0x0, 0x0, 0x0, 0x0, 0x0, 0x0, 0x0,
    0x0, 0x0, 0x0, 0x0, 0x0, 0x0, 0x0, 0x0,
    0x0, 0x0, 0x0, 0x0, 0x0, 0x0, 0x0, 0x0,
    0x0, 0x0, 0x0, 0x0, 0x0, 0x0, 0x0, 0x0,
    0x0, 0x0, 0x44, 0x44, 0x44, 0x44, 0x44, 0x44,
    0x44, 0x44, 0x44, 0x40, 0xcf, 0xff, 0xff, 0xff,
    0xff, 0xff, 0xff, 0xff, 0xff, 0xff, 0xce, 0xff,
    0xff, 0xff, 0xff, 0xff, 0xff, 0xff, 0xff, 0xff,
    0xfe, 0x4b, 0xbb, 0xbb, 0xbb, 0xbb, 0xbb, 0xbb,
    0xbb, 0xbb, 0xbb, 0x40, 0x0, 0x0, 0x0, 0x0,
    0x0, 0x0, 0x0, 0x0, 0x0, 0x0, 0x0, 0x0,
    0x0, 0x0, 0x0, 0x0, 0x0, 0x0, 0x0, 0x0,
    0x0, 0x0, 0x0, 0x0, 0x0, 0x0, 0x0, 0x0,
    0x0, 0x0, 0x0, 0x0, 0x0, 0x0, 0x0, 0x0,
    0x0, 0x0, 0x0, 0x0, 0x0, 0x8, 0xff, 0xff,
    0xff, 0xff, 0xff, 0xff, 0xff, 0xff, 0xff, 0xf8,
    0xff, 0xff, 0xff, 0xff, 0xff, 0xff, 0xff, 0xff,
    0xff, 0xff, 0xf8, 0xff, 0xff, 0xff, 0xff, 0xff,
    0xff, 0xff, 0xff, 0xff, 0xf8,

    /* U+F0E0 "" */
    0x3c, 0xff, 0xff, 0xff, 0xff, 0xff, 0xff, 0xff,
    0xff, 0xff, 0xff, 0xc3, 0xcf, 0xff, 0xff, 0xff,
    0xff, 0xff, 0xff, 0xff, 0xff, 0xff, 0xff, 0xfc,
    0xef, 0xff, 0xff, 0xff, 0xff, 0xff, 0xff, 0xff,
    0xff, 0xff, 0xff, 0xfe, 0x8f, 0xff, 0xff, 0xff,
    0xff, 0xff, 0xff, 0xff, 0xff, 0xff, 0xff, 0xf8,
    0x7, 0xff, 0xff, 0xff, 0xff, 0xff, 0xff, 0xff,
    0xff, 0xff, 0xff, 0x70, 0x50, 0x4e, 0xff, 0xff,
    0xff, 0xff, 0xff, 0xff, 0xff, 0xff, 0xe4, 0x5,
    0xfa, 0x1, 0xbf, 0xff, 0xff, 0xff, 0xff, 0xff,
    0xff, 0xfb, 0x10, 0xaf, 0xff, 0xd2, 0x8, 0xff,
    0xff, 0xff, 0xff, 0xff, 0xff, 0x80, 0x2d, 0xff,
    0xff, 0xff, 0x60, 0x4e, 0xff, 0xff, 0xff, 0xff,
    0xe4, 0x6, 0xff, 0xff, 0xff, 0xff, 0xfa, 0x1,
    0xbf, 0xff, 0xff, 0xfb, 0x10, 0xaf, 0xff, 0xff,
    0xff, 0xff, 0xff, 0xd2, 0x8, 0xff, 0xff, 0x80,
    0x2d, 0xff, 0xff, 0xff, 0xff, 0xff, 0xff, 0xff,
    0x60, 0x4d, 0xd4, 0x6, 0xff, 0xff, 0xff, 0xff,
    0xff, 0xff, 0xff, 0xff, 0xfa, 0x0, 0x0, 0xaf,
    0xff, 0xff, 0xff, 0xff, 0xff, 0xff, 0xff, 0xff,
    0xff, 0xe9, 0x9e, 0xff, 0xff, 0xff, 0xff, 0xff,
    0xff, 0xff, 0xff, 0xff, 0xff, 0xff, 0xff, 0xff,
    0xff, 0xff, 0xff, 0xff, 0xef, 0xff, 0xff, 0xff,
    0xff, 0xff, 0xff, 0xff, 0xff, 0xff, 0xff, 0xfe,
    0x8f, 0xff, 0xff, 0xff, 0xff, 0xff, 0xff, 0xff,
    0xff, 0xff, 0xff, 0xf8, 0x8, 0xef, 0xff, 0xff,
    0xff, 0xff, 0xff, 0xff, 0xff, 0xff, 0xfe, 0x80,

    /* U+F0E7 "" */
    0x0, 0x0, 0x0, 0x0, 0x0, 0x0, 0x0, 0x0,
    0x0, 0x0, 0x0, 0x0, 0x0, 0x0, 0x0, 0x3,
    0xdd, 0x20, 0x0, 0x0, 0x0, 0x0, 0x0, 0x0,
    0x4, 0xff, 0xf7, 0x0, 0x0, 0x0, 0x0, 0x0,
    0x0, 0x6, 0xff, 0xff, 0x30, 0x0, 0x0, 0x0,
    0x0, 0x0, 0x8, 0xff, 0xff, 0xc0, 0x0, 0x0,
    0x0, 0x0, 0x0, 0xa, 0xff, 0xff, 0xf5, 0x0,
    0x0, 0x0, 0x0, 0x0, 0x1c, 0xff, 0xff, 0xfe,
    0x0, 0x0, 0x0, 0x0, 0x0, 0x2d, 0xff, 0xff,
    0xff, 0x70, 0x0, 0x0, 0x0, 0x0, 0x3e, 0xff,
    0xff, 0xff, 0xf1, 0x0, 0x0, 0x0, 0x0, 0x4f,
    0xff, 0xff, 0xff, 0xfa, 0x0, 0x0, 0x0, 0x0,
    0x6f, 0xff, 0xff, 0xff, 0xff, 0x30, 0x0, 0x0,
    0x0, 0x8f, 0xff, 0xff, 0xff, 0xff, 0xf8, 0x77,
    0x77, 0x50, 0x5f, 0xff, 0xff, 0xff, 0xff, 0xff,
    0xff, 0xff, 0xff, 0x55, 0xff, 0xff, 0xff, 0xff,
    0xff, 0xff, 0xff, 0xff, 0xf5, 0x5, 0x77, 0x77,
    0x7e, 0xff, 0xff, 0xff, 0xff, 0xf8, 0x0, 0x0,
    0x0, 0x2, 0xff, 0xff, 0xff, 0xff, 0xf6, 0x0,
    0x0, 0x0, 0x0, 0x9f, 0xff, 0xff, 0xff, 0xf4,
    0x0, 0x0, 0x0, 0x0, 0x1f, 0xff, 0xff, 0xff,
    0xe3, 0x0, 0x0, 0x0, 0x0, 0x7, 0xff, 0xff,
    0xff, 0xd2, 0x0, 0x0, 0x0, 0x0, 0x0, 0xef,
    0xff, 0xff, 0xc1, 0x0, 0x0, 0x0, 0x0, 0x0,
    0x5f, 0xff, 0xff, 0xa0, 0x0, 0x0, 0x0, 0x0,
    0x0, 0xc, 0xff, 0xff, 0x80, 0x0, 0x0, 0x0,
    0x0, 0x0, 0x3, 0xff, 0xff, 0x60, 0x0, 0x0,
    0x0, 0x0, 0x0, 0x0, 0x7f, 0xff, 0x40, 0x0,
    0x0, 0x0, 0x0, 0x0, 0x0, 0x2, 0xdd, 0x30,
    0x0, 0x0, 0x0, 0x0, 0x0, 0x0, 0x0, 0x0,
    0x0, 0x0, 0x0, 0x0, 0x0, 0x0, 0x0,

    /* U+F0EA "" */
    0x0, 0x0, 0x2, 0xcf, 0xc2, 0x0, 0x0, 0x0,
    0x0, 0x0, 0x0, 0x0, 0x1, 0x44, 0x4e, 0xff,
    0xfe, 0x44, 0x41, 0x0, 0x0, 0x0, 0x0, 0x0,
    0x6f, 0xff, 0xff, 0xb3, 0xbf, 0xff, 0xff, 0x60,
    0x0, 0x0, 0x0, 0x0, 0xef, 0xff, 0xff, 0x80,
    0x8f, 0xff, 0xff, 0xe0, 0x0, 0x0, 0x0, 0x0,
    0xff, 0xff, 0xff, 0xfc, 0xff, 0xff, 0xcb, 0xb0,
    0x0, 0x0, 0x0, 0x0, 0xff, 0xff, 0xff, 0xff,
    0xff, 0x80, 0x0, 0x0, 0x0, 0x0, 0x0, 0x0,
    0xff, 0xff, 0xff, 0xff, 0xf9, 0x8, 0xff, 0xff,
    0xff, 0xfb, 0x10, 0x0, 0xff, 0xff, 0xff, 0xff,
    0xf2, 0x4f, 0xff, 0xff, 0xff, 0xff, 0xd1, 0x0,
    0xff, 0xff, 0xff, 0xff, 0xf0, 0x7f, 0xff, 0xff,
    0xff, 0xff, 0xfd, 0x10, 0xff, 0xff, 0xff, 0xff,
    0xf0, 0x7f, 0xff, 0xff, 0xff, 0xff, 0xff, 0xd1,
    0xff, 0xff, 0xff, 0xff, 0xf0, 0x7f, 0xff, 0xff,
    0xff, 0xff, 0xff, 0xfb, 0xff, 0xff, 0xff, 0xff,
    0xf0, 0x7f, 0xff, 0xff, 0xff, 0xff, 0xff, 0xff,
    0xff, 0xff, 0xff, 0xff, 0xf0, 0x7f, 0xff, 0xff,
    0xff, 0xff, 0xff, 0xff, 0xff, 0xff, 0xff, 0xff,
    0xf0, 0x7f, 0xff, 0xff, 0xff, 0xff, 0xff, 0xff,
    0xff, 0xff, 0xff, 0xff, 0xf0, 0x7f, 0xff, 0xff,
    0xff, 0xff, 0xff, 0xff, 0xff, 0xff, 0xff, 0xff,
    0xf0, 0x7f, 0xff, 0xff, 0xff, 0xff, 0xff, 0xff,
    0xff, 0xff, 0xff, 0xff, 0xf0, 0x7f, 0xff, 0xff,
    0xff, 0xff, 0xff, 0xff, 0xff, 0xff, 0xff, 0xff,
    0xf0, 0x7f, 0xff, 0xff, 0xff, 0xff, 0xff, 0xff,
    0xff, 0xff, 0xff, 0xff, 0xf0, 0x7f, 0xff, 0xff,
    0xff, 0xff, 0xff, 0xff, 0xdf, 0xff, 0xff, 0xff,
    0xf0, 0x7f, 0xff, 0xff, 0xff, 0xff, 0xff, 0xff,
    0x3c, 0xff, 0xff, 0xff, 0xf0, 0x7f, 0xff, 0xff,
    0xff, 0xff, 0xff, 0xff, 0x0, 0x0, 0x0, 0x0,
    0x0, 0x7f, 0xff, 0xff, 0xff, 0xff, 0xff, 0xff,
    0x0, 0x0, 0x0, 0x0, 0x0, 0x4f, 0xff, 0xff,
    0xff, 0xff, 0xff, 0xfc, 0x0, 0x0, 0x0, 0x0,
    0x0, 0x8, 0xff, 0xff, 0xff, 0xff, 0xff, 0xc3,

    /* U+F0F3 "" */
    0x0, 0x0, 0x0, 0x0, 0x0, 0x8f, 0x80, 0x0,
    0x0, 0x0, 0x0, 0x0, 0x0, 0x0, 0x0, 0x0,
    0xf, 0xff, 0x0, 0x0, 0x0, 0x0, 0x0, 0x0,
    0x0, 0x0, 0x0, 0x27, 0xff, 0xf7, 0x10, 0x0,
    0x0, 0x0, 0x0, 0x0, 0x0, 0x0, 0x9f, 0xff,
    0xff, 0xff, 0x90, 0x0, 0x0, 0x0, 0x0, 0x0,
    0x0, 0xcf, 0xff, 0xff, 0xff, 0xff, 0xc0, 0x0,
    0x0, 0x0, 0x0, 0x0, 0xaf, 0xff, 0xff, 0xff,
    0xff, 0xff, 0xa0, 0x0, 0x0, 0x0, 0x0, 0x3f,
    0xff, 0xff, 0xff, 0xff, 0xff, 0xff, 0x30, 0x0,
    0x0, 0x0, 0xa, 0xff, 0xff, 0xff, 0xff, 0xff,
    0xff, 0xf9, 0x0, 0x0, 0x0, 0x0, 0xdf, 0xff,
    0xff, 0xff, 0xff, 0xff, 0xff, 0xd0, 0x0, 0x0,
    0x0, 0xf, 0xff, 0xff, 0xff, 0xff, 0xff, 0xff,
    0xff, 0x0, 0x0, 0x0, 0x0, 0xff, 0xff, 0xff,
    0xff, 0xff, 0xff, 0xff, 0xf0, 0x0, 0x0, 0x0,
    0x1f, 0xff, 0xff, 0xff, 0xff, 0xff, 0xff, 0xff,
    0x10, 0x0, 0x0, 0x3, 0xff, 0xff, 0xff, 0xff,
    0xff, 0xff, 0xff, 0xf3, 0x0, 0x0, 0x0, 0x8f,
    0xff, 0xff, 0xff, 0xff, 0xff, 0xff, 0xff, 0x80,
    0x0, 0x0, 0xe, 0xff, 0xff, 0xff, 0xff, 0xff,
    0xff, 0xff, 0xfe, 0x0, 0x0, 0x7, 0xff, 0xff,
    0xff, 0xff, 0xff, 0xff, 0xff, 0xff, 0xf7, 0x0,
    0x3, 0xff, 0xff, 0xff, 0xff, 0xff, 0xff, 0xff,
    0xff, 0xff, 0xf3, 0x0, 0xdf, 0xff, 0xff, 0xff,
    0xff, 0xff, 0xff, 0xff, 0xff, 0xff, 0xd0, 0xd,
    0xff, 0xff, 0xff, 0xff, 0xff, 0xff, 0xff, 0xff,
    0xff, 0xfd, 0x0, 0x17, 0x77, 0x77, 0x77, 0x77,
    0x77, 0x77, 0x77, 0x77, 0x77, 0x10, 0x0, 0x0,
    0x0, 0x0, 0x0, 0x0, 0x0, 0x0, 0x0, 0x0,
    0x0, 0x0, 0x0, 0x0, 0x0, 0x6, 0xff, 0xff,
    0xf6, 0x0, 0x0, 0x0, 0x0, 0x0, 0x0, 0x0,
    0x0, 0x1e, 0xff, 0xfe, 0x10, 0x0, 0x0, 0x0,
    0x0, 0x0, 0x0, 0x0, 0x0, 0x3c, 0xfc, 0x30,
    0x0, 0x0, 0x0, 0x0,

    /* U+F111 "" */
    0x0, 0x0, 0x0, 0x1, 0x7b, 0xef, 0xfe, 0xb7,
    0x10, 0x0, 0x0, 0x0, 0x0, 0x0, 0x1, 0xaf,
    0xff, 0xff, 0xff, 0xff, 0xfa, 0x10, 0x0, 0x0,
    0x0, 0x0, 0x5f, 0xff, 0xff, 0xff, 0xff, 0xff,
    0xff, 0xf5, 0x0, 0x0, 0x0, 0x7, 0xff, 0xff,
    0xff, 0xff, 0xff, 0xff, 0xff, 0xff, 0x70, 0x0,
    0x0, 0x5f, 0xff, 0xff, 0xff, 0xff, 0xff, 0xff,
    0xff, 0xff, 0xf5, 0x0, 0x1, 0xff, 0xff, 0xff,
    0xff, 0xff, 0xff, 0xff, 0xff, 0xff, 0xff, 0x10,
    0xa, 0xff, 0xff, 0xff, 0xff, 0xff, 0xff, 0xff,
    0xff, 0xff, 0xff, 0xa0, 0x1f, 0xff, 0xff, 0xff,
    0xff, 0xff, 0xff, 0xff, 0xff, 0xff, 0xff, 0xf1,
    0x7f, 0xff, 0xff, 0xff, 0xff, 0xff, 0xff, 0xff,
    0xff, 0xff, 0xff, 0xf7, 0xbf, 0xff, 0xff, 0xff,
    0xff, 0xff, 0xff, 0xff, 0xff, 0xff, 0xff, 0xfb,
    0xef, 0xff, 0xff, 0xff, 0xff, 0xff, 0xff, 0xff,
    0xff, 0xff, 0xff, 0xfe, 0xff, 0xff, 0xff, 0xff,
    0xff, 0xff, 0xff, 0xff, 0xff, 0xff, 0xff, 0xff,
    0xff, 0xff, 0xff, 0xff, 0xff, 0xff, 0xff, 0xff,
    0xff, 0xff, 0xff, 0xff, 0xef, 0xff, 0xff, 0xff,
    0xff, 0xff, 0xff, 0xff, 0xff, 0xff, 0xff, 0xfe,
    0xbf, 0xff, 0xff, 0xff, 0xff, 0xff, 0xff, 0xff,
    0xff, 0xff, 0xff, 0xfb, 0x7f, 0xff, 0xff, 0xff,
    0xff, 0xff, 0xff, 0xff, 0xff, 0xff, 0xff, 0xf7,
    0x1f, 0xff, 0xff, 0xff, 0xff, 0xff, 0xff, 0xff,
    0xff, 0xff, 0xff, 0xf1, 0xa, 0xff, 0xff, 0xff,
    0xff, 0xff, 0xff, 0xff, 0xff, 0xff, 0xff, 0xa0,
    0x1, 0xff, 0xff, 0xff, 0xff, 0xff, 0xff, 0xff,
    0xff, 0xff, 0xff, 0x10, 0x0, 0x5f, 0xff, 0xff,
    0xff, 0xff, 0xff, 0xff, 0xff, 0xff, 0xf5, 0x0,
    0x0, 0x7, 0xff, 0xff, 0xff, 0xff, 0xff, 0xff,
    0xff, 0xff, 0x70, 0x0, 0x0, 0x0, 0x5f, 0xff,
    0xff, 0xff, 0xff, 0xff, 0xff, 0xf5, 0x0, 0x0,
    0x0, 0x0, 0x1, 0xaf, 0xff, 0xff, 0xff, 0xff,
    0xfa, 0x10, 0x0, 0x0, 0x0, 0x0, 0x0, 0x1,
    0x7b, 0xef, 0xfe, 0xb7, 0x10, 0x0, 0x0, 0x0,

    /* U+F11C "" */
    0x8, 0xef, 0xff, 0xff, 0xff, 0xff, 0xff, 0xff,
    0xff, 0xff, 0xff, 0xff, 0xe8, 0x8, 0xff, 0xff,
    0xff, 0xff, 0xff, 0xff, 0xff, 0xff, 0xff, 0xff,
    0xff, 0xff, 0xf8, 0xef, 0xff, 0xff, 0xff, 0xff,
    0xff, 0xff, 0xff, 0xff, 0xff, 0xff, 0xff, 0xff,
    0xef, 0xff, 0x20, 0x2f, 0xa0, 0xa, 0xf2, 0x2,
    0xfa, 0x0, 0xaf, 0x20, 0x2f, 0xff, 0xff, 0xf0,
    0x0, 0xf7, 0x0, 0x7f, 0x0, 0xf, 0x70, 0x7,
    0xf0, 0x0, 0xff, 0xff, 0xff, 0x20, 0x2f, 0xa0,
    0xa, 0xf2, 0x2, 0xfa, 0x0, 0xaf, 0x20, 0x2f,
    0xff, 0xff, 0xff, 0xff, 0xff, 0xff, 0xff, 0xff,
    0xff, 0xff, 0xff, 0xff, 0xff, 0xff, 0xff, 0xff,
    0xa7, 0xaf, 0xe8, 0x8e, 0xfa, 0x7a, 0xfe, 0x88,
    0xef, 0xa7, 0xaf, 0xff, 0xff, 0xf0, 0x0, 0xf8,
    0x0, 0x8f, 0x0, 0xf, 0x80, 0x8, 0xf0, 0x0,
    0xff, 0xff, 0xff, 0x0, 0xf, 0x80, 0x8, 0xf0,
    0x0, 0xf8, 0x0, 0x8f, 0x0, 0xf, 0xff, 0xff,
    0xfa, 0x7a, 0xfe, 0x88, 0xef, 0xa7, 0xaf, 0xe8,
    0x8e, 0xfa, 0x7a, 0xff, 0xff, 0xff, 0xff, 0xff,
    0xff, 0xff, 0xff, 0xff, 0xff, 0xff, 0xff, 0xff,
    0xff, 0xff, 0xff, 0xf2, 0x2, 0xfa, 0x0, 0x0,
    0x0, 0x0, 0x0, 0xa, 0xf2, 0x2, 0xff, 0xff,
    0xff, 0x0, 0xf, 0x70, 0x0, 0x0, 0x0, 0x0,
    0x0, 0x7f, 0x0, 0xf, 0xff, 0xff, 0xf2, 0x2,
    0xfa, 0x0, 0x0, 0x0, 0x0, 0x0, 0xa, 0xf2,
    0x2, 0xff, 0xfe, 0xff, 0xff, 0xff, 0xff, 0xff,
    0xff, 0xff, 0xff, 0xff, 0xff, 0xff, 0xff, 0xfe,
    0x8f, 0xff, 0xff, 0xff, 0xff, 0xff, 0xff, 0xff,
    0xff, 0xff, 0xff, 0xff, 0xff, 0x80, 0x8e, 0xff,
    0xff, 0xff, 0xff, 0xff, 0xff, 0xff, 0xff, 0xff,
    0xff, 0xfe, 0x80,

    /* U+F124 "" */
    0x0, 0x0, 0x0, 0x0, 0x0, 0x0, 0x0, 0x0,
    0x5, 0xa7, 0x0, 0x0, 0x0, 0x0, 0x0, 0x0,
    0x0, 0x2, 0x8e, 0xff, 0xf2, 0x0, 0x0, 0x0,
    0x0, 0x0, 0x0, 0x5b, 0xff, 0xff, 0xff, 0x10,
    0x0, 0x0, 0x0, 0x0, 0x18, 0xef, 0xff, 0xff,
    0xff, 0xa0, 0x0, 0x0, 0x0, 0x4, 0xbf, 0xff,
    0xff, 0xff, 0xff, 0xf4, 0x0, 0x0, 0x1, 0x7d,
    0xff, 0xff, 0xff, 0xff, 0xff, 0xfd, 0x0, 0x0,
    0x3a, 0xff, 0xff, 0xff, 0xff, 0xff, 0xff, 0xff,
    0x70, 0x0, 0xcf, 0xff, 0xff, 0xff, 0xff, 0xff,
    0xff, 0xff, 0xf1, 0x0, 0x3f, 0xff, 0xff, 0xff,
    0xff, 0xff, 0xff, 0xff, 0xf9, 0x0, 0x0, 0xbf,
    0xff, 0xff, 0xff, 0xff, 0xff, 0xff, 0xff, 0x30,
    0x0, 0x0, 0x0, 0x0, 0x0, 0x0, 0x7f, 0xff,
    0xff, 0xc0, 0x0, 0x0, 0x0, 0x0, 0x0, 0x0,
    0x7, 0xff, 0xff, 0xf6, 0x0, 0x0, 0x0, 0x0,
    0x0, 0x0, 0x0, 0x7f, 0xff, 0xff, 0x0, 0x0,
    0x0, 0x0, 0x0, 0x0, 0x0, 0x7, 0xff, 0xff,
    0x90, 0x0, 0x0, 0x0, 0x0, 0x0, 0x0, 0x0,
    0x7f, 0xff, 0xf2, 0x0, 0x0, 0x0, 0x0, 0x0,
    0x0, 0x0, 0x7, 0xff, 0xfc, 0x0, 0x0, 0x0,
    0x0, 0x0, 0x0, 0x0, 0x0, 0x7f, 0xff, 0x50,
    0x0, 0x0, 0x0, 0x0, 0x0, 0x0, 0x0, 0x7,
    0xff, 0xe0, 0x0, 0x0, 0x0, 0x0, 0x0, 0x0,
    0x0, 0x0, 0x6f, 0xf8, 0x0, 0x0, 0x0, 0x0,
    0x0, 0x0, 0x0, 0x0, 0x0, 0x99, 0x0, 0x0,
    0x0, 0x0,

    /* U+F158 "" */
    0x0, 0x8, 0xff, 0xff, 0xff, 0xff, 0xd9, 0x20,
    0x0, 0x0, 0xf, 0xff, 0xff, 0xff, 0xff, 0xff,
    0xf7, 0x0, 0x0, 0xf, 0xff, 0xff, 0xff, 0xff,
    0xff, 0xff, 0x60, 0x0, 0xf, 0xff, 0x11, 0x11,
    0x11, 0x4c, 0xff, 0xf1, 0x0, 0xf, 0xff, 0x0,
    0x0, 0x0, 0x0, 0xdf, 0xf8, 0x0, 0xf, 0xff,
    0x0, 0x0, 0x0, 0x0, 0x5f, 0xfc, 0x0, 0xf,
    0xff, 0x0, 0x0, 0x0, 0x0, 0x1f, 0xff, 0x0,
    0xf, 0xff, 0x0, 0x0, 0x0, 0x0, 0x1f, 0xff,
    0x0, 0xf, 0xff, 0x0, 0x0, 0x0, 0x0, 0x4f,
    0xfd, 0x0, 0xf, 0xff, 0x0, 0x0, 0x0, 0x0,
    0xdf, 0xf8, 0x0, 0xf, 0xff, 0x0, 0x0, 0x0,
    0x3c, 0xff, 0xf2, 0x8f, 0xff, 0xff, 0xff, 0xff,
    0xff, 0xff, 0xff, 0x70, 0xff, 0xff, 0xff, 0xff,
    0xff, 0xff, 0xff, 0xf8, 0x0, 0x9f, 0xff, 0xff,
    0xff, 0xff, 0xff, 0xfb, 0x30, 0x0, 0x0, 0x1f,
    0xff, 0x11, 0x11, 0x10, 0x0, 0x0, 0x0, 0x0,
    0x1f, 0xff, 0x11, 0x11, 0x11, 0x10, 0x0, 0x0,
    0x9f, 0xff, 0xff, 0xff, 0xff, 0xff, 0xff, 0x90,
    0x0, 0xff, 0xff, 0xff, 0xff, 0xff, 0xff, 0xff,
    0xf0, 0x0, 0x8f, 0xff, 0xff, 0xff, 0xff, 0xff,
    0xff, 0x80, 0x0, 0x0, 0xf, 0xff, 0x0, 0x0,
    0x0, 0x0, 0x0, 0x0, 0x0, 0xf, 0xff, 0x0,
    0x0, 0x0, 0x0, 0x0, 0x0, 0x0, 0x8, 0xf8,
    0x0, 0x0, 0x0, 0x0, 0x0, 0x0,

    /* U+F1EB "" */
    0x0, 0x0, 0x0, 0x0, 0x0, 0x0, 0x13, 0x44,
    0x31, 0x0, 0x0, 0x0, 0x0, 0x0, 0x0, 0x0,
    0x0, 0x0, 0x0, 0x48, 0xcf, 0xff, 0xff, 0xff,
    0xfc, 0x84, 0x0, 0x0, 0x0, 0x0, 0x0, 0x0,
    0x1, 0x8e, 0xff, 0xff, 0xff, 0xff, 0xff, 0xff,
    0xff, 0xe8, 0x10, 0x0, 0x0, 0x0, 0x0, 0x8f,
    0xff, 0xff, 0xff, 0xec, 0xbb, 0xce, 0xff, 0xff,
    0xff, 0xf8, 0x0, 0x0, 0x0, 0x3e, 0xff, 0xff,
    0xe8, 0x40, 0x0, 0x0, 0x0, 0x4, 0x8e, 0xff,
    0xff, 0xe3, 0x0, 0x7, 0xff, 0xff, 0xd5, 0x0,
    0x0, 0x0, 0x0, 0x0, 0x0, 0x0, 0x5d, 0xff,
    0xff, 0x70, 0x8f, 0xff, 0xe5, 0x0, 0x0, 0x0,
    0x0, 0x0, 0x0, 0x0, 0x0, 0x0, 0x5e, 0xff,
    0xf8, 0xff, 0xfc, 0x10, 0x0, 0x0, 0x0, 0x0,
    0x0, 0x0, 0x0, 0x0, 0x0, 0x1, 0xcf, 0xff,
    0x7e, 0x80, 0x0, 0x0, 0x0, 0x37, 0xcd, 0xff,
    0xdc, 0x73, 0x0, 0x0, 0x0, 0x8, 0xe7, 0x0,
    0x0, 0x0, 0x0, 0x4c, 0xff, 0xff, 0xff, 0xff,
    0xff, 0xc4, 0x0, 0x0, 0x0, 0x0, 0x0, 0x0,
    0x0, 0xa, 0xff, 0xff, 0xff, 0xff, 0xff, 0xff,
    0xff, 0xa1, 0x0, 0x0, 0x0, 0x0, 0x0, 0x1,
    0xdf, 0xff, 0xfa, 0x52, 0x0, 0x25, 0xaf, 0xff,
    0xfe, 0x10, 0x0, 0x0, 0x0, 0x0, 0x6, 0xff,
    0xf9, 0x10, 0x0, 0x0, 0x0, 0x1, 0x9f, 0xff,
    0x60, 0x0, 0x0, 0x0, 0x0, 0x1, 0xde, 0x40,
    0x0, 0x0, 0x0, 0x0, 0x0, 0x4, 0xed, 0x10,
    0x0, 0x0, 0x0, 0x0, 0x0, 0x0, 0x0, 0x0,
    0x0, 0x0, 0x0, 0x0, 0x0, 0x0, 0x0, 0x0,
    0x0, 0x0, 0x0, 0x0, 0x0, 0x0, 0x0, 0x1,
    0x66, 0x10, 0x0, 0x0, 0x0, 0x0, 0x0, 0x0,
    0x0, 0x0, 0x0, 0x0, 0x0, 0x0, 0x3f, 0xff,
    0xe3, 0x0, 0x0, 0x0, 0x0, 0x0, 0x0, 0x0,
    0x0, 0x0, 0x0, 0x0, 0x0, 0xcf, 0xff, 0xfc,
    0x0, 0x0, 0x0, 0x0, 0x0, 0x0, 0x0, 0x0,
    0x0, 0x0, 0x0, 0x0, 0xff, 0xff, 0xff, 0x0,
    0x0, 0x0, 0x0, 0x0, 0x0, 0x0, 0x0, 0x0,
    0x0, 0x0, 0x0, 0xcf, 0xff, 0xfc, 0x0, 0x0,
    0x0, 0x0, 0x0, 0x0, 0x0, 0x0, 0x0, 0x0,
    0x0, 0x0, 0x3f, 0xff, 0xf3, 0x0, 0x0, 0x0,
    0x0, 0x0, 0x0, 0x0, 0x0, 0x0, 0x0, 0x0,
    0x0, 0x1, 0x66, 0x10, 0x0, 0x0, 0x0, 0x0,
    0x0, 0x0,

    /* U+F240 "" */
    0x0, 0x3, 0x44, 0x44, 0x44, 0x44, 0x44, 0x44,
    0x44, 0x44, 0x44, 0x10, 0x0, 0x0, 0x7f, 0xff,
    0xff, 0xff, 0xff, 0xff, 0xff, 0xff, 0xff, 0xff,
    0xff, 0xb1, 0x0, 0x6f, 0xff, 0xff, 0xff, 0xff,
    0xff, 0xff, 0xff, 0xff, 0xff, 0xff, 0xff, 0xb0,
    0xc, 0xff, 0xdb, 0xbb, 0xbb, 0xbb, 0xbb, 0xbb,
    0xbb, 0xbb, 0xbb, 0xcf, 0xff, 0x10, 0xff, 0xf0,
    0x0, 0x0, 0x0, 0x0, 0x0, 0x0, 0x0, 0x0,
    0x0, 0xcf, 0xf4, 0xf, 0xff, 0x7, 0xff, 0xff,
    0xff, 0xff, 0xff, 0xff, 0xff, 0xff, 0xb, 0xff,
    0xf5, 0xff, 0xf0, 0x7f, 0xff, 0xff, 0xff, 0xff,
    0xff, 0xff, 0xff, 0xf0, 0xbf, 0xff, 0xcf, 0xff,
    0x7, 0xff, 0xff, 0xff, 0xff, 0xff, 0xff, 0xff,
    0xff, 0xb, 0xff, 0xfc, 0xff, 0xf0, 0x7f, 0xff,
    0xff, 0xff, 0xff, 0xff, 0xff, 0xff, 0xf0, 0xbf,
    0xff, 0xcf, 0xff, 0x7, 0xff, 0xff, 0xff, 0xff,
    0xff, 0xff, 0xff, 0xff, 0xb, 0xff, 0xfc, 0xff,
    0xf0, 0x7f, 0xff, 0xff, 0xff, 0xff, 0xff, 0xff,
    0xff, 0xf0, 0xbf, 0xff, 0x5f, 0xff, 0x0, 0x0,
    0x0, 0x0, 0x0, 0x0, 0x0, 0x0, 0x0, 0xb,
    0xff, 0x40, 0xef, 0xf6, 0x44, 0x44, 0x44, 0x44,
    0x44, 0x44, 0x44, 0x44, 0x45, 0xef, 0xf2, 0xa,
    0xff, 0xff, 0xff, 0xff, 0xff, 0xff, 0xff, 0xff,
    0xff, 0xff, 0xff, 0xfd, 0x0, 0x1e, 0xff, 0xff,
    0xff, 0xff, 0xff, 0xff, 0xff, 0xff, 0xff, 0xff,
    0xff, 0x40, 0x0, 0x7, 0xab, 0xbb, 0xbb, 0xbb,
    0xbb, 0xbb, 0xbb, 0xbb, 0xbb, 0xb9, 0x20, 0x0,

    /* U+F241 "" */
    0x0, 0x3, 0x44, 0x44, 0x44, 0x44, 0x44, 0x44,
    0x44, 0x44, 0x44, 0x10, 0x0, 0x0, 0x7f, 0xff,
    0xff, 0xff, 0xff, 0xff, 0xff, 0xff, 0xff, 0xff,
    0xff, 0xb1, 0x0, 0x6f, 0xff, 0xff, 0xff, 0xff,
    0xff, 0xff, 0xff, 0xff, 0xff, 0xff, 0xff, 0xb0,
    0xc, 0xff, 0xdb, 0xbb, 0xbb, 0xbb, 0xbb, 0xbb,
    0xbb, 0xbb, 0xbb, 0xcf, 0xff, 0x10, 0xff, 0xf0,
    0x0, 0x0, 0x0, 0x0, 0x0, 0x0, 0x0, 0x0,
    0x0, 0xcf, 0xf4, 0xf, 0xff, 0xb, 0xff, 0xff,
    0xff, 0xff, 0xff, 0xf4, 0x0, 0x0, 0xb, 0xff,
    0xf5, 0xff, 0xf0, 0xbf, 0xff, 0xff, 0xff, 0xff,
    0xff, 0x40, 0x0, 0x0, 0xbf, 0xff, 0xcf, 0xff,
    0xb, 0xff, 0xff, 0xff, 0xff, 0xff, 0xf4, 0x0,
    0x0, 0xb, 0xff, 0xfc, 0xff, 0xf0, 0xbf, 0xff,
    0xff, 0xff, 0xff, 0xff, 0x40, 0x0, 0x0, 0xbf,
    0xff, 0xcf, 0xff, 0xb, 0xff, 0xff, 0xff, 0xff,
    0xff, 0xf4, 0x0, 0x0, 0xb, 0xff, 0xfc, 0xff,
    0xf0, 0xbf, 0xff, 0xff, 0xff, 0xff, 0xff, 0x40,
    0x0, 0x0, 0xbf, 0xff, 0x5f, 0xff, 0x0, 0x0,
    0x0, 0x0, 0x0, 0x0, 0x0, 0x0, 0x0, 0xb,
    0xff, 0x40, 0xef, 0xf6, 0x44, 0x44, 0x44, 0x44,
    0x44, 0x44, 0x44, 0x44, 0x45, 0xef, 0xf2, 0xa,
    0xff, 0xff, 0xff, 0xff, 0xff, 0xff, 0xff, 0xff,
    0xff, 0xff, 0xff, 0xfd, 0x0, 0x1e, 0xff, 0xff,
    0xff, 0xff, 0xff, 0xff, 0xff, 0xff, 0xff, 0xff,
    0xff, 0x40, 0x0, 0x7, 0xab, 0xbb, 0xbb, 0xbb,
    0xbb, 0xbb, 0xbb, 0xbb, 0xbb, 0xb9, 0x20, 0x0,

    /* U+F242 "" */
    0x0, 0x3, 0x44, 0x44, 0x44, 0x44, 0x44, 0x44,
    0x44, 0x44, 0x44, 0x10, 0x0, 0x0, 0x7f, 0xff,
    0xff, 0xff, 0xff, 0xff, 0xff, 0xff, 0xff, 0xff,
    0xff, 0xb1, 0x0, 0x6f, 0xff, 0xff, 0xff, 0xff,
    0xff, 0xff, 0xff, 0xff, 0xff, 0xff, 0xff, 0xb0,
    0xc, 0xff, 0xdb, 0xbb, 0xbb, 0xbb, 0xbb, 0xbb,
    0xbb, 0xbb, 0xbb, 0xcf, 0xff, 0x10, 0xff, 0xf0,
    0x0, 0x0, 0x0, 0x0, 0x0, 0x0, 0x0, 0x0,
    0x0, 0xcf, 0xf4, 0xf, 0xff, 0xb, 0xff, 0xff,
    0xff, 0xff, 0x40, 0x0, 0x0, 0x0, 0xb, 0xff,
    0xf5, 0xff, 0xf0, 0xbf, 0xff, 0xff, 0xff, 0xf4,
    0x0, 0x0, 0x0, 0x0, 0xbf, 0xff, 0xcf, 0xff,
    0xb, 0xff, 0xff, 0xff, 0xff, 0x40, 0x0, 0x0,
    0x0, 0xb, 0xff, 0xfc, 0xff, 0xf0, 0xbf, 0xff,
    0xff, 0xff, 0xf4, 0x0, 0x0, 0x0, 0x0, 0xbf,
    0xff, 0xcf, 0xff, 0xb, 0xff, 0xff, 0xff, 0xff,
    0x40, 0x0, 0x0, 0x0, 0xb, 0xff, 0xfc, 0xff,
    0xf0, 0xbf, 0xff, 0xff, 0xff, 0xf4, 0x0, 0x0,
    0x0, 0x0, 0xbf, 0xff, 0x5f, 0xff, 0x0, 0x0,
    0x0, 0x0, 0x0, 0x0, 0x0, 0x0, 0x0, 0xb,
    0xff, 0x40, 0xef, 0xf6, 0x44, 0x44, 0x44, 0x44,
    0x44, 0x44, 0x44, 0x44, 0x45, 0xef, 0xf2, 0xa,
    0xff, 0xff, 0xff, 0xff, 0xff, 0xff, 0xff, 0xff,
    0xff, 0xff, 0xff, 0xfd, 0x0, 0x1e, 0xff, 0xff,
    0xff, 0xff, 0xff, 0xff, 0xff, 0xff, 0xff, 0xff,
    0xff, 0x40, 0x0, 0x7, 0xab, 0xbb, 0xbb, 0xbb,
    0xbb, 0xbb, 0xbb, 0xbb, 0xbb, 0xb9, 0x20, 0x0,

    /* U+F243 "" */
    0x0, 0x3, 0x44, 0x44, 0x44, 0x44, 0x44, 0x44,
    0x44, 0x44, 0x44, 0x10, 0x0, 0x0, 0x7f, 0xff,
    0xff, 0xff, 0xff, 0xff, 0xff, 0xff, 0xff, 0xff,
    0xff, 0xb1, 0x0, 0x6f, 0xff, 0xff, 0xff, 0xff,
    0xff, 0xff, 0xff, 0xff, 0xff, 0xff, 0xff, 0xb0,
    0xc, 0xff, 0xdb, 0xbb, 0xbb, 0xbb, 0xbb, 0xbb,
    0xbb, 0xbb, 0xbb, 0xcf, 0xff, 0x10, 0xff, 0xf0,
    0x0, 0x0, 0x0, 0x0, 0x0, 0x0, 0x0, 0x0,
    0x0, 0xcf, 0xf4, 0xf, 0xff, 0x7, 0xff, 0xff,
    0x0, 0x0, 0x0, 0x0, 0x0, 0x0, 0xb, 0xff,
    0xf5, 0xff, 0xf0, 0x7f, 0xff, 0xf0, 0x0, 0x0,
    0x0, 0x0, 0x0, 0x0, 0xbf, 0xff, 0xcf, 0xff,
    0x7, 0xff, 0xff, 0x0, 0x0, 0x0, 0x0, 0x0,
    0x0, 0xb, 0xff, 0xfc, 0xff, 0xf0, 0x7f, 0xff,
    0xf0, 0x0, 0x0, 0x0, 0x0, 0x0, 0x0, 0xbf,
    0xff, 0xcf, 0xff, 0x7, 0xff, 0xff, 0x0, 0x0,
    0x0, 0x0, 0x0, 0x0, 0xb, 0xff, 0xfc, 0xff,
    0xf0, 0x7f, 0xff, 0xf0, 0x0, 0x0, 0x0, 0x0,
    0x0, 0x0, 0xbf, 0xff, 0x5f, 0xff, 0x0, 0x0,
    0x0, 0x0, 0x0, 0x0, 0x0, 0x0, 0x0, 0xb,
    0xff, 0x40, 0xef, 0xf6, 0x44, 0x44, 0x44, 0x44,
    0x44, 0x44, 0x44, 0x44, 0x45, 0xef, 0xf2, 0xa,
    0xff, 0xff, 0xff, 0xff, 0xff, 0xff, 0xff, 0xff,
    0xff, 0xff, 0xff, 0xfd, 0x0, 0x1e, 0xff, 0xff,
    0xff, 0xff, 0xff, 0xff, 0xff, 0xff, 0xff, 0xff,
    0xff, 0x40, 0x0, 0x7, 0xab, 0xbb, 0xbb, 0xbb,
    0xbb, 0xbb, 0xbb, 0xbb, 0xbb, 0xb9, 0x20, 0x0,

    /* U+F244 "" */
    0x0, 0x3, 0x44, 0x44, 0x44, 0x44, 0x44, 0x44,
    0x44, 0x44, 0x44, 0x10, 0x0, 0x0, 0x7f, 0xff,
    0xff, 0xff, 0xff, 0xff, 0xff, 0xff, 0xff, 0xff,
    0xff, 0xb1, 0x0, 0x6f, 0xff, 0xff, 0xff, 0xff,
    0xff, 0xff, 0xff, 0xff, 0xff, 0xff, 0xff, 0xb0,
    0xc, 0xff, 0xdb, 0xbb, 0xbb, 0xbb, 0xbb, 0xbb,
    0xbb, 0xbb, 0xbb, 0xcf, 0xff, 0x10, 0xff, 0xf0,
    0x0, 0x0, 0x0, 0x0, 0x0, 0x0, 0x0, 0x0,
    0x0, 0xcf, 0xf4, 0xf, 0xff, 0x0, 0x0, 0x0,
    0x0, 0x0, 0x0, 0x0, 0x0, 0x0, 0xb, 0xff,
    0xf5, 0xff, 0xf0, 0x0, 0x0, 0x0, 0x0, 0x0,
    0x0, 0x0, 0x0, 0x0, 0xbf, 0xff, 0xcf, 0xff,
    0x0, 0x0, 0x0, 0x0, 0x0, 0x0, 0x0, 0x0,
    0x0, 0xb, 0xff, 0xfc, 0xff, 0xf0, 0x0, 0x0,
    0x0, 0x0, 0x0, 0x0, 0x0, 0x0, 0x0, 0xbf,
    0xff, 0xcf, 0xff, 0x0, 0x0, 0x0, 0x0, 0x0,
    0x0, 0x0, 0x0, 0x0, 0xb, 0xff, 0xfc, 0xff,
    0xf0, 0x0, 0x0, 0x0, 0x0, 0x0, 0x0, 0x0,
    0x0, 0x0, 0xbf, 0xff, 0x5f, 0xff, 0x0, 0x0,
    0x0, 0x0, 0x0, 0x0, 0x0, 0x0, 0x0, 0xb,
    0xff, 0x40, 0xef, 0xf6, 0x44, 0x44, 0x44, 0x44,
    0x44, 0x44, 0x44, 0x44, 0x45, 0xef, 0xf2, 0xa,
    0xff, 0xff, 0xff, 0xff, 0xff, 0xff, 0xff, 0xff,
    0xff, 0xff, 0xff, 0xfd, 0x0, 0x1e, 0xff, 0xff,
    0xff, 0xff, 0xff, 0xff, 0xff, 0xff, 0xff, 0xff,
    0xff, 0x40, 0x0, 0x7, 0xab, 0xbb, 0xbb, 0xbb,
    0xbb, 0xbb, 0xbb, 0xbb, 0xbb, 0xb9, 0x20, 0x0,

    /* U+F2ED "" */
    0x0, 0x0, 0x0, 0x3b, 0xcc, 0xcc, 0xcb, 0x30,
    0x0, 0x0, 0x0, 0x44, 0x44, 0x4d, 0xff, 0xff,
    0xff, 0xfd, 0x44, 0x44, 0x40, 0xcf, 0xff, 0xff,
    0xff, 0xff, 0xff, 0xff, 0xff, 0xff, 0xff, 0xce,
    0xff, 0xff, 0xff, 0xff, 0xff, 0xff, 0xff, 0xff,
    0xff, 0xfe, 0x4b, 0xbb, 0xbb, 0xbb, 0xbb, 0xbb,
    0xbb, 0xbb, 0xbb, 0xbb, 0x40, 0x0, 0x0, 0x0,
    0x0, 0x0, 0x0, 0x0, 0x0, 0x0, 0x0, 0x8,
    0xff, 0xff, 0xff, 0xff, 0xff, 0xff, 0xff, 0xff,
    0xf8, 0x0, 0x8f, 0xff, 0xff, 0xff, 0xff, 0xff,
    0xff, 0xff, 0xff, 0x80, 0x8, 0xff, 0xff, 0xff,
    0xff, 0xff, 0xff, 0xff, 0xff, 0xf8, 0x0, 0x8f,
    0xff, 0x66, 0xff, 0xd1, 0xdf, 0xf6, 0x6f, 0xff,
    0x80, 0x8, 0xff, 0xf4, 0x4f, 0xfc, 0xc, 0xff,
    0x44, 0xff, 0xf8, 0x0, 0x8f, 0xff, 0x44, 0xff,
    0xc0, 0xcf, 0xf4, 0x4f, 0xff, 0x80, 0x8, 0xff,
    0xf4, 0x4f, 0xfc, 0xc, 0xff, 0x44, 0xff, 0xf8,
    0x0, 0x8f, 0xff, 0x44, 0xff, 0xc0, 0xcf, 0xf4,
    0x4f, 0xff, 0x80, 0x8, 0xff, 0xf4, 0x4f, 0xfc,
    0xc, 0xff, 0x44, 0xff, 0xf8, 0x0, 0x8f, 0xff,
    0x44, 0xff, 0xc0, 0xcf, 0xf4, 0x4f, 0xff, 0x80,
    0x8, 0xff, 0xf4, 0x4f, 0xfc, 0xc, 0xff, 0x44,
    0xff, 0xf8, 0x0, 0x8f, 0xff, 0x44, 0xff, 0xc0,
    0xcf, 0xf4, 0x4f, 0xff, 0x80, 0x8, 0xff, 0xf4,
    0x4f, 0xfc, 0xc, 0xff, 0x44, 0xff, 0xf8, 0x0,
    0x8f, 0xff, 0x44, 0xff, 0xc0, 0xcf, 0xf4, 0x4f,
    0xff, 0x80, 0x8, 0xff, 0xf6, 0x6f, 0xfd, 0x1d,
    0xff, 0x66, 0xff, 0xf8, 0x0, 0x6f, 0xff, 0xff,
    0xff, 0xff, 0xff, 0xff, 0xff, 0xff, 0x60, 0x1,
    0xef, 0xff, 0xff, 0xff, 0xff, 0xff, 0xff, 0xff,
    0xe1, 0x0, 0x3, 0xcf, 0xff, 0xff, 0xff, 0xff,
    0xff, 0xff, 0xc3, 0x0,

    /* U+F304 "" */
    0x0, 0x0, 0x0, 0x0, 0x0, 0x0, 0x0, 0x0,
    0x0, 0x6d, 0xe9, 0x0, 0x0, 0x0, 0x0, 0x0,
    0x0, 0x0, 0x0, 0x0, 0x0, 0x9f, 0xff, 0xfc,
    0x0, 0x0, 0x0, 0x0, 0x0, 0x0, 0x0, 0x0,
    0x0, 0x9f, 0xff, 0xff, 0xfc, 0x0, 0x0, 0x0,
    0x0, 0x0, 0x0, 0x0, 0x0, 0x1d, 0xff, 0xff,
    0xff, 0xf9, 0x0, 0x0, 0x0, 0x0, 0x0, 0x0,
    0x0, 0x71, 0x1d, 0xff, 0xff, 0xff, 0xe0, 0x0,
    0x0, 0x0, 0x0, 0x0, 0x0, 0x9f, 0xd1, 0x1d,
    0xff, 0xff, 0xfd, 0x0, 0x0, 0x0, 0x0, 0x0,
    0x0, 0x9f, 0xff, 0xd1, 0x1d, 0xff, 0xff, 0x60,
    0x0, 0x0, 0x0, 0x0, 0x0, 0x9f, 0xff, 0xff,
    0xd1, 0x1d, 0xff, 0x90, 0x0, 0x0, 0x0, 0x0,
    0x0, 0x9f, 0xff, 0xff, 0xff, 0xd1, 0x1d, 0x90,
    0x0, 0x0, 0x0, 0x0, 0x0, 0x9f, 0xff, 0xff,
    0xff, 0xff, 0xd1, 0x10, 0x0, 0x0, 0x0, 0x0,
    0x0, 0x9f, 0xff, 0xff, 0xff, 0xff, 0xff, 0x70,
    0x0, 0x0, 0x0, 0x0, 0x0, 0x8f, 0xff, 0xff,
    0xff, 0xff, 0xff, 0x90, 0x0, 0x0, 0x0, 0x0,
    0x0, 0x8f, 0xff, 0xff, 0xff, 0xff, 0xff, 0x90,
    0x0, 0x0, 0x0, 0x0, 0x0, 0x8f, 0xff, 0xff,
    0xff, 0xff, 0xff, 0x90, 0x0, 0x0, 0x0, 0x0,
    0x0, 0x8f, 0xff, 0xff, 0xff, 0xff, 0xff, 0x90,
    0x0, 0x0, 0x0, 0x0, 0x0, 0x7f, 0xff, 0xff,
    0xff, 0xff, 0xff, 0x90, 0x0, 0x0, 0x0, 0x0,
    0x0, 0x2f, 0xff, 0xff, 0xff, 0xff, 0xff, 0x90,
    0x0, 0x0, 0x0, 0x0, 0x0, 0x7, 0xff, 0xff,
    0xff, 0xff, 0xff, 0x90, 0x0, 0x0, 0x0, 0x0,
    0x0, 0x0, 0xcf, 0xff, 0xff, 0xff, 0xff, 0x90,
    0x0, 0x0, 0x0, 0x0, 0x0, 0x0, 0x1f, 0xff,
    0xff, 0xff, 0xff, 0x90, 0x0, 0x0, 0x0, 0x0,
    0x0, 0x0, 0x5, 0xff, 0xff, 0xff, 0xff, 0x90,
    0x0, 0x0, 0x0, 0x0, 0x0, 0x0, 0x0, 0xaf,
    0xff, 0xff, 0xff, 0x80, 0x0, 0x0, 0x0, 0x0,
    0x0, 0x0, 0x0, 0xe, 0xff, 0xff, 0xc7, 0x20,
    0x0, 0x0, 0x0, 0x0, 0x0, 0x0, 0x0, 0x0,
    0xbe, 0xa5, 0x10, 0x0, 0x0, 0x0, 0x0, 0x0,
    0x0, 0x0, 0x0, 0x0, 0x0, 0x0, 0x0, 0x0,
    0x0, 0x0, 0x0, 0x0, 0x0, 0x0, 0x0, 0x0,
    0x0
};


/*---------------------
 *  GLYPH DESCRIPTION
 *--------------------*/

static const lv_font_fmt_txt_glyph_dsc_t glyph_dsc[] = {
    {.bitmap_index = 0, .adv_w = 0, .box_w = 0, .box_h = 0, .ofs_x = 0, .ofs_y = 0} /* id = 0 reserved */,
    {.bitmap_index = 0, .adv_w = 94, .box_w = 0, .box_h = 0, .ofs_x = 0, .ofs_y = 0},
    {.bitmap_index = 0, .adv_w = 94, .box_w = 4, .box_h = 17, .ofs_x = 1, .ofs_y = 0},
    {.bitmap_index = 34, .adv_w = 144, .box_w = 7, .box_h = 6, .ofs_x = 1, .ofs_y = 11},
    {.bitmap_index = 55, .adv_w = 268, .box_w = 15, .box_h = 16, .ofs_x = 1, .ofs_y = 1},
    {.bitmap_index = 175, .adv_w = 237, .box_w = 14, .box_h = 22, .ofs_x = 0, .ofs_y = -2},
    {.bitmap_index = 329, .adv_w = 292, .box_w = 17, .box_h = 17, .ofs_x = 1, .ofs_y = 0},
    {.bitmap_index = 474, .adv_w = 266, .box_w = 16, .box_h = 17, .ofs_x = 1, .ofs_y = 0},
    {.bitmap_index = 610, .adv_w = 84, .box_w = 3, .box_h = 6, .ofs_x = 1, .ofs_y = 11},
    {.bitmap_index = 619, .adv_w = 130, .box_w = 7, .box_h = 23, .ofs_x = 1, .ofs_y = -4},
    {.bitmap_index = 700, .adv_w = 130, .box_w = 7, .box_h = 23, .ofs_x = 0, .ofs_y = -4},
    {.bitmap_index = 781, .adv_w = 171, .box_w = 9, .box_h = 8, .ofs_x = 1, .ofs_y = 9},
    {.bitmap_index = 817, .adv_w = 239, .box_w = 13, .box_h = 14, .ofs_x = 1, .ofs_y = 1},
    {.bitmap_index = 908, .adv_w = 96, .box_w = 4, .box_h = 5, .ofs_x = 1, .ofs_y = -2},
    {.bitmap_index = 918, .adv_w = 186, .box_w = 9, .box_h = 3, .ofs_x = 1, .ofs_y = 6},
    {.bitmap_index = 932, .adv_w = 97, .box_w = 4, .box_h = 3, .ofs_x = 1, .ofs_y = 0},
    {.bitmap_index = 938, .adv_w = 185, .box_w = 11, .box_h = 22, .ofs_x = 0, .ofs_y = -2},
    {.bitmap_index = 1059, .adv_w = 244, .box_w = 13, .box_h = 17, .ofs_x = 1, .ofs_y = 0},
    {.bitmap_index = 1170, .adv_w = 164, .box_w = 9, .box_h = 17, .ofs_x = 0, .ofs_y = 0},
    {.bitmap_index = 1247, .adv_w = 225, .box_w = 12, .box_h = 17, .ofs_x = 1, .ofs_y = 0},
    {.bitmap_index = 1349, .adv_w = 231, .box_w = 13, .box_h = 17, .ofs_x = 1, .ofs_y = 0},
    {.bitmap_index = 1460, .adv_w = 238, .box_w = 15, .box_h = 17, .ofs_x = 0, .ofs_y = 0},
    {.bitmap_index = 1588, .adv_w = 228, .box_w = 13, .box_h = 17, .ofs_x = 1, .ofs_y = 0},
    {.bitmap_index = 1699, .adv_w = 232, .box_w = 13, .box_h = 17, .ofs_x = 1, .ofs_y = 0},
    {.bitmap_index = 1810, .adv_w = 197, .box_w = 12, .box_h = 17, .ofs_x = 0, .ofs_y = 0},
    {.bitmap_index = 1912, .adv_w = 244, .box_w = 13, .box_h = 17, .ofs_x = 1, .ofs_y = 0},
    {.bitmap_index = 2023, .adv_w = 228, .box_w = 14, .box_h = 17, .ofs_x = 0, .ofs_y = 0},
    {.bitmap_index = 2142, .adv_w = 98, .box_w = 4, .box_h = 12, .ofs_x = 1, .ofs_y = 0},
    {.bitmap_index = 2166, .adv_w = 104, .box_w = 4, .box_h = 13, .ofs_x = 1, .ofs_y = -2},
    {.bitmap_index = 2192, .adv_w = 189, .box_w = 11, .box_h = 14, .ofs_x = 0, .ofs_y = 1},
    {.bitmap_index = 2269, .adv_w = 219, .box_w = 11, .box_h = 8, .ofs_x = 1, .ofs_y = 3},
    {.bitmap_index = 2313, .adv_w = 189, .box_w = 10, .box_h = 14, .ofs_x = 1, .ofs_y = 1},
    {.bitmap_index = 2383, .adv_w = 204, .box_w = 12, .box_h = 17, .ofs_x = 0, .ofs_y = 0},
    {.bitmap_index = 2485, .adv_w = 319, .box_w = 18, .box_h = 19, .ofs_x = 1, .ofs_y = -3},
    {.bitmap_index = 2656, .adv_w = 257, .box_w = 16, .box_h = 17, .ofs_x = 0, .ofs_y = 0},
    {.bitmap_index = 2792, .adv_w = 257, .box_w = 13, .box_h = 17, .ofs_x = 2, .ofs_y = 0},
    {.bitmap_index = 2903, .adv_w = 256, .box_w = 14, .box_h = 17, .ofs_x = 1, .ofs_y = 0},
    {.bitmap_index = 3022, .adv_w = 265, .box_w = 14, .box_h = 17, .ofs_x = 2, .ofs_y = 0},
    {.bitmap_index = 3141, .adv_w = 233, .box_w = 12, .box_h = 17, .ofs_x = 2, .ofs_y = 0},
    {.bitmap_index = 3243, .adv_w = 224, .box_w = 12, .box_h = 17, .ofs_x = 2, .ofs_y = 0},
    {.bitmap_index = 3345, .adv_w = 262, .box_w = 14, .box_h = 17, .ofs_x = 1, .ofs_y = 0},
    {.bitmap_index = 3464, .adv_w = 274, .box_w = 14, .box_h = 17, .ofs_x = 2, .ofs_y = 0},
    {.bitmap_index = 3583, .adv_w = 105, .box_w = 3, .box_h = 17, .ofs_x = 2, .ofs_y = 0},
    {.bitmap_index = 3609, .adv_w = 243, .box_w = 14, .box_h = 17, .ofs_x = 0, .ofs_y = 0},
    {.bitmap_index = 3728, .adv_w = 231, .box_w = 13, .box_h = 17, .ofs_x = 2, .ofs_y = 0},
    {.bitmap_index = 3839, .adv_w = 216, .box_w = 12, .box_h = 17, .ofs_x = 2, .ofs_y = 0},
    {.bitmap_index = 3941, .adv_w = 305, .box_w = 15, .box_h = 17, .ofs_x = 2, .ofs_y = 0},
    {.bitmap_index = 4069, .adv_w = 267, .box_w = 13, .box_h = 17, .ofs_x = 2, .ofs_y = 0},
    {.bitmap_index = 4180, .adv_w = 260, .box_w = 14, .box_h = 17, .ofs_x = 1, .ofs_y = 0},
    {.bitmap_index = 4299, .adv_w = 247, .box_w = 13, .box_h = 17, .ofs_x = 2, .ofs_y = 0},
    {.bitmap_index = 4410, .adv_w = 260, .box_w = 14, .box_h = 19, .ofs_x = 1, .ofs_y = -2},
    {.bitmap_index = 4543, .adv_w = 252, .box_w = 13, .box_h = 17, .ofs_x = 2, .ofs_y = 0},
    {.bitmap_index = 4654, .adv_w = 239, .box_w = 13, .box_h = 17, .ofs_x = 1, .ofs_y = 0},
    {.bitmap_index = 4765, .adv_w = 222, .box_w = 14, .box_h = 17, .ofs_x = 0, .ofs_y = 0},
    {.bitmap_index = 4884, .adv_w = 269, .box_w = 14, .box_h = 17, .ofs_x = 1, .ofs_y = 0},
    {.bitmap_index = 5003, .adv_w = 252, .box_w = 15, .box_h = 17, .ofs_x = 0, .ofs_y = 0},
    {.bitmap_index = 5131, .adv_w = 308, .box_w = 18, .box_h = 17, .ofs_x = 1, .ofs_y = 0},
    {.bitmap_index = 5284, .adv_w = 243, .box_w = 15, .box_h = 17, .ofs_x = 0, .ofs_y = 0},
    {.bitmap_index = 5412, .adv_w = 248, .box_w = 15, .box_h = 17, .ofs_x = 0, .ofs_y = 0},
    {.bitmap_index = 5540, .adv_w = 230, .box_w = 14, .box_h = 17, .ofs_x = 0, .ofs_y = 0},
    {.bitmap_index = 5659, .adv_w = 125, .box_w = 7, .box_h = 23, .ofs_x = 1, .ofs_y = -4},
    {.bitmap_index = 5740, .adv_w = 185, .box_w = 11, .box_h = 22, .ofs_x = 0, .ofs_y = -2},
    {.bitmap_index = 5861, .adv_w = 125, .box_w = 7, .box_h = 23, .ofs_x = 0, .ofs_y = -4},
    {.bitmap_index = 5942, .adv_w = 166, .box_w = 8, .box_h = 4, .ofs_x = 1, .ofs_y = 14},
    {.bitmap_index = 5958, .adv_w = 287, .box_w = 16, .box_h = 3, .ofs_x = 1, .ofs_y = -1},
    {.bitmap_index = 5982, .adv_w = 129, .box_w = 6, .box_h = 4, .ofs_x = 1, .ofs_y = 15},
    {.bitmap_index = 5994, .adv_w = 212, .box_w = 12, .box_h = 13, .ofs_x = 0, .ofs_y = 0},
    {.bitmap_index = 6072, .adv_w = 228, .box_w = 13, .box_h = 17, .ofs_x = 1, .ofs_y = 0},
    {.bitmap_index = 6183, .adv_w = 212, .box_w = 12, .box_h = 13, .ofs_x = 1, .ofs_y = 0},
    {.bitmap_index = 6261, .adv_w = 228, .box_w = 12, .box_h = 17, .ofs_x = 1, .ofs_y = 0},
    {.bitmap_index = 6363, .adv_w = 215, .box_w = 12, .box_h = 13, .ofs_x = 1, .ofs_y = 0},
    {.bitmap_index = 6441, .adv_w = 148, .box_w = 10, .box_h = 18, .ofs_x = 0, .ofs_y = 0},
    {.bitmap_index = 6531, .adv_w = 229, .box_w = 12, .box_h = 18, .ofs_x = 1, .ofs_y = -5},
    {.bitmap_index = 6639, .adv_w = 234, .box_w = 12, .box_h = 17, .ofs_x = 1, .ofs_y = 0},
    {.bitmap_index = 6741, .adv_w = 93, .box_w = 4, .box_h = 17, .ofs_x = 1, .ofs_y = 0},
    {.bitmap_index = 6775, .adv_w = 98, .box_w = 6, .box_h = 22, .ofs_x = -1, .ofs_y = -5},
    {.bitmap_index = 6841, .adv_w = 198, .box_w = 12, .box_h = 17, .ofs_x = 1, .ofs_y = 0},
    {.bitmap_index = 6943, .adv_w = 93, .box_w = 4, .box_h = 17, .ofs_x = 1, .ofs_y = 0},
    {.bitmap_index = 6977, .adv_w = 341, .box_w = 19, .box_h = 13, .ofs_x = 1, .ofs_y = 0},
    {.bitmap_index = 7101, .adv_w = 233, .box_w = 12, .box_h = 13, .ofs_x = 1, .ofs_y = 0},
    {.bitmap_index = 7179, .adv_w = 220, .box_w = 12, .box_h = 13, .ofs_x = 1, .ofs_y = 0},
    {.bitmap_index = 7257, .adv_w = 229, .box_w = 13, .box_h = 18, .ofs_x = 1, .ofs_y = -5},
    {.bitmap_index = 7374, .adv_w = 229, .box_w = 12, .box_h = 18, .ofs_x = 1, .ofs_y = -5},
    {.bitmap_index = 7482, .adv_w = 146, .box_w = 8, .box_h = 13, .ofs_x = 1, .ofs_y = 0},
    {.bitmap_index = 7534, .adv_w = 196, .box_w = 12, .box_h = 13, .ofs_x = 0, .ofs_y = 0},
    {.bitmap_index = 7612, .adv_w = 150, .box_w = 9, .box_h = 17, .ofs_x = 0, .ofs_y = 0},
    {.bitmap_index = 7689, .adv_w = 231, .box_w = 12, .box_h = 13, .ofs_x = 1, .ofs_y = 0},
    {.bitmap_index = 7767, .adv_w = 213, .box_w = 13, .box_h = 13, .ofs_x = 0, .ofs_y = 0},
    {.bitmap_index = 7852, .adv_w = 308, .box_w = 19, .box_h = 13, .ofs_x = 0, .ofs_y = 0},
    {.bitmap_index = 7976, .adv_w = 207, .box_w = 13, .box_h = 13, .ofs_x = 0, .ofs_y = 0},
    {.bitmap_index = 8061, .adv_w = 212, .box_w = 13, .box_h = 18, .ofs_x = 0, .ofs_y = -5},
    {.bitmap_index = 8178, .adv_w = 195, .box_w = 12, .box_h = 13, .ofs_x = 0, .ofs_y = 0},
    {.bitmap_index = 8256, .adv_w = 141, .box_w = 9, .box_h = 23, .ofs_x = 0, .ofs_y = -4},
    {.bitmap_index = 8360, .adv_w = 89, .box_w = 3, .box_h = 27, .ofs_x = 1, .ofs_y = -5},
    {.bitmap_index = 8401, .adv_w = 141, .box_w = 9, .box_h = 23, .ofs_x = 0, .ofs_y = -4},
    {.bitmap_index = 8505, .adv_w = 215, .box_w = 11, .box_h = 3, .ofs_x = 1, .ofs_y = 6},
    {.bitmap_index = 8522, .adv_w = 149, .box_w = 8, .box_h = 7, .ofs_x = 1, .ofs_y = 10},
    {.bitmap_index = 8550, .adv_w = 147, .box_w = 7, .box_h = 6, .ofs_x = 1, .ofs_y = 5},
    {.bitmap_index = 8571, .adv_w = 384, .box_w = 24, .box_h = 25, .ofs_x = 0, .ofs_y = -3},
    {.bitmap_index = 8871, .adv_w = 384, .box_w = 24, .box_h = 22, .ofs_x = 0, .ofs_y = -2},
    {.bitmap_index = 9135, .adv_w = 384, .box_w = 24, .box_h = 22, .ofs_x = 0, .ofs_y = -2},
    {.bitmap_index = 9399, .adv_w = 336, .box_w = 21, .box_h = 16, .ofs_x = 0, .ofs_y = 1},
    {.bitmap_index = 9567, .adv_w = 288, .box_w = 16, .box_h = 16, .ofs_x = 1, .ofs_y = 2},
    {.bitmap_index = 9695, .adv_w = 384, .box_w = 23, .box_h = 24, .ofs_x = 0, .ofs_y = -3},
    {.bitmap_index = 9971, .adv_w = 384, .box_w = 24, .box_h = 24, .ofs_x = 0, .ofs_y = -3},
    {.bitmap_index = 10259, .adv_w = 432, .box_w = 28, .box_h = 25, .ofs_x = 0, .ofs_y = -3},
    {.bitmap_index = 10609, .adv_w = 384, .box_w = 24, .box_h = 24, .ofs_x = 0, .ofs_y = -3},
    {.bitmap_index = 10897, .adv_w = 384, .box_w = 24, .box_h = 22, .ofs_x = 0, .ofs_y = -2},
    {.bitmap_index = 11161, .adv_w = 384, .box_w = 24, .box_h = 23, .ofs_x = 0, .ofs_y = -3},
    {.bitmap_index = 11437, .adv_w = 240, .box_w = 15, .box_h = 22, .ofs_x = 0, .ofs_y = -2},
    {.bitmap_index = 11602, .adv_w = 336, .box_w = 21, .box_h = 22, .ofs_x = 0, .ofs_y = -2},
    {.bitmap_index = 11833, .adv_w = 480, .box_w = 30, .box_h = 24, .ofs_x = 0, .ofs_y = -3},
    {.bitmap_index = 12193, .adv_w = 384, .box_w = 24, .box_h = 22, .ofs_x = 0, .ofs_y = -2},
    {.bitmap_index = 12457, .adv_w = 288, .box_w = 18, .box_h = 24, .ofs_x = 0, .ofs_y = -3},
    {.bitmap_index = 12673, .adv_w = 240, .box_w = 15, .box_h = 20, .ofs_x = 0, .ofs_y = -1},
    {.bitmap_index = 12823, .adv_w = 288, .box_w = 18, .box_h = 22, .ofs_x = 0, .ofs_y = -2},
    {.bitmap_index = 13021, .adv_w = 240, .box_w = 15, .box_h = 18, .ofs_x = 0, .ofs_y = 0},
    {.bitmap_index = 13156, .adv_w = 288, .box_w = 18, .box_h = 18, .ofs_x = 0, .ofs_y = 0},
    {.bitmap_index = 13318, .adv_w = 240, .box_w = 15, .box_h = 20, .ofs_x = 0, .ofs_y = -1},
    {.bitmap_index = 13468, .adv_w = 336, .box_w = 23, .box_h = 22, .ofs_x = -1, .ofs_y = -2},
    {.bitmap_index = 13721, .adv_w = 240, .box_w = 12, .box_h = 22, .ofs_x = 0, .ofs_y = -2},
    {.bitmap_index = 13853, .adv_w = 240, .box_w = 12, .box_h = 22, .ofs_x = 3, .ofs_y = -2},
    {.bitmap_index = 13985, .adv_w = 336, .box_w = 21, .box_h = 20, .ofs_x = 0, .ofs_y = -1},
    {.bitmap_index = 14195, .adv_w = 336, .box_w = 21, .box_h = 4, .ofs_x = 0, .ofs_y = 8},
    {.bitmap_index = 14237, .adv_w = 432, .box_w = 29, .box_h = 22, .ofs_x = -1, .ofs_y = -2},
    {.bitmap_index = 14556, .adv_w = 480, .box_w = 32, .box_h = 26, .ofs_x = -1, .ofs_y = -4},
    {.bitmap_index = 14972, .adv_w = 384, .box_w = 26, .box_h = 22, .ofs_x = -1, .ofs_y = -2},
    {.bitmap_index = 15258, .adv_w = 384, .box_w = 24, .box_h = 22, .ofs_x = 0, .ofs_y = -2},
    {.bitmap_index = 15522, .adv_w = 384, .box_w = 22, .box_h = 13, .ofs_x = 1, .ofs_y = 4},
    {.bitmap_index = 15665, .adv_w = 384, .box_w = 22, .box_h = 13, .ofs_x = 1, .ofs_y = 1},
    {.bitmap_index = 15808, .adv_w = 432, .box_w = 29, .box_h = 19, .ofs_x = -1, .ofs_y = -1},
    {.bitmap_index = 16084, .adv_w = 384, .box_w = 24, .box_h = 22, .ofs_x = 0, .ofs_y = -2},
    {.bitmap_index = 16348, .adv_w = 384, .box_w = 24, .box_h = 24, .ofs_x = 0, .ofs_y = -3},
    {.bitmap_index = 16636, .adv_w = 384, .box_w = 25, .box_h = 25, .ofs_x = 0, .ofs_y = -3},
    {.bitmap_index = 16949, .adv_w = 384, .box_w = 24, .box_h = 24, .ofs_x = 0, .ofs_y = -3},
    {.bitmap_index = 17237, .adv_w = 336, .box_w = 21, .box_h = 24, .ofs_x = 0, .ofs_y = -3},
    {.bitmap_index = 17489, .adv_w = 336, .box_w = 21, .box_h = 22, .ofs_x = 0, .ofs_y = -2},
    {.bitmap_index = 17720, .adv_w = 336, .box_w = 21, .box_h = 18, .ofs_x = 0, .ofs_y = 0},
    {.bitmap_index = 17909, .adv_w = 384, .box_w = 24, .box_h = 18, .ofs_x = 0, .ofs_y = 0},
    {.bitmap_index = 18125, .adv_w = 336, .box_w = 19, .box_h = 26, .ofs_x = 1, .ofs_y = -4},
    {.bitmap_index = 18372, .adv_w = 384, .box_w = 24, .box_h = 24, .ofs_x = 0, .ofs_y = -3},
    {.bitmap_index = 18660, .adv_w = 336, .box_w = 23, .box_h = 24, .ofs_x = -1, .ofs_y = -3},
    {.bitmap_index = 18936, .adv_w = 384, .box_w = 24, .box_h = 24, .ofs_x = 0, .ofs_y = -3},
    {.bitmap_index = 19224, .adv_w = 432, .box_w = 27, .box_h = 18, .ofs_x = 0, .ofs_y = 0},
    {.bitmap_index = 19467, .adv_w = 336, .box_w = 21, .box_h = 20, .ofs_x = 0, .ofs_y = -1},
    {.bitmap_index = 19677, .adv_w = 288, .box_w = 18, .box_h = 22, .ofs_x = 0, .ofs_y = -2},
    {.bitmap_index = 19875, .adv_w = 480, .box_w = 30, .box_h = 22, .ofs_x = 0, .ofs_y = -2},
    {.bitmap_index = 20205, .adv_w = 432, .box_w = 27, .box_h = 16, .ofs_x = 0, .ofs_y = 1},
    {.bitmap_index = 20421, .adv_w = 432, .box_w = 27, .box_h = 16, .ofs_x = 0, .ofs_y = 1},
    {.bitmap_index = 20637, .adv_w = 432, .box_w = 27, .box_h = 16, .ofs_x = 0, .ofs_y = 1},
    {.bitmap_index = 20853, .adv_w = 432, .box_w = 27, .box_h = 16, .ofs_x = 0, .ofs_y = 1},
    {.bitmap_index = 21069, .adv_w = 432, .box_w = 27, .box_h = 16, .ofs_x = 0, .ofs_y = 1},
    {.bitmap_index = 21285, .adv_w = 336, .box_w = 21, .box_h = 24, .ofs_x = 0, .ofs_y = -3},
    {.bitmap_index = 21537, .adv_w = 384, .box_w = 25, .box_h = 25, .ofs_x = -1, .ofs_y = -4}
};

/*---------------------
 *  CHARACTER MAPPING
 *--------------------*/

static const uint16_t unicode_list_1[] = {
    0x0, 0x1f72, 0xef51, 0xef58, 0xef5b, 0xef5c, 0xef5d, 0xef61,
    0xef63, 0xef65, 0xef69, 0xef6c, 0xef71, 0xef76, 0xef77, 0xef78,
    0xef8e, 0xef93, 0xef98, 0xef9b, 0xef9c, 0xef9d, 0xefa1, 0xefa2,
    0xefa3, 0xefa4, 0xefb7, 0xefb8, 0xefbe, 0xefc0, 0xefc1, 0xefc4,
    0xefc7, 0xefc8, 0xefc9, 0xefcb, 0xefe3, 0xefe5, 0xf014, 0xf015,
    0xf017, 0xf019, 0xf030, 0xf037, 0xf03a, 0xf043, 0xf061, 0xf06c,
    0xf074, 0xf0a8, 0xf13b, 0xf190, 0xf191, 0xf192, 0xf193, 0xf194,
    0xf23d, 0xf254
};

/*Collect the unicode lists and glyph_id offsets*/
static const lv_font_fmt_txt_cmap_t cmaps[] =
{
    {
        .range_start = 32, .range_length = 95, .glyph_id_start = 1,
        .unicode_list = NULL, .glyph_id_ofs_list = NULL, .list_length = 0, .type = LV_FONT_FMT_TXT_CMAP_FORMAT0_TINY
    },
    {
        .range_start = 176, .range_length = 62037, .glyph_id_start = 96,
        .unicode_list = unicode_list_1, .glyph_id_ofs_list = NULL, .list_length = 58, .type = LV_FONT_FMT_TXT_CMAP_SPARSE_TINY
    }
};

/*-----------------
 *    KERNING
 *----------------*/


/*Pair left and right glyphs for kerning*/
static const uint8_t kern_pair_glyph_ids[] =
{
    3, 7,
    3, 13,
    3, 14,
    3, 15,
    3, 16,
    3, 21,
    3, 23,
    3, 27,
    3, 28,
    3, 33,
    4, 24,
    7, 3,
    7, 8,
    8, 7,
    8, 13,
    8, 14,
    8, 15,
    8, 16,
    8, 21,
    8, 23,
    8, 27,
    8, 28,
    8, 33,
    9, 9,
    9, 17,
    9, 18,
    9, 19,
    9, 21,
    9, 22,
    9, 23,
    9, 25,
    9, 26,
    9, 92,
    10, 10,
    10, 62,
    10, 94,
    12, 18,
    12, 19,
    12, 20,
    12, 24,
    13, 3,
    13, 8,
    13, 14,
    13, 17,
    13, 18,
    13, 21,
    13, 23,
    13, 24,
    13, 25,
    13, 26,
    14, 3,
    14, 8,
    14, 18,
    14, 19,
    14, 20,
    14, 22,
    14, 24,
    14, 26,
    15, 3,
    15, 8,
    15, 14,
    15, 17,
    15, 18,
    15, 21,
    15, 23,
    15, 24,
    15, 25,
    15, 26,
    16, 16,
    16, 17,
    16, 18,
    16, 19,
    16, 21,
    16, 22,
    16, 23,
    16, 25,
    16, 26,
    17, 10,
    17, 13,
    17, 15,
    17, 16,
    17, 61,
    17, 62,
    17, 94,
    19, 10,
    19, 12,
    19, 14,
    19, 21,
    19, 61,
    19, 62,
    19, 94,
    20, 16,
    20, 18,
    20, 61,
    21, 3,
    21, 8,
    21, 10,
    21, 13,
    21, 15,
    21, 16,
    21, 18,
    21, 24,
    21, 26,
    21, 61,
    21, 62,
    21, 94,
    22, 13,
    22, 15,
    22, 16,
    22, 18,
    22, 61,
    23, 3,
    23, 8,
    23, 10,
    23, 16,
    23, 18,
    23, 24,
    23, 61,
    23, 62,
    23, 94,
    24, 4,
    24, 12,
    24, 13,
    24, 14,
    24, 15,
    24, 16,
    24, 21,
    24, 23,
    24, 30,
    25, 10,
    25, 13,
    25, 15,
    25, 16,
    25, 61,
    25, 62,
    25, 94,
    26, 10,
    26, 13,
    26, 14,
    26, 15,
    26, 16,
    26, 20,
    26, 21,
    26, 23,
    26, 61,
    26, 62,
    26, 94,
    27, 3,
    27, 8,
    28, 3,
    28, 8,
    30, 24,
    33, 3,
    33, 8,
    60, 9,
    60, 17,
    60, 18,
    60, 19,
    60, 21,
    60, 22,
    60, 23,
    60, 25,
    60, 26,
    60, 92,
    61, 3,
    61, 8,
    61, 17,
    61, 18,
    61, 20,
    61, 21,
    61, 22,
    61, 23,
    61, 24,
    61, 25,
    61, 26,
    61, 61,
    92, 9,
    92, 17,
    92, 18,
    92, 19,
    92, 21,
    92, 22,
    92, 23,
    92, 25,
    92, 26,
    92, 92,
    94, 10,
    94, 62,
    94, 94,
    96, 21,
    96, 23
};

/* Kerning between the respective left and right glyphs
 * 4.4 format which needs to scaled with `kern_scale`*/
static const int8_t kern_pair_values[] =
{
    -6, -39, -24, -39, -25, -20, -15, -3,
    -3, -6, -6, -15, -15, -6, -39, -24,
    -39, -25, -20, -15, -3, -3, -6, -1,
    -11, -13, -6, -16, -5, -17, -10, -8,
    -8, -1, -1, -1, -9, -10, -5, -20,
    -39, -39, -20, -6, -26, -6, -4, -12,
    -4, -17, -24, -24, -14, -15, -8, -3,
    -22, -5, -39, -39, -20, -6, -26, -6,
    -4, -12, -4, -17, -79, -7, -2, -5,
    -22, -2, -20, -8, -2, -11, -6, -6,
    -8, -7, -9, -9, -6, -6, -9, -4,
    -5, -5, -4, -2, -7, -1, -9, -9,
    -10, -6, -6, -1, -8, -7, -3, -12,
    -8, -9, -3, -3, -2, -6, -1, -14,
    -14, -13, -2, -9, -12, -15, -10, -11,
    -3, -12, -25, -13, -25, -25, -13, -12,
    -5, -10, -4, -4, -2, -8, -8, -9,
    -10, -25, -6, -25, -20, -6, -6, -4,
    -4, -9, -9, -3, -3, -3, -3, -9,
    -3, -3, -1, -9, -11, -6, -12, -5,
    -13, -8, -6, -7, -25, -25, -7, -23,
    -1, -4, -1, -5, -9, -2, -14, -78,
    -1, -9, -11, -5, -13, -5, -14, -8,
    -7, -8, -8, -7, -8, -17, -12
};

/*Collect the kern pair's data in one place*/
static const lv_font_fmt_txt_kern_pair_t kern_pairs =
{
    .glyph_ids = kern_pair_glyph_ids,
    .values = kern_pair_values,
    .pair_cnt = 191,
    .glyph_ids_size = 0
};

/*--------------------
 *  ALL CUSTOM DATA
 *--------------------*/

#if LVGL_VERSION_MAJOR == 8
/*Store all the custom data of the font*/
static  lv_font_fmt_txt_glyph_cache_t cache;
#endif

#if LVGL_VERSION_MAJOR >= 8
static const lv_font_fmt_txt_dsc_t font_dsc = {
#else
static lv_font_fmt_txt_dsc_t font_dsc = {
#endif
    .glyph_bitmap = glyph_bitmap,
    .glyph_dsc = glyph_dsc,
    .cmaps = cmaps,
    .kern_dsc = &kern_pairs,
    .kern_scale = 16,
    .cmap_num = 2,
    .bpp = 4,
    .kern_classes = 0,
    .bitmap_format = 0,
#if LVGL_VERSION_MAJOR == 8
    .cache = &cache
#endif
};



/*-----------------
 *  PUBLIC FONT
 *----------------*/

/*Initialize a public general font descriptor*/
#if LVGL_VERSION_MAJOR >= 8
const lv_font_t lv_font_rubik_24 = {
#else
lv_font_t lv_font_rubik_24 = {
#endif
    .get_glyph_dsc = lv_font_get_glyph_dsc_fmt_txt,    /*Function pointer to get glyph's data*/
    .get_glyph_bitmap = lv_font_get_bitmap_fmt_txt,    /*Function pointer to get glyph's bitmap*/
    .line_height = 27,          /*The maximum line height required by the font*/
    .base_line = 5,             /*Baseline measured from the bottom of the line*/
#if !(LVGL_VERSION_MAJOR == 6 && LVGL_VERSION_MINOR == 0)
    .subpx = LV_FONT_SUBPX_NONE,
#endif
#if LV_VERSION_CHECK(7, 4, 0) || LVGL_VERSION_MAJOR >= 8
    .underline_position = -1,
    .underline_thickness = 1,
#endif
    .dsc = &font_dsc,          /*The custom font data. Will be accessed by `get_glyph_bitmap/dsc` */
#if LV_VERSION_CHECK(8, 2, 0) || LVGL_VERSION_MAJOR >= 9
    .fallback = NULL,
#endif
    .user_data = NULL,
};



#endif /*#if LV_FONT_RUBIK_24*/

