/*******************************************************************************
 * Size: 26 px
 * Bpp: 4
 * Opts: --font Rubik-Static-400.ttf -r 0x20-0x7F,0x2022,0xB0 --font FontAwesome-Solid.ttf -r 0xF001,0xF008,0xF00B,0xF00C,0xF00D,0xF011,0xF013,0xF015,0xF019,0xF01C,0xF021,0xF026,0xF027,0xF028,0xF03E,0xF043,0xF048,0xF04B,0xF04C,0xF04D,0xF051,0xF052,0xF053,0xF054,0xF067,0xF068,0xF06E,0xF070,0xF071,0xF074,0xF077,0xF078,0xF079,0xF07B,0xF093,0xF095,0xF0C4,0xF0C5,0xF0C7,0xF0C9,0xF0E0,0xF0E7,0xF0EA,0xF0F3,0xF111,0xF11C,0xF124,0xF158,0xF1EB,0xF240,0xF241,0xF242,0xF243,0xF244,0xF2ED,0xF304 --size 26 --format lvgl --bpp 4 --no-compress --no-prefilter --output lv_font_rubik_26.c --lv-include lvgl.h
 ******************************************************************************/

#ifdef LV_LVGL_H_INCLUDE_SIMPLE
#include "lvgl.h"
#else
#include "lvgl.h"
#endif

#ifndef LV_FONT_RUBIK_26
#define LV_FONT_RUBIK_26 1
#endif

#if LV_FONT_RUBIK_26

/*-----------------
 *    BITMAPS
 *----------------*/

/*Store the image of the glyphs*/
static LV_ATTRIBUTE_LARGE_CONST const uint8_t glyph_bitmap[] = {
    /* U+0020 " " */

    /* U+0021 "!" */
    0xe, 0xf4, 0xf, 0xf6, 0xf, 0xf6, 0xf, 0xf6,
    0xf, 0xf6, 0xf, 0xf6, 0xf, 0xf6, 0xf, 0xf6,
    0xf, 0xf6, 0xf, 0xf6, 0xf, 0xf6, 0xf, 0xf6,
    0xf, 0xf6, 0xf, 0xf5, 0x0, 0x10, 0x2e, 0xe7,
    0x4f, 0xf9, 0x2f, 0xf8,

    /* U+0022 "\"" */
    0x7f, 0xf2, 0x6f, 0xf3, 0x7f, 0xf2, 0x6f, 0xf2,
    0x5f, 0xf0, 0x4f, 0xf1, 0x4f, 0xe0, 0x3f, 0xf0,
    0x2f, 0xd0, 0x1f, 0xe0, 0xc, 0x80, 0xc, 0x90,

    /* U+0023 "#" */
    0x0, 0x0, 0xa, 0xe2, 0x0, 0xb, 0xe1, 0x0,
    0x0, 0x0, 0xe, 0xf2, 0x0, 0xf, 0xf0, 0x0,
    0x0, 0x0, 0xf, 0xf0, 0x0, 0x2f, 0xe0, 0x0,
    0x0, 0x0, 0x2f, 0xd0, 0x0, 0x4f, 0xc0, 0x0,
    0xe, 0xff, 0xff, 0xff, 0xff, 0xff, 0xff, 0xfb,
    0xf, 0xff, 0xff, 0xff, 0xff, 0xff, 0xff, 0xfc,
    0x0, 0x11, 0xaf, 0x71, 0x11, 0xbf, 0x61, 0x10,
    0x0, 0x0, 0xcf, 0x50, 0x0, 0xdf, 0x30, 0x0,
    0x0, 0x0, 0xef, 0x20, 0x0, 0xff, 0x10, 0x0,
    0x0, 0x0, 0xff, 0x0, 0x2, 0xfe, 0x0, 0x0,
    0x1, 0x13, 0xfe, 0x11, 0x15, 0xfc, 0x11, 0x0,
    0xaf, 0xff, 0xff, 0xff, 0xff, 0xff, 0xff, 0xf1,
    0x9f, 0xff, 0xff, 0xff, 0xff, 0xff, 0xff, 0xf1,
    0x0, 0xa, 0xf7, 0x0, 0xb, 0xf5, 0x0, 0x0,
    0x0, 0xc, 0xf4, 0x0, 0xe, 0xf3, 0x0, 0x0,
    0x0, 0xe, 0xf2, 0x0, 0xf, 0xf0, 0x0, 0x0,
    0x0, 0x8, 0x80, 0x0, 0x8, 0x70, 0x0, 0x0,

    /* U+0024 "$" */
    0x0, 0x0, 0x0, 0x88, 0x0, 0x0, 0x0, 0x0,
    0x0, 0x1, 0xff, 0x20, 0x0, 0x0, 0x0, 0x0,
    0x2, 0xff, 0x20, 0x0, 0x0, 0x0, 0x19, 0xef,
    0xff, 0xfd, 0x70, 0x0, 0x2, 0xef, 0xff, 0xff,
    0xff, 0xfc, 0x10, 0xd, 0xff, 0x82, 0x1, 0x3b,
    0xff, 0xb0, 0x4f, 0xf7, 0x0, 0x0, 0x0, 0xaf,
    0xf3, 0x6f, 0xf2, 0x0, 0x0, 0x0, 0x2f, 0xf5,
    0x5f, 0xf4, 0x0, 0x0, 0x0, 0x0, 0x0, 0x1f,
    0xfd, 0x20, 0x0, 0x0, 0x0, 0x0, 0x8, 0xff,
    0xfa, 0x40, 0x0, 0x0, 0x0, 0x0, 0x7f, 0xff,
    0xff, 0xa5, 0x0, 0x0, 0x0, 0x0, 0x6c, 0xff,
    0xff, 0xf8, 0x0, 0x0, 0x0, 0x0, 0x16, 0xbf,
    0xff, 0xd1, 0x0, 0x0, 0x0, 0x0, 0x2, 0xbf,
    0xf9, 0x0, 0x0, 0x0, 0x0, 0x0, 0xd, 0xfd,
    0xac, 0x60, 0x0, 0x0, 0x0, 0xa, 0xfe, 0xdf,
    0xe1, 0x0, 0x0, 0x0, 0xd, 0xfd, 0x7f, 0xfc,
    0x20, 0x0, 0x0, 0x9f, 0xf7, 0xb, 0xff, 0xfc,
    0xaa, 0xbf, 0xff, 0xc0, 0x0, 0x7f, 0xff, 0xff,
    0xff, 0xf9, 0x0, 0x0, 0x0, 0x48, 0xff, 0x85,
    0x0, 0x0, 0x0, 0x0, 0x1, 0xff, 0x20, 0x0,
    0x0, 0x0, 0x0, 0x0, 0xef, 0x10, 0x0, 0x0,

    /* U+0025 "%" */
    0x3, 0xbe, 0xec, 0x30, 0x0, 0x0, 0x0, 0xbf,
    0x60, 0x2f, 0xfb, 0xbf, 0xf3, 0x0, 0x0, 0x8,
    0xfd, 0x0, 0x8f, 0x70, 0x6, 0xf9, 0x0, 0x0,
    0x5f, 0xf2, 0x0, 0xbf, 0x20, 0x1, 0xfc, 0x0,
    0x2, 0xff, 0x50, 0x0, 0xbf, 0x20, 0x1, 0xfc,
    0x0, 0xd, 0xf8, 0x0, 0x0, 0xbf, 0x30, 0x2,
    0xfb, 0x0, 0x9f, 0xc0, 0x0, 0x0, 0x7f, 0xb1,
    0x1a, 0xf7, 0x6, 0xfe, 0x10, 0x0, 0x0, 0xd,
    0xff, 0xff, 0xd0, 0x3f, 0xf4, 0x0, 0x0, 0x0,
    0x0, 0x69, 0x96, 0x1, 0xdf, 0x70, 0x0, 0x0,
    0x0, 0x0, 0x0, 0x0, 0xb, 0xfb, 0x5, 0xcf,
    0xea, 0x10, 0x0, 0x0, 0x0, 0x7f, 0xe1, 0x5f,
    0xfc, 0xef, 0xd0, 0x0, 0x0, 0x3, 0xff, 0x30,
    0xcf, 0x40, 0xb, 0xf4, 0x0, 0x0, 0x1e, 0xf6,
    0x0, 0xfe, 0x0, 0x6, 0xf7, 0x0, 0x0, 0xcf,
    0xa0, 0x0, 0xfe, 0x0, 0x5, 0xf8, 0x0, 0x8,
    0xfd, 0x0, 0x0, 0xfe, 0x0, 0x6, 0xf8, 0x0,
    0x5f, 0xf2, 0x0, 0x0, 0xcf, 0x30, 0xb, 0xf5,
    0x2, 0xff, 0x50, 0x0, 0x0, 0x5f, 0xe9, 0xbf,
    0xd0, 0x9, 0xf8, 0x0, 0x0, 0x0, 0x5, 0xcf,
    0xe9, 0x10,

    /* U+0026 "&" */
    0x0, 0x1, 0x8d, 0xfe, 0xb4, 0x0, 0x0, 0x0,
    0x0, 0x2, 0xef, 0xff, 0xff, 0xf8, 0x0, 0x0,
    0x0, 0x0, 0xbf, 0xf5, 0x12, 0xbf, 0xf3, 0x0,
    0x0, 0x0, 0xf, 0xf6, 0x0, 0x0, 0xef, 0x70,
    0x0, 0x0, 0x0, 0xff, 0x40, 0x0, 0xc, 0xf7,
    0x0, 0x0, 0x0, 0xc, 0xf7, 0x0, 0x2, 0xff,
    0x20, 0x0, 0x0, 0x0, 0x3f, 0xf2, 0x2, 0xdf,
    0x60, 0x0, 0x0, 0x0, 0x0, 0x6f, 0xe8, 0xfd,
    0x40, 0x0, 0x0, 0x0, 0x0, 0x8, 0xff, 0xfd,
    0x0, 0x0, 0x5, 0xa5, 0x0, 0x1c, 0xff, 0xbf,
    0xfa, 0x0, 0x0, 0xbf, 0x80, 0xc, 0xfe, 0x40,
    0x6f, 0xfa, 0x0, 0xf, 0xf5, 0x4, 0xff, 0x40,
    0x0, 0x5f, 0xfb, 0x6, 0xff, 0x0, 0x7f, 0xe0,
    0x0, 0x0, 0x4f, 0xfb, 0xef, 0x80, 0x7, 0xfe,
    0x0, 0x0, 0x0, 0x4f, 0xff, 0xe1, 0x0, 0x4f,
    0xf6, 0x0, 0x0, 0x1, 0xdf, 0xfc, 0x0, 0x0,
    0xcf, 0xf9, 0x32, 0x38, 0xff, 0xff, 0xfb, 0x0,
    0x1, 0xcf, 0xff, 0xff, 0xff, 0xd3, 0x5f, 0xfa,
    0x0, 0x0, 0x6b, 0xef, 0xeb, 0x60, 0x0, 0x6f,
    0xf4,

    /* U+0027 "'" */
    0x7f, 0xf2, 0x7f, 0xf2, 0x5f, 0xf0, 0x4f, 0xe0,
    0x2f, 0xd0, 0xc, 0x80,

    /* U+0028 "(" */
    0x0, 0x2, 0x9d, 0xf1, 0x0, 0x3e, 0xff, 0xf1,
    0x0, 0xdf, 0xe6, 0x20, 0x5, 0xff, 0x20, 0x0,
    0xb, 0xfa, 0x0, 0x0, 0xe, 0xf5, 0x0, 0x0,
    0x2f, 0xf2, 0x0, 0x0, 0x4f, 0xf0, 0x0, 0x0,
    0x5f, 0xe0, 0x0, 0x0, 0x6f, 0xd0, 0x0, 0x0,
    0x7f, 0xc0, 0x0, 0x0, 0x7f, 0xc0, 0x0, 0x0,
    0x8f, 0xc0, 0x0, 0x0, 0x7f, 0xc0, 0x0, 0x0,
    0x7f, 0xc0, 0x0, 0x0, 0x6f, 0xd0, 0x0, 0x0,
    0x5f, 0xe0, 0x0, 0x0, 0x4f, 0xf0, 0x0, 0x0,
    0x2f, 0xf2, 0x0, 0x0, 0xe, 0xf5, 0x0, 0x0,
    0xb, 0xf9, 0x0, 0x0, 0x5, 0xff, 0x20, 0x0,
    0x0, 0xdf, 0xe5, 0x20, 0x0, 0x3e, 0xff, 0xf1,
    0x0, 0x2, 0x9e, 0xf1,

    /* U+0029 ")" */
    0x4f, 0xd8, 0x0, 0x0, 0x5f, 0xff, 0xd1, 0x0,
    0x3, 0x7f, 0xfa, 0x0, 0x0, 0x5, 0xff, 0x20,
    0x0, 0x0, 0xdf, 0x80, 0x0, 0x0, 0x8f, 0xb0,
    0x0, 0x0, 0x5f, 0xe0, 0x0, 0x0, 0x3f, 0xf0,
    0x0, 0x0, 0x1f, 0xf2, 0x0, 0x0, 0xf, 0xf3,
    0x0, 0x0, 0xf, 0xf4, 0x0, 0x0, 0xf, 0xf4,
    0x0, 0x0, 0xf, 0xf4, 0x0, 0x0, 0xf, 0xf4,
    0x0, 0x0, 0xf, 0xf4, 0x0, 0x0, 0xf, 0xf3,
    0x0, 0x0, 0x1f, 0xf2, 0x0, 0x0, 0x3f, 0xf0,
    0x0, 0x0, 0x5f, 0xe0, 0x0, 0x0, 0x8f, 0xb0,
    0x0, 0x0, 0xdf, 0x70, 0x0, 0x5, 0xff, 0x20,
    0x2, 0x7f, 0xfa, 0x0, 0x5f, 0xff, 0xd1, 0x0,
    0x4f, 0xd8, 0x0, 0x0,

    /* U+002A "*" */
    0x0, 0x6, 0xfe, 0x0, 0x0, 0x0, 0x5, 0xfe,
    0x0, 0x0, 0x2f, 0x82, 0xfb, 0x3c, 0xb0, 0x7f,
    0xfe, 0xfe, 0xff, 0xf1, 0x39, 0xbe, 0xff, 0xca,
    0x80, 0x0, 0x4f, 0xff, 0xb0, 0x0, 0x4, 0xff,
    0x6d, 0xfc, 0x0, 0x4, 0xfe, 0x6, 0xfd, 0x0,
    0x0, 0x34, 0x0, 0x60, 0x0,

    /* U+002B "+" */
    0x0, 0x0, 0x0, 0x0, 0x0, 0x0, 0x0, 0x0,
    0x0, 0x0, 0xe, 0xf1, 0x0, 0x0, 0x0, 0x0,
    0x0, 0x0, 0xff, 0x20, 0x0, 0x0, 0x0, 0x0,
    0x0, 0xf, 0xf2, 0x0, 0x0, 0x0, 0x0, 0x0,
    0x0, 0xff, 0x20, 0x0, 0x0, 0x0, 0x0, 0x0,
    0xf, 0xf2, 0x0, 0x0, 0x0, 0x1, 0x11, 0x11,
    0xff, 0x21, 0x11, 0x10, 0xd, 0xff, 0xff, 0xff,
    0xff, 0xff, 0xff, 0xf0, 0xcf, 0xff, 0xff, 0xff,
    0xff, 0xff, 0xfe, 0x0, 0x0, 0x0, 0xf, 0xf2,
    0x0, 0x0, 0x0, 0x0, 0x0, 0x0, 0xff, 0x20,
    0x0, 0x0, 0x0, 0x0, 0x0, 0xf, 0xf2, 0x0,
    0x0, 0x0, 0x0, 0x0, 0x0, 0xff, 0x20, 0x0,
    0x0, 0x0, 0x0, 0x0, 0xf, 0xf2, 0x0, 0x0,
    0x0, 0x0, 0x0, 0x0, 0xef, 0x10, 0x0, 0x0,
    0x0,

    /* U+002C "," */
    0x0, 0x10, 0xf, 0xfb, 0x3f, 0xf7, 0x5f, 0xf1,
    0x8f, 0xb0, 0x9f, 0x40,

    /* U+002D "-" */
    0x3, 0x33, 0x33, 0x33, 0x31, 0x2f, 0xff, 0xff,
    0xff, 0xfc, 0x2f, 0xff, 0xff, 0xff, 0xfb,

    /* U+002E "." */
    0x1, 0x10, 0x3f, 0xfc, 0x4f, 0xfd, 0x2f, 0xfb,

    /* U+002F "/" */
    0x0, 0x0, 0x0, 0x0, 0x5, 0xfb, 0x0, 0x0,
    0x0, 0x0, 0xc, 0xf8, 0x0, 0x0, 0x0, 0x0,
    0x3f, 0xf2, 0x0, 0x0, 0x0, 0x0, 0x9f, 0xb0,
    0x0, 0x0, 0x0, 0x0, 0xff, 0x40, 0x0, 0x0,
    0x0, 0x6, 0xfd, 0x0, 0x0, 0x0, 0x0, 0xd,
    0xf7, 0x0, 0x0, 0x0, 0x0, 0x3f, 0xf1, 0x0,
    0x0, 0x0, 0x0, 0xaf, 0xa0, 0x0, 0x0, 0x0,
    0x1, 0xff, 0x30, 0x0, 0x0, 0x0, 0x7, 0xfd,
    0x0, 0x0, 0x0, 0x0, 0xd, 0xf6, 0x0, 0x0,
    0x0, 0x0, 0x4f, 0xf0, 0x0, 0x0, 0x0, 0x0,
    0xbf, 0x90, 0x0, 0x0, 0x0, 0x1, 0xff, 0x30,
    0x0, 0x0, 0x0, 0x8, 0xfc, 0x0, 0x0, 0x0,
    0x0, 0xe, 0xf5, 0x0, 0x0, 0x0, 0x0, 0x5f,
    0xe0, 0x0, 0x0, 0x0, 0x0, 0xcf, 0x80, 0x0,
    0x0, 0x0, 0x2, 0xff, 0x20, 0x0, 0x0, 0x0,
    0x9, 0xfb, 0x0, 0x0, 0x0, 0x0, 0xf, 0xf4,
    0x0, 0x0, 0x0, 0x0, 0x3f, 0xd0, 0x0, 0x0,
    0x0, 0x0,

    /* U+0030 "0" */
    0x0, 0x1, 0x8d, 0xff, 0xeb, 0x50, 0x0, 0x0,
    0x4f, 0xff, 0xff, 0xff, 0xfb, 0x0, 0x2, 0xff,
    0xf9, 0x44, 0x6d, 0xff, 0x90, 0xa, 0xff, 0x50,
    0x0, 0x0, 0xcf, 0xf2, 0xf, 0xfc, 0x0, 0x0,
    0x0, 0x4f, 0xf8, 0x3f, 0xf7, 0x0, 0x0, 0x0,
    0xf, 0xfb, 0x5f, 0xf4, 0x0, 0x0, 0x0, 0xd,
    0xfd, 0x5f, 0xf3, 0x0, 0x0, 0x0, 0xb, 0xfd,
    0x5f, 0xf3, 0x0, 0x0, 0x0, 0xb, 0xfd, 0x5f,
    0xf3, 0x0, 0x0, 0x0, 0xb, 0xfd, 0x5f, 0xf3,
    0x0, 0x0, 0x0, 0xb, 0xfd, 0x5f, 0xf4, 0x0,
    0x0, 0x0, 0xd, 0xfd, 0x3f, 0xf7, 0x0, 0x0,
    0x0, 0xf, 0xfb, 0xf, 0xfc, 0x0, 0x0, 0x0,
    0x4f, 0xf8, 0xa, 0xff, 0x50, 0x0, 0x0, 0xcf,
    0xf2, 0x2, 0xff, 0xf9, 0x54, 0x6d, 0xff, 0x90,
    0x0, 0x4f, 0xff, 0xff, 0xff, 0xfb, 0x0, 0x0,
    0x1, 0x8d, 0xff, 0xeb, 0x50, 0x0,

    /* U+0031 "1" */
    0x0, 0x0, 0x1, 0xbf, 0xf1, 0x0, 0x0, 0x3e,
    0xff, 0xf2, 0x0, 0x7, 0xff, 0xff, 0xf2, 0x0,
    0xaf, 0xfd, 0x9f, 0xf2, 0x1d, 0xff, 0xa0, 0x6f,
    0xf2, 0x2f, 0xf7, 0x0, 0x6f, 0xf2, 0x4, 0x30,
    0x0, 0x6f, 0xf2, 0x0, 0x0, 0x0, 0x6f, 0xf2,
    0x0, 0x0, 0x0, 0x6f, 0xf2, 0x0, 0x0, 0x0,
    0x6f, 0xf2, 0x0, 0x0, 0x0, 0x6f, 0xf2, 0x0,
    0x0, 0x0, 0x6f, 0xf2, 0x0, 0x0, 0x0, 0x6f,
    0xf2, 0x0, 0x0, 0x0, 0x6f, 0xf2, 0x0, 0x0,
    0x0, 0x6f, 0xf2, 0x0, 0x0, 0x0, 0x6f, 0xf2,
    0x0, 0x0, 0x0, 0x6f, 0xf2, 0x0, 0x0, 0x0,
    0x5f, 0xf1,

    /* U+0032 "2" */
    0x0, 0x3, 0xae, 0xfe, 0xc7, 0x0, 0x0, 0x8,
    0xff, 0xff, 0xff, 0xfd, 0x20, 0x7, 0xff, 0xe7,
    0x46, 0xbf, 0xfd, 0x0, 0xff, 0xd1, 0x0, 0x0,
    0xaf, 0xf4, 0x5f, 0xf6, 0x0, 0x0, 0x3, 0xff,
    0x76, 0xfe, 0x10, 0x0, 0x0, 0x1f, 0xf8, 0x0,
    0x0, 0x0, 0x0, 0x4, 0xff, 0x60, 0x0, 0x0,
    0x0, 0x0, 0xcf, 0xf1, 0x0, 0x0, 0x0, 0x0,
    0xaf, 0xf7, 0x0, 0x0, 0x0, 0x0, 0xbf, 0xf9,
    0x0, 0x0, 0x0, 0x1, 0xdf, 0xf8, 0x0, 0x0,
    0x0, 0x1, 0xdf, 0xf8, 0x0, 0x0, 0x0, 0x1,
    0xdf, 0xf7, 0x0, 0x0, 0x0, 0x2, 0xdf, 0xf7,
    0x0, 0x0, 0x0, 0x2, 0xef, 0xf7, 0x0, 0x0,
    0x0, 0x2, 0xef, 0xfb, 0x44, 0x44, 0x44, 0x43,
    0xaf, 0xff, 0xff, 0xff, 0xff, 0xff, 0xfa, 0xff,
    0xff, 0xff, 0xff, 0xff, 0xfd,

    /* U+0033 "3" */
    0xe, 0xff, 0xff, 0xff, 0xff, 0xff, 0x70, 0xf,
    0xff, 0xff, 0xff, 0xff, 0xff, 0x80, 0x2, 0x33,
    0x33, 0x33, 0x6f, 0xfc, 0x10, 0x0, 0x0, 0x0,
    0x2, 0xef, 0xc0, 0x0, 0x0, 0x0, 0x0, 0x2e,
    0xfc, 0x0, 0x0, 0x0, 0x0, 0x2, 0xef, 0xc0,
    0x0, 0x0, 0x0, 0x0, 0x3e, 0xfb, 0x0, 0x0,
    0x0, 0x0, 0x0, 0xef, 0xff, 0xdb, 0x60, 0x0,
    0x0, 0x1, 0xff, 0xff, 0xff, 0xfc, 0x10, 0x0,
    0x0, 0x0, 0x1, 0x3a, 0xff, 0xa0, 0x0, 0x0,
    0x0, 0x0, 0x0, 0xaf, 0xf1, 0x0, 0x0, 0x0,
    0x0, 0x0, 0x4f, 0xf4, 0x34, 0x10, 0x0, 0x0,
    0x0, 0x3f, 0xf5, 0xdf, 0xb0, 0x0, 0x0, 0x0,
    0x6f, 0xf3, 0x9f, 0xf5, 0x0, 0x0, 0x1, 0xef,
    0xe0, 0x1e, 0xff, 0xa6, 0x45, 0x8f, 0xff, 0x50,
    0x3, 0xef, 0xff, 0xff, 0xff, 0xf6, 0x0, 0x0,
    0x6, 0xbe, 0xfe, 0xd8, 0x20, 0x0,

    /* U+0034 "4" */
    0x0, 0x0, 0x0, 0x0, 0x3e, 0xff, 0x30, 0x0,
    0x0, 0x0, 0x0, 0x0, 0xdf, 0xff, 0x50, 0x0,
    0x0, 0x0, 0x0, 0xa, 0xff, 0xff, 0x50, 0x0,
    0x0, 0x0, 0x0, 0x6f, 0xf5, 0xff, 0x50, 0x0,
    0x0, 0x0, 0x2, 0xff, 0x62, 0xff, 0x50, 0x0,
    0x0, 0x0, 0xd, 0xfb, 0x2, 0xff, 0x50, 0x0,
    0x0, 0x0, 0xaf, 0xe1, 0x2, 0xff, 0x50, 0x0,
    0x0, 0x6, 0xff, 0x30, 0x2, 0xff, 0x50, 0x0,
    0x0, 0x2f, 0xf7, 0x0, 0x2, 0xff, 0x50, 0x0,
    0x0, 0xdf, 0xb0, 0x0, 0x2, 0xff, 0x50, 0x0,
    0x9, 0xfe, 0x10, 0x0, 0x2, 0xff, 0x50, 0x0,
    0x2f, 0xff, 0xff, 0xff, 0xff, 0xff, 0xff, 0xf3,
    0x2f, 0xff, 0xff, 0xff, 0xff, 0xff, 0xff, 0xf4,
    0x4, 0x44, 0x44, 0x44, 0x46, 0xff, 0x84, 0x40,
    0x0, 0x0, 0x0, 0x0, 0x2, 0xff, 0x50, 0x0,
    0x0, 0x0, 0x0, 0x0, 0x2, 0xff, 0x50, 0x0,
    0x0, 0x0, 0x0, 0x0, 0x2, 0xff, 0x50, 0x0,
    0x0, 0x0, 0x0, 0x0, 0x1, 0xff, 0x30, 0x0,

    /* U+0035 "5" */
    0x1, 0xff, 0xff, 0xff, 0xff, 0xff, 0x10, 0x4,
    0xff, 0xff, 0xff, 0xff, 0xff, 0x20, 0x5, 0xff,
    0x43, 0x33, 0x33, 0x33, 0x0, 0x7, 0xfe, 0x0,
    0x0, 0x0, 0x0, 0x0, 0x9, 0xfd, 0x0, 0x0,
    0x0, 0x0, 0x0, 0xa, 0xfb, 0x0, 0x0, 0x0,
    0x0, 0x0, 0xc, 0xfb, 0xae, 0xff, 0xe9, 0x20,
    0x0, 0xd, 0xff, 0xff, 0xff, 0xff, 0xf6, 0x0,
    0xf, 0xff, 0x92, 0x1, 0x6e, 0xff, 0x40, 0x5,
    0x63, 0x0, 0x0, 0x2, 0xff, 0xc0, 0x0, 0x0,
    0x0, 0x0, 0x0, 0x9f, 0xf1, 0x0, 0x0, 0x0,
    0x0, 0x0, 0x6f, 0xf3, 0x68, 0x40, 0x0, 0x0,
    0x0, 0x7f, 0xf2, 0xbf, 0xf0, 0x0, 0x0, 0x0,
    0xbf, 0xf0, 0x7f, 0xf9, 0x0, 0x0, 0x6, 0xff,
    0xa0, 0xd, 0xff, 0xc6, 0x45, 0xaf, 0xff, 0x20,
    0x2, 0xdf, 0xff, 0xff, 0xff, 0xe4, 0x0, 0x0,
    0x6, 0xbe, 0xfe, 0xc7, 0x10, 0x0,

    /* U+0036 "6" */
    0x0, 0x0, 0x0, 0x1d, 0xfa, 0x0, 0x0, 0x0,
    0x0, 0x0, 0xbf, 0xe1, 0x0, 0x0, 0x0, 0x0,
    0x7, 0xff, 0x30, 0x0, 0x0, 0x0, 0x0, 0x3f,
    0xf4, 0x0, 0x0, 0x0, 0x0, 0x0, 0xdf, 0x60,
    0x0, 0x0, 0x0, 0x0, 0xa, 0xff, 0xff, 0xe9,
    0x20, 0x0, 0x0, 0x6f, 0xff, 0xff, 0xff, 0xf7,
    0x0, 0x2, 0xff, 0xe7, 0x33, 0x7e, 0xff, 0x60,
    0xb, 0xfd, 0x10, 0x0, 0x1, 0xdf, 0xf1, 0x3f,
    0xf4, 0x0, 0x0, 0x0, 0x4f, 0xf6, 0x8f, 0xf0,
    0x0, 0x0, 0x0, 0xf, 0xf9, 0xbf, 0xd0, 0x0,
    0x0, 0x0, 0xe, 0xfa, 0xaf, 0xf0, 0x0, 0x0,
    0x0, 0xf, 0xf8, 0x8f, 0xf4, 0x0, 0x0, 0x0,
    0x5f, 0xf5, 0x2f, 0xfe, 0x20, 0x0, 0x2, 0xef,
    0xe0, 0x8, 0xff, 0xf8, 0x44, 0x8f, 0xff, 0x40,
    0x0, 0x8f, 0xff, 0xff, 0xff, 0xf5, 0x0, 0x0,
    0x3, 0x9d, 0xff, 0xd8, 0x20, 0x0,

    /* U+0037 "7" */
    0x2f, 0xff, 0xff, 0xff, 0xff, 0xff, 0x83, 0xff,
    0xff, 0xff, 0xff, 0xff, 0xfa, 0x4, 0x44, 0x44,
    0x44, 0x47, 0xff, 0x70, 0x0, 0x0, 0x0, 0x0,
    0xaf, 0xf1, 0x0, 0x0, 0x0, 0x0, 0x1f, 0xf9,
    0x0, 0x0, 0x0, 0x0, 0x8, 0xff, 0x20, 0x0,
    0x0, 0x0, 0x0, 0xef, 0xb0, 0x0, 0x0, 0x0,
    0x0, 0x6f, 0xf4, 0x0, 0x0, 0x0, 0x0, 0xd,
    0xfd, 0x0, 0x0, 0x0, 0x0, 0x4, 0xff, 0x60,
    0x0, 0x0, 0x0, 0x0, 0xaf, 0xf0, 0x0, 0x0,
    0x0, 0x0, 0x2f, 0xf9, 0x0, 0x0, 0x0, 0x0,
    0x8, 0xff, 0x20, 0x0, 0x0, 0x0, 0x0, 0xff,
    0xb0, 0x0, 0x0, 0x0, 0x0, 0x6f, 0xf4, 0x0,
    0x0, 0x0, 0x0, 0xd, 0xfd, 0x0, 0x0, 0x0,
    0x0, 0x4, 0xff, 0x60, 0x0, 0x0, 0x0, 0x0,
    0x8f, 0xd0, 0x0, 0x0, 0x0,

    /* U+0038 "8" */
    0x0, 0x2, 0x9d, 0xff, 0xeb, 0x60, 0x0, 0x0,
    0x8, 0xff, 0xff, 0xff, 0xff, 0xe2, 0x0, 0x5,
    0xff, 0xd6, 0x22, 0x49, 0xff, 0xd0, 0x0, 0xcf,
    0xd0, 0x0, 0x0, 0x6, 0xff, 0x40, 0xd, 0xf9,
    0x0, 0x0, 0x0, 0x1f, 0xf5, 0x0, 0xbf, 0xd0,
    0x0, 0x0, 0x6, 0xff, 0x30, 0x4, 0xff, 0xc5,
    0x21, 0x39, 0xff, 0xc0, 0x0, 0x5, 0xff, 0xff,
    0xff, 0xff, 0xb1, 0x0, 0x0, 0x9f, 0xff, 0xff,
    0xff, 0xfe, 0x40, 0x0, 0x9f, 0xfc, 0x41, 0x2,
    0x7f, 0xff, 0x30, 0x2f, 0xfa, 0x0, 0x0, 0x0,
    0x3f, 0xfb, 0x6, 0xff, 0x20, 0x0, 0x0, 0x0,
    0xaf, 0xf0, 0x8f, 0xf0, 0x0, 0x0, 0x0, 0x8,
    0xff, 0x6, 0xff, 0x30, 0x0, 0x0, 0x0, 0xbf,
    0xe0, 0x2f, 0xfc, 0x0, 0x0, 0x0, 0x4f, 0xfa,
    0x0, 0x9f, 0xfd, 0x62, 0x24, 0x9f, 0xff, 0x20,
    0x0, 0x9f, 0xff, 0xff, 0xff, 0xfe, 0x30, 0x0,
    0x0, 0x39, 0xdf, 0xfe, 0xb6, 0x0, 0x0,

    /* U+0039 "9" */
    0x0, 0x0, 0x5b, 0xef, 0xec, 0x60, 0x0, 0x0,
    0x1, 0xcf, 0xff, 0xff, 0xff, 0xd2, 0x0, 0x0,
    0xcf, 0xfc, 0x64, 0x5b, 0xff, 0xe1, 0x0, 0x6f,
    0xf8, 0x0, 0x0, 0x7, 0xff, 0x90, 0xc, 0xfe,
    0x0, 0x0, 0x0, 0xc, 0xfe, 0x0, 0xff, 0xa0,
    0x0, 0x0, 0x0, 0x8f, 0xf1, 0xf, 0xf9, 0x0,
    0x0, 0x0, 0x7, 0xff, 0x10, 0xdf, 0xd0, 0x0,
    0x0, 0x0, 0xbf, 0xe0, 0x8, 0xff, 0x70, 0x0,
    0x0, 0x5f, 0xf8, 0x0, 0xd, 0xff, 0xa4, 0x24,
    0x9f, 0xfe, 0x10, 0x0, 0x2d, 0xff, 0xff, 0xff,
    0xff, 0x50, 0x0, 0x0, 0x7, 0xcf, 0xff, 0xff,
    0xa0, 0x0, 0x0, 0x0, 0x0, 0x0, 0xdf, 0xd0,
    0x0, 0x0, 0x0, 0x0, 0x0, 0xaf, 0xf3, 0x0,
    0x0, 0x0, 0x0, 0x0, 0x6f, 0xf7, 0x0, 0x0,
    0x0, 0x0, 0x0, 0x3f, 0xfb, 0x0, 0x0, 0x0,
    0x0, 0x0, 0xd, 0xfe, 0x10, 0x0, 0x0, 0x0,
    0x0, 0x6, 0xff, 0x30, 0x0, 0x0, 0x0,

    /* U+003A ":" */
    0x0, 0x10, 0x2f, 0xfc, 0x3f, 0xfd, 0x2f, 0xfc,
    0x0, 0x0, 0x0, 0x0, 0x0, 0x0, 0x0, 0x0,
    0x0, 0x0, 0x0, 0x10, 0x2f, 0xfc, 0x3f, 0xfd,
    0x2f, 0xfc,

    /* U+003B ";" */
    0x0, 0x10, 0x0, 0xdf, 0xf2, 0xe, 0xff, 0x30,
    0xcf, 0xf2, 0x0, 0x0, 0x0, 0x0, 0x0, 0x0,
    0x0, 0x0, 0x0, 0x0, 0x0, 0x0, 0x0, 0x1,
    0x10, 0xa, 0xff, 0x0, 0xef, 0xc0, 0xf, 0xf6,
    0x3, 0xff, 0x0, 0x4f, 0x80, 0x0,

    /* U+003C "<" */
    0x0, 0x0, 0x0, 0x0, 0x4, 0xb0, 0x0, 0x0,
    0x0, 0x0, 0x9f, 0xf0, 0x0, 0x0, 0x0, 0x3d,
    0xff, 0xa0, 0x0, 0x0, 0x8, 0xff, 0xf6, 0x0,
    0x0, 0x2, 0xcf, 0xfc, 0x10, 0x0, 0x0, 0x6f,
    0xff, 0x70, 0x0, 0x0, 0xa, 0xff, 0xd2, 0x0,
    0x0, 0x0, 0xf, 0xfc, 0x0, 0x0, 0x0, 0x0,
    0xc, 0xff, 0xb1, 0x0, 0x0, 0x0, 0x0, 0x9f,
    0xfe, 0x40, 0x0, 0x0, 0x0, 0x4, 0xef, 0xf9,
    0x0, 0x0, 0x0, 0x0, 0x1a, 0xff, 0xd3, 0x0,
    0x0, 0x0, 0x0, 0x5f, 0xff, 0x70, 0x0, 0x0,
    0x0, 0x2, 0xcf, 0xf0, 0x0, 0x0, 0x0, 0x0,
    0x7, 0xe0,

    /* U+003D "=" */
    0x1f, 0xff, 0xff, 0xff, 0xff, 0xfd, 0x1f, 0xff,
    0xff, 0xff, 0xff, 0xfe, 0x1, 0x11, 0x11, 0x11,
    0x11, 0x10, 0x0, 0x0, 0x0, 0x0, 0x0, 0x0,
    0x0, 0x0, 0x0, 0x0, 0x0, 0x0, 0x0, 0x0,
    0x0, 0x0, 0x0, 0x0, 0x0, 0x11, 0x11, 0x11,
    0x11, 0x10, 0x1f, 0xff, 0xff, 0xff, 0xff, 0xfe,
    0x1f, 0xff, 0xff, 0xff, 0xff, 0xfd,

    /* U+003E ">" */
    0x2b, 0x20, 0x0, 0x0, 0x0, 0x3, 0xff, 0x70,
    0x0, 0x0, 0x0, 0xd, 0xff, 0xb1, 0x0, 0x0,
    0x0, 0x8, 0xff, 0xe5, 0x0, 0x0, 0x0, 0x4,
    0xef, 0xfa, 0x10, 0x0, 0x0, 0x0, 0xaf, 0xfe,
    0x40, 0x0, 0x0, 0x0, 0x5e, 0xff, 0x60, 0x0,
    0x0, 0x0, 0x1e, 0xfd, 0x0, 0x0, 0x0, 0x2d,
    0xff, 0x80, 0x0, 0x0, 0x7f, 0xff, 0x70, 0x0,
    0x1, 0xbf, 0xfd, 0x20, 0x0, 0x5, 0xff, 0xf8,
    0x0, 0x0, 0xa, 0xff, 0xe3, 0x0, 0x0, 0x3,
    0xff, 0xa0, 0x0, 0x0, 0x0, 0x2e, 0x50, 0x0,
    0x0, 0x0, 0x0,

    /* U+003F "?" */
    0x0, 0x1, 0x8d, 0xff, 0xea, 0x30, 0x0, 0x5,
    0xff, 0xff, 0xff, 0xff, 0x70, 0x3, 0xff, 0xe8,
    0x44, 0x8f, 0xff, 0x40, 0xcf, 0xf2, 0x0, 0x0,
    0x2f, 0xfb, 0xf, 0xf9, 0x0, 0x0, 0x0, 0xbf,
    0xd0, 0xbc, 0x20, 0x0, 0x0, 0xd, 0xfb, 0x0,
    0x0, 0x0, 0x0, 0x7, 0xff, 0x50, 0x0, 0x0,
    0x0, 0x5, 0xff, 0xa0, 0x0, 0x0, 0x0, 0x5,
    0xff, 0xc0, 0x0, 0x0, 0x0, 0x2, 0xff, 0xd0,
    0x0, 0x0, 0x0, 0x0, 0xcf, 0xf2, 0x0, 0x0,
    0x0, 0x0, 0x1f, 0xf9, 0x0, 0x0, 0x0, 0x0,
    0x3, 0xff, 0x60, 0x0, 0x0, 0x0, 0x0, 0x1b,
    0xb2, 0x0, 0x0, 0x0, 0x0, 0x0, 0x0, 0x0,
    0x0, 0x0, 0x0, 0x0, 0x4d, 0xd4, 0x0, 0x0,
    0x0, 0x0, 0x7, 0xff, 0x60, 0x0, 0x0, 0x0,
    0x0, 0x6f, 0xf5, 0x0, 0x0,

    /* U+0040 "@" */
    0x0, 0x0, 0x1, 0x6a, 0xbc, 0xcb, 0x84, 0x0,
    0x0, 0x0, 0x0, 0x0, 0x8f, 0xff, 0xff, 0xff,
    0xff, 0xe6, 0x0, 0x0, 0x0, 0xc, 0xff, 0x94,
    0x10, 0x2, 0x5a, 0xff, 0xa0, 0x0, 0x0, 0xaf,
    0xc2, 0x0, 0x0, 0x0, 0x0, 0x3e, 0xf8, 0x0,
    0x4, 0xfe, 0x10, 0x0, 0x0, 0x0, 0x0, 0x3,
    0xff, 0x10, 0xc, 0xf5, 0x0, 0x6, 0xbc, 0xa1,
    0xc9, 0x0, 0x9f, 0x70, 0x1f, 0xe0, 0x0, 0xaf,
    0xff, 0xfe, 0xfd, 0x0, 0x3f, 0xc0, 0x4f, 0xa0,
    0x5, 0xfe, 0x30, 0x4e, 0xfd, 0x0, 0xf, 0xe0,
    0x7f, 0x70, 0xa, 0xf5, 0x0, 0x6, 0xfd, 0x0,
    0xe, 0xf0, 0x8f, 0x60, 0xd, 0xf1, 0x0, 0x2,
    0xfd, 0x0, 0xd, 0xf1, 0x8f, 0x60, 0xe, 0xf0,
    0x0, 0x1, 0xfd, 0x0, 0xd, 0xf1, 0x8f, 0x60,
    0xd, 0xf1, 0x0, 0x2, 0xfd, 0x0, 0xd, 0xf0,
    0x7f, 0x70, 0xb, 0xf4, 0x0, 0x5, 0xff, 0x0,
    0xf, 0xe0, 0x5f, 0x90, 0x6, 0xfd, 0x10, 0x1d,
    0xff, 0x70, 0x8f, 0xb0, 0x2f, 0xd0, 0x0, 0xcf,
    0xfe, 0xff, 0x9f, 0xff, 0xff, 0x30, 0xd, 0xf3,
    0x0, 0x9, 0xef, 0xd6, 0x2, 0xad, 0xb3, 0x0,
    0x6, 0xfc, 0x0, 0x0, 0x0, 0x0, 0x0, 0x0,
    0x0, 0x0, 0x0, 0xdf, 0xa0, 0x0, 0x0, 0x0,
    0x0, 0x1b, 0xe6, 0x0, 0x0, 0x2e, 0xfd, 0x61,
    0x0, 0x0, 0x27, 0xef, 0xd1, 0x0, 0x0, 0x1,
    0xbf, 0xff, 0xed, 0xef, 0xff, 0xf9, 0x0, 0x0,
    0x0, 0x0, 0x3, 0x8c, 0xef, 0xfe, 0xb7, 0x20,
    0x0, 0x0,

    /* U+0041 "A" */
    0x0, 0x0, 0x0, 0xd, 0xff, 0x50, 0x0, 0x0,
    0x0, 0x0, 0x0, 0x5, 0xff, 0xfc, 0x0, 0x0,
    0x0, 0x0, 0x0, 0x0, 0xcf, 0xef, 0xf2, 0x0,
    0x0, 0x0, 0x0, 0x0, 0x2f, 0xf5, 0xef, 0x80,
    0x0, 0x0, 0x0, 0x0, 0x8, 0xfe, 0x8, 0xfe,
    0x0, 0x0, 0x0, 0x0, 0x0, 0xef, 0x90, 0x2f,
    0xf5, 0x0, 0x0, 0x0, 0x0, 0x4f, 0xf3, 0x0,
    0xcf, 0xb0, 0x0, 0x0, 0x0, 0xb, 0xfd, 0x0,
    0x6, 0xff, 0x10, 0x0, 0x0, 0x1, 0xff, 0x70,
    0x0, 0xf, 0xf7, 0x0, 0x0, 0x0, 0x7f, 0xf1,
    0x0, 0x0, 0xaf, 0xd0, 0x0, 0x0, 0xd, 0xfa,
    0x0, 0x0, 0x4, 0xff, 0x40, 0x0, 0x3, 0xff,
    0x84, 0x44, 0x44, 0x4f, 0xfa, 0x0, 0x0, 0xaf,
    0xff, 0xff, 0xff, 0xff, 0xff, 0xf1, 0x0, 0xf,
    0xff, 0xff, 0xff, 0xff, 0xff, 0xff, 0x60, 0x6,
    0xff, 0x30, 0x0, 0x0, 0x0, 0xd, 0xfc, 0x0,
    0xcf, 0xd0, 0x0, 0x0, 0x0, 0x0, 0x6f, 0xf2,
    0x2f, 0xf7, 0x0, 0x0, 0x0, 0x0, 0x1, 0xff,
    0x96, 0xfe, 0x10, 0x0, 0x0, 0x0, 0x0, 0x9,
    0xfc,

    /* U+0042 "B" */
    0xaf, 0xff, 0xff, 0xff, 0xfd, 0x93, 0x0, 0xbf,
    0xff, 0xff, 0xff, 0xff, 0xff, 0x60, 0xbf, 0xd2,
    0x22, 0x22, 0x37, 0xff, 0xf2, 0xbf, 0xd0, 0x0,
    0x0, 0x0, 0x5f, 0xf7, 0xbf, 0xd0, 0x0, 0x0,
    0x0, 0x1f, 0xf8, 0xbf, 0xd0, 0x0, 0x0, 0x0,
    0x4f, 0xf6, 0xbf, 0xd0, 0x0, 0x0, 0x16, 0xef,
    0xd0, 0xbf, 0xff, 0xff, 0xff, 0xff, 0xfd, 0x20,
    0xbf, 0xff, 0xff, 0xff, 0xff, 0xfd, 0x30, 0xbf,
    0xd1, 0x11, 0x11, 0x37, 0xff, 0xe1, 0xbf, 0xd0,
    0x0, 0x0, 0x0, 0x5f, 0xf8, 0xbf, 0xd0, 0x0,
    0x0, 0x0, 0xd, 0xfc, 0xbf, 0xd0, 0x0, 0x0,
    0x0, 0xb, 0xfe, 0xbf, 0xd0, 0x0, 0x0, 0x0,
    0xd, 0xfd, 0xbf, 0xd0, 0x0, 0x0, 0x0, 0x5f,
    0xf8, 0xbf, 0xd2, 0x22, 0x22, 0x38, 0xff, 0xf2,
    0xbf, 0xff, 0xff, 0xff, 0xff, 0xff, 0x50, 0xaf,
    0xff, 0xff, 0xff, 0xfd, 0x92, 0x0,

    /* U+0043 "C" */
    0x0, 0x0, 0x6b, 0xdf, 0xfd, 0xa4, 0x0, 0x0,
    0x0, 0x2d, 0xff, 0xff, 0xff, 0xff, 0xb1, 0x0,
    0x1, 0xef, 0xfb, 0x64, 0x57, 0xdf, 0xfd, 0x0,
    0x9, 0xff, 0x60, 0x0, 0x0, 0x9, 0xff, 0x80,
    0xf, 0xfb, 0x0, 0x0, 0x0, 0x0, 0xef, 0xe0,
    0x3f, 0xf5, 0x0, 0x0, 0x0, 0x0, 0x8f, 0xf0,
    0x5f, 0xf3, 0x0, 0x0, 0x0, 0x0, 0x2, 0x10,
    0x6f, 0xf3, 0x0, 0x0, 0x0, 0x0, 0x0, 0x0,
    0x6f, 0xf3, 0x0, 0x0, 0x0, 0x0, 0x0, 0x0,
    0x6f, 0xf3, 0x0, 0x0, 0x0, 0x0, 0x0, 0x0,
    0x6f, 0xf3, 0x0, 0x0, 0x0, 0x0, 0x0, 0x0,
    0x5f, 0xf3, 0x0, 0x0, 0x0, 0x0, 0x2, 0x10,
    0x3f, 0xf5, 0x0, 0x0, 0x0, 0x0, 0x8f, 0xf0,
    0xf, 0xfb, 0x0, 0x0, 0x0, 0x0, 0xef, 0xe0,
    0xa, 0xff, 0x60, 0x0, 0x0, 0x9, 0xff, 0x80,
    0x1, 0xef, 0xfb, 0x64, 0x57, 0xdf, 0xfd, 0x0,
    0x0, 0x2d, 0xff, 0xff, 0xff, 0xff, 0xb1, 0x0,
    0x0, 0x0, 0x6b, 0xef, 0xfd, 0xa4, 0x0, 0x0,

    /* U+0044 "D" */
    0xaf, 0xff, 0xff, 0xff, 0xeb, 0x60, 0x0, 0xb,
    0xff, 0xff, 0xff, 0xff, 0xff, 0xd3, 0x0, 0xbf,
    0xd3, 0x33, 0x34, 0x7c, 0xff, 0xe1, 0xb, 0xfd,
    0x0, 0x0, 0x0, 0x8, 0xff, 0x90, 0xbf, 0xd0,
    0x0, 0x0, 0x0, 0xd, 0xfe, 0xb, 0xfd, 0x0,
    0x0, 0x0, 0x0, 0x8f, 0xf1, 0xbf, 0xd0, 0x0,
    0x0, 0x0, 0x6, 0xff, 0x3b, 0xfd, 0x0, 0x0,
    0x0, 0x0, 0x4f, 0xf4, 0xbf, 0xd0, 0x0, 0x0,
    0x0, 0x4, 0xff, 0x4b, 0xfd, 0x0, 0x0, 0x0,
    0x0, 0x4f, 0xf4, 0xbf, 0xd0, 0x0, 0x0, 0x0,
    0x4, 0xff, 0x4b, 0xfd, 0x0, 0x0, 0x0, 0x0,
    0x6f, 0xf3, 0xbf, 0xd0, 0x0, 0x0, 0x0, 0x7,
    0xff, 0x1b, 0xfd, 0x0, 0x0, 0x0, 0x0, 0xcf,
    0xe0, 0xbf, 0xd0, 0x0, 0x0, 0x0, 0x6f, 0xf9,
    0xb, 0xfd, 0x44, 0x44, 0x46, 0xbf, 0xff, 0x10,
    0xbf, 0xff, 0xff, 0xff, 0xff, 0xfe, 0x40, 0xa,
    0xff, 0xff, 0xff, 0xfe, 0xc7, 0x10, 0x0,

    /* U+0045 "E" */
    0xaf, 0xff, 0xff, 0xff, 0xff, 0xff, 0x2b, 0xff,
    0xff, 0xff, 0xff, 0xff, 0xf2, 0xbf, 0xd3, 0x33,
    0x33, 0x33, 0x33, 0xb, 0xfc, 0x0, 0x0, 0x0,
    0x0, 0x0, 0xbf, 0xc0, 0x0, 0x0, 0x0, 0x0,
    0xb, 0xfc, 0x0, 0x0, 0x0, 0x0, 0x0, 0xbf,
    0xc0, 0x0, 0x0, 0x0, 0x0, 0xb, 0xfd, 0x33,
    0x33, 0x33, 0x33, 0x10, 0xbf, 0xff, 0xff, 0xff,
    0xff, 0xf9, 0xb, 0xff, 0xff, 0xff, 0xff, 0xff,
    0x80, 0xbf, 0xc0, 0x0, 0x0, 0x0, 0x0, 0xb,
    0xfc, 0x0, 0x0, 0x0, 0x0, 0x0, 0xbf, 0xc0,
    0x0, 0x0, 0x0, 0x0, 0xb, 0xfc, 0x0, 0x0,
    0x0, 0x0, 0x0, 0xbf, 0xc0, 0x0, 0x0, 0x0,
    0x0, 0xb, 0xfd, 0x44, 0x44, 0x44, 0x44, 0x30,
    0xbf, 0xff, 0xff, 0xff, 0xff, 0xff, 0x6a, 0xff,
    0xff, 0xff, 0xff, 0xff, 0xf5,

    /* U+0046 "F" */
    0xaf, 0xff, 0xff, 0xff, 0xff, 0xff, 0xb, 0xff,
    0xff, 0xff, 0xff, 0xff, 0xf1, 0xbf, 0xd4, 0x44,
    0x44, 0x44, 0x43, 0xb, 0xfc, 0x0, 0x0, 0x0,
    0x0, 0x0, 0xbf, 0xc0, 0x0, 0x0, 0x0, 0x0,
    0xb, 0xfc, 0x0, 0x0, 0x0, 0x0, 0x0, 0xbf,
    0xc0, 0x0, 0x0, 0x0, 0x0, 0xb, 0xfc, 0x0,
    0x0, 0x0, 0x0, 0x0, 0xbf, 0xff, 0xff, 0xff,
    0xff, 0xf7, 0xb, 0xff, 0xff, 0xff, 0xff, 0xff,
    0x80, 0xbf, 0xd4, 0x44, 0x44, 0x44, 0x41, 0xb,
    0xfc, 0x0, 0x0, 0x0, 0x0, 0x0, 0xbf, 0xc0,
    0x0, 0x0, 0x0, 0x0, 0xb, 0xfc, 0x0, 0x0,
    0x0, 0x0, 0x0, 0xbf, 0xc0, 0x0, 0x0, 0x0,
    0x0, 0xb, 0xfc, 0x0, 0x0, 0x0, 0x0, 0x0,
    0xbf, 0xc0, 0x0, 0x0, 0x0, 0x0, 0xa, 0xfa,
    0x0, 0x0, 0x0, 0x0, 0x0,

    /* U+0047 "G" */
    0x0, 0x0, 0x5b, 0xdf, 0xfd, 0xa5, 0x0, 0x0,
    0x0, 0x2d, 0xff, 0xff, 0xff, 0xff, 0xc2, 0x0,
    0x1, 0xef, 0xfb, 0x64, 0x47, 0xcf, 0xfe, 0x10,
    0xa, 0xff, 0x60, 0x0, 0x0, 0x8, 0xff, 0xa0,
    0xf, 0xfb, 0x0, 0x0, 0x0, 0x0, 0xcf, 0xf0,
    0x3f, 0xf5, 0x0, 0x0, 0x0, 0x0, 0x2, 0x20,
    0x6f, 0xf3, 0x0, 0x0, 0x0, 0x0, 0x0, 0x0,
    0x6f, 0xf3, 0x0, 0x0, 0x1, 0x11, 0x11, 0x10,
    0x6f, 0xf3, 0x0, 0x0, 0xcf, 0xff, 0xff, 0xf3,
    0x6f, 0xf3, 0x0, 0x0, 0xbf, 0xff, 0xff, 0xf4,
    0x6f, 0xf3, 0x0, 0x0, 0x0, 0x0, 0x5f, 0xf4,
    0x5f, 0xf3, 0x0, 0x0, 0x0, 0x0, 0x6f, 0xf3,
    0x3f, 0xf6, 0x0, 0x0, 0x0, 0x0, 0x8f, 0xf1,
    0xf, 0xfb, 0x0, 0x0, 0x0, 0x0, 0xdf, 0xd0,
    0x9, 0xff, 0x60, 0x0, 0x0, 0xa, 0xff, 0x60,
    0x1, 0xef, 0xfb, 0x64, 0x47, 0xdf, 0xfb, 0x0,
    0x0, 0x2d, 0xff, 0xff, 0xff, 0xff, 0xa1, 0x0,
    0x0, 0x0, 0x5b, 0xdf, 0xfd, 0x94, 0x0, 0x0,

    /* U+0048 "H" */
    0xaf, 0xb0, 0x0, 0x0, 0x0, 0x2, 0xff, 0x3b,
    0xfd, 0x0, 0x0, 0x0, 0x0, 0x4f, 0xf4, 0xbf,
    0xd0, 0x0, 0x0, 0x0, 0x4, 0xff, 0x4b, 0xfd,
    0x0, 0x0, 0x0, 0x0, 0x4f, 0xf4, 0xbf, 0xd0,
    0x0, 0x0, 0x0, 0x4, 0xff, 0x4b, 0xfd, 0x0,
    0x0, 0x0, 0x0, 0x4f, 0xf4, 0xbf, 0xd0, 0x0,
    0x0, 0x0, 0x4, 0xff, 0x4b, 0xfe, 0x66, 0x66,
    0x66, 0x66, 0x8f, 0xf4, 0xbf, 0xff, 0xff, 0xff,
    0xff, 0xff, 0xff, 0x4b, 0xff, 0xff, 0xff, 0xff,
    0xff, 0xff, 0xf4, 0xbf, 0xd0, 0x0, 0x0, 0x0,
    0x4, 0xff, 0x4b, 0xfd, 0x0, 0x0, 0x0, 0x0,
    0x4f, 0xf4, 0xbf, 0xd0, 0x0, 0x0, 0x0, 0x4,
    0xff, 0x4b, 0xfd, 0x0, 0x0, 0x0, 0x0, 0x4f,
    0xf4, 0xbf, 0xd0, 0x0, 0x0, 0x0, 0x4, 0xff,
    0x4b, 0xfd, 0x0, 0x0, 0x0, 0x0, 0x4f, 0xf4,
    0xbf, 0xd0, 0x0, 0x0, 0x0, 0x4, 0xff, 0x4a,
    0xfb, 0x0, 0x0, 0x0, 0x0, 0x2f, 0xf3,

    /* U+0049 "I" */
    0xaf, 0xbb, 0xfd, 0xbf, 0xdb, 0xfd, 0xbf, 0xdb,
    0xfd, 0xbf, 0xdb, 0xfd, 0xbf, 0xdb, 0xfd, 0xbf,
    0xdb, 0xfd, 0xbf, 0xdb, 0xfd, 0xbf, 0xdb, 0xfd,
    0xbf, 0xda, 0xfb,

    /* U+004A "J" */
    0x0, 0xef, 0xff, 0xff, 0xff, 0xff, 0xff, 0x40,
    0xf, 0xff, 0xff, 0xff, 0xff, 0xff, 0xf6, 0x0,
    0x34, 0x44, 0x44, 0x44, 0x47, 0xff, 0x60, 0x0,
    0x0, 0x0, 0x0, 0x0, 0x3f, 0xf6, 0x0, 0x0,
    0x0, 0x0, 0x0, 0x3, 0xff, 0x60, 0x0, 0x0,
    0x0, 0x0, 0x0, 0x3f, 0xf6, 0x0, 0x0, 0x0,
    0x0, 0x0, 0x3, 0xff, 0x60, 0x0, 0x0, 0x0,
    0x0, 0x0, 0x3f, 0xf6, 0x0, 0x0, 0x0, 0x0,
    0x0, 0x3, 0xff, 0x60, 0x0, 0x0, 0x0, 0x0,
    0x0, 0x3f, 0xf6, 0x0, 0x0, 0x0, 0x0, 0x0,
    0x3, 0xff, 0x60, 0x0, 0x0, 0x0, 0x0, 0x0,
    0x3f, 0xf5, 0xe, 0xf8, 0x0, 0x0, 0x0, 0x5,
    0xff, 0x30, 0xef, 0xd0, 0x0, 0x0, 0x0, 0xaf,
    0xf1, 0x9, 0xff, 0x70, 0x0, 0x0, 0x5f, 0xfa,
    0x0, 0x1f, 0xff, 0xb6, 0x45, 0x9f, 0xff, 0x20,
    0x0, 0x3e, 0xff, 0xff, 0xff, 0xfe, 0x30, 0x0,
    0x0, 0x6, 0xbe, 0xfe, 0xc7, 0x10, 0x0,

    /* U+004B "K" */
    0xaf, 0xa0, 0x0, 0x0, 0x6, 0xef, 0x80, 0xbf,
    0xc0, 0x0, 0x0, 0x6f, 0xfc, 0x10, 0xbf, 0xc0,
    0x0, 0x7, 0xff, 0xc1, 0x0, 0xbf, 0xc0, 0x0,
    0x8f, 0xfc, 0x0, 0x0, 0xbf, 0xc0, 0x9, 0xff,
    0xb0, 0x0, 0x0, 0xbf, 0xc0, 0xaf, 0xfb, 0x0,
    0x0, 0x0, 0xbf, 0xca, 0xff, 0xa0, 0x0, 0x0,
    0x0, 0xbf, 0xff, 0xfa, 0x0, 0x0, 0x0, 0x0,
    0xbf, 0xff, 0xc0, 0x0, 0x0, 0x0, 0x0, 0xbf,
    0xff, 0xf6, 0x0, 0x0, 0x0, 0x0, 0xbf, 0xee,
    0xff, 0x60, 0x0, 0x0, 0x0, 0xbf, 0xc2, 0xef,
    0xf6, 0x0, 0x0, 0x0, 0xbf, 0xc0, 0x2d, 0xff,
    0x70, 0x0, 0x0, 0xbf, 0xc0, 0x1, 0xdf, 0xf7,
    0x0, 0x0, 0xbf, 0xc0, 0x0, 0x1d, 0xff, 0x70,
    0x0, 0xbf, 0xc0, 0x0, 0x1, 0xdf, 0xf7, 0x0,
    0xbf, 0xc0, 0x0, 0x0, 0x1c, 0xff, 0x70, 0xaf,
    0xa0, 0x0, 0x0, 0x1, 0xbf, 0xf1,

    /* U+004C "L" */
    0xaf, 0xb0, 0x0, 0x0, 0x0, 0x0, 0xb, 0xfd,
    0x0, 0x0, 0x0, 0x0, 0x0, 0xbf, 0xd0, 0x0,
    0x0, 0x0, 0x0, 0xb, 0xfd, 0x0, 0x0, 0x0,
    0x0, 0x0, 0xbf, 0xd0, 0x0, 0x0, 0x0, 0x0,
    0xb, 0xfd, 0x0, 0x0, 0x0, 0x0, 0x0, 0xbf,
    0xd0, 0x0, 0x0, 0x0, 0x0, 0xb, 0xfd, 0x0,
    0x0, 0x0, 0x0, 0x0, 0xbf, 0xd0, 0x0, 0x0,
    0x0, 0x0, 0xb, 0xfd, 0x0, 0x0, 0x0, 0x0,
    0x0, 0xbf, 0xd0, 0x0, 0x0, 0x0, 0x0, 0xb,
    0xfd, 0x0, 0x0, 0x0, 0x0, 0x0, 0xbf, 0xd0,
    0x0, 0x0, 0x0, 0x0, 0xb, 0xfd, 0x0, 0x0,
    0x0, 0x0, 0x0, 0xbf, 0xd0, 0x0, 0x0, 0x0,
    0x0, 0xb, 0xfe, 0x44, 0x44, 0x44, 0x44, 0x30,
    0xbf, 0xff, 0xff, 0xff, 0xff, 0xff, 0x1a, 0xff,
    0xff, 0xff, 0xff, 0xff, 0xf0,

    /* U+004D "M" */
    0xaf, 0xd0, 0x0, 0x0, 0x0, 0x0, 0x3, 0xff,
    0x4b, 0xff, 0x60, 0x0, 0x0, 0x0, 0x0, 0xbf,
    0xf6, 0xbf, 0xfe, 0x0, 0x0, 0x0, 0x0, 0x4f,
    0xff, 0x6b, 0xff, 0xf7, 0x0, 0x0, 0x0, 0xc,
    0xff, 0xf6, 0xbf, 0xff, 0xe1, 0x0, 0x0, 0x5,
    0xff, 0xff, 0x6b, 0xfc, 0xdf, 0x80, 0x0, 0x0,
    0xdf, 0x9f, 0xf6, 0xbf, 0xb5, 0xff, 0x10, 0x0,
    0x6f, 0xe2, 0xff, 0x6b, 0xfb, 0xd, 0xf9, 0x0,
    0xe, 0xf7, 0x1f, 0xf6, 0xbf, 0xb0, 0x5f, 0xf2,
    0x7, 0xfe, 0x1, 0xff, 0x6b, 0xfb, 0x0, 0xcf,
    0xa0, 0xef, 0x70, 0x1f, 0xf6, 0xbf, 0xb0, 0x4,
    0xff, 0xaf, 0xe0, 0x1, 0xff, 0x6b, 0xfb, 0x0,
    0xc, 0xff, 0xf6, 0x0, 0x1f, 0xf6, 0xbf, 0xb0,
    0x0, 0x3f, 0xfd, 0x0, 0x1, 0xff, 0x6b, 0xfb,
    0x0, 0x0, 0x7a, 0x40, 0x0, 0x1f, 0xf6, 0xbf,
    0xb0, 0x0, 0x0, 0x0, 0x0, 0x1, 0xff, 0x6b,
    0xfb, 0x0, 0x0, 0x0, 0x0, 0x0, 0x1f, 0xf6,
    0xbf, 0xb0, 0x0, 0x0, 0x0, 0x0, 0x1, 0xff,
    0x6a, 0xfa, 0x0, 0x0, 0x0, 0x0, 0x0, 0xf,
    0xf5,

    /* U+004E "N" */
    0xaf, 0xc0, 0x0, 0x0, 0x0, 0x8, 0xfb, 0xbf,
    0xf7, 0x0, 0x0, 0x0, 0xa, 0xfd, 0xbf, 0xff,
    0x20, 0x0, 0x0, 0xa, 0xfd, 0xbf, 0xff, 0xc0,
    0x0, 0x0, 0xa, 0xfd, 0xbf, 0xff, 0xf7, 0x0,
    0x0, 0xa, 0xfd, 0xbf, 0xbb, 0xff, 0x20, 0x0,
    0xa, 0xfd, 0xbf, 0xb1, 0xff, 0xb0, 0x0, 0xa,
    0xfd, 0xbf, 0xb0, 0x6f, 0xf6, 0x0, 0xa, 0xfd,
    0xbf, 0xb0, 0xb, 0xff, 0x10, 0xa, 0xfd, 0xbf,
    0xb0, 0x1, 0xff, 0xb0, 0xa, 0xfd, 0xbf, 0xb0,
    0x0, 0x6f, 0xf6, 0xa, 0xfd, 0xbf, 0xb0, 0x0,
    0xb, 0xff, 0x1a, 0xfd, 0xbf, 0xb0, 0x0, 0x1,
    0xff, 0xba, 0xfd, 0xbf, 0xb0, 0x0, 0x0, 0x6f,
    0xfe, 0xfd, 0xbf, 0xb0, 0x0, 0x0, 0xb, 0xff,
    0xfd, 0xbf, 0xb0, 0x0, 0x0, 0x2, 0xff, 0xfd,
    0xbf, 0xb0, 0x0, 0x0, 0x0, 0x6f, 0xfd, 0xaf,
    0xa0, 0x0, 0x0, 0x0, 0xb, 0xfb,

    /* U+004F "O" */
    0x0, 0x0, 0x5b, 0xdf, 0xed, 0x93, 0x0, 0x0,
    0x0, 0x2d, 0xff, 0xff, 0xff, 0xff, 0x90, 0x0,
    0x1, 0xef, 0xfc, 0x64, 0x48, 0xef, 0xf9, 0x0,
    0x9, 0xff, 0x80, 0x0, 0x0, 0x1d, 0xff, 0x30,
    0xf, 0xfc, 0x0, 0x0, 0x0, 0x2, 0xff, 0x90,
    0x3f, 0xf6, 0x0, 0x0, 0x0, 0x0, 0xcf, 0xd0,
    0x5f, 0xf4, 0x0, 0x0, 0x0, 0x0, 0xaf, 0xf0,
    0x6f, 0xf2, 0x0, 0x0, 0x0, 0x0, 0x9f, 0xf0,
    0x6f, 0xf2, 0x0, 0x0, 0x0, 0x0, 0x8f, 0xf0,
    0x6f, 0xf2, 0x0, 0x0, 0x0, 0x0, 0x8f, 0xf0,
    0x6f, 0xf2, 0x0, 0x0, 0x0, 0x0, 0x9f, 0xf0,
    0x5f, 0xf3, 0x0, 0x0, 0x0, 0x0, 0xaf, 0xf0,
    0x3f, 0xf6, 0x0, 0x0, 0x0, 0x0, 0xcf, 0xd0,
    0xf, 0xfc, 0x0, 0x0, 0x0, 0x2, 0xff, 0xa0,
    0xa, 0xff, 0x70, 0x0, 0x0, 0x1c, 0xff, 0x30,
    0x2, 0xef, 0xfc, 0x64, 0x48, 0xef, 0xfa, 0x0,
    0x0, 0x3e, 0xff, 0xff, 0xff, 0xff, 0xa0, 0x0,
    0x0, 0x0, 0x6b, 0xef, 0xfd, 0x94, 0x0, 0x0,

    /* U+0050 "P" */
    0xaf, 0xff, 0xff, 0xff, 0xec, 0x70, 0x0, 0xbf,
    0xff, 0xff, 0xff, 0xff, 0xfe, 0x30, 0xbf, 0xe3,
    0x33, 0x33, 0x5a, 0xff, 0xe1, 0xbf, 0xd0, 0x0,
    0x0, 0x0, 0x7f, 0xf7, 0xbf, 0xd0, 0x0, 0x0,
    0x0, 0xf, 0xfa, 0xbf, 0xd0, 0x0, 0x0, 0x0,
    0xd, 0xfc, 0xbf, 0xd0, 0x0, 0x0, 0x0, 0xf,
    0xfa, 0xbf, 0xd0, 0x0, 0x0, 0x0, 0x7f, 0xf7,
    0xbf, 0xe3, 0x33, 0x33, 0x5a, 0xff, 0xe1, 0xbf,
    0xff, 0xff, 0xff, 0xff, 0xfe, 0x30, 0xbf, 0xff,
    0xff, 0xff, 0xec, 0x70, 0x0, 0xbf, 0xd0, 0x0,
    0x0, 0x0, 0x0, 0x0, 0xbf, 0xd0, 0x0, 0x0,
    0x0, 0x0, 0x0, 0xbf, 0xd0, 0x0, 0x0, 0x0,
    0x0, 0x0, 0xbf, 0xd0, 0x0, 0x0, 0x0, 0x0,
    0x0, 0xbf, 0xd0, 0x0, 0x0, 0x0, 0x0, 0x0,
    0xbf, 0xd0, 0x0, 0x0, 0x0, 0x0, 0x0, 0xaf,
    0xc0, 0x0, 0x0, 0x0, 0x0, 0x0,

    /* U+0051 "Q" */
    0x0, 0x0, 0x5b, 0xdf, 0xed, 0x93, 0x0, 0x0,
    0x0, 0x2d, 0xff, 0xff, 0xff, 0xff, 0x90, 0x0,
    0x1, 0xef, 0xfc, 0x64, 0x48, 0xef, 0xf9, 0x0,
    0x9, 0xff, 0x80, 0x0, 0x0, 0x1d, 0xff, 0x30,
    0xf, 0xfc, 0x0, 0x0, 0x0, 0x2, 0xff, 0x90,
    0x3f, 0xf6, 0x0, 0x0, 0x0, 0x0, 0xcf, 0xd0,
    0x5f, 0xf4, 0x0, 0x0, 0x0, 0x0, 0xaf, 0xf0,
    0x6f, 0xf2, 0x0, 0x0, 0x0, 0x0, 0x9f, 0xf0,
    0x6f, 0xf2, 0x0, 0x0, 0x0, 0x0, 0x8f, 0xf0,
    0x6f, 0xf2, 0x0, 0x0, 0x0, 0x0, 0x8f, 0xf0,
    0x6f, 0xf2, 0x0, 0x0, 0x0, 0x0, 0x9f, 0xf0,
    0x5f, 0xf3, 0x0, 0x0, 0x0, 0x0, 0xaf, 0xe0,
    0x3f, 0xf6, 0x0, 0x0, 0x0, 0x0, 0xcf, 0xd0,
    0x1f, 0xfc, 0x0, 0x0, 0x0, 0x2, 0xff, 0x90,
    0xa, 0xff, 0x70, 0x0, 0x0, 0x1c, 0xff, 0x30,
    0x2, 0xef, 0xfc, 0x64, 0x48, 0xef, 0xfa, 0x0,
    0x0, 0x3e, 0xff, 0xff, 0xff, 0xff, 0xf6, 0x0,
    0x0, 0x0, 0x6b, 0xef, 0xed, 0x8d, 0xfe, 0x10,
    0x0, 0x0, 0x0, 0x0, 0x0, 0x2, 0xff, 0xb0,
    0x0, 0x0, 0x0, 0x0, 0x0, 0x0, 0x38, 0x60,

    /* U+0052 "R" */
    0xaf, 0xff, 0xff, 0xff, 0xeb, 0x60, 0x0, 0xbf,
    0xff, 0xff, 0xff, 0xff, 0xfe, 0x20, 0xbf, 0xd3,
    0x33, 0x33, 0x5a, 0xff, 0xd0, 0xbf, 0xd0, 0x0,
    0x0, 0x0, 0x9f, 0xf5, 0xbf, 0xd0, 0x0, 0x0,
    0x0, 0x2f, 0xf8, 0xbf, 0xd0, 0x0, 0x0, 0x0,
    0x1f, 0xf8, 0xbf, 0xd0, 0x0, 0x0, 0x0, 0x6f,
    0xf5, 0xbf, 0xd0, 0x0, 0x0, 0x27, 0xff, 0xe0,
    0xbf, 0xff, 0xff, 0xff, 0xff, 0xfe, 0x40, 0xbf,
    0xff, 0xff, 0xff, 0xff, 0x82, 0x0, 0xbf, 0xd4,
    0x44, 0x49, 0xff, 0x30, 0x0, 0xbf, 0xd0, 0x0,
    0x0, 0xef, 0xc0, 0x0, 0xbf, 0xd0, 0x0, 0x0,
    0x6f, 0xf5, 0x0, 0xbf, 0xd0, 0x0, 0x0, 0xd,
    0xfd, 0x0, 0xbf, 0xd0, 0x0, 0x0, 0x5, 0xff,
    0x60, 0xbf, 0xd0, 0x0, 0x0, 0x0, 0xcf, 0xe0,
    0xbf, 0xd0, 0x0, 0x0, 0x0, 0x4f, 0xf8, 0xaf,
    0xb0, 0x0, 0x0, 0x0, 0xa, 0xfd,

    /* U+0053 "S" */
    0x0, 0x5, 0xad, 0xff, 0xda, 0x40, 0x0, 0x0,
    0xc, 0xff, 0xff, 0xff, 0xff, 0xa0, 0x0, 0xb,
    0xff, 0xc6, 0x44, 0x7d, 0xff, 0xa0, 0x2, 0xff,
    0x90, 0x0, 0x0, 0xb, 0xff, 0x30, 0x5f, 0xf3,
    0x0, 0x0, 0x0, 0x2f, 0xf6, 0x4, 0xff, 0x50,
    0x0, 0x0, 0x0, 0x1, 0x0, 0xf, 0xfe, 0x30,
    0x0, 0x0, 0x0, 0x0, 0x0, 0x5f, 0xff, 0xb5,
    0x10, 0x0, 0x0, 0x0, 0x0, 0x3b, 0xff, 0xff,
    0xc7, 0x20, 0x0, 0x0, 0x0, 0x2, 0x7c, 0xff,
    0xff, 0xb2, 0x0, 0x0, 0x0, 0x0, 0x1, 0x6c,
    0xff, 0xf3, 0x0, 0x0, 0x0, 0x0, 0x0, 0x4,
    0xff, 0xb0, 0x23, 0x10, 0x0, 0x0, 0x0, 0xa,
    0xff, 0xd, 0xfc, 0x0, 0x0, 0x0, 0x0, 0xaf,
    0xf0, 0x9f, 0xf7, 0x0, 0x0, 0x0, 0x2f, 0xfc,
    0x1, 0xef, 0xfc, 0x64, 0x45, 0x9f, 0xff, 0x40,
    0x2, 0xdf, 0xff, 0xff, 0xff, 0xff, 0x50, 0x0,
    0x0, 0x5a, 0xdf, 0xfe, 0xb7, 0x10, 0x0,

    /* U+0054 "T" */
    0x4f, 0xff, 0xff, 0xff, 0xff, 0xff, 0xff, 0x45,
    0xff, 0xff, 0xff, 0xff, 0xff, 0xff, 0xf6, 0x5,
    0x55, 0x55, 0xdf, 0xe5, 0x55, 0x55, 0x0, 0x0,
    0x0, 0xc, 0xfd, 0x0, 0x0, 0x0, 0x0, 0x0,
    0x0, 0xcf, 0xd0, 0x0, 0x0, 0x0, 0x0, 0x0,
    0xc, 0xfd, 0x0, 0x0, 0x0, 0x0, 0x0, 0x0,
    0xcf, 0xd0, 0x0, 0x0, 0x0, 0x0, 0x0, 0xc,
    0xfd, 0x0, 0x0, 0x0, 0x0, 0x0, 0x0, 0xcf,
    0xd0, 0x0, 0x0, 0x0, 0x0, 0x0, 0xc, 0xfd,
    0x0, 0x0, 0x0, 0x0, 0x0, 0x0, 0xcf, 0xd0,
    0x0, 0x0, 0x0, 0x0, 0x0, 0xc, 0xfd, 0x0,
    0x0, 0x0, 0x0, 0x0, 0x0, 0xcf, 0xd0, 0x0,
    0x0, 0x0, 0x0, 0x0, 0xc, 0xfd, 0x0, 0x0,
    0x0, 0x0, 0x0, 0x0, 0xcf, 0xd0, 0x0, 0x0,
    0x0, 0x0, 0x0, 0xc, 0xfd, 0x0, 0x0, 0x0,
    0x0, 0x0, 0x0, 0xcf, 0xd0, 0x0, 0x0, 0x0,
    0x0, 0x0, 0xa, 0xfb, 0x0, 0x0, 0x0,

    /* U+0055 "U" */
    0xcf, 0x80, 0x0, 0x0, 0x0, 0x4, 0xff, 0x1e,
    0xfa, 0x0, 0x0, 0x0, 0x0, 0x6f, 0xf2, 0xef,
    0xa0, 0x0, 0x0, 0x0, 0x6, 0xff, 0x2e, 0xfa,
    0x0, 0x0, 0x0, 0x0, 0x6f, 0xf2, 0xef, 0xa0,
    0x0, 0x0, 0x0, 0x6, 0xff, 0x2e, 0xfa, 0x0,
    0x0, 0x0, 0x0, 0x6f, 0xf2, 0xef, 0xa0, 0x0,
    0x0, 0x0, 0x6, 0xff, 0x2e, 0xfa, 0x0, 0x0,
    0x0, 0x0, 0x6f, 0xf2, 0xef, 0xa0, 0x0, 0x0,
    0x0, 0x6, 0xff, 0x2e, 0xfa, 0x0, 0x0, 0x0,
    0x0, 0x6f, 0xf2, 0xef, 0xa0, 0x0, 0x0, 0x0,
    0x6, 0xff, 0x2d, 0xfb, 0x0, 0x0, 0x0, 0x0,
    0x7f, 0xf1, 0xbf, 0xd0, 0x0, 0x0, 0x0, 0x9,
    0xff, 0x8, 0xff, 0x20, 0x0, 0x0, 0x0, 0xef,
    0xc0, 0x3f, 0xfc, 0x10, 0x0, 0x0, 0x9f, 0xf7,
    0x0, 0x9f, 0xfe, 0x85, 0x47, 0xdf, 0xfd, 0x0,
    0x0, 0xaf, 0xff, 0xff, 0xff, 0xfc, 0x20, 0x0,
    0x0, 0x49, 0xdf, 0xfe, 0xb5, 0x0, 0x0,

    /* U+0056 "V" */
    0x1f, 0xf6, 0x0, 0x0, 0x0, 0x0, 0x5, 0xff,
    0x10, 0xdf, 0xc0, 0x0, 0x0, 0x0, 0x0, 0xcf,
    0xd0, 0x7, 0xff, 0x20, 0x0, 0x0, 0x0, 0x2f,
    0xf8, 0x0, 0x2f, 0xf7, 0x0, 0x0, 0x0, 0x7,
    0xff, 0x20, 0x0, 0xcf, 0xd0, 0x0, 0x0, 0x0,
    0xdf, 0xd0, 0x0, 0x7, 0xff, 0x20, 0x0, 0x0,
    0x2f, 0xf7, 0x0, 0x0, 0x1f, 0xf8, 0x0, 0x0,
    0x8, 0xff, 0x10, 0x0, 0x0, 0xbf, 0xe0, 0x0,
    0x0, 0xdf, 0xc0, 0x0, 0x0, 0x6, 0xff, 0x30,
    0x0, 0x3f, 0xf6, 0x0, 0x0, 0x0, 0x1f, 0xf9,
    0x0, 0x9, 0xff, 0x10, 0x0, 0x0, 0x0, 0xbf,
    0xe0, 0x0, 0xef, 0xb0, 0x0, 0x0, 0x0, 0x5,
    0xff, 0x40, 0x4f, 0xf5, 0x0, 0x0, 0x0, 0x0,
    0xf, 0xf9, 0x9, 0xff, 0x0, 0x0, 0x0, 0x0,
    0x0, 0xaf, 0xe0, 0xef, 0xa0, 0x0, 0x0, 0x0,
    0x0, 0x4, 0xff, 0x9f, 0xf4, 0x0, 0x0, 0x0,
    0x0, 0x0, 0xe, 0xff, 0xfe, 0x0, 0x0, 0x0,
    0x0, 0x0, 0x0, 0x9f, 0xff, 0x90, 0x0, 0x0,
    0x0, 0x0, 0x0, 0x2, 0xef, 0xf2, 0x0, 0x0,
    0x0,

    /* U+0057 "W" */
    0xcf, 0x90, 0x0, 0x0, 0x0, 0x0, 0x0, 0x0,
    0xcf, 0x9b, 0xfd, 0x0, 0x0, 0x0, 0x0, 0x0,
    0x0, 0xf, 0xf8, 0x7f, 0xf0, 0x0, 0x0, 0x0,
    0x0, 0x0, 0x4, 0xff, 0x44, 0xff, 0x40, 0x0,
    0x0, 0x0, 0x0, 0x0, 0x7f, 0xf1, 0x1f, 0xf7,
    0x0, 0x0, 0xcf, 0x90, 0x0, 0xa, 0xfe, 0x0,
    0xdf, 0xa0, 0x0, 0x2f, 0xff, 0x0, 0x0, 0xdf,
    0xb0, 0xa, 0xfd, 0x0, 0x7, 0xff, 0xf4, 0x0,
    0xf, 0xf7, 0x0, 0x7f, 0xf0, 0x0, 0xcf, 0xff,
    0x90, 0x3, 0xff, 0x40, 0x4, 0xff, 0x40, 0x1f,
    0xf6, 0xfe, 0x0, 0x7f, 0xf1, 0x0, 0xf, 0xf7,
    0x6, 0xfc, 0xe, 0xf3, 0xa, 0xfe, 0x0, 0x0,
    0xdf, 0xa0, 0xbf, 0x70, 0xaf, 0x80, 0xdf, 0xa0,
    0x0, 0xa, 0xfd, 0xf, 0xf1, 0x4, 0xfd, 0xf,
    0xf7, 0x0, 0x0, 0x7f, 0xf6, 0xfc, 0x0, 0xf,
    0xf6, 0xff, 0x40, 0x0, 0x3, 0xff, 0xdf, 0x70,
    0x0, 0xaf, 0xef, 0xf1, 0x0, 0x0, 0xf, 0xff,
    0xf2, 0x0, 0x5, 0xff, 0xfd, 0x0, 0x0, 0x0,
    0xdf, 0xfc, 0x0, 0x0, 0xf, 0xff, 0xa0, 0x0,
    0x0, 0xa, 0xff, 0x70, 0x0, 0x0, 0xaf, 0xf7,
    0x0, 0x0, 0x0, 0x5f, 0xe2, 0x0, 0x0, 0x4,
    0xff, 0x20, 0x0,

    /* U+0058 "X" */
    0xe, 0xfb, 0x0, 0x0, 0x0, 0x0, 0x3f, 0xf6,
    0x8, 0xff, 0x70, 0x0, 0x0, 0x0, 0xdf, 0xe1,
    0x0, 0xcf, 0xf3, 0x0, 0x0, 0xa, 0xff, 0x40,
    0x0, 0x2f, 0xfd, 0x0, 0x0, 0x5f, 0xf9, 0x0,
    0x0, 0x6, 0xff, 0x90, 0x1, 0xef, 0xd0, 0x0,
    0x0, 0x0, 0xaf, 0xf5, 0xb, 0xff, 0x30, 0x0,
    0x0, 0x0, 0x1e, 0xfe, 0x8f, 0xf7, 0x0, 0x0,
    0x0, 0x0, 0x4, 0xff, 0xff, 0xc0, 0x0, 0x0,
    0x0, 0x0, 0x0, 0x9f, 0xff, 0x20, 0x0, 0x0,
    0x0, 0x0, 0x0, 0xcf, 0xff, 0x40, 0x0, 0x0,
    0x0, 0x0, 0x8, 0xff, 0xff, 0xe1, 0x0, 0x0,
    0x0, 0x0, 0x3f, 0xfb, 0x6f, 0xfb, 0x0, 0x0,
    0x0, 0x0, 0xef, 0xe1, 0xa, 0xff, 0x60, 0x0,
    0x0, 0xa, 0xff, 0x50, 0x0, 0xdf, 0xf2, 0x0,
    0x0, 0x5f, 0xf9, 0x0, 0x0, 0x3f, 0xfd, 0x0,
    0x2, 0xff, 0xd0, 0x0, 0x0, 0x7, 0xff, 0x90,
    0xc, 0xff, 0x20, 0x0, 0x0, 0x0, 0xbf, 0xf4,
    0x4f, 0xf6, 0x0, 0x0, 0x0, 0x0, 0x1e, 0xfb,

    /* U+0059 "Y" */
    0x2f, 0xf5, 0x0, 0x0, 0x0, 0x0, 0x8, 0xfe,
    0x0, 0xbf, 0xe1, 0x0, 0x0, 0x0, 0x3, 0xff,
    0x80, 0x2, 0xff, 0x90, 0x0, 0x0, 0x0, 0xcf,
    0xe0, 0x0, 0x8, 0xff, 0x30, 0x0, 0x0, 0x6f,
    0xf5, 0x0, 0x0, 0xe, 0xfc, 0x0, 0x0, 0x1e,
    0xfc, 0x0, 0x0, 0x0, 0x5f, 0xf6, 0x0, 0xa,
    0xff, 0x20, 0x0, 0x0, 0x0, 0xcf, 0xe1, 0x3,
    0xff, 0x90, 0x0, 0x0, 0x0, 0x2, 0xff, 0x90,
    0xdf, 0xe1, 0x0, 0x0, 0x0, 0x0, 0x9, 0xff,
    0xaf, 0xf6, 0x0, 0x0, 0x0, 0x0, 0x0, 0x1e,
    0xff, 0xfc, 0x0, 0x0, 0x0, 0x0, 0x0, 0x0,
    0x6f, 0xff, 0x30, 0x0, 0x0, 0x0, 0x0, 0x0,
    0x0, 0xef, 0xb0, 0x0, 0x0, 0x0, 0x0, 0x0,
    0x0, 0xe, 0xfb, 0x0, 0x0, 0x0, 0x0, 0x0,
    0x0, 0x0, 0xef, 0xb0, 0x0, 0x0, 0x0, 0x0,
    0x0, 0x0, 0xe, 0xfb, 0x0, 0x0, 0x0, 0x0,
    0x0, 0x0, 0x0, 0xef, 0xb0, 0x0, 0x0, 0x0,
    0x0, 0x0, 0x0, 0xe, 0xfb, 0x0, 0x0, 0x0,
    0x0, 0x0, 0x0, 0x0, 0xcf, 0x90, 0x0, 0x0,
    0x0,

    /* U+005A "Z" */
    0x9f, 0xff, 0xff, 0xff, 0xff, 0xff, 0xf3, 0xaf,
    0xff, 0xff, 0xff, 0xff, 0xff, 0xf4, 0x14, 0x44,
    0x44, 0x44, 0x46, 0xff, 0xe1, 0x0, 0x0, 0x0,
    0x0, 0xc, 0xff, 0x50, 0x0, 0x0, 0x0, 0x0,
    0x8f, 0xf9, 0x0, 0x0, 0x0, 0x0, 0x4, 0xff,
    0xd0, 0x0, 0x0, 0x0, 0x0, 0x1e, 0xff, 0x20,
    0x0, 0x0, 0x0, 0x0, 0xbf, 0xf6, 0x0, 0x0,
    0x0, 0x0, 0x7, 0xff, 0xa0, 0x0, 0x0, 0x0,
    0x0, 0x3f, 0xfd, 0x0, 0x0, 0x0, 0x0, 0x1,
    0xef, 0xf3, 0x0, 0x0, 0x0, 0x0, 0xb, 0xff,
    0x70, 0x0, 0x0, 0x0, 0x0, 0x7f, 0xfb, 0x0,
    0x0, 0x0, 0x0, 0x3, 0xff, 0xe1, 0x0, 0x0,
    0x0, 0x0, 0xd, 0xff, 0x40, 0x0, 0x0, 0x0,
    0x0, 0xaf, 0xfb, 0x44, 0x44, 0x44, 0x44, 0x41,
    0xef, 0xff, 0xff, 0xff, 0xff, 0xff, 0xf8, 0xdf,
    0xff, 0xff, 0xff, 0xff, 0xff, 0xf7,

    /* U+005B "[" */
    0xf, 0xff, 0xff, 0xa1, 0xff, 0xff, 0xfb, 0x1f,
    0xf5, 0x22, 0x1, 0xff, 0x30, 0x0, 0x1f, 0xf3,
    0x0, 0x1, 0xff, 0x30, 0x0, 0x1f, 0xf3, 0x0,
    0x1, 0xff, 0x30, 0x0, 0x1f, 0xf3, 0x0, 0x1,
    0xff, 0x30, 0x0, 0x1f, 0xf3, 0x0, 0x1, 0xff,
    0x30, 0x0, 0x1f, 0xf3, 0x0, 0x1, 0xff, 0x30,
    0x0, 0x1f, 0xf3, 0x0, 0x1, 0xff, 0x30, 0x0,
    0x1f, 0xf3, 0x0, 0x1, 0xff, 0x30, 0x0, 0x1f,
    0xf3, 0x0, 0x1, 0xff, 0x30, 0x0, 0x1f, 0xf3,
    0x0, 0x1, 0xff, 0x30, 0x0, 0x1f, 0xf6, 0x44,
    0x11, 0xff, 0xff, 0xfb, 0xf, 0xff, 0xff, 0xa0,

    /* U+005C "\\" */
    0x3f, 0xc0, 0x0, 0x0, 0x0, 0x0, 0xf, 0xf4,
    0x0, 0x0, 0x0, 0x0, 0x9, 0xfb, 0x0, 0x0,
    0x0, 0x0, 0x2, 0xff, 0x10, 0x0, 0x0, 0x0,
    0x0, 0xcf, 0x80, 0x0, 0x0, 0x0, 0x0, 0x5f,
    0xe0, 0x0, 0x0, 0x0, 0x0, 0xe, 0xf5, 0x0,
    0x0, 0x0, 0x0, 0x8, 0xfb, 0x0, 0x0, 0x0,
    0x0, 0x2, 0xff, 0x20, 0x0, 0x0, 0x0, 0x0,
    0xbf, 0x90, 0x0, 0x0, 0x0, 0x0, 0x4f, 0xf0,
    0x0, 0x0, 0x0, 0x0, 0xe, 0xf6, 0x0, 0x0,
    0x0, 0x0, 0x7, 0xfc, 0x0, 0x0, 0x0, 0x0,
    0x1, 0xff, 0x30, 0x0, 0x0, 0x0, 0x0, 0xaf,
    0xa0, 0x0, 0x0, 0x0, 0x0, 0x3f, 0xf1, 0x0,
    0x0, 0x0, 0x0, 0xd, 0xf7, 0x0, 0x0, 0x0,
    0x0, 0x6, 0xfd, 0x0, 0x0, 0x0, 0x0, 0x0,
    0xff, 0x40, 0x0, 0x0, 0x0, 0x0, 0x9f, 0xa0,
    0x0, 0x0, 0x0, 0x0, 0x3f, 0xf1, 0x0, 0x0,
    0x0, 0x0, 0xc, 0xf8, 0x0, 0x0, 0x0, 0x0,
    0x5, 0xfb,

    /* U+005D "]" */
    0x3f, 0xff, 0xff, 0x74, 0xff, 0xff, 0xf9, 0x1,
    0x22, 0xcf, 0x90, 0x0, 0xb, 0xf9, 0x0, 0x0,
    0xbf, 0x90, 0x0, 0xb, 0xf9, 0x0, 0x0, 0xbf,
    0x90, 0x0, 0xb, 0xf9, 0x0, 0x0, 0xbf, 0x90,
    0x0, 0xb, 0xf9, 0x0, 0x0, 0xbf, 0x90, 0x0,
    0xb, 0xf9, 0x0, 0x0, 0xbf, 0x90, 0x0, 0xb,
    0xf9, 0x0, 0x0, 0xbf, 0x90, 0x0, 0xb, 0xf9,
    0x0, 0x0, 0xbf, 0x90, 0x0, 0xb, 0xf9, 0x0,
    0x0, 0xbf, 0x90, 0x0, 0xb, 0xf9, 0x0, 0x0,
    0xbf, 0x90, 0x0, 0xb, 0xf9, 0x3, 0x44, 0xcf,
    0x94, 0xff, 0xff, 0xf9, 0x3f, 0xff, 0xff, 0x70,

    /* U+005E "^" */
    0x0, 0x3, 0x75, 0x0, 0x0, 0x4, 0xff, 0xf7,
    0x0, 0x4, 0xff, 0x9e, 0xf7, 0x2, 0xfc, 0x20,
    0x1a, 0xf5,

    /* U+005F "_" */
    0x3, 0x33, 0x33, 0x33, 0x33, 0x33, 0x33, 0x33,
    0x16, 0xff, 0xff, 0xff, 0xff, 0xff, 0xff, 0xff,
    0xfd, 0x5f, 0xff, 0xff, 0xff, 0xff, 0xff, 0xff,
    0xff, 0xc0,

    /* U+0060 "`" */
    0x17, 0x85, 0x0, 0x1, 0xcf, 0xf6, 0x0, 0x0,
    0x9f, 0xf4, 0x0, 0x0, 0x6f, 0xe0,

    /* U+0061 "a" */
    0x0, 0x1, 0x8d, 0xff, 0xea, 0x30, 0x0, 0x2,
    0xef, 0xff, 0xff, 0xff, 0x50, 0x0, 0xdf, 0xe4,
    0x0, 0x2c, 0xff, 0x0, 0xe, 0xf3, 0x0, 0x0,
    0x2f, 0xf5, 0x0, 0x0, 0x0, 0x0, 0x0, 0xef,
    0x80, 0x0, 0x0, 0x3, 0x57, 0x9f, 0xf8, 0x0,
    0x5, 0xbf, 0xff, 0xff, 0xff, 0x80, 0x1c, 0xff,
    0xd9, 0x64, 0x2e, 0xf8, 0xa, 0xfe, 0x40, 0x0,
    0x0, 0xff, 0x80, 0xff, 0x70, 0x0, 0x0, 0x2f,
    0xf8, 0xf, 0xf8, 0x0, 0x0, 0xa, 0xff, 0x80,
    0xaf, 0xf7, 0x10, 0x3a, 0xff, 0xf8, 0x1, 0xdf,
    0xff, 0xff, 0xfa, 0xdf, 0x80, 0x0, 0x8d, 0xff,
    0xc5, 0xb, 0xf6,

    /* U+0062 "b" */
    0xe, 0xf4, 0x0, 0x0, 0x0, 0x0, 0x0, 0xf,
    0xf6, 0x0, 0x0, 0x0, 0x0, 0x0, 0xf, 0xf6,
    0x0, 0x0, 0x0, 0x0, 0x0, 0xf, 0xf6, 0x0,
    0x0, 0x0, 0x0, 0x0, 0xf, 0xf6, 0x19, 0xef,
    0xea, 0x30, 0x0, 0xf, 0xf9, 0xff, 0xff, 0xff,
    0xf6, 0x0, 0xf, 0xff, 0xf7, 0x33, 0x6e, 0xff,
    0x20, 0xf, 0xff, 0x40, 0x0, 0x2, 0xff, 0x90,
    0xf, 0xfb, 0x0, 0x0, 0x0, 0xaf, 0xe0, 0xf,
    0xf7, 0x0, 0x0, 0x0, 0x6f, 0xf1, 0xf, 0xf6,
    0x0, 0x0, 0x0, 0x5f, 0xf2, 0xf, 0xf6, 0x0,
    0x0, 0x0, 0x5f, 0xf2, 0xf, 0xf7, 0x0, 0x0,
    0x0, 0x6f, 0xf1, 0xf, 0xfb, 0x0, 0x0, 0x0,
    0xaf, 0xe0, 0xf, 0xff, 0x40, 0x0, 0x2, 0xff,
    0xa0, 0xf, 0xff, 0xf7, 0x33, 0x6e, 0xff, 0x20,
    0xf, 0xf9, 0xff, 0xff, 0xff, 0xf6, 0x0, 0xe,
    0xf3, 0x29, 0xef, 0xeb, 0x30, 0x0,

    /* U+0063 "c" */
    0x0, 0x6, 0xbe, 0xfe, 0xb5, 0x0, 0x0, 0xc,
    0xff, 0xff, 0xff, 0xfa, 0x0, 0xa, 0xff, 0xa3,
    0x24, 0xbf, 0xf8, 0x2, 0xff, 0x80, 0x0, 0x0,
    0xcf, 0xf0, 0x7f, 0xf1, 0x0, 0x0, 0x3, 0xed,
    0x19, 0xfe, 0x0, 0x0, 0x0, 0x0, 0x0, 0xaf,
    0xd0, 0x0, 0x0, 0x0, 0x0, 0xa, 0xfd, 0x0,
    0x0, 0x0, 0x0, 0x0, 0x9f, 0xe0, 0x0, 0x0,
    0x0, 0x0, 0x7, 0xff, 0x10, 0x0, 0x0, 0x3e,
    0xe1, 0x2f, 0xf8, 0x0, 0x0, 0xc, 0xff, 0x0,
    0xaf, 0xfa, 0x32, 0x4b, 0xff, 0x80, 0x1, 0xcf,
    0xff, 0xff, 0xff, 0xa0, 0x0, 0x0, 0x6c, 0xef,
    0xeb, 0x50, 0x0,

    /* U+0064 "d" */
    0x0, 0x0, 0x0, 0x0, 0x0, 0xdf, 0x60, 0x0,
    0x0, 0x0, 0x0, 0xe, 0xf8, 0x0, 0x0, 0x0,
    0x0, 0x0, 0xef, 0x80, 0x0, 0x0, 0x0, 0x0,
    0xe, 0xf8, 0x0, 0x7, 0xdf, 0xec, 0x50, 0xef,
    0x80, 0x1d, 0xff, 0xff, 0xff, 0xae, 0xf8, 0xa,
    0xff, 0xa4, 0x24, 0xcf, 0xff, 0x82, 0xff, 0x90,
    0x0, 0x0, 0xcf, 0xf8, 0x7f, 0xf1, 0x0, 0x0,
    0x3, 0xff, 0x89, 0xfe, 0x0, 0x0, 0x0, 0xf,
    0xf8, 0xaf, 0xc0, 0x0, 0x0, 0x0, 0xef, 0x8a,
    0xfc, 0x0, 0x0, 0x0, 0xe, 0xf8, 0x9f, 0xe0,
    0x0, 0x0, 0x0, 0xff, 0x87, 0xff, 0x10, 0x0,
    0x0, 0x4f, 0xf8, 0x2f, 0xf9, 0x0, 0x0, 0xc,
    0xff, 0x80, 0xbf, 0xfa, 0x42, 0x4c, 0xff, 0xf8,
    0x1, 0xdf, 0xff, 0xff, 0xfa, 0xdf, 0x80, 0x0,
    0x8d, 0xff, 0xc6, 0xb, 0xf6,

    /* U+0065 "e" */
    0x0, 0x5, 0xbe, 0xfd, 0x93, 0x0, 0x0, 0xb,
    0xff, 0xff, 0xff, 0xf6, 0x0, 0x8, 0xff, 0x70,
    0x2, 0xbf, 0xf3, 0x1, 0xff, 0x70, 0x0, 0x0,
    0xcf, 0xb0, 0x6f, 0xf0, 0x0, 0x0, 0x5, 0xff,
    0x19, 0xfd, 0x0, 0x0, 0x0, 0x2f, 0xf3, 0xbf,
    0xff, 0xff, 0xff, 0xff, 0xff, 0x5b, 0xff, 0xdd,
    0xdd, 0xdd, 0xdd, 0xd3, 0xaf, 0xd0, 0x0, 0x0,
    0x0, 0x0, 0x7, 0xff, 0x10, 0x0, 0x0, 0x0,
    0x0, 0x2f, 0xf8, 0x0, 0x0, 0x7, 0xdc, 0x0,
    0x9f, 0xf8, 0x10, 0x2a, 0xff, 0xa0, 0x0, 0xbf,
    0xff, 0xff, 0xff, 0xb0, 0x0, 0x0, 0x6c, 0xef,
    0xeb, 0x50, 0x0,

    /* U+0066 "f" */
    0x0, 0x0, 0x0, 0x1, 0x10, 0x0, 0x0, 0x3b,
    0xff, 0xfd, 0x0, 0x2, 0xff, 0xff, 0xfc, 0x0,
    0x8, 0xff, 0x50, 0x0, 0x0, 0xa, 0xfc, 0x0,
    0x0, 0x0, 0xb, 0xfb, 0x0, 0x0, 0x6f, 0xff,
    0xff, 0xff, 0xf8, 0x7f, 0xff, 0xff, 0xff, 0xf9,
    0x1, 0x1b, 0xfb, 0x11, 0x10, 0x0, 0xb, 0xfb,
    0x0, 0x0, 0x0, 0xb, 0xfb, 0x0, 0x0, 0x0,
    0xb, 0xfb, 0x0, 0x0, 0x0, 0xb, 0xfb, 0x0,
    0x0, 0x0, 0xb, 0xfb, 0x0, 0x0, 0x0, 0xb,
    0xfb, 0x0, 0x0, 0x0, 0xb, 0xfb, 0x0, 0x0,
    0x0, 0xb, 0xfb, 0x0, 0x0, 0x0, 0xb, 0xfb,
    0x0, 0x0, 0x0, 0xb, 0xfb, 0x0, 0x0, 0x0,
    0x9, 0xf9, 0x0, 0x0,

    /* U+0067 "g" */
    0x0, 0x7, 0xdf, 0xfc, 0x50, 0xbf, 0x70, 0x1d,
    0xff, 0xff, 0xff, 0xad, 0xf9, 0xa, 0xff, 0xa4,
    0x25, 0xcf, 0xff, 0x92, 0xff, 0xa0, 0x0, 0x0,
    0xcf, 0xf9, 0x6f, 0xf2, 0x0, 0x0, 0x4, 0xff,
    0x99, 0xfe, 0x0, 0x0, 0x0, 0xf, 0xf9, 0xaf,
    0xd0, 0x0, 0x0, 0x0, 0xef, 0x9a, 0xfd, 0x0,
    0x0, 0x0, 0xe, 0xf9, 0x9f, 0xe0, 0x0, 0x0,
    0x0, 0xff, 0x96, 0xff, 0x20, 0x0, 0x0, 0x4f,
    0xf9, 0x2f, 0xfa, 0x0, 0x0, 0xc, 0xff, 0x90,
    0xaf, 0xfa, 0x32, 0x4b, 0xff, 0xf9, 0x1, 0xdf,
    0xff, 0xff, 0xfa, 0xef, 0x90, 0x0, 0x8d, 0xff,
    0xc6, 0xe, 0xf9, 0x0, 0x0, 0x0, 0x0, 0x0,
    0xff, 0x84, 0xed, 0x0, 0x0, 0x0, 0x1f, 0xf6,
    0x4f, 0xf7, 0x0, 0x0, 0x7, 0xff, 0x20, 0xcf,
    0xf7, 0x10, 0x27, 0xff, 0xa0, 0x1, 0xdf, 0xff,
    0xff, 0xff, 0xc1, 0x0, 0x0, 0x7c, 0xef, 0xec,
    0x60, 0x0,

    /* U+0068 "h" */
    0xe, 0xf5, 0x0, 0x0, 0x0, 0x0, 0x0, 0xf,
    0xf7, 0x0, 0x0, 0x0, 0x0, 0x0, 0xf, 0xf7,
    0x0, 0x0, 0x0, 0x0, 0x0, 0xf, 0xf7, 0x0,
    0x0, 0x0, 0x0, 0x0, 0xf, 0xf7, 0x18, 0xdf,
    0xeb, 0x40, 0x0, 0xf, 0xf9, 0xef, 0xff, 0xff,
    0xf7, 0x0, 0xf, 0xff, 0xf7, 0x32, 0x6e, 0xff,
    0x30, 0xf, 0xff, 0x40, 0x0, 0x3, 0xff, 0x90,
    0xf, 0xfb, 0x0, 0x0, 0x0, 0xbf, 0xd0, 0xf,
    0xf8, 0x0, 0x0, 0x0, 0x9f, 0xf0, 0xf, 0xf7,
    0x0, 0x0, 0x0, 0x7f, 0xf0, 0xf, 0xf7, 0x0,
    0x0, 0x0, 0x7f, 0xf0, 0xf, 0xf7, 0x0, 0x0,
    0x0, 0x7f, 0xf0, 0xf, 0xf7, 0x0, 0x0, 0x0,
    0x7f, 0xf0, 0xf, 0xf7, 0x0, 0x0, 0x0, 0x7f,
    0xf0, 0xf, 0xf7, 0x0, 0x0, 0x0, 0x7f, 0xf0,
    0xf, 0xf7, 0x0, 0x0, 0x0, 0x7f, 0xf0, 0xe,
    0xf5, 0x0, 0x0, 0x0, 0x6f, 0xe0,

    /* U+0069 "i" */
    0x3f, 0xf7, 0x4f, 0xf9, 0x1a, 0xa4, 0x0, 0x0,
    0xe, 0xf4, 0x1f, 0xf6, 0x1f, 0xf6, 0x1f, 0xf6,
    0x1f, 0xf6, 0x1f, 0xf6, 0x1f, 0xf6, 0x1f, 0xf6,
    0x1f, 0xf6, 0x1f, 0xf6, 0x1f, 0xf6, 0x1f, 0xf6,
    0x1f, 0xf6, 0xe, 0xf4,

    /* U+006A "j" */
    0x0, 0xe, 0xfb, 0x0, 0xf, 0xfd, 0x0, 0x9,
    0xa7, 0x0, 0x0, 0x0, 0x0, 0xb, 0xf8, 0x0,
    0xd, 0xfa, 0x0, 0xd, 0xfa, 0x0, 0xd, 0xfa,
    0x0, 0xd, 0xfa, 0x0, 0xd, 0xfa, 0x0, 0xd,
    0xfa, 0x0, 0xd, 0xfa, 0x0, 0xd, 0xfa, 0x0,
    0xd, 0xfa, 0x0, 0xd, 0xfa, 0x0, 0xd, 0xfa,
    0x0, 0xd, 0xfa, 0x0, 0xd, 0xfa, 0x0, 0xd,
    0xfa, 0x0, 0xf, 0xf8, 0x2, 0x9f, 0xf4, 0xdf,
    0xff, 0xb0, 0xcf, 0xd8, 0x0,

    /* U+006B "k" */
    0xe, 0xf4, 0x0, 0x0, 0x0, 0x0, 0x0, 0xff,
    0x60, 0x0, 0x0, 0x0, 0x0, 0xf, 0xf6, 0x0,
    0x0, 0x0, 0x0, 0x0, 0xff, 0x60, 0x0, 0x0,
    0x0, 0x0, 0xf, 0xf6, 0x0, 0x0, 0x8f, 0xf5,
    0x0, 0xff, 0x60, 0x0, 0xaf, 0xfa, 0x0, 0xf,
    0xf6, 0x1, 0xcf, 0xf8, 0x0, 0x0, 0xff, 0x62,
    0xdf, 0xf5, 0x0, 0x0, 0xf, 0xf9, 0xef, 0xe3,
    0x0, 0x0, 0x0, 0xff, 0xff, 0xd2, 0x0, 0x0,
    0x0, 0xf, 0xff, 0xf7, 0x0, 0x0, 0x0, 0x0,
    0xff, 0xff, 0xf6, 0x0, 0x0, 0x0, 0xf, 0xf7,
    0xdf, 0xf6, 0x0, 0x0, 0x0, 0xff, 0x61, 0xdf,
    0xf5, 0x0, 0x0, 0xf, 0xf6, 0x1, 0xdf, 0xf5,
    0x0, 0x0, 0xff, 0x60, 0x1, 0xcf, 0xf5, 0x0,
    0xf, 0xf6, 0x0, 0x1, 0xcf, 0xf5, 0x0, 0xef,
    0x40, 0x0, 0x1, 0xcf, 0xf0,

    /* U+006C "l" */
    0xe, 0xf4, 0xf, 0xf6, 0xf, 0xf6, 0xf, 0xf6,
    0xf, 0xf6, 0xf, 0xf6, 0xf, 0xf6, 0xf, 0xf6,
    0xf, 0xf6, 0xf, 0xf6, 0xf, 0xf6, 0xf, 0xf6,
    0xf, 0xf6, 0xf, 0xf6, 0xf, 0xf6, 0xf, 0xf6,
    0xf, 0xf6, 0xe, 0xf4,

    /* U+006D "m" */
    0xe, 0xf3, 0x4c, 0xff, 0xc5, 0x0, 0x19, 0xef,
    0xd8, 0x0, 0x1, 0xff, 0xbf, 0xff, 0xff, 0xf7,
    0x3e, 0xff, 0xff, 0xfd, 0x10, 0x1f, 0xff, 0xc4,
    0x25, 0xef, 0xfe, 0xf8, 0x33, 0x9f, 0xf9, 0x1,
    0xff, 0xe1, 0x0, 0x2, 0xff, 0xf7, 0x0, 0x0,
    0xaf, 0xf0, 0x1f, 0xf8, 0x0, 0x0, 0xc, 0xff,
    0x0, 0x0, 0x4, 0xff, 0x31, 0xff, 0x60, 0x0,
    0x0, 0x9f, 0xe0, 0x0, 0x0, 0x2f, 0xf4, 0x1f,
    0xf6, 0x0, 0x0, 0x9, 0xfd, 0x0, 0x0, 0x1,
    0xff, 0x51, 0xff, 0x60, 0x0, 0x0, 0x9f, 0xd0,
    0x0, 0x0, 0x1f, 0xf5, 0x1f, 0xf6, 0x0, 0x0,
    0x9, 0xfd, 0x0, 0x0, 0x1, 0xff, 0x51, 0xff,
    0x60, 0x0, 0x0, 0x9f, 0xd0, 0x0, 0x0, 0x1f,
    0xf5, 0x1f, 0xf6, 0x0, 0x0, 0x9, 0xfd, 0x0,
    0x0, 0x1, 0xff, 0x51, 0xff, 0x60, 0x0, 0x0,
    0x9f, 0xd0, 0x0, 0x0, 0x1f, 0xf5, 0x1f, 0xf6,
    0x0, 0x0, 0x9, 0xfd, 0x0, 0x0, 0x1, 0xff,
    0x50, 0xef, 0x40, 0x0, 0x0, 0x7f, 0xb0, 0x0,
    0x0, 0xf, 0xf3,

    /* U+006E "n" */
    0xe, 0xf3, 0x19, 0xef, 0xeb, 0x30, 0x1, 0xff,
    0x9f, 0xff, 0xff, 0xff, 0x60, 0x1f, 0xff, 0xe7,
    0x23, 0x7e, 0xff, 0x21, 0xff, 0xf3, 0x0, 0x0,
    0x4f, 0xf8, 0x1f, 0xfb, 0x0, 0x0, 0x0, 0xcf,
    0xd1, 0xff, 0x80, 0x0, 0x0, 0x9, 0xfe, 0x1f,
    0xf6, 0x0, 0x0, 0x0, 0x8f, 0xf1, 0xff, 0x60,
    0x0, 0x0, 0x8, 0xff, 0x1f, 0xf6, 0x0, 0x0,
    0x0, 0x8f, 0xf1, 0xff, 0x60, 0x0, 0x0, 0x8,
    0xff, 0x1f, 0xf6, 0x0, 0x0, 0x0, 0x8f, 0xf1,
    0xff, 0x60, 0x0, 0x0, 0x8, 0xff, 0x1f, 0xf6,
    0x0, 0x0, 0x0, 0x8f, 0xf0, 0xef, 0x50, 0x0,
    0x0, 0x6, 0xfd,

    /* U+006F "o" */
    0x0, 0x5, 0xbe, 0xfe, 0xb5, 0x0, 0x0, 0xb,
    0xff, 0xff, 0xff, 0xfa, 0x0, 0x9, 0xff, 0x92,
    0x2, 0xaf, 0xf8, 0x1, 0xff, 0x90, 0x0, 0x0,
    0xbf, 0xf1, 0x6f, 0xf1, 0x0, 0x0, 0x3, 0xff,
    0x59, 0xfe, 0x0, 0x0, 0x0, 0xf, 0xf8, 0xaf,
    0xd0, 0x0, 0x0, 0x0, 0xef, 0x9a, 0xfd, 0x0,
    0x0, 0x0, 0xe, 0xf9, 0x9f, 0xe0, 0x0, 0x0,
    0x0, 0xff, 0x86, 0xff, 0x10, 0x0, 0x0, 0x3f,
    0xf5, 0x2f, 0xf9, 0x0, 0x0, 0xb, 0xff, 0x10,
    0xaf, 0xf9, 0x20, 0x2a, 0xff, 0x80, 0x0, 0xbf,
    0xff, 0xff, 0xff, 0xa0, 0x0, 0x0, 0x6b, 0xef,
    0xeb, 0x50, 0x0,

    /* U+0070 "p" */
    0xe, 0xf3, 0x29, 0xef, 0xeb, 0x30, 0x0, 0xf,
    0xf9, 0xff, 0xff, 0xff, 0xf6, 0x0, 0xf, 0xff,
    0xf7, 0x33, 0x6e, 0xff, 0x30, 0xf, 0xff, 0x40,
    0x0, 0x2, 0xff, 0xa0, 0xf, 0xfc, 0x0, 0x0,
    0x0, 0xaf, 0xf0, 0xf, 0xf7, 0x0, 0x0, 0x0,
    0x6f, 0xf1, 0xf, 0xf6, 0x0, 0x0, 0x0, 0x5f,
    0xf2, 0xf, 0xf6, 0x0, 0x0, 0x0, 0x5f, 0xf2,
    0xf, 0xf7, 0x0, 0x0, 0x0, 0x6f, 0xf1, 0xf,
    0xfb, 0x0, 0x0, 0x0, 0xaf, 0xf0, 0xf, 0xff,
    0x40, 0x0, 0x2, 0xff, 0xa0, 0xf, 0xff, 0xf7,
    0x33, 0x6e, 0xff, 0x30, 0xf, 0xf9, 0xef, 0xff,
    0xff, 0xf6, 0x0, 0xf, 0xf6, 0x19, 0xef, 0xeb,
    0x30, 0x0, 0xf, 0xf6, 0x0, 0x0, 0x0, 0x0,
    0x0, 0xf, 0xf6, 0x0, 0x0, 0x0, 0x0, 0x0,
    0xf, 0xf6, 0x0, 0x0, 0x0, 0x0, 0x0, 0xf,
    0xf6, 0x0, 0x0, 0x0, 0x0, 0x0, 0xe, 0xf4,
    0x0, 0x0, 0x0, 0x0, 0x0,

    /* U+0071 "q" */
    0x0, 0x8, 0xdf, 0xfc, 0x50, 0xbf, 0x70, 0x1d,
    0xff, 0xff, 0xff, 0xad, 0xf8, 0xb, 0xff, 0xa4,
    0x24, 0xcf, 0xff, 0x82, 0xff, 0xa0, 0x0, 0x0,
    0xcf, 0xf8, 0x6f, 0xf2, 0x0, 0x0, 0x3, 0xff,
    0x89, 0xfe, 0x0, 0x0, 0x0, 0xf, 0xf8, 0xaf,
    0xd0, 0x0, 0x0, 0x0, 0xef, 0x8a, 0xfd, 0x0,
    0x0, 0x0, 0xe, 0xf8, 0x9f, 0xe0, 0x0, 0x0,
    0x0, 0xff, 0x86, 0xff, 0x20, 0x0, 0x0, 0x3f,
    0xf8, 0x2f, 0xfa, 0x0, 0x0, 0xb, 0xff, 0x80,
    0xbf, 0xfa, 0x42, 0x4c, 0xff, 0xf8, 0x1, 0xdf,
    0xff, 0xff, 0xf9, 0xef, 0x80, 0x0, 0x8d, 0xff,
    0xc5, 0xe, 0xf8, 0x0, 0x0, 0x0, 0x0, 0x0,
    0xef, 0x80, 0x0, 0x0, 0x0, 0x0, 0xe, 0xf8,
    0x0, 0x0, 0x0, 0x0, 0x0, 0xef, 0x80, 0x0,
    0x0, 0x0, 0x0, 0xe, 0xf8, 0x0, 0x0, 0x0,
    0x0, 0x0, 0xcf, 0x70,

    /* U+0072 "r" */
    0xe, 0xf3, 0x5c, 0xff, 0x71, 0xff, 0xcf, 0xff,
    0xf9, 0x1f, 0xff, 0xe6, 0x44, 0x11, 0xff, 0xe1,
    0x0, 0x0, 0x1f, 0xf9, 0x0, 0x0, 0x1, 0xff,
    0x60, 0x0, 0x0, 0x1f, 0xf6, 0x0, 0x0, 0x1,
    0xff, 0x60, 0x0, 0x0, 0x1f, 0xf6, 0x0, 0x0,
    0x1, 0xff, 0x60, 0x0, 0x0, 0x1f, 0xf6, 0x0,
    0x0, 0x1, 0xff, 0x60, 0x0, 0x0, 0x1f, 0xf6,
    0x0, 0x0, 0x0, 0xef, 0x50, 0x0, 0x0,

    /* U+0073 "s" */
    0x0, 0x4b, 0xef, 0xeb, 0x50, 0x0, 0x8, 0xff,
    0xff, 0xff, 0xfa, 0x0, 0x3f, 0xf9, 0x0, 0x7,
    0xff, 0x70, 0x7f, 0xf0, 0x0, 0x0, 0x5a, 0x40,
    0x7f, 0xf1, 0x0, 0x0, 0x0, 0x0, 0x2f, 0xfe,
    0x83, 0x0, 0x0, 0x0, 0x5, 0xef, 0xff, 0xea,
    0x50, 0x0, 0x0, 0x6, 0xae, 0xff, 0xfd, 0x20,
    0x0, 0x0, 0x0, 0x38, 0xff, 0xc0, 0x0, 0x0,
    0x0, 0x0, 0x7f, 0xf1, 0x9b, 0x50, 0x0, 0x0,
    0x6f, 0xf1, 0xaf, 0xf8, 0x10, 0x4, 0xef, 0xc0,
    0x1c, 0xff, 0xff, 0xff, 0xfe, 0x20, 0x0, 0x6b,
    0xef, 0xec, 0x81, 0x0,

    /* U+0074 "t" */
    0x0, 0xd, 0xf6, 0x0, 0x0, 0x0, 0xe, 0xf8,
    0x0, 0x0, 0x0, 0xe, 0xf8, 0x0, 0x0, 0x0,
    0xe, 0xf8, 0x0, 0x0, 0x6f, 0xff, 0xff, 0xff,
    0xf3, 0x7f, 0xff, 0xff, 0xff, 0xf4, 0x1, 0x1e,
    0xf9, 0x11, 0x10, 0x0, 0xe, 0xf8, 0x0, 0x0,
    0x0, 0xe, 0xf8, 0x0, 0x0, 0x0, 0xe, 0xf8,
    0x0, 0x0, 0x0, 0xe, 0xf8, 0x0, 0x0, 0x0,
    0xe, 0xf8, 0x0, 0x0, 0x0, 0xe, 0xf8, 0x0,
    0x0, 0x0, 0xe, 0xf8, 0x0, 0x0, 0x0, 0xc,
    0xfb, 0x0, 0x0, 0x0, 0x8, 0xff, 0x73, 0x20,
    0x0, 0x1, 0xff, 0xff, 0xf8, 0x0, 0x0, 0x2b,
    0xef, 0xf7,

    /* U+0075 "u" */
    0x2f, 0xf3, 0x0, 0x0, 0x0, 0xaf, 0x93, 0xff,
    0x40, 0x0, 0x0, 0xc, 0xfb, 0x3f, 0xf4, 0x0,
    0x0, 0x0, 0xcf, 0xb3, 0xff, 0x40, 0x0, 0x0,
    0xc, 0xfb, 0x3f, 0xf4, 0x0, 0x0, 0x0, 0xcf,
    0xb3, 0xff, 0x40, 0x0, 0x0, 0xc, 0xfb, 0x3f,
    0xf4, 0x0, 0x0, 0x0, 0xcf, 0xb3, 0xff, 0x40,
    0x0, 0x0, 0xc, 0xfb, 0x2f, 0xf5, 0x0, 0x0,
    0x0, 0xdf, 0xb1, 0xff, 0x80, 0x0, 0x0, 0xf,
    0xfb, 0xd, 0xfe, 0x0, 0x0, 0x9, 0xff, 0xb0,
    0x6f, 0xfd, 0x52, 0x39, 0xff, 0xfb, 0x0, 0xaf,
    0xff, 0xff, 0xfc, 0xbf, 0xb0, 0x0, 0x6c, 0xff,
    0xd7, 0x9, 0xf9,

    /* U+0076 "v" */
    0x1f, 0xf3, 0x0, 0x0, 0x0, 0xc, 0xf7, 0xe,
    0xfa, 0x0, 0x0, 0x0, 0x3f, 0xf4, 0x7, 0xff,
    0x0, 0x0, 0x0, 0x9f, 0xe0, 0x1, 0xff, 0x60,
    0x0, 0x0, 0xff, 0x80, 0x0, 0xbf, 0xc0, 0x0,
    0x5, 0xff, 0x20, 0x0, 0x5f, 0xf2, 0x0, 0xb,
    0xfb, 0x0, 0x0, 0xe, 0xf7, 0x0, 0x1f, 0xf5,
    0x0, 0x0, 0x9, 0xfd, 0x0, 0x7f, 0xe0, 0x0,
    0x0, 0x3, 0xff, 0x30, 0xdf, 0x90, 0x0, 0x0,
    0x0, 0xcf, 0x93, 0xff, 0x20, 0x0, 0x0, 0x0,
    0x6f, 0xfa, 0xfc, 0x0, 0x0, 0x0, 0x0, 0x1f,
    0xff, 0xf6, 0x0, 0x0, 0x0, 0x0, 0xa, 0xff,
    0xf0, 0x0, 0x0, 0x0, 0x0, 0x3, 0xff, 0x80,
    0x0, 0x0,

    /* U+0077 "w" */
    0xe, 0xf3, 0x0, 0x0, 0xa, 0xf7, 0x0, 0x0,
    0x6, 0xfc, 0xd, 0xf9, 0x0, 0x0, 0xf, 0xfe,
    0x0, 0x0, 0xb, 0xfa, 0x8, 0xfd, 0x0, 0x0,
    0x5f, 0xff, 0x30, 0x0, 0xf, 0xf5, 0x3, 0xff,
    0x20, 0x0, 0xaf, 0xff, 0x70, 0x0, 0x4f, 0xf1,
    0x0, 0xef, 0x60, 0x0, 0xff, 0x7f, 0xc0, 0x0,
    0x9f, 0xc0, 0x0, 0xaf, 0xb0, 0x4, 0xfd, 0xf,
    0xf1, 0x0, 0xdf, 0x70, 0x0, 0x5f, 0xf0, 0x9,
    0xf8, 0xb, 0xf6, 0x2, 0xff, 0x20, 0x0, 0xf,
    0xf4, 0xe, 0xf3, 0x6, 0xfb, 0x6, 0xfe, 0x0,
    0x0, 0xb, 0xf8, 0x3f, 0xe0, 0x1, 0xff, 0xb,
    0xf9, 0x0, 0x0, 0x7, 0xfd, 0x8f, 0x90, 0x0,
    0xcf, 0x6f, 0xf4, 0x0, 0x0, 0x2, 0xff, 0xef,
    0x40, 0x0, 0x7f, 0xef, 0xf0, 0x0, 0x0, 0x0,
    0xdf, 0xff, 0x0, 0x0, 0x2f, 0xff, 0xb0, 0x0,
    0x0, 0x0, 0x8f, 0xfa, 0x0, 0x0, 0xd, 0xff,
    0x60, 0x0, 0x0, 0x0, 0x3f, 0xf4, 0x0, 0x0,
    0x6, 0xfe, 0x10, 0x0,

    /* U+0078 "x" */
    0xd, 0xf9, 0x0, 0x0, 0x0, 0x7f, 0xe0, 0x7,
    0xff, 0x60, 0x0, 0x4, 0xff, 0x70, 0x0, 0xbf,
    0xf2, 0x0, 0x1e, 0xfb, 0x0, 0x0, 0x1e, 0xfd,
    0x0, 0xcf, 0xe1, 0x0, 0x0, 0x4, 0xff, 0x98,
    0xff, 0x40, 0x0, 0x0, 0x0, 0x8f, 0xff, 0xf8,
    0x0, 0x0, 0x0, 0x0, 0xc, 0xff, 0xc0, 0x0,
    0x0, 0x0, 0x0, 0x1e, 0xff, 0xe1, 0x0, 0x0,
    0x0, 0x0, 0xcf, 0xff, 0xfb, 0x0, 0x0, 0x0,
    0x8, 0xff, 0x66, 0xff, 0x70, 0x0, 0x0, 0x4f,
    0xfa, 0x0, 0xaf, 0xf3, 0x0, 0x1, 0xef, 0xd0,
    0x0, 0xd, 0xfe, 0x10, 0xb, 0xff, 0x20, 0x0,
    0x3, 0xff, 0xb0, 0x2f, 0xf5, 0x0, 0x0, 0x0,
    0x6f, 0xf2,

    /* U+0079 "y" */
    0x1f, 0xf3, 0x0, 0x0, 0x0, 0xb, 0xf8, 0xd,
    0xfa, 0x0, 0x0, 0x0, 0x2f, 0xf5, 0x7, 0xff,
    0x10, 0x0, 0x0, 0x9f, 0xe0, 0x1, 0xff, 0x70,
    0x0, 0x0, 0xff, 0x70, 0x0, 0xaf, 0xe0, 0x0,
    0x6, 0xff, 0x10, 0x0, 0x3f, 0xf4, 0x0, 0xd,
    0xfa, 0x0, 0x0, 0xc, 0xfb, 0x0, 0x4f, 0xf3,
    0x0, 0x0, 0x6, 0xff, 0x10, 0xaf, 0xc0, 0x0,
    0x0, 0x0, 0xff, 0x81, 0xff, 0x60, 0x0, 0x0,
    0x0, 0x9f, 0xe8, 0xfe, 0x0, 0x0, 0x0, 0x0,
    0x2f, 0xff, 0xf8, 0x0, 0x0, 0x0, 0x0, 0xb,
    0xff, 0xf2, 0x0, 0x0, 0x0, 0x0, 0x5, 0xff,
    0xb0, 0x0, 0x0, 0x0, 0x0, 0x4, 0xff, 0x40,
    0x0, 0x0, 0x0, 0x0, 0xa, 0xfd, 0x0, 0x0,
    0x0, 0x0, 0x0, 0x1f, 0xf7, 0x0, 0x0, 0x0,
    0x0, 0x0, 0x7f, 0xf0, 0x0, 0x0, 0x0, 0x0,
    0x0, 0xef, 0x90, 0x0, 0x0, 0x0, 0x0, 0x2,
    0xff, 0x20, 0x0, 0x0, 0x0,

    /* U+007A "z" */
    0x9f, 0xff, 0xff, 0xff, 0xff, 0xa0, 0xaf, 0xff,
    0xff, 0xff, 0xff, 0xb0, 0x1, 0x11, 0x11, 0x1c,
    0xff, 0x50, 0x0, 0x0, 0x0, 0x7f, 0xf9, 0x0,
    0x0, 0x0, 0x3, 0xff, 0xd0, 0x0, 0x0, 0x0,
    0x1e, 0xff, 0x20, 0x0, 0x0, 0x0, 0xbf, 0xf5,
    0x0, 0x0, 0x0, 0x7, 0xff, 0x90, 0x0, 0x0,
    0x0, 0x3f, 0xfd, 0x0, 0x0, 0x0, 0x1, 0xef,
    0xf2, 0x0, 0x0, 0x0, 0xb, 0xff, 0x50, 0x0,
    0x0, 0x0, 0x7f, 0xfa, 0x11, 0x11, 0x11, 0x10,
    0xef, 0xff, 0xff, 0xff, 0xff, 0xf3, 0xdf, 0xff,
    0xff, 0xff, 0xff, 0xf3,

    /* U+007B "{" */
    0x0, 0x0, 0x5, 0xce, 0xc0, 0x0, 0x8, 0xff,
    0xfd, 0x0, 0x2, 0xff, 0xb4, 0x10, 0x0, 0x7f,
    0xe0, 0x0, 0x0, 0xb, 0xf9, 0x0, 0x0, 0x0,
    0xdf, 0x70, 0x0, 0x0, 0xe, 0xf6, 0x0, 0x0,
    0x0, 0xff, 0x60, 0x0, 0x0, 0xf, 0xf5, 0x0,
    0x0, 0x3, 0xff, 0x30, 0x0, 0x0, 0xcf, 0xf0,
    0x0, 0x0, 0xcf, 0xf7, 0x0, 0x0, 0x3f, 0xfb,
    0x0, 0x0, 0x0, 0xcf, 0xf7, 0x0, 0x0, 0x0,
    0xbf, 0xe0, 0x0, 0x0, 0x3, 0xff, 0x30, 0x0,
    0x0, 0xf, 0xf5, 0x0, 0x0, 0x0, 0xff, 0x60,
    0x0, 0x0, 0xe, 0xf6, 0x0, 0x0, 0x0, 0xdf,
    0x70, 0x0, 0x0, 0xb, 0xf9, 0x0, 0x0, 0x0,
    0x7f, 0xe0, 0x0, 0x0, 0x2, 0xff, 0xb4, 0x10,
    0x0, 0x8, 0xff, 0xfd, 0x0, 0x0, 0x5, 0xcf,
    0xc0,

    /* U+007C "|" */
    0xe, 0xf1, 0x1f, 0xf2, 0x1f, 0xf2, 0x1f, 0xf2,
    0x1f, 0xf2, 0x1f, 0xf2, 0x1f, 0xf2, 0x1f, 0xf2,
    0x1f, 0xf2, 0x1f, 0xf2, 0x1f, 0xf2, 0x1f, 0xf2,
    0x1f, 0xf2, 0x1f, 0xf2, 0x1f, 0xf2, 0x1f, 0xf2,
    0x1f, 0xf2, 0x1f, 0xf2, 0x1f, 0xf2, 0x1f, 0xf2,
    0x1f, 0xf2, 0x1f, 0xf2, 0x1f, 0xf2, 0x1f, 0xf2,
    0x1f, 0xf2, 0x1f, 0xf2, 0x1f, 0xf2, 0x1f, 0xf2,
    0xe, 0xf1,

    /* U+007D "}" */
    0x3f, 0xe9, 0x10, 0x0, 0x4, 0xff, 0xfe, 0x20,
    0x0, 0x3, 0x6e, 0xfb, 0x0, 0x0, 0x0, 0x5f,
    0xf1, 0x0, 0x0, 0x0, 0xff, 0x40, 0x0, 0x0,
    0xe, 0xf6, 0x0, 0x0, 0x0, 0xdf, 0x80, 0x0,
    0x0, 0xc, 0xf8, 0x0, 0x0, 0x0, 0xbf, 0x90,
    0x0, 0x0, 0x9, 0xfc, 0x0, 0x0, 0x0, 0x5f,
    0xf5, 0x0, 0x0, 0x0, 0xdf, 0xf6, 0x0, 0x0,
    0x2, 0xff, 0xc0, 0x0, 0x0, 0xdf, 0xf6, 0x0,
    0x0, 0x6f, 0xf5, 0x0, 0x0, 0xa, 0xfc, 0x0,
    0x0, 0x0, 0xbf, 0x90, 0x0, 0x0, 0xc, 0xf8,
    0x0, 0x0, 0x0, 0xdf, 0x80, 0x0, 0x0, 0xe,
    0xf6, 0x0, 0x0, 0x0, 0xff, 0x40, 0x0, 0x0,
    0x5f, 0xf1, 0x0, 0x3, 0x6e, 0xfb, 0x0, 0x4,
    0xff, 0xfe, 0x20, 0x0, 0x3f, 0xe9, 0x10, 0x0,
    0x0,

    /* U+007E "~" */
    0x0, 0x2, 0x20, 0x0, 0x0, 0x0, 0x7, 0xff,
    0xff, 0xa6, 0x34, 0xbb, 0x1f, 0xff, 0xff, 0xff,
    0xff, 0xfa, 0x1e, 0x50, 0x14, 0x9d, 0xfe, 0xa1,

    /* U+00B0 "°" */
    0x0, 0x6a, 0xa6, 0x0, 0xb, 0xff, 0xff, 0xc0,
    0x6f, 0xb1, 0x1a, 0xf7, 0xbf, 0x20, 0x1, 0xfc,
    0xbf, 0x10, 0x0, 0xfc, 0x8f, 0x80, 0x7, 0xf9,
    0x1e, 0xfd, 0xdf, 0xe1, 0x1, 0xae, 0xfb, 0x20,

    /* U+2022 "•" */
    0x3, 0x99, 0x30, 0x4f, 0xff, 0xf3, 0xbf, 0xff,
    0xfa, 0xcf, 0xff, 0xfb, 0x7f, 0xff, 0xf5, 0x8,
    0xee, 0x70,

    /* U+F001 "" */
    0x0, 0x0, 0x0, 0x0, 0x0, 0x0, 0x0, 0x0,
    0x0, 0x0, 0x0, 0x38, 0xb6, 0x0, 0x0, 0x0,
    0x0, 0x0, 0x0, 0x0, 0x0, 0x0, 0x0, 0x5a,
    0xef, 0xff, 0xf2, 0x0, 0x0, 0x0, 0x0, 0x0,
    0x0, 0x0, 0x2, 0x7b, 0xff, 0xff, 0xff, 0xff,
    0x30, 0x0, 0x0, 0x0, 0x0, 0x0, 0x3, 0x8d,
    0xff, 0xff, 0xff, 0xff, 0xff, 0xf3, 0x0, 0x0,
    0x0, 0x0, 0x5, 0xae, 0xff, 0xff, 0xff, 0xff,
    0xff, 0xff, 0xff, 0x30, 0x0, 0x0, 0x0, 0x9f,
    0xff, 0xff, 0xff, 0xff, 0xff, 0xff, 0xff, 0xff,
    0xf3, 0x0, 0x0, 0x0, 0x3f, 0xff, 0xff, 0xff,
    0xff, 0xff, 0xff, 0xff, 0xff, 0xff, 0x30, 0x0,
    0x0, 0x4, 0xff, 0xff, 0xff, 0xff, 0xff, 0xff,
    0xff, 0xfd, 0xff, 0xf3, 0x0, 0x0, 0x0, 0x4f,
    0xff, 0xff, 0xff, 0xff, 0xff, 0xfb, 0x62, 0xf,
    0xff, 0x30, 0x0, 0x0, 0x4, 0xff, 0xff, 0xff,
    0xff, 0xea, 0x50, 0x0, 0x0, 0xff, 0xf3, 0x0,
    0x0, 0x0, 0x4f, 0xff, 0xff, 0xd8, 0x30, 0x0,
    0x0, 0x0, 0xf, 0xff, 0x30, 0x0, 0x0, 0x4,
    0xff, 0xf6, 0x20, 0x0, 0x0, 0x0, 0x0, 0x0,
    0xff, 0xf3, 0x0, 0x0, 0x0, 0x4f, 0xff, 0x0,
    0x0, 0x0, 0x0, 0x0, 0x0, 0xf, 0xff, 0x30,
    0x0, 0x0, 0x4, 0xff, 0xf0, 0x0, 0x0, 0x0,
    0x0, 0x0, 0x0, 0xff, 0xf3, 0x0, 0x0, 0x0,
    0x4f, 0xff, 0x0, 0x0, 0x0, 0x0, 0x0, 0x11,
    0xf, 0xff, 0x30, 0x0, 0x0, 0x4, 0xff, 0xf0,
    0x0, 0x0, 0x0, 0x6, 0xdf, 0xff, 0xff, 0xf3,
    0x0, 0x0, 0x0, 0x4f, 0xff, 0x0, 0x0, 0x0,
    0x8, 0xff, 0xff, 0xff, 0xff, 0x30, 0x0, 0x0,
    0x4, 0xff, 0xf0, 0x0, 0x0, 0x3, 0xff, 0xff,
    0xff, 0xff, 0xf3, 0x0, 0x4a, 0xdd, 0xcf, 0xff,
    0x0, 0x0, 0x0, 0x7f, 0xff, 0xff, 0xff, 0xff,
    0x30, 0x9f, 0xff, 0xff, 0xff, 0xf0, 0x0, 0x0,
    0x7, 0xff, 0xff, 0xff, 0xff, 0xf2, 0x5f, 0xff,
    0xff, 0xff, 0xff, 0x0, 0x0, 0x0, 0x2f, 0xff,
    0xff, 0xff, 0xfc, 0xa, 0xff, 0xff, 0xff, 0xff,
    0xf0, 0x0, 0x0, 0x0, 0x6f, 0xff, 0xff, 0xfe,
    0x20, 0xbf, 0xff, 0xff, 0xff, 0xfe, 0x0, 0x0,
    0x0, 0x0, 0x3a, 0xef, 0xd8, 0x10, 0x7, 0xff,
    0xff, 0xff, 0xff, 0xa0, 0x0, 0x0, 0x0, 0x0,
    0x0, 0x0, 0x0, 0x0, 0xd, 0xff, 0xff, 0xff,
    0xe2, 0x0, 0x0, 0x0, 0x0, 0x0, 0x0, 0x0,
    0x0, 0x0, 0x9, 0xff, 0xff, 0xa2, 0x0, 0x0,
    0x0, 0x0, 0x0, 0x0, 0x0, 0x0, 0x0, 0x0,
    0x0, 0x22, 0x0, 0x0, 0x0, 0x0, 0x0, 0x0,
    0x0, 0x0, 0x0, 0x0, 0x0,

    /* U+F008 "" */
    0x0, 0x1, 0x22, 0x22, 0x22, 0x22, 0x22, 0x22,
    0x22, 0x22, 0x22, 0x10, 0x0, 0x8, 0xff, 0xff,
    0xff, 0xff, 0xff, 0xff, 0xff, 0xff, 0xff, 0xff,
    0xff, 0x80, 0x7f, 0xff, 0xff, 0xff, 0xff, 0xff,
    0xff, 0xff, 0xff, 0xff, 0xff, 0xff, 0xf7, 0xdf,
    0xff, 0xff, 0xff, 0xff, 0xff, 0xff, 0xff, 0xff,
    0xff, 0xff, 0xff, 0xfd, 0xff, 0xb2, 0x29, 0xff,
    0xb2, 0x22, 0x22, 0x22, 0x2b, 0xff, 0x92, 0x2b,
    0xff, 0xff, 0x70, 0x5, 0xff, 0x20, 0x0, 0x0,
    0x0, 0x2, 0xff, 0x50, 0x7, 0xff, 0xff, 0x70,
    0x5, 0xff, 0x20, 0x0, 0x0, 0x0, 0x2, 0xff,
    0x50, 0x7, 0xff, 0xff, 0xd7, 0x7c, 0xff, 0x20,
    0x0, 0x0, 0x0, 0x2, 0xff, 0xc7, 0x7d, 0xff,
    0xff, 0xff, 0xff, 0xff, 0x20, 0x0, 0x0, 0x0,
    0x2, 0xff, 0xff, 0xff, 0xff, 0xff, 0xff, 0xff,
    0xff, 0x30, 0x0, 0x0, 0x0, 0x3, 0xff, 0xff,
    0xff, 0xff, 0xff, 0xfd, 0xdf, 0xff, 0xc3, 0x33,
    0x33, 0x33, 0x3c, 0xff, 0xfd, 0xdf, 0xff, 0xff,
    0x80, 0x6, 0xff, 0xff, 0xff, 0xff, 0xff, 0xff,
    0xff, 0x60, 0x8, 0xff, 0xff, 0x70, 0x5, 0xff,
    0xff, 0xff, 0xff, 0xff, 0xff, 0xff, 0x50, 0x7,
    0xff, 0xff, 0xa2, 0x29, 0xff, 0xfe, 0xee, 0xee,
    0xee, 0xef, 0xff, 0x92, 0x2a, 0xff, 0xff, 0xff,
    0xff, 0xff, 0x80, 0x0, 0x0, 0x0, 0x8, 0xff,
    0xff, 0xff, 0xff, 0xff, 0xff, 0xff, 0xff, 0x20,
    0x0, 0x0, 0x0, 0x2, 0xff, 0xff, 0xff, 0xff,
    0xff, 0xff, 0xff, 0xff, 0x20, 0x0, 0x0, 0x0,
    0x2, 0xff, 0xff, 0xff, 0xff, 0xff, 0xb2, 0x29,
    0xff, 0x20, 0x0, 0x0, 0x0, 0x2, 0xff, 0x92,
    0x2b, 0xff, 0xff, 0x70, 0x5, 0xff, 0x20, 0x0,
    0x0, 0x0, 0x2, 0xff, 0x50, 0x7, 0xff, 0xff,
    0x70, 0x5, 0xff, 0x40, 0x0, 0x0, 0x0, 0x4,
    0xff, 0x50, 0x7, 0xff, 0xff, 0xd6, 0x6c, 0xff,
    0xe7, 0x66, 0x66, 0x66, 0x7e, 0xff, 0xc6, 0x6d,
    0xff, 0xcf, 0xff, 0xff, 0xff, 0xff, 0xff, 0xff,
    0xff, 0xff, 0xff, 0xff, 0xff, 0xfc, 0x4f, 0xff,
    0xff, 0xff, 0xff, 0xff, 0xff, 0xff, 0xff, 0xff,
    0xff, 0xff, 0xf4, 0x3, 0xad, 0xdd, 0xdd, 0xdd,
    0xdd, 0xdd, 0xdd, 0xdd, 0xdd, 0xdd, 0xda, 0x30,

    /* U+F00B "" */
    0x0, 0x1, 0x22, 0x22, 0x22, 0x22, 0x22, 0x22,
    0x22, 0x22, 0x22, 0x10, 0x0, 0x8, 0xff, 0xff,
    0xff, 0xff, 0xff, 0xff, 0xff, 0xff, 0xff, 0xff,
    0xff, 0x80, 0x7f, 0xff, 0xff, 0xff, 0xff, 0xff,
    0xff, 0xff, 0xff, 0xff, 0xff, 0xff, 0xf7, 0xdf,
    0xff, 0xff, 0xff, 0xff, 0xff, 0xff, 0xff, 0xff,
    0xff, 0xff, 0xff, 0xfd, 0xff, 0xf5, 0x22, 0x6f,
    0xfe, 0x22, 0x22, 0x22, 0x22, 0x22, 0x22, 0x5f,
    0xff, 0xff, 0xf4, 0x0, 0x5f, 0xfe, 0x0, 0x0,
    0x0, 0x0, 0x0, 0x0, 0x4f, 0xff, 0xff, 0xf4,
    0x0, 0x5f, 0xfe, 0x0, 0x0, 0x0, 0x0, 0x0,
    0x0, 0x4f, 0xff, 0xff, 0xf8, 0x66, 0x9f, 0xff,
    0x66, 0x66, 0x66, 0x66, 0x66, 0x66, 0x8f, 0xff,
    0xff, 0xff, 0xff, 0xff, 0xff, 0xff, 0xff, 0xff,
    0xff, 0xff, 0xff, 0xff, 0xff, 0xff, 0xff, 0xff,
    0xff, 0xff, 0xff, 0xff, 0xff, 0xff, 0xff, 0xff,
    0xff, 0xff, 0xff, 0xfe, 0xdd, 0xef, 0xff, 0xdd,
    0xdd, 0xdd, 0xdd, 0xdd, 0xdd, 0xef, 0xff, 0xff,
    0xf4, 0x0, 0x5f, 0xfe, 0x0, 0x0, 0x0, 0x0,
    0x0, 0x0, 0x4f, 0xff, 0xff, 0xf4, 0x0, 0x5f,
    0xfe, 0x0, 0x0, 0x0, 0x0, 0x0, 0x0, 0x4f,
    0xff, 0xff, 0xf5, 0x22, 0x6f, 0xfe, 0x22, 0x22,
    0x22, 0x22, 0x22, 0x22, 0x5f, 0xff, 0xff, 0xff,
    0xff, 0xff, 0xff, 0xff, 0xff, 0xff, 0xff, 0xff,
    0xff, 0xff, 0xff, 0xff, 0xff, 0xff, 0xff, 0xff,
    0xff, 0xff, 0xff, 0xff, 0xff, 0xff, 0xff, 0xff,
    0xff, 0xff, 0xff, 0xff, 0xff, 0xff, 0xff, 0xff,
    0xff, 0xff, 0xff, 0xff, 0xff, 0xff, 0xf5, 0x22,
    0x6f, 0xfe, 0x22, 0x22, 0x22, 0x22, 0x22, 0x22,
    0x5f, 0xff, 0xff, 0xf4, 0x0, 0x5f, 0xfe, 0x0,
    0x0, 0x0, 0x0, 0x0, 0x0, 0x4f, 0xff, 0xff,
    0xf4, 0x0, 0x5f, 0xfe, 0x0, 0x0, 0x0, 0x0,
    0x0, 0x0, 0x4f, 0xff, 0xff, 0xf8, 0x66, 0x9f,
    0xff, 0x66, 0x66, 0x66, 0x66, 0x66, 0x66, 0x8f,
    0xff, 0xcf, 0xff, 0xff, 0xff, 0xff, 0xff, 0xff,
    0xff, 0xff, 0xff, 0xff, 0xff, 0xfc, 0x4f, 0xff,
    0xff, 0xff, 0xff, 0xff, 0xff, 0xff, 0xff, 0xff,
    0xff, 0xff, 0xf4, 0x3, 0xad, 0xdd, 0xdd, 0xdd,
    0xdd, 0xdd, 0xdd, 0xdd, 0xdd, 0xdd, 0xda, 0x30,

    /* U+F00C "" */
    0x0, 0x0, 0x0, 0x0, 0x0, 0x0, 0x0, 0x0,
    0x0, 0x1, 0xbc, 0x30, 0x0, 0x0, 0x0, 0x0,
    0x0, 0x0, 0x0, 0x0, 0x1, 0xdf, 0xfb, 0x0,
    0x0, 0x0, 0x0, 0x0, 0x0, 0x0, 0x0, 0x1,
    0xdf, 0xff, 0x80, 0x0, 0x0, 0x0, 0x0, 0x0,
    0x0, 0x0, 0x1, 0xdf, 0xff, 0xb0, 0x0, 0x0,
    0x0, 0x0, 0x0, 0x0, 0x0, 0x1, 0xdf, 0xff,
    0xb0, 0x0, 0x0, 0x0, 0x0, 0x0, 0x0, 0x0,
    0x1, 0xdf, 0xff, 0xb0, 0x0, 0x5, 0x10, 0x0,
    0x0, 0x0, 0x0, 0x1, 0xdf, 0xff, 0xb0, 0x0,
    0xc, 0xff, 0x40, 0x0, 0x0, 0x0, 0x1, 0xdf,
    0xff, 0xb0, 0x0, 0x0, 0xff, 0xff, 0x30, 0x0,
    0x0, 0x1, 0xdf, 0xff, 0xb0, 0x0, 0x0, 0x6,
    0xff, 0xff, 0x30, 0x0, 0x1, 0xdf, 0xff, 0xb0,
    0x0, 0x0, 0x0, 0x7, 0xff, 0xff, 0x30, 0x1,
    0xdf, 0xff, 0xb0, 0x0, 0x0, 0x0, 0x0, 0x7,
    0xff, 0xff, 0x31, 0xdf, 0xff, 0xb0, 0x0, 0x0,
    0x0, 0x0, 0x0, 0x7, 0xff, 0xff, 0xdf, 0xff,
    0xb0, 0x0, 0x0, 0x0, 0x0, 0x0, 0x0, 0x7,
    0xff, 0xff, 0xff, 0xb0, 0x0, 0x0, 0x0, 0x0,
    0x0, 0x0, 0x0, 0x7, 0xff, 0xff, 0xb0, 0x0,
    0x0, 0x0, 0x0, 0x0, 0x0, 0x0, 0x0, 0x7,
    0xff, 0xb0, 0x0, 0x0, 0x0, 0x0, 0x0, 0x0,
    0x0, 0x0, 0x0, 0x3, 0x40, 0x0, 0x0, 0x0,
    0x0, 0x0, 0x0, 0x0,

    /* U+F00D "" */
    0x0, 0x10, 0x0, 0x0, 0x0, 0x0, 0x0, 0x1,
    0x1, 0xef, 0x90, 0x0, 0x0, 0x0, 0x0, 0x3e,
    0xf8, 0x5f, 0xff, 0x90, 0x0, 0x0, 0x0, 0x3e,
    0xff, 0xd1, 0xef, 0xff, 0x90, 0x0, 0x0, 0x2e,
    0xff, 0xf7, 0x2, 0xef, 0xff, 0x90, 0x0, 0x2e,
    0xff, 0xf8, 0x0, 0x2, 0xef, 0xff, 0x90, 0x2e,
    0xff, 0xf8, 0x0, 0x0, 0x1, 0xdf, 0xff, 0xae,
    0xff, 0xf7, 0x0, 0x0, 0x0, 0x1, 0xdf, 0xff,
    0xff, 0xf7, 0x0, 0x0, 0x0, 0x0, 0x1, 0xdf,
    0xff, 0xf7, 0x0, 0x0, 0x0, 0x0, 0x0, 0x3e,
    0xff, 0xff, 0x90, 0x0, 0x0, 0x0, 0x0, 0x3e,
    0xff, 0xff, 0xff, 0x90, 0x0, 0x0, 0x0, 0x3f,
    0xff, 0xf8, 0xdf, 0xff, 0xa0, 0x0, 0x0, 0x3f,
    0xff, 0xf7, 0x1, 0xdf, 0xff, 0xa0, 0x0, 0x3f,
    0xff, 0xf7, 0x0, 0x1, 0xdf, 0xff, 0xa0, 0x1f,
    0xff, 0xf7, 0x0, 0x0, 0x1, 0xdf, 0xff, 0x95,
    0xff, 0xf7, 0x0, 0x0, 0x0, 0x1, 0xdf, 0xfd,
    0xc, 0xf6, 0x0, 0x0, 0x0, 0x0, 0x1, 0xcf,
    0x60,

    /* U+F011 "" */
    0x0, 0x0, 0x0, 0x0, 0x0, 0x3, 0xb8, 0x0,
    0x0, 0x0, 0x0, 0x0, 0x0, 0x0, 0x0, 0x0,
    0x0, 0x0, 0xcf, 0xf5, 0x0, 0x0, 0x0, 0x0,
    0x0, 0x0, 0x0, 0x0, 0x0, 0x0, 0xd, 0xff,
    0x60, 0x0, 0x0, 0x0, 0x0, 0x0, 0x0, 0x0,
    0x47, 0x10, 0x0, 0xdf, 0xf6, 0x0, 0x3, 0x71,
    0x0, 0x0, 0x0, 0x0, 0x6f, 0xfb, 0x0, 0xd,
    0xff, 0x60, 0x1, 0xff, 0xe1, 0x0, 0x0, 0x0,
    0x6f, 0xff, 0xc0, 0x0, 0xdf, 0xf6, 0x0, 0x2f,
    0xff, 0xd1, 0x0, 0x0, 0x2f, 0xff, 0xf3, 0x0,
    0xd, 0xff, 0x60, 0x0, 0x9f, 0xff, 0xb0, 0x0,
    0xb, 0xff, 0xf3, 0x0, 0x0, 0xdf, 0xf6, 0x0,
    0x0, 0x9f, 0xff, 0x50, 0x3, 0xff, 0xf7, 0x0,
    0x0, 0xd, 0xff, 0x60, 0x0, 0x0, 0xdf, 0xfd,
    0x0, 0x9f, 0xfe, 0x0, 0x0, 0x0, 0xdf, 0xf6,
    0x0, 0x0, 0x4, 0xff, 0xf3, 0xe, 0xff, 0x80,
    0x0, 0x0, 0xd, 0xff, 0x60, 0x0, 0x0, 0xe,
    0xff, 0x70, 0xff, 0xf4, 0x0, 0x0, 0x0, 0xdf,
    0xf6, 0x0, 0x0, 0x0, 0xaf, 0xfa, 0x2f, 0xff,
    0x20, 0x0, 0x0, 0xd, 0xff, 0x60, 0x0, 0x0,
    0x8, 0xff, 0xc2, 0xff, 0xf1, 0x0, 0x0, 0x0,
    0xcf, 0xf5, 0x0, 0x0, 0x0, 0x7f, 0xfc, 0x1f,
    0xff, 0x30, 0x0, 0x0, 0x4, 0xda, 0x0, 0x0,
    0x0, 0x9, 0xff, 0xb0, 0xff, 0xf6, 0x0, 0x0,
    0x0, 0x0, 0x0, 0x0, 0x0, 0x0, 0xcf, 0xf8,
    0xb, 0xff, 0xb0, 0x0, 0x0, 0x0, 0x0, 0x0,
    0x0, 0x0, 0x1f, 0xff, 0x50, 0x6f, 0xff, 0x20,
    0x0, 0x0, 0x0, 0x0, 0x0, 0x0, 0x9, 0xff,
    0xf0, 0x0, 0xef, 0xfc, 0x0, 0x0, 0x0, 0x0,
    0x0, 0x0, 0x3, 0xff, 0xf9, 0x0, 0x7, 0xff,
    0xf9, 0x0, 0x0, 0x0, 0x0, 0x0, 0x2, 0xef,
    0xff, 0x10, 0x0, 0xc, 0xff, 0xfb, 0x10, 0x0,
    0x0, 0x0, 0x4, 0xef, 0xff, 0x60, 0x0, 0x0,
    0x1d, 0xff, 0xff, 0x83, 0x0, 0x0, 0x5b, 0xff,
    0xff, 0x90, 0x0, 0x0, 0x0, 0x1d, 0xff, 0xff,
    0xff, 0xde, 0xff, 0xff, 0xff, 0x80, 0x0, 0x0,
    0x0, 0x0, 0x9, 0xff, 0xff, 0xff, 0xff, 0xff,
    0xfe, 0x40, 0x0, 0x0, 0x0, 0x0, 0x0, 0x2,
    0x9e, 0xff, 0xff, 0xff, 0xc6, 0x0, 0x0, 0x0,
    0x0, 0x0, 0x0, 0x0, 0x0, 0x2, 0x56, 0x54,
    0x10, 0x0, 0x0, 0x0, 0x0,

    /* U+F013 "" */
    0x0, 0x0, 0x0, 0x0, 0x0, 0x6b, 0xcc, 0xb6,
    0x0, 0x0, 0x0, 0x0, 0x0, 0x0, 0x0, 0x0,
    0x0, 0x2, 0xff, 0xff, 0xff, 0x20, 0x0, 0x0,
    0x0, 0x0, 0x0, 0x0, 0x0, 0x0, 0x6, 0xff,
    0xff, 0xff, 0x50, 0x0, 0x0, 0x0, 0x0, 0x0,
    0x0, 0x0, 0x0, 0x9, 0xff, 0xff, 0xff, 0x80,
    0x0, 0x0, 0x0, 0x0, 0x0, 0x6, 0x61, 0x0,
    0x7f, 0xff, 0xff, 0xff, 0xf7, 0x0, 0x16, 0x60,
    0x0, 0x0, 0x7f, 0xff, 0xbd, 0xff, 0xff, 0xff,
    0xff, 0xff, 0xdb, 0xff, 0xf7, 0x0, 0x2, 0xff,
    0xff, 0xff, 0xff, 0xff, 0xff, 0xff, 0xff, 0xff,
    0xff, 0xff, 0x20, 0xa, 0xff, 0xff, 0xff, 0xff,
    0xff, 0xff, 0xff, 0xff, 0xff, 0xff, 0xff, 0xa0,
    0x1f, 0xff, 0xff, 0xff, 0xff, 0xff, 0xff, 0xff,
    0xff, 0xff, 0xff, 0xff, 0xf1, 0x1f, 0xff, 0xff,
    0xff, 0xff, 0xe6, 0x22, 0x6e, 0xff, 0xff, 0xff,
    0xff, 0xf1, 0x3, 0xff, 0xff, 0xff, 0xfe, 0x10,
    0x0, 0x1, 0xef, 0xff, 0xff, 0xfe, 0x30, 0x0,
    0x2e, 0xff, 0xff, 0xf5, 0x0, 0x0, 0x0, 0x5f,
    0xff, 0xff, 0xe2, 0x0, 0x0, 0xb, 0xff, 0xff,
    0xf0, 0x0, 0x0, 0x0, 0xf, 0xff, 0xff, 0xa0,
    0x0, 0x0, 0xb, 0xff, 0xff, 0xf0, 0x0, 0x0,
    0x0, 0xf, 0xff, 0xff, 0xb0, 0x0, 0x0, 0xc,
    0xff, 0xff, 0xf3, 0x0, 0x0, 0x0, 0x3f, 0xff,
    0xff, 0xc0, 0x0, 0x1, 0xcf, 0xff, 0xff, 0xfb,
    0x0, 0x0, 0x0, 0xbf, 0xff, 0xff, 0xfc, 0x10,
    0xd, 0xff, 0xff, 0xff, 0xff, 0xb2, 0x0, 0x2b,
    0xff, 0xff, 0xff, 0xff, 0xd0, 0x3f, 0xff, 0xff,
    0xff, 0xff, 0xff, 0xdd, 0xff, 0xff, 0xff, 0xff,
    0xff, 0xf2, 0xd, 0xff, 0xff, 0xff, 0xff, 0xff,
    0xff, 0xff, 0xff, 0xff, 0xff, 0xff, 0xc0, 0x5,
    0xff, 0xff, 0xff, 0xff, 0xff, 0xff, 0xff, 0xff,
    0xff, 0xff, 0xff, 0x40, 0x0, 0xaf, 0xff, 0xff,
    0xff, 0xff, 0xff, 0xff, 0xff, 0xff, 0xff, 0xfa,
    0x0, 0x0, 0x1a, 0xa5, 0x3, 0xcf, 0xff, 0xff,
    0xff, 0xfb, 0x21, 0x5a, 0xa0, 0x0, 0x0, 0x0,
    0x0, 0x0, 0xa, 0xff, 0xff, 0xff, 0x90, 0x0,
    0x0, 0x0, 0x0, 0x0, 0x0, 0x0, 0x0, 0x6,
    0xff, 0xff, 0xff, 0x60, 0x0, 0x0, 0x0, 0x0,
    0x0, 0x0, 0x0, 0x0, 0x3, 0xff, 0xff, 0xff,
    0x30, 0x0, 0x0, 0x0, 0x0, 0x0, 0x0, 0x0,
    0x0, 0x0, 0xbf, 0xff, 0xfb, 0x0, 0x0, 0x0,
    0x0, 0x0, 0x0, 0x0, 0x0, 0x0, 0x0, 0x0,
    0x11, 0x0, 0x0, 0x0, 0x0, 0x0, 0x0,

    /* U+F015 "" */
    0x0, 0x0, 0x0, 0x0, 0x0, 0x0, 0x0, 0x7c,
    0x70, 0x0, 0x0, 0x0, 0x0, 0x0, 0x0, 0x0,
    0x0, 0x0, 0x0, 0x0, 0x0, 0x0, 0xaf, 0xff,
    0xa0, 0x0, 0x0, 0x0, 0x0, 0x0, 0x0, 0x0,
    0x0, 0x0, 0x0, 0x0, 0x1, 0xcf, 0xff, 0xff,
    0xb1, 0x0, 0x0, 0x0, 0x0, 0x0, 0x0, 0x0,
    0x0, 0x0, 0x0, 0x2, 0xdf, 0xff, 0xff, 0xff,
    0xd1, 0x0, 0x0, 0x0, 0x0, 0x0, 0x0, 0x0,
    0x0, 0x0, 0x3, 0xef, 0xff, 0xff, 0xff, 0xff,
    0xe3, 0x0, 0x0, 0x0, 0x0, 0x0, 0x0, 0x0,
    0x0, 0x5, 0xff, 0xff, 0xff, 0xff, 0xff, 0xff,
    0xf4, 0x0, 0x0, 0x0, 0x0, 0x0, 0x0, 0x0,
    0x7, 0xff, 0xff, 0xff, 0xff, 0xff, 0xff, 0xff,
    0xf6, 0x0, 0x0, 0x0, 0x0, 0x0, 0x0, 0x9,
    0xff, 0xff, 0xff, 0xff, 0xff, 0xff, 0xff, 0xff,
    0xf8, 0x0, 0x0, 0x0, 0x0, 0x0, 0xb, 0xff,
    0xff, 0xff, 0xff, 0xff, 0xff, 0xff, 0xff, 0xff,
    0xfa, 0x0, 0x0, 0x0, 0x0, 0x1c, 0xff, 0xff,
    0xff, 0xff, 0xff, 0xff, 0xff, 0xff, 0xff, 0xff,
    0xfb, 0x0, 0x0, 0x0, 0x2d, 0xff, 0xff, 0xff,
    0xff, 0xff, 0xff, 0xff, 0xff, 0xff, 0xff, 0xff,
    0xfd, 0x10, 0x0, 0x4e, 0xff, 0xff, 0xff, 0xff,
    0xff, 0xff, 0xff, 0xff, 0xff, 0xff, 0xff, 0xff,
    0xfe, 0x30, 0xf, 0xff, 0xff, 0xff, 0xff, 0xff,
    0xff, 0xff, 0xff, 0xff, 0xff, 0xff, 0xff, 0xff,
    0xfe, 0x1, 0xff, 0xff, 0xff, 0xff, 0xff, 0xff,
    0xff, 0xff, 0xff, 0xff, 0xff, 0xff, 0xff, 0xff,
    0xf1, 0x6, 0xcc, 0xff, 0xff, 0xff, 0xff, 0xff,
    0xff, 0xff, 0xff, 0xff, 0xff, 0xff, 0xfc, 0xc5,
    0x0, 0x0, 0xe, 0xff, 0xff, 0xff, 0xff, 0xff,
    0xff, 0xff, 0xff, 0xff, 0xff, 0xfe, 0x0, 0x0,
    0x0, 0x0, 0xef, 0xff, 0xff, 0xff, 0xff, 0xff,
    0xff, 0xff, 0xff, 0xff, 0xff, 0xe0, 0x0, 0x0,
    0x0, 0xe, 0xff, 0xff, 0xff, 0xff, 0xff, 0xff,
    0xff, 0xff, 0xff, 0xff, 0xfe, 0x0, 0x0, 0x0,
    0x0, 0xef, 0xff, 0xff, 0xff, 0xb1, 0x0, 0x1,
    0xbf, 0xff, 0xff, 0xff, 0xf0, 0x0, 0x0, 0x0,
    0xe, 0xff, 0xff, 0xff, 0xf3, 0x0, 0x0, 0x3,
    0xff, 0xff, 0xff, 0xff, 0x0, 0x0, 0x0, 0x0,
    0xef, 0xff, 0xff, 0xff, 0x30, 0x0, 0x0, 0x3f,
    0xff, 0xff, 0xff, 0xf0, 0x0, 0x0, 0x0, 0xe,
    0xff, 0xff, 0xff, 0xf3, 0x0, 0x0, 0x3, 0xff,
    0xff, 0xff, 0xff, 0x0, 0x0, 0x0, 0x0, 0xef,
    0xff, 0xff, 0xff, 0x30, 0x0, 0x0, 0x3f, 0xff,
    0xff, 0xff, 0xf0, 0x0, 0x0, 0x0, 0xe, 0xff,
    0xff, 0xff, 0xf3, 0x0, 0x0, 0x3, 0xff, 0xff,
    0xff, 0xfe, 0x0, 0x0, 0x0, 0x0, 0xdf, 0xff,
    0xff, 0xff, 0x20, 0x0, 0x0, 0x2f, 0xff, 0xff,
    0xff, 0xd0, 0x0, 0x0, 0x0, 0x5, 0xff, 0xff,
    0xff, 0x90, 0x0, 0x0, 0x0, 0x9f, 0xff, 0xff,
    0xf5, 0x0, 0x0, 0x0, 0x0, 0x0, 0x22, 0x22,
    0x10, 0x0, 0x0, 0x0, 0x0, 0x12, 0x22, 0x20,
    0x0, 0x0, 0x0,

    /* U+F019 "" */
    0x0, 0x0, 0x0, 0x0, 0x0, 0x0, 0x88, 0x0,
    0x0, 0x0, 0x0, 0x0, 0x0, 0x0, 0x0, 0x0,
    0x0, 0x0, 0x8, 0xff, 0x80, 0x0, 0x0, 0x0,
    0x0, 0x0, 0x0, 0x0, 0x0, 0x0, 0x0, 0x9,
    0xff, 0x90, 0x0, 0x0, 0x0, 0x0, 0x0, 0x0,
    0x0, 0x0, 0x0, 0x0, 0x9, 0xff, 0x90, 0x0,
    0x0, 0x0, 0x0, 0x0, 0x0, 0x0, 0x0, 0x0,
    0x0, 0x9, 0xff, 0x90, 0x0, 0x0, 0x0, 0x0,
    0x0, 0x0, 0x0, 0x0, 0x0, 0x0, 0x9, 0xff,
    0x90, 0x0, 0x0, 0x0, 0x0, 0x0, 0x0, 0x0,
    0x0, 0x0, 0x0, 0x9, 0xff, 0x90, 0x0, 0x0,
    0x0, 0x0, 0x0, 0x0, 0x0, 0x0, 0x0, 0x0,
    0x9, 0xff, 0x90, 0x0, 0x0, 0x0, 0x0, 0x0,
    0x0, 0x0, 0x0, 0x0, 0x0, 0x9, 0xff, 0x90,
    0x0, 0x0, 0x0, 0x0, 0x0, 0x0, 0x0, 0x0,
    0x20, 0x0, 0x9, 0xff, 0x90, 0x0, 0x2, 0x0,
    0x0, 0x0, 0x0, 0x0, 0xc, 0xfc, 0x10, 0x9,
    0xff, 0x90, 0x1, 0xdf, 0xc0, 0x0, 0x0, 0x0,
    0x0, 0x1f, 0xff, 0xd1, 0x9, 0xff, 0x90, 0x1d,
    0xff, 0xf1, 0x0, 0x0, 0x0, 0x0, 0xc, 0xff,
    0xfc, 0x19, 0xff, 0x91, 0xcf, 0xff, 0xc0, 0x0,
    0x0, 0x0, 0x0, 0x1, 0xdf, 0xff, 0xcb, 0xff,
    0xbc, 0xff, 0xfd, 0x10, 0x0, 0x0, 0x0, 0x0,
    0x0, 0x1d, 0xff, 0xff, 0xff, 0xff, 0xff, 0xd1,
    0x0, 0x0, 0x0, 0x0, 0x0, 0x0, 0x1, 0xdf,
    0xff, 0xff, 0xff, 0xfd, 0x10, 0x0, 0x0, 0x0,
    0x0, 0x0, 0x0, 0x0, 0x1d, 0xff, 0xff, 0xff,
    0xd1, 0x0, 0x0, 0x0, 0x0, 0x0, 0x1, 0x11,
    0x11, 0x1, 0xef, 0xff, 0xfe, 0x10, 0x11, 0x11,
    0x10, 0x0, 0x7, 0xef, 0xff, 0xff, 0xe2, 0x2e,
    0xff, 0xe2, 0x1d, 0xff, 0xff, 0xfe, 0x70, 0x7f,
    0xff, 0xff, 0xff, 0xfe, 0x22, 0xbb, 0x22, 0xdf,
    0xff, 0xff, 0xff, 0xf7, 0xdf, 0xff, 0xff, 0xff,
    0xff, 0xe4, 0x0, 0x4e, 0xff, 0xff, 0xff, 0xff,
    0xfd, 0xff, 0xff, 0xff, 0xff, 0xff, 0xff, 0xee,
    0xff, 0xff, 0xff, 0xe0, 0x1f, 0xff, 0xff, 0xff,
    0xff, 0xff, 0xff, 0xff, 0xff, 0xff, 0xff, 0xff,
    0xd0, 0x1f, 0xff, 0xdf, 0xff, 0xff, 0xff, 0xff,
    0xff, 0xff, 0xff, 0xff, 0xff, 0xfe, 0xef, 0xfd,
    0x6f, 0xff, 0xff, 0xff, 0xff, 0xff, 0xff, 0xff,
    0xff, 0xff, 0xff, 0xff, 0xf6, 0x7, 0xef, 0xff,
    0xff, 0xff, 0xff, 0xff, 0xff, 0xff, 0xff, 0xff,
    0xfe, 0x70, 0x0, 0x0, 0x0, 0x0, 0x0, 0x0,
    0x0, 0x0, 0x0, 0x0, 0x0, 0x0, 0x0,

    /* U+F01C "" */
    0x0, 0x0, 0x0, 0x11, 0x11, 0x11, 0x11, 0x11,
    0x11, 0x11, 0x0, 0x0, 0x0, 0x0, 0x0, 0x9f,
    0xff, 0xff, 0xff, 0xff, 0xff, 0xff, 0xff, 0xf9,
    0x0, 0x0, 0x0, 0x9, 0xff, 0xff, 0xff, 0xff,
    0xff, 0xff, 0xff, 0xff, 0xff, 0x90, 0x0, 0x0,
    0xf, 0xff, 0xff, 0xff, 0xff, 0xff, 0xff, 0xff,
    0xff, 0xff, 0xf0, 0x0, 0x0, 0x4f, 0xff, 0x21,
    0x11, 0x11, 0x11, 0x11, 0x11, 0x12, 0xff, 0xf4,
    0x0, 0x0, 0x8f, 0xfc, 0x0, 0x0, 0x0, 0x0,
    0x0, 0x0, 0x0, 0xcf, 0xf8, 0x0, 0x0, 0xcf,
    0xf8, 0x0, 0x0, 0x0, 0x0, 0x0, 0x0, 0x0,
    0x8f, 0xfc, 0x0, 0x0, 0xff, 0xf4, 0x0, 0x0,
    0x0, 0x0, 0x0, 0x0, 0x0, 0x4f, 0xff, 0x0,
    0x4, 0xff, 0xf0, 0x0, 0x0, 0x0, 0x0, 0x0,
    0x0, 0x0, 0xf, 0xff, 0x40, 0x8, 0xff, 0xc0,
    0x0, 0x0, 0x0, 0x0, 0x0, 0x0, 0x0, 0xc,
    0xff, 0x80, 0xc, 0xff, 0x80, 0x0, 0x0, 0x0,
    0x0, 0x0, 0x0, 0x0, 0x8, 0xff, 0xc0, 0x1f,
    0xff, 0x40, 0x0, 0x0, 0x0, 0x0, 0x0, 0x0,
    0x0, 0x4, 0xff, 0xf1, 0x4f, 0xff, 0x0, 0x0,
    0x0, 0x0, 0x0, 0x0, 0x0, 0x0, 0x0, 0xff,
    0xf4, 0x8f, 0xfd, 0x33, 0x20, 0x0, 0x0, 0x0,
    0x0, 0x0, 0x2, 0x33, 0xdf, 0xf9, 0xcf, 0xff,
    0xff, 0xf8, 0x0, 0x0, 0x0, 0x0, 0x0, 0x8f,
    0xff, 0xff, 0xfd, 0xff, 0xff, 0xff, 0xff, 0x20,
    0x0, 0x0, 0x0, 0x2, 0xff, 0xff, 0xff, 0xff,
    0xff, 0xff, 0xff, 0xff, 0xc1, 0x0, 0x0, 0x0,
    0x1c, 0xff, 0xff, 0xff, 0xff, 0xff, 0xff, 0xff,
    0xff, 0xff, 0xff, 0xff, 0xff, 0xff, 0xff, 0xff,
    0xff, 0xff, 0xff, 0xff, 0xff, 0xff, 0xff, 0xff,
    0xff, 0xff, 0xff, 0xff, 0xff, 0xff, 0xff, 0xff,
    0xff, 0xff, 0xff, 0xff, 0xff, 0xff, 0xff, 0xff,
    0xff, 0xff, 0xff, 0xff, 0xff, 0xff, 0xff, 0xff,
    0xff, 0xff, 0xff, 0xff, 0xff, 0xff, 0xff, 0xff,
    0xff, 0xbf, 0xff, 0xff, 0xff, 0xff, 0xff, 0xff,
    0xff, 0xff, 0xff, 0xff, 0xff, 0xfb, 0x2e, 0xff,
    0xff, 0xff, 0xff, 0xff, 0xff, 0xff, 0xff, 0xff,
    0xff, 0xff, 0xe2, 0x0, 0x68, 0x88, 0x88, 0x88,
    0x88, 0x88, 0x88, 0x88, 0x88, 0x88, 0x86, 0x0,

    /* U+F021 "" */
    0x0, 0x0, 0x0, 0x0, 0x0, 0x0, 0x0, 0x0,
    0x0, 0x0, 0x0, 0x0, 0x0, 0x0, 0x0, 0x0,
    0x0, 0x5, 0x9c, 0xdd, 0xc9, 0x50, 0x0, 0x0,
    0x0, 0x0, 0x0, 0x0, 0x0, 0x7, 0xef, 0xff,
    0xff, 0xff, 0xfe, 0x70, 0x0, 0xaf, 0xc0, 0x0,
    0x0, 0x1, 0xcf, 0xff, 0xff, 0xff, 0xff, 0xff,
    0xfc, 0x20, 0xff, 0xf2, 0x0, 0x0, 0x2e, 0xff,
    0xff, 0xc8, 0x66, 0x8c, 0xff, 0xff, 0xe3, 0xff,
    0xf2, 0x0, 0x1, 0xdf, 0xff, 0xc3, 0x0, 0x0,
    0x0, 0x3c, 0xff, 0xff, 0xff, 0xf2, 0x0, 0xa,
    0xff, 0xf8, 0x0, 0x0, 0x0, 0x0, 0x0, 0x8f,
    0xff, 0xff, 0xf2, 0x0, 0x3f, 0xff, 0xa0, 0x0,
    0x0, 0x0, 0x0, 0x5, 0x6d, 0xff, 0xff, 0xf2,
    0x0, 0xaf, 0xfe, 0x0, 0x0, 0x0, 0x0, 0x0,
    0x8f, 0xff, 0xff, 0xff, 0xf2, 0x0, 0xbf, 0xf7,
    0x0, 0x0, 0x0, 0x0, 0x0, 0xbf, 0xff, 0xff,
    0xff, 0xf2, 0x0, 0x3c, 0xa0, 0x0, 0x0, 0x0,
    0x0, 0x0, 0x3c, 0xdd, 0xdd, 0xdd, 0x80, 0x0,
    0x0, 0x0, 0x0, 0x0, 0x0, 0x0, 0x0, 0x0,
    0x0, 0x0, 0x0, 0x0, 0x0, 0x0, 0x0, 0x0,
    0x0, 0x0, 0x0, 0x0, 0x0, 0x0, 0x0, 0x0,
    0x0, 0x0, 0x11, 0x11, 0x11, 0x0, 0x0, 0x0,
    0x0, 0x0, 0x0, 0x0, 0x0, 0x0, 0xb, 0xff,
    0xff, 0xff, 0xf5, 0x0, 0x0, 0x0, 0x0, 0x0,
    0x1e, 0xf6, 0x0, 0x2f, 0xff, 0xff, 0xff, 0xfb,
    0x0, 0x0, 0x0, 0x0, 0x0, 0x9f, 0xfc, 0x0,
    0x2f, 0xff, 0xff, 0xff, 0xf5, 0x0, 0x0, 0x0,
    0x0, 0x2, 0xff, 0xf8, 0x0, 0x2f, 0xff, 0xff,
    0xd2, 0x0, 0x0, 0x0, 0x0, 0x0, 0xd, 0xff,
    0xf1, 0x0, 0x2f, 0xff, 0xff, 0xfc, 0x10, 0x0,
    0x0, 0x0, 0x1, 0xcf, 0xff, 0x70, 0x0, 0x2f,
    0xff, 0xcf, 0xff, 0xe7, 0x10, 0x0, 0x1, 0x7e,
    0xff, 0xfb, 0x0, 0x0, 0x2f, 0xff, 0x1b, 0xff,
    0xff, 0xfc, 0xaa, 0xcf, 0xff, 0xff, 0xb0, 0x0,
    0x0, 0x1f, 0xff, 0x0, 0x8f, 0xff, 0xff, 0xff,
    0xff, 0xff, 0xf8, 0x0, 0x0, 0x0, 0x7, 0xc6,
    0x0, 0x3, 0xbf, 0xff, 0xff, 0xff, 0xfb, 0x30,
    0x0, 0x0, 0x0, 0x0, 0x0, 0x0, 0x0, 0x1,
    0x58, 0x99, 0x85, 0x10, 0x0, 0x0, 0x0, 0x0,

    /* U+F026 "" */
    0x0, 0x0, 0x0, 0x0, 0x0, 0x0, 0x0, 0x20,
    0x0, 0x0, 0x0, 0x0, 0x0, 0x0, 0x0, 0xbf,
    0xd0, 0x0, 0x0, 0x0, 0x0, 0x0, 0x1, 0xcf,
    0xff, 0x30, 0x0, 0x0, 0x0, 0x0, 0x2, 0xdf,
    0xff, 0xf3, 0x0, 0x0, 0x0, 0x0, 0x3, 0xef,
    0xff, 0xff, 0x30, 0x0, 0x0, 0x0, 0x4, 0xff,
    0xff, 0xff, 0xf3, 0x0, 0x0, 0x0, 0x6, 0xff,
    0xff, 0xff, 0xff, 0x30, 0x28, 0xbb, 0xbb, 0xff,
    0xff, 0xff, 0xff, 0xf3, 0x3f, 0xff, 0xff, 0xff,
    0xff, 0xff, 0xff, 0xff, 0x3c, 0xff, 0xff, 0xff,
    0xff, 0xff, 0xff, 0xff, 0xf3, 0xff, 0xff, 0xff,
    0xff, 0xff, 0xff, 0xff, 0xff, 0x3f, 0xff, 0xff,
    0xff, 0xff, 0xff, 0xff, 0xff, 0xf3, 0xff, 0xff,
    0xff, 0xff, 0xff, 0xff, 0xff, 0xff, 0x3f, 0xff,
    0xff, 0xff, 0xff, 0xff, 0xff, 0xff, 0xf3, 0xdf,
    0xff, 0xff, 0xff, 0xff, 0xff, 0xff, 0xff, 0x36,
    0xff, 0xff, 0xff, 0xff, 0xff, 0xff, 0xff, 0xf3,
    0x7, 0xef, 0xff, 0xff, 0xff, 0xff, 0xff, 0xff,
    0x30, 0x0, 0x0, 0x1, 0xbf, 0xff, 0xff, 0xff,
    0xf3, 0x0, 0x0, 0x0, 0x0, 0xaf, 0xff, 0xff,
    0xff, 0x30, 0x0, 0x0, 0x0, 0x0, 0x8f, 0xff,
    0xff, 0xf3, 0x0, 0x0, 0x0, 0x0, 0x0, 0x6f,
    0xff, 0xff, 0x30, 0x0, 0x0, 0x0, 0x0, 0x0,
    0x5f, 0xff, 0xf3, 0x0, 0x0, 0x0, 0x0, 0x0,
    0x0, 0x3e, 0xff, 0x10, 0x0, 0x0, 0x0, 0x0,
    0x0, 0x0, 0x28, 0x30,

    /* U+F027 "" */
    0x0, 0x0, 0x0, 0x0, 0x0, 0x0, 0x0, 0x20,
    0x0, 0x0, 0x0, 0x0, 0x0, 0x0, 0x0, 0x0,
    0x0, 0x0, 0xbf, 0xd0, 0x0, 0x0, 0x0, 0x0,
    0x0, 0x0, 0x0, 0x0, 0x1, 0xcf, 0xff, 0x30,
    0x0, 0x0, 0x0, 0x0, 0x0, 0x0, 0x0, 0x2,
    0xdf, 0xff, 0xf4, 0x0, 0x0, 0x0, 0x0, 0x0,
    0x0, 0x0, 0x3, 0xef, 0xff, 0xff, 0x40, 0x0,
    0x0, 0x0, 0x0, 0x0, 0x0, 0x4, 0xff, 0xff,
    0xff, 0xf4, 0x0, 0x0, 0x0, 0x0, 0x0, 0x0,
    0x6, 0xff, 0xff, 0xff, 0xff, 0x40, 0x0, 0x0,
    0x0, 0x28, 0xbb, 0xbb, 0xff, 0xff, 0xff, 0xff,
    0xf4, 0x0, 0x0, 0x0, 0x3f, 0xff, 0xff, 0xff,
    0xff, 0xff, 0xff, 0xff, 0x40, 0x8, 0xb1, 0xc,
    0xff, 0xff, 0xff, 0xff, 0xff, 0xff, 0xff, 0xf4,
    0x0, 0xff, 0xd0, 0xff, 0xff, 0xff, 0xff, 0xff,
    0xff, 0xff, 0xff, 0x40, 0x8, 0xff, 0x5f, 0xff,
    0xff, 0xff, 0xff, 0xff, 0xff, 0xff, 0xf4, 0x0,
    0xe, 0xf9, 0xff, 0xff, 0xff, 0xff, 0xff, 0xff,
    0xff, 0xff, 0x40, 0x0, 0xcf, 0xaf, 0xff, 0xff,
    0xff, 0xff, 0xff, 0xff, 0xff, 0xf4, 0x0, 0x2f,
    0xf8, 0xdf, 0xff, 0xff, 0xff, 0xff, 0xff, 0xff,
    0xff, 0x40, 0xd, 0xff, 0x26, 0xff, 0xff, 0xff,
    0xff, 0xff, 0xff, 0xff, 0xf4, 0x0, 0xef, 0x70,
    0x7, 0xef, 0xff, 0xff, 0xff, 0xff, 0xff, 0xff,
    0x40, 0x1, 0x30, 0x0, 0x0, 0x0, 0x1, 0xbf,
    0xff, 0xff, 0xff, 0xf4, 0x0, 0x0, 0x0, 0x0,
    0x0, 0x0, 0x0, 0xaf, 0xff, 0xff, 0xff, 0x40,
    0x0, 0x0, 0x0, 0x0, 0x0, 0x0, 0x0, 0x8f,
    0xff, 0xff, 0xf4, 0x0, 0x0, 0x0, 0x0, 0x0,
    0x0, 0x0, 0x0, 0x6f, 0xff, 0xff, 0x40, 0x0,
    0x0, 0x0, 0x0, 0x0, 0x0, 0x0, 0x0, 0x5f,
    0xff, 0xf3, 0x0, 0x0, 0x0, 0x0, 0x0, 0x0,
    0x0, 0x0, 0x0, 0x3e, 0xff, 0x10, 0x0, 0x0,
    0x0, 0x0, 0x0, 0x0, 0x0, 0x0, 0x0, 0x28,
    0x30, 0x0, 0x0, 0x0,

    /* U+F028 "" */
    0x0, 0x0, 0x0, 0x0, 0x0, 0x0, 0x0, 0x20,
    0x0, 0x0, 0x0, 0x0, 0x1, 0x50, 0x0, 0x0,
    0x0, 0x0, 0x0, 0x0, 0x0, 0x0, 0x0, 0xbf,
    0xd0, 0x0, 0x0, 0x0, 0x0, 0xcf, 0xb0, 0x0,
    0x0, 0x0, 0x0, 0x0, 0x0, 0x0, 0x1, 0xcf,
    0xff, 0x30, 0x0, 0x0, 0x0, 0xa, 0xff, 0xb0,
    0x0, 0x0, 0x0, 0x0, 0x0, 0x0, 0x2, 0xdf,
    0xff, 0xf4, 0x0, 0x0, 0x0, 0x0, 0xb, 0xff,
    0x90, 0x0, 0x0, 0x0, 0x0, 0x0, 0x3, 0xef,
    0xff, 0xff, 0x40, 0x0, 0x0, 0x47, 0x0, 0xb,
    0xff, 0x40, 0x0, 0x0, 0x0, 0x0, 0x4, 0xff,
    0xff, 0xff, 0xf4, 0x0, 0x0, 0xe, 0xfc, 0x0,
    0x1f, 0xfd, 0x0, 0x0, 0x0, 0x0, 0x6, 0xff,
    0xff, 0xff, 0xff, 0x40, 0x0, 0x0, 0x8f, 0xfb,
    0x0, 0x6f, 0xf4, 0x0, 0x28, 0xbb, 0xbb, 0xff,
    0xff, 0xff, 0xff, 0xf4, 0x0, 0x0, 0x0, 0x9f,
    0xf5, 0x0, 0xef, 0xb0, 0x3f, 0xff, 0xff, 0xff,
    0xff, 0xff, 0xff, 0xff, 0x40, 0x8, 0xb1, 0x0,
    0xdf, 0xd0, 0x8, 0xff, 0xc, 0xff, 0xff, 0xff,
    0xff, 0xff, 0xff, 0xff, 0xf4, 0x0, 0xff, 0xd0,
    0x6, 0xff, 0x30, 0x4f, 0xf3, 0xff, 0xff, 0xff,
    0xff, 0xff, 0xff, 0xff, 0xff, 0x40, 0x8, 0xff,
    0x50, 0x1f, 0xf6, 0x1, 0xff, 0x5f, 0xff, 0xff,
    0xff, 0xff, 0xff, 0xff, 0xff, 0xf4, 0x0, 0xe,
    0xf9, 0x0, 0xef, 0x80, 0xf, 0xf7, 0xff, 0xff,
    0xff, 0xff, 0xff, 0xff, 0xff, 0xff, 0x40, 0x0,
    0xcf, 0xa0, 0xd, 0xf9, 0x0, 0xff, 0x7f, 0xff,
    0xff, 0xff, 0xff, 0xff, 0xff, 0xff, 0xf4, 0x0,
    0x2f, 0xf8, 0x0, 0xff, 0x70, 0xf, 0xf6, 0xdf,
    0xff, 0xff, 0xff, 0xff, 0xff, 0xff, 0xff, 0x40,
    0xd, 0xff, 0x20, 0x3f, 0xf5, 0x2, 0xff, 0x46,
    0xff, 0xff, 0xff, 0xff, 0xff, 0xff, 0xff, 0xf4,
    0x0, 0xef, 0x70, 0x9, 0xff, 0x0, 0x6f, 0xf1,
    0x7, 0xef, 0xff, 0xff, 0xff, 0xff, 0xff, 0xff,
    0x40, 0x1, 0x30, 0x3, 0xff, 0xa0, 0xb, 0xfd,
    0x0, 0x0, 0x0, 0x1, 0xbf, 0xff, 0xff, 0xff,
    0xf4, 0x0, 0x0, 0x2, 0xef, 0xe1, 0x2, 0xff,
    0x80, 0x0, 0x0, 0x0, 0x0, 0xaf, 0xff, 0xff,
    0xff, 0x40, 0x0, 0x0, 0xdf, 0xf5, 0x0, 0xbf,
    0xf1, 0x0, 0x0, 0x0, 0x0, 0x0, 0x8f, 0xff,
    0xff, 0xf4, 0x0, 0x0, 0xb, 0xf5, 0x0, 0x6f,
    0xf8, 0x0, 0x0, 0x0, 0x0, 0x0, 0x0, 0x6f,
    0xff, 0xff, 0x40, 0x0, 0x0, 0x0, 0x0, 0x4f,
    0xfe, 0x0, 0x0, 0x0, 0x0, 0x0, 0x0, 0x0,
    0x5f, 0xff, 0xf3, 0x0, 0x0, 0x0, 0x0, 0x4f,
    0xff, 0x30, 0x0, 0x0, 0x0, 0x0, 0x0, 0x0,
    0x0, 0x3e, 0xff, 0x10, 0x0, 0x0, 0x0, 0xd,
    0xff, 0x50, 0x0, 0x0, 0x0, 0x0, 0x0, 0x0,
    0x0, 0x0, 0x28, 0x30, 0x0, 0x0, 0x0, 0x0,
    0x7d, 0x40, 0x0, 0x0, 0x0, 0x0, 0x0, 0x0,
    0x0, 0x0, 0x0, 0x0, 0x0, 0x0, 0x0, 0x0,
    0x0, 0x0, 0x0, 0x0, 0x0,

    /* U+F03E "" */
    0x0, 0x1, 0x22, 0x22, 0x22, 0x22, 0x22, 0x22,
    0x22, 0x22, 0x22, 0x10, 0x0, 0x8, 0xff, 0xff,
    0xff, 0xff, 0xff, 0xff, 0xff, 0xff, 0xff, 0xff,
    0xff, 0x80, 0x7f, 0xff, 0xff, 0xff, 0xff, 0xff,
    0xff, 0xff, 0xff, 0xff, 0xff, 0xff, 0xf7, 0xdf,
    0xff, 0xff, 0xff, 0xff, 0xff, 0xff, 0xff, 0xff,
    0xff, 0xff, 0xff, 0xfd, 0xff, 0xff, 0x72, 0x4d,
    0xff, 0xff, 0xff, 0xff, 0xff, 0xff, 0xff, 0xff,
    0xff, 0xff, 0xf8, 0x0, 0x2, 0xff, 0xff, 0xff,
    0xff, 0xff, 0xff, 0xff, 0xff, 0xff, 0xff, 0xf4,
    0x0, 0x0, 0xef, 0xff, 0xff, 0xff, 0xff, 0xff,
    0xff, 0xff, 0xff, 0xff, 0xf7, 0x0, 0x1, 0xff,
    0xff, 0xff, 0xff, 0xff, 0xff, 0xff, 0xff, 0xff,
    0xff, 0xff, 0x50, 0x2c, 0xff, 0xff, 0xff, 0xff,
    0xff, 0xff, 0xff, 0xff, 0xff, 0xff, 0xff, 0xff,
    0xff, 0xff, 0xff, 0xff, 0x81, 0xaf, 0xff, 0xff,
    0xff, 0xff, 0xff, 0xff, 0xff, 0xff, 0xff, 0xff,
    0xfc, 0x0, 0xe, 0xff, 0xff, 0xff, 0xff, 0xff,
    0xff, 0xff, 0xff, 0xff, 0xff, 0xf2, 0x0, 0x4,
    0xff, 0xff, 0xff, 0xff, 0xff, 0xff, 0xff, 0xff,
    0xff, 0xff, 0x60, 0x0, 0x0, 0x9f, 0xff, 0xff,
    0xff, 0xff, 0xff, 0xff, 0xff, 0xff, 0xfb, 0x0,
    0x0, 0x0, 0xd, 0xff, 0xff, 0xff, 0xff, 0xff,
    0xff, 0xa0, 0x3f, 0xf1, 0x0, 0x0, 0x0, 0x4,
    0xff, 0xff, 0xff, 0xff, 0xff, 0xfd, 0x0, 0x7,
    0x60, 0x0, 0x0, 0x0, 0x0, 0x9f, 0xff, 0xff,
    0xff, 0xff, 0xf2, 0x0, 0x0, 0x0, 0x0, 0x0,
    0x0, 0x0, 0xd, 0xff, 0xff, 0xff, 0xff, 0x50,
    0x0, 0x0, 0x0, 0x0, 0x0, 0x0, 0x0, 0x4,
    0xff, 0xff, 0xff, 0xf9, 0x0, 0x0, 0x0, 0x0,
    0x0, 0x0, 0x0, 0x0, 0x0, 0x9f, 0xff, 0xff,
    0xf5, 0x0, 0x0, 0x0, 0x0, 0x0, 0x0, 0x0,
    0x0, 0x0, 0x5f, 0xff, 0xff, 0xfd, 0x76, 0x66,
    0x66, 0x66, 0x66, 0x66, 0x66, 0x66, 0x66, 0xdf,
    0xff, 0xcf, 0xff, 0xff, 0xff, 0xff, 0xff, 0xff,
    0xff, 0xff, 0xff, 0xff, 0xff, 0xfc, 0x4f, 0xff,
    0xff, 0xff, 0xff, 0xff, 0xff, 0xff, 0xff, 0xff,
    0xff, 0xff, 0xf4, 0x3, 0xad, 0xdd, 0xdd, 0xdd,
    0xdd, 0xdd, 0xdd, 0xdd, 0xdd, 0xdd, 0xda, 0x30,

    /* U+F043 "" */
    0x0, 0x0, 0x0, 0x0, 0x4c, 0x90, 0x0, 0x0,
    0x0, 0x0, 0x0, 0x0, 0x0, 0x2, 0xff, 0xf9,
    0x0, 0x0, 0x0, 0x0, 0x0, 0x0, 0x0, 0xd,
    0xff, 0xff, 0x60, 0x0, 0x0, 0x0, 0x0, 0x0,
    0x0, 0x9f, 0xff, 0xff, 0xf2, 0x0, 0x0, 0x0,
    0x0, 0x0, 0x5, 0xff, 0xff, 0xff, 0xfc, 0x0,
    0x0, 0x0, 0x0, 0x0, 0x1e, 0xff, 0xff, 0xff,
    0xff, 0x80, 0x0, 0x0, 0x0, 0x0, 0xaf, 0xff,
    0xff, 0xff, 0xff, 0xf2, 0x0, 0x0, 0x0, 0x4,
    0xff, 0xff, 0xff, 0xff, 0xff, 0xfc, 0x0, 0x0,
    0x0, 0xd, 0xff, 0xff, 0xff, 0xff, 0xff, 0xff,
    0x60, 0x0, 0x0, 0x7f, 0xff, 0xff, 0xff, 0xff,
    0xff, 0xff, 0xe0, 0x0, 0x1, 0xff, 0xff, 0xff,
    0xff, 0xff, 0xff, 0xff, 0xf8, 0x0, 0x8, 0xff,
    0xff, 0xff, 0xff, 0xff, 0xff, 0xff, 0xff, 0x10,
    0xf, 0xff, 0xff, 0xff, 0xff, 0xff, 0xff, 0xff,
    0xff, 0x70, 0x5f, 0xff, 0xff, 0xff, 0xff, 0xff,
    0xff, 0xff, 0xff, 0xd0, 0xaf, 0xff, 0xff, 0xff,
    0xff, 0xff, 0xff, 0xff, 0xff, 0xf2, 0xef, 0xff,
    0xff, 0xff, 0xff, 0xff, 0xff, 0xff, 0xff, 0xf6,
    0xff, 0xfb, 0xaf, 0xff, 0xff, 0xff, 0xff, 0xff,
    0xff, 0xf7, 0xef, 0xf4, 0x1f, 0xff, 0xff, 0xff,
    0xff, 0xff, 0xff, 0xf6, 0xbf, 0xf6, 0xe, 0xff,
    0xff, 0xff, 0xff, 0xff, 0xff, 0xf4, 0x7f, 0xfb,
    0x6, 0xff, 0xff, 0xff, 0xff, 0xff, 0xff, 0xf0,
    0x2f, 0xff, 0x40, 0x7f, 0xff, 0xff, 0xff, 0xff,
    0xff, 0x90, 0x9, 0xff, 0xf3, 0x0, 0x3a, 0xff,
    0xff, 0xff, 0xff, 0x10, 0x0, 0xdf, 0xff, 0x93,
    0x7, 0xff, 0xff, 0xff, 0xf6, 0x0, 0x0, 0x2d,
    0xff, 0xff, 0xff, 0xff, 0xff, 0xff, 0x70, 0x0,
    0x0, 0x1, 0xaf, 0xff, 0xff, 0xff, 0xff, 0xe5,
    0x0, 0x0, 0x0, 0x0, 0x3, 0xae, 0xff, 0xff,
    0xc7, 0x0, 0x0, 0x0, 0x0, 0x0, 0x0, 0x0,
    0x13, 0x20, 0x0, 0x0, 0x0, 0x0,

    /* U+F048 "" */
    0x17, 0x30, 0x0, 0x0, 0x0, 0x0, 0x1, 0x73,
    0xd, 0xff, 0x10, 0x0, 0x0, 0x0, 0x3, 0xef,
    0xf1, 0xff, 0xf3, 0x0, 0x0, 0x0, 0x6, 0xff,
    0xff, 0x3f, 0xff, 0x30, 0x0, 0x0, 0x8, 0xff,
    0xff, 0xf3, 0xff, 0xf3, 0x0, 0x0, 0xb, 0xff,
    0xff, 0xff, 0x3f, 0xff, 0x30, 0x0, 0x2d, 0xff,
    0xff, 0xff, 0xf3, 0xff, 0xf3, 0x0, 0x3e, 0xff,
    0xff, 0xff, 0xff, 0x3f, 0xff, 0x30, 0x6f, 0xff,
    0xff, 0xff, 0xff, 0xf3, 0xff, 0xf4, 0x8f, 0xff,
    0xff, 0xff, 0xff, 0xff, 0x3f, 0xff, 0xdf, 0xff,
    0xff, 0xff, 0xff, 0xff, 0xf3, 0xff, 0xff, 0xff,
    0xff, 0xff, 0xff, 0xff, 0xff, 0x3f, 0xff, 0x7e,
    0xff, 0xff, 0xff, 0xff, 0xff, 0xf3, 0xff, 0xf3,
    0x2d, 0xff, 0xff, 0xff, 0xff, 0xff, 0x3f, 0xff,
    0x30, 0xb, 0xff, 0xff, 0xff, 0xff, 0xf3, 0xff,
    0xf3, 0x0, 0x8, 0xff, 0xff, 0xff, 0xff, 0x3f,
    0xff, 0x30, 0x0, 0x6, 0xff, 0xff, 0xff, 0xf3,
    0xff, 0xf3, 0x0, 0x0, 0x3, 0xef, 0xff, 0xff,
    0x3f, 0xff, 0x30, 0x0, 0x0, 0x2, 0xdf, 0xff,
    0xf3, 0xff, 0xf3, 0x0, 0x0, 0x0, 0x0, 0xbf,
    0xff, 0x37, 0xfb, 0x0, 0x0, 0x0, 0x0, 0x0,
    0x8f, 0xa0, 0x0, 0x0, 0x0, 0x0, 0x0, 0x0,
    0x0, 0x0, 0x0,

    /* U+F04B "" */
    0x0, 0x10, 0x0, 0x0, 0x0, 0x0, 0x0, 0x0,
    0x0, 0x0, 0x3e, 0xfd, 0x40, 0x0, 0x0, 0x0,
    0x0, 0x0, 0x0, 0x0, 0xdf, 0xff, 0xfa, 0x10,
    0x0, 0x0, 0x0, 0x0, 0x0, 0x0, 0xff, 0xff,
    0xff, 0xf7, 0x0, 0x0, 0x0, 0x0, 0x0, 0x0,
    0xff, 0xff, 0xff, 0xff, 0xd3, 0x0, 0x0, 0x0,
    0x0, 0x0, 0xff, 0xff, 0xff, 0xff, 0xff, 0x91,
    0x0, 0x0, 0x0, 0x0, 0xff, 0xff, 0xff, 0xff,
    0xff, 0xfe, 0x60, 0x0, 0x0, 0x0, 0xff, 0xff,
    0xff, 0xff, 0xff, 0xff, 0xfc, 0x20, 0x0, 0x0,
    0xff, 0xff, 0xff, 0xff, 0xff, 0xff, 0xff, 0xf8,
    0x0, 0x0, 0xff, 0xff, 0xff, 0xff, 0xff, 0xff,
    0xff, 0xff, 0xe5, 0x0, 0xff, 0xff, 0xff, 0xff,
    0xff, 0xff, 0xff, 0xff, 0xff, 0xa0, 0xff, 0xff,
    0xff, 0xff, 0xff, 0xff, 0xff, 0xff, 0xff, 0xf5,
    0xff, 0xff, 0xff, 0xff, 0xff, 0xff, 0xff, 0xff,
    0xff, 0xf7, 0xff, 0xff, 0xff, 0xff, 0xff, 0xff,
    0xff, 0xff, 0xff, 0xf2, 0xff, 0xff, 0xff, 0xff,
    0xff, 0xff, 0xff, 0xff, 0xfd, 0x30, 0xff, 0xff,
    0xff, 0xff, 0xff, 0xff, 0xff, 0xff, 0x70, 0x0,
    0xff, 0xff, 0xff, 0xff, 0xff, 0xff, 0xff, 0xa1,
    0x0, 0x0, 0xff, 0xff, 0xff, 0xff, 0xff, 0xff,
    0xd4, 0x0, 0x0, 0x0, 0xff, 0xff, 0xff, 0xff,
    0xff, 0xf8, 0x0, 0x0, 0x0, 0x0, 0xff, 0xff,
    0xff, 0xff, 0xfb, 0x20, 0x0, 0x0, 0x0, 0x0,
    0xff, 0xff, 0xff, 0xfe, 0x50, 0x0, 0x0, 0x0,
    0x0, 0x0, 0xff, 0xff, 0xff, 0x80, 0x0, 0x0,
    0x0, 0x0, 0x0, 0x0, 0x9f, 0xff, 0xc2, 0x0,
    0x0, 0x0, 0x0, 0x0, 0x0, 0x0, 0x6, 0x95,
    0x0, 0x0, 0x0, 0x0, 0x0, 0x0, 0x0, 0x0,

    /* U+F04C "" */
    0x3, 0x77, 0x61, 0x0, 0x0, 0x5, 0x77, 0x50,
    0x7, 0xff, 0xff, 0xe1, 0x0, 0xb, 0xff, 0xff,
    0xb0, 0xef, 0xff, 0xff, 0x60, 0x2, 0xff, 0xff,
    0xff, 0x2f, 0xff, 0xff, 0xf7, 0x0, 0x3f, 0xff,
    0xff, 0xf3, 0xff, 0xff, 0xff, 0x70, 0x3, 0xff,
    0xff, 0xff, 0x3f, 0xff, 0xff, 0xf7, 0x0, 0x3f,
    0xff, 0xff, 0xf3, 0xff, 0xff, 0xff, 0x70, 0x3,
    0xff, 0xff, 0xff, 0x3f, 0xff, 0xff, 0xf7, 0x0,
    0x3f, 0xff, 0xff, 0xf3, 0xff, 0xff, 0xff, 0x70,
    0x3, 0xff, 0xff, 0xff, 0x3f, 0xff, 0xff, 0xf7,
    0x0, 0x3f, 0xff, 0xff, 0xf3, 0xff, 0xff, 0xff,
    0x70, 0x3, 0xff, 0xff, 0xff, 0x3f, 0xff, 0xff,
    0xf7, 0x0, 0x3f, 0xff, 0xff, 0xf3, 0xff, 0xff,
    0xff, 0x70, 0x3, 0xff, 0xff, 0xff, 0x3f, 0xff,
    0xff, 0xf7, 0x0, 0x3f, 0xff, 0xff, 0xf3, 0xff,
    0xff, 0xff, 0x70, 0x3, 0xff, 0xff, 0xff, 0x3f,
    0xff, 0xff, 0xf7, 0x0, 0x3f, 0xff, 0xff, 0xf3,
    0xff, 0xff, 0xff, 0x70, 0x3, 0xff, 0xff, 0xff,
    0x3f, 0xff, 0xff, 0xf7, 0x0, 0x3f, 0xff, 0xff,
    0xf3, 0xbf, 0xff, 0xff, 0x30, 0x0, 0xff, 0xff,
    0xff, 0x2, 0xbf, 0xfe, 0x70, 0x0, 0x4, 0xdf,
    0xfd, 0x40,

    /* U+F04D "" */
    0x0, 0x57, 0x88, 0x88, 0x88, 0x88, 0x88, 0x88,
    0x72, 0x0, 0x1d, 0xff, 0xff, 0xff, 0xff, 0xff,
    0xff, 0xff, 0xff, 0x70, 0xaf, 0xff, 0xff, 0xff,
    0xff, 0xff, 0xff, 0xff, 0xff, 0xf2, 0xff, 0xff,
    0xff, 0xff, 0xff, 0xff, 0xff, 0xff, 0xff, 0xf7,
    0xff, 0xff, 0xff, 0xff, 0xff, 0xff, 0xff, 0xff,
    0xff, 0xf8, 0xff, 0xff, 0xff, 0xff, 0xff, 0xff,
    0xff, 0xff, 0xff, 0xf8, 0xff, 0xff, 0xff, 0xff,
    0xff, 0xff, 0xff, 0xff, 0xff, 0xf8, 0xff, 0xff,
    0xff, 0xff, 0xff, 0xff, 0xff, 0xff, 0xff, 0xf8,
    0xff, 0xff, 0xff, 0xff, 0xff, 0xff, 0xff, 0xff,
    0xff, 0xf8, 0xff, 0xff, 0xff, 0xff, 0xff, 0xff,
    0xff, 0xff, 0xff, 0xf8, 0xff, 0xff, 0xff, 0xff,
    0xff, 0xff, 0xff, 0xff, 0xff, 0xf8, 0xff, 0xff,
    0xff, 0xff, 0xff, 0xff, 0xff, 0xff, 0xff, 0xf8,
    0xff, 0xff, 0xff, 0xff, 0xff, 0xff, 0xff, 0xff,
    0xff, 0xf8, 0xff, 0xff, 0xff, 0xff, 0xff, 0xff,
    0xff, 0xff, 0xff, 0xf8, 0xff, 0xff, 0xff, 0xff,
    0xff, 0xff, 0xff, 0xff, 0xff, 0xf8, 0xff, 0xff,
    0xff, 0xff, 0xff, 0xff, 0xff, 0xff, 0xff, 0xf8,
    0xff, 0xff, 0xff, 0xff, 0xff, 0xff, 0xff, 0xff,
    0xff, 0xf7, 0xdf, 0xff, 0xff, 0xff, 0xff, 0xff,
    0xff, 0xff, 0xff, 0xf5, 0x6f, 0xff, 0xff, 0xff,
    0xff, 0xff, 0xff, 0xff, 0xff, 0xd0, 0x6, 0xdf,
    0xff, 0xff, 0xff, 0xff, 0xff, 0xff, 0xfa, 0x10,

    /* U+F051 "" */
    0x17, 0x30, 0x0, 0x0, 0x0, 0x0, 0x1, 0x73,
    0xc, 0xff, 0x70, 0x0, 0x0, 0x0, 0x0, 0xdf,
    0xf1, 0xff, 0xff, 0xa0, 0x0, 0x0, 0x0, 0xf,
    0xff, 0x3f, 0xff, 0xff, 0xc1, 0x0, 0x0, 0x0,
    0xff, 0xf4, 0xff, 0xff, 0xff, 0xe2, 0x0, 0x0,
    0xf, 0xff, 0x4f, 0xff, 0xff, 0xff, 0xf4, 0x0,
    0x0, 0xff, 0xf4, 0xff, 0xff, 0xff, 0xff, 0xf7,
    0x0, 0xf, 0xff, 0x4f, 0xff, 0xff, 0xff, 0xff,
    0xfa, 0x0, 0xff, 0xf4, 0xff, 0xff, 0xff, 0xff,
    0xff, 0xfc, 0x1f, 0xff, 0x4f, 0xff, 0xff, 0xff,
    0xff, 0xff, 0xfd, 0xff, 0xf4, 0xff, 0xff, 0xff,
    0xff, 0xff, 0xff, 0xff, 0xff, 0x4f, 0xff, 0xff,
    0xff, 0xff, 0xff, 0xf7, 0xff, 0xf4, 0xff, 0xff,
    0xff, 0xff, 0xff, 0xf4, 0xf, 0xff, 0x4f, 0xff,
    0xff, 0xff, 0xff, 0xe2, 0x0, 0xff, 0xf4, 0xff,
    0xff, 0xff, 0xff, 0xc1, 0x0, 0xf, 0xff, 0x4f,
    0xff, 0xff, 0xff, 0xa0, 0x0, 0x0, 0xff, 0xf4,
    0xff, 0xff, 0xff, 0x70, 0x0, 0x0, 0xf, 0xff,
    0x4f, 0xff, 0xff, 0x40, 0x0, 0x0, 0x0, 0xff,
    0xf4, 0xff, 0xfe, 0x20, 0x0, 0x0, 0x0, 0xf,
    0xff, 0x37, 0xfb, 0x10, 0x0, 0x0, 0x0, 0x0,
    0x7f, 0xb0, 0x0, 0x0, 0x0, 0x0, 0x0, 0x0,
    0x0, 0x0, 0x0,

    /* U+F052 "" */
    0x0, 0x0, 0x0, 0x0, 0x0, 0x0, 0x0, 0x0,
    0x0, 0x0, 0x0, 0x0, 0x0, 0x0, 0x0, 0x0,
    0x0, 0x3, 0xdf, 0xb1, 0x0, 0x0, 0x0, 0x0,
    0x0, 0x0, 0x0, 0x0, 0x0, 0x2, 0xff, 0xff,
    0xc0, 0x0, 0x0, 0x0, 0x0, 0x0, 0x0, 0x0,
    0x0, 0x2, 0xef, 0xff, 0xff, 0xb0, 0x0, 0x0,
    0x0, 0x0, 0x0, 0x0, 0x0, 0x1, 0xdf, 0xff,
    0xff, 0xff, 0xa0, 0x0, 0x0, 0x0, 0x0, 0x0,
    0x0, 0x0, 0xdf, 0xff, 0xff, 0xff, 0xff, 0x90,
    0x0, 0x0, 0x0, 0x0, 0x0, 0x0, 0xcf, 0xff,
    0xff, 0xff, 0xff, 0xff, 0x70, 0x0, 0x0, 0x0,
    0x0, 0x0, 0xbf, 0xff, 0xff, 0xff, 0xff, 0xff,
    0xff, 0x60, 0x0, 0x0, 0x0, 0x0, 0x9f, 0xff,
    0xff, 0xff, 0xff, 0xff, 0xff, 0xff, 0x50, 0x0,
    0x0, 0x0, 0x8f, 0xff, 0xff, 0xff, 0xff, 0xff,
    0xff, 0xff, 0xff, 0x40, 0x0, 0x0, 0x7f, 0xff,
    0xff, 0xff, 0xff, 0xff, 0xff, 0xff, 0xff, 0xff,
    0x30, 0x0, 0x5f, 0xff, 0xff, 0xff, 0xff, 0xff,
    0xff, 0xff, 0xff, 0xff, 0xfe, 0x20, 0xe, 0xff,
    0xff, 0xff, 0xff, 0xff, 0xff, 0xff, 0xff, 0xff,
    0xff, 0xf9, 0x0, 0xef, 0xff, 0xff, 0xff, 0xff,
    0xff, 0xff, 0xff, 0xff, 0xff, 0xff, 0xa0, 0x8,
    0xff, 0xff, 0xff, 0xff, 0xff, 0xff, 0xff, 0xff,
    0xff, 0xff, 0xf4, 0x0, 0x5, 0x99, 0x99, 0x99,
    0x99, 0x99, 0x99, 0x99, 0x99, 0x99, 0x83, 0x0,
    0x0, 0x0, 0x0, 0x0, 0x0, 0x0, 0x0, 0x0,
    0x0, 0x0, 0x0, 0x0, 0x0, 0x0, 0x0, 0x0,
    0x0, 0x0, 0x0, 0x0, 0x0, 0x0, 0x0, 0x0,
    0x0, 0x0, 0x1, 0x11, 0x11, 0x11, 0x11, 0x11,
    0x11, 0x11, 0x11, 0x10, 0x0, 0x0, 0x2d, 0xff,
    0xff, 0xff, 0xff, 0xff, 0xff, 0xff, 0xff, 0xff,
    0xfb, 0x10, 0xc, 0xff, 0xff, 0xff, 0xff, 0xff,
    0xff, 0xff, 0xff, 0xff, 0xff, 0xf8, 0x0, 0xff,
    0xff, 0xff, 0xff, 0xff, 0xff, 0xff, 0xff, 0xff,
    0xff, 0xff, 0xb0, 0xa, 0xff, 0xff, 0xff, 0xff,
    0xff, 0xff, 0xff, 0xff, 0xff, 0xff, 0xf6, 0x0,
    0x8, 0xcc, 0xcc, 0xcc, 0xcc, 0xcc, 0xcc, 0xcc,
    0xcc, 0xcc, 0xb6, 0x0,

    /* U+F053 "" */
    0x0, 0x0, 0x0, 0x0, 0x0, 0x1, 0x0, 0x0,
    0x0, 0x0, 0x0, 0x1d, 0xf9, 0x0, 0x0, 0x0,
    0x0, 0x1d, 0xff, 0xf0, 0x0, 0x0, 0x0, 0x1d,
    0xff, 0xfa, 0x0, 0x0, 0x0, 0x1d, 0xff, 0xfb,
    0x0, 0x0, 0x0, 0x1d, 0xff, 0xfa, 0x0, 0x0,
    0x0, 0x1d, 0xff, 0xfa, 0x0, 0x0, 0x0, 0x1d,
    0xff, 0xfa, 0x0, 0x0, 0x0, 0x1d, 0xff, 0xfa,
    0x0, 0x0, 0x0, 0x1d, 0xff, 0xfa, 0x0, 0x0,
    0x0, 0x1d, 0xff, 0xfa, 0x0, 0x0, 0x0, 0xc,
    0xff, 0xfa, 0x0, 0x0, 0x0, 0x0, 0xff, 0xff,
    0x30, 0x0, 0x0, 0x0, 0x6, 0xff, 0xff, 0x30,
    0x0, 0x0, 0x0, 0x7, 0xff, 0xff, 0x30, 0x0,
    0x0, 0x0, 0x7, 0xff, 0xff, 0x30, 0x0, 0x0,
    0x0, 0x7, 0xff, 0xff, 0x30, 0x0, 0x0, 0x0,
    0x7, 0xff, 0xff, 0x30, 0x0, 0x0, 0x0, 0x7,
    0xff, 0xff, 0x30, 0x0, 0x0, 0x0, 0x7, 0xff,
    0xff, 0x40, 0x0, 0x0, 0x0, 0x7, 0xff, 0xff,
    0x40, 0x0, 0x0, 0x0, 0x7, 0xff, 0xfe, 0x0,
    0x0, 0x0, 0x0, 0x7, 0xff, 0xe0, 0x0, 0x0,
    0x0, 0x0, 0x5, 0x93,

    /* U+F054 "" */
    0x0, 0x0, 0x0, 0x0, 0x0, 0x0, 0x0, 0x5f,
    0xe4, 0x0, 0x0, 0x0, 0x0, 0x0, 0xbf, 0xff,
    0x40, 0x0, 0x0, 0x0, 0x0, 0x6f, 0xff, 0xf4,
    0x0, 0x0, 0x0, 0x0, 0x7, 0xff, 0xff, 0x40,
    0x0, 0x0, 0x0, 0x0, 0x7f, 0xff, 0xf4, 0x0,
    0x0, 0x0, 0x0, 0x7, 0xff, 0xff, 0x40, 0x0,
    0x0, 0x0, 0x0, 0x7f, 0xff, 0xf4, 0x0, 0x0,
    0x0, 0x0, 0x7, 0xff, 0xff, 0x40, 0x0, 0x0,
    0x0, 0x0, 0x6f, 0xff, 0xf4, 0x0, 0x0, 0x0,
    0x0, 0x6, 0xff, 0xff, 0x40, 0x0, 0x0, 0x0,
    0x0, 0x6f, 0xff, 0xf1, 0x0, 0x0, 0x0, 0x0,
    0x1e, 0xff, 0xf3, 0x0, 0x0, 0x0, 0x1, 0xdf,
    0xff, 0xa0, 0x0, 0x0, 0x0, 0x1d, 0xff, 0xfb,
    0x0, 0x0, 0x0, 0x1, 0xdf, 0xff, 0xb0, 0x0,
    0x0, 0x0, 0x1d, 0xff, 0xfb, 0x0, 0x0, 0x0,
    0x1, 0xdf, 0xff, 0xb0, 0x0, 0x0, 0x0, 0x1d,
    0xff, 0xfb, 0x0, 0x0, 0x0, 0x1, 0xdf, 0xff,
    0xb0, 0x0, 0x0, 0x0, 0x1d, 0xff, 0xfb, 0x0,
    0x0, 0x0, 0x0, 0xaf, 0xff, 0xb0, 0x0, 0x0,
    0x0, 0x0, 0xaf, 0xfb, 0x0, 0x0, 0x0, 0x0,
    0x0, 0x18, 0x70, 0x0, 0x0, 0x0, 0x0, 0x0,

    /* U+F067 "" */
    0x0, 0x0, 0x0, 0x0, 0x0, 0xbf, 0x70, 0x0,
    0x0, 0x0, 0x0, 0x0, 0x0, 0x0, 0x0, 0x3,
    0xff, 0xf0, 0x0, 0x0, 0x0, 0x0, 0x0, 0x0,
    0x0, 0x0, 0x3, 0xff, 0xf0, 0x0, 0x0, 0x0,
    0x0, 0x0, 0x0, 0x0, 0x0, 0x3, 0xff, 0xf0,
    0x0, 0x0, 0x0, 0x0, 0x0, 0x0, 0x0, 0x0,
    0x3, 0xff, 0xf0, 0x0, 0x0, 0x0, 0x0, 0x0,
    0x0, 0x0, 0x0, 0x3, 0xff, 0xf0, 0x0, 0x0,
    0x0, 0x0, 0x0, 0x0, 0x0, 0x0, 0x3, 0xff,
    0xf0, 0x0, 0x0, 0x0, 0x0, 0x0, 0x0, 0x0,
    0x0, 0x3, 0xff, 0xf0, 0x0, 0x0, 0x0, 0x0,
    0x0, 0x33, 0x33, 0x33, 0x36, 0xff, 0xf3, 0x33,
    0x33, 0x33, 0x30, 0xd, 0xff, 0xff, 0xff, 0xff,
    0xff, 0xff, 0xff, 0xff, 0xff, 0xfa, 0x2f, 0xff,
    0xff, 0xff, 0xff, 0xff, 0xff, 0xff, 0xff, 0xff,
    0xfe, 0xa, 0xff, 0xff, 0xff, 0xff, 0xff, 0xff,
    0xff, 0xff, 0xff, 0xf7, 0x0, 0x0, 0x0, 0x0,
    0x3, 0xff, 0xf0, 0x0, 0x0, 0x0, 0x0, 0x0,
    0x0, 0x0, 0x0, 0x3, 0xff, 0xf0, 0x0, 0x0,
    0x0, 0x0, 0x0, 0x0, 0x0, 0x0, 0x3, 0xff,
    0xf0, 0x0, 0x0, 0x0, 0x0, 0x0, 0x0, 0x0,
    0x0, 0x3, 0xff, 0xf0, 0x0, 0x0, 0x0, 0x0,
    0x0, 0x0, 0x0, 0x0, 0x3, 0xff, 0xf0, 0x0,
    0x0, 0x0, 0x0, 0x0, 0x0, 0x0, 0x0, 0x3,
    0xff, 0xf0, 0x0, 0x0, 0x0, 0x0, 0x0, 0x0,
    0x0, 0x0, 0x3, 0xff, 0xf0, 0x0, 0x0, 0x0,
    0x0, 0x0, 0x0, 0x0, 0x0, 0x3, 0xff, 0xf0,
    0x0, 0x0, 0x0, 0x0, 0x0, 0x0, 0x0, 0x0,
    0x0, 0xbf, 0x70, 0x0, 0x0, 0x0, 0x0,

    /* U+F068 "" */
    0x0, 0x33, 0x33, 0x33, 0x33, 0x33, 0x33, 0x33,
    0x33, 0x33, 0x30, 0xd, 0xff, 0xff, 0xff, 0xff,
    0xff, 0xff, 0xff, 0xff, 0xff, 0xfa, 0x2f, 0xff,
    0xff, 0xff, 0xff, 0xff, 0xff, 0xff, 0xff, 0xff,
    0xfe, 0xa, 0xff, 0xff, 0xff, 0xff, 0xff, 0xff,
    0xff, 0xff, 0xff, 0xf7,

    /* U+F06E "" */
    0x0, 0x0, 0x0, 0x0, 0x0, 0x0, 0x0, 0x1,
    0x10, 0x0, 0x0, 0x0, 0x0, 0x0, 0x0, 0x0,
    0x0, 0x0, 0x0, 0x0, 0x1, 0x7b, 0xef, 0xff,
    0xfc, 0x82, 0x0, 0x0, 0x0, 0x0, 0x0, 0x0,
    0x0, 0x0, 0x0, 0x8, 0xff, 0xff, 0xff, 0xff,
    0xff, 0xfb, 0x20, 0x0, 0x0, 0x0, 0x0, 0x0,
    0x0, 0x0, 0x5e, 0xff, 0xff, 0xff, 0xff, 0xff,
    0xff, 0xff, 0x80, 0x0, 0x0, 0x0, 0x0, 0x0,
    0x0, 0x8f, 0xff, 0xff, 0xff, 0xff, 0xff, 0xff,
    0xff, 0xff, 0xb0, 0x0, 0x0, 0x0, 0x0, 0x0,
    0x9f, 0xff, 0xff, 0xfb, 0x41, 0x0, 0x39, 0xff,
    0xff, 0xff, 0xc0, 0x0, 0x0, 0x0, 0x0, 0x8f,
    0xff, 0xff, 0xe4, 0x0, 0x0, 0x0, 0x2, 0xdf,
    0xff, 0xff, 0xc0, 0x0, 0x0, 0x0, 0x5f, 0xff,
    0xff, 0xf3, 0x0, 0x0, 0x24, 0x0, 0x0, 0xdf,
    0xff, 0xff, 0x90, 0x0, 0x0, 0x2f, 0xff, 0xff,
    0xf6, 0x0, 0x0, 0x7, 0xfe, 0x60, 0x2, 0xff,
    0xff, 0xff, 0x50, 0x0, 0xb, 0xff, 0xff, 0xfe,
    0x0, 0x0, 0x0, 0x7f, 0xff, 0x60, 0xa, 0xff,
    0xff, 0xfe, 0x0, 0x4, 0xff, 0xff, 0xff, 0x90,
    0x0, 0x0, 0xb, 0xff, 0xff, 0x10, 0x5f, 0xff,
    0xff, 0xf8, 0x0, 0xbf, 0xff, 0xff, 0xf6, 0x0,
    0x0, 0x7, 0xff, 0xff, 0xf6, 0x2, 0xff, 0xff,
    0xff, 0xf1, 0xe, 0xff, 0xff, 0xff, 0x50, 0x1a,
    0x9c, 0xff, 0xff, 0xff, 0x70, 0x1f, 0xff, 0xff,
    0xff, 0x30, 0x9f, 0xff, 0xff, 0xf7, 0x1, 0xff,
    0xff, 0xff, 0xff, 0xf5, 0x3, 0xff, 0xff, 0xff,
    0xe0, 0x2, 0xff, 0xff, 0xff, 0xa0, 0xc, 0xff,
    0xff, 0xff, 0xff, 0x10, 0x6f, 0xff, 0xff, 0xf6,
    0x0, 0x8, 0xff, 0xff, 0xff, 0x10, 0x3f, 0xff,
    0xff, 0xff, 0x60, 0xc, 0xff, 0xff, 0xfc, 0x0,
    0x0, 0xd, 0xff, 0xff, 0xf9, 0x0, 0x3d, 0xff,
    0xfe, 0x50, 0x5, 0xff, 0xff, 0xff, 0x20, 0x0,
    0x0, 0x2f, 0xff, 0xff, 0xf6, 0x0, 0x2, 0x43,
    0x0, 0x3, 0xff, 0xff, 0xff, 0x60, 0x0, 0x0,
    0x0, 0x5f, 0xff, 0xff, 0xf9, 0x0, 0x0, 0x0,
    0x6, 0xff, 0xff, 0xff, 0x80, 0x0, 0x0, 0x0,
    0x0, 0x5f, 0xff, 0xff, 0xff, 0x95, 0x45, 0x7d,
    0xff, 0xff, 0xff, 0x90, 0x0, 0x0, 0x0, 0x0,
    0x0, 0x4e, 0xff, 0xff, 0xff, 0xff, 0xff, 0xff,
    0xff, 0xff, 0x60, 0x0, 0x0, 0x0, 0x0, 0x0,
    0x0, 0x1b, 0xff, 0xff, 0xff, 0xff, 0xff, 0xff,
    0xfd, 0x30, 0x0, 0x0, 0x0, 0x0, 0x0, 0x0,
    0x0, 0x4, 0xcf, 0xff, 0xff, 0xff, 0xff, 0xd6,
    0x0, 0x0, 0x0, 0x0, 0x0, 0x0, 0x0, 0x0,
    0x0, 0x0, 0x27, 0xac, 0xdc, 0xb8, 0x30, 0x0,
    0x0, 0x0, 0x0, 0x0,

    /* U+F070 "" */
    0x0, 0x0, 0x0, 0x0, 0x0, 0x0, 0x0, 0x0,
    0x0, 0x0, 0x0, 0x0, 0x0, 0x0, 0x0, 0x0,
    0x0, 0x7, 0xa2, 0x0, 0x0, 0x0, 0x0, 0x0,
    0x0, 0x0, 0x0, 0x0, 0x0, 0x0, 0x0, 0x0,
    0x0, 0x0, 0xf, 0xff, 0x40, 0x0, 0x0, 0x0,
    0x0, 0x0, 0x1, 0x0, 0x0, 0x0, 0x0, 0x0,
    0x0, 0x0, 0x0, 0x6, 0xff, 0xf8, 0x0, 0x0,
    0x0, 0x38, 0xcf, 0xff, 0xfe, 0xb6, 0x0, 0x0,
    0x0, 0x0, 0x0, 0x0, 0x0, 0x4e, 0xff, 0xb1,
    0x0, 0x4c, 0xff, 0xff, 0xff, 0xff, 0xff, 0xf7,
    0x0, 0x0, 0x0, 0x0, 0x0, 0x0, 0x2, 0xcf,
    0xfe, 0x39, 0xff, 0xff, 0xff, 0xff, 0xff, 0xff,
    0xff, 0xd3, 0x0, 0x0, 0x0, 0x0, 0x0, 0x0,
    0xa, 0xff, 0xff, 0xff, 0xff, 0xff, 0xff, 0xff,
    0xff, 0xff, 0xff, 0x60, 0x0, 0x0, 0x0, 0x0,
    0x0, 0x0, 0x6f, 0xff, 0xff, 0xff, 0x83, 0x0,
    0x15, 0xbf, 0xff, 0xff, 0xf7, 0x0, 0x0, 0x0,
    0x0, 0x0, 0x0, 0x3, 0xef, 0xff, 0xc1, 0x0,
    0x0, 0x0, 0x5, 0xff, 0xff, 0xff, 0x60, 0x0,
    0x0, 0x0, 0x0, 0x1, 0x0, 0x1c, 0xff, 0xd2,
    0x0, 0x4, 0x20, 0x0, 0x4f, 0xff, 0xff, 0xf3,
    0x0, 0x0, 0x0, 0x0, 0x5f, 0x40, 0x0, 0x9f,
    0xff, 0x40, 0xd, 0xfc, 0x20, 0x8, 0xff, 0xff,
    0xfe, 0x10, 0x0, 0x0, 0x1, 0xef, 0xf8, 0x0,
    0x6, 0xff, 0xf7, 0xc, 0xff, 0xe2, 0x1, 0xff,
    0xff, 0xff, 0x90, 0x0, 0x0, 0x9, 0xff, 0xff,
    0xb1, 0x0, 0x3e, 0xff, 0xbf, 0xff, 0xfa, 0x0,
    0xbf, 0xff, 0xff, 0xf2, 0x0, 0x0, 0x1f, 0xff,
    0xff, 0xfd, 0x0, 0x1, 0xbf, 0xff, 0xff, 0xff,
    0x0, 0x8f, 0xff, 0xff, 0xfa, 0x0, 0x0, 0x4f,
    0xff, 0xff, 0xff, 0x0, 0x0, 0x8, 0xff, 0xff,
    0xff, 0x10, 0x7f, 0xff, 0xff, 0xfd, 0x0, 0x0,
    0x1f, 0xff, 0xff, 0xff, 0x0, 0x0, 0x0, 0x5f,
    0xff, 0xff, 0x0, 0x9f, 0xff, 0xff, 0xf8, 0x0,
    0x0, 0x8, 0xff, 0xff, 0xff, 0x40, 0x0, 0x0,
    0x2, 0xdf, 0xfe, 0x10, 0xbf, 0xff, 0xff, 0xf1,
    0x0, 0x0, 0x0, 0xef, 0xff, 0xff, 0xa0, 0x0,
    0x0, 0x0, 0x1b, 0xff, 0xe5, 0xff, 0xff, 0xff,
    0x60, 0x0, 0x0, 0x0, 0x5f, 0xff, 0xff, 0xf3,
    0x0, 0x0, 0x0, 0x0, 0x8f, 0xff, 0xff, 0xff,
    0xfc, 0x0, 0x0, 0x0, 0x0, 0x9, 0xff, 0xff,
    0xfe, 0x10, 0x0, 0x0, 0x0, 0x4, 0xff, 0xff,
    0xff, 0xe2, 0x0, 0x0, 0x0, 0x0, 0x0, 0xaf,
    0xff, 0xff, 0xe4, 0x0, 0x0, 0x0, 0x0, 0x2d,
    0xff, 0xff, 0x40, 0x0, 0x0, 0x0, 0x0, 0x0,
    0xb, 0xff, 0xff, 0xff, 0xc7, 0x43, 0x59, 0x40,
    0x0, 0xaf, 0xff, 0x40, 0x0, 0x0, 0x0, 0x0,
    0x0, 0x0, 0x8f, 0xff, 0xff, 0xff, 0xff, 0xff,
    0xf7, 0x0, 0x7, 0xff, 0xf7, 0x0, 0x0, 0x0,
    0x0, 0x0, 0x0, 0x5, 0xef, 0xff, 0xff, 0xff,
    0xff, 0xff, 0xb0, 0x0, 0x4e, 0xff, 0xb1, 0x0,
    0x0, 0x0, 0x0, 0x0, 0x0, 0x7, 0xef, 0xff,
    0xff, 0xff, 0xff, 0xc3, 0x0, 0x1, 0xcf, 0xfd,
    0x20, 0x0, 0x0, 0x0, 0x0, 0x0, 0x0, 0x4,
    0x8b, 0xcd, 0xb9, 0x62, 0x0, 0x0, 0x0, 0xa,
    0xff, 0xf3, 0x0, 0x0, 0x0, 0x0, 0x0, 0x0,
    0x0, 0x0, 0x0, 0x0, 0x0, 0x0, 0x0, 0x0,
    0x0, 0x6f, 0xf6, 0x0, 0x0, 0x0, 0x0, 0x0,
    0x0, 0x0, 0x0, 0x0, 0x0, 0x0, 0x0, 0x0,
    0x0, 0x0, 0x3, 0x60,

    /* U+F071 "" */
    0x0, 0x0, 0x0, 0x0, 0x0, 0x0, 0x0, 0x0,
    0x0, 0x0, 0x0, 0x0, 0x0, 0x0, 0x0, 0x0,
    0x0, 0x0, 0x0, 0x0, 0x5f, 0xf6, 0x0, 0x0,
    0x0, 0x0, 0x0, 0x0, 0x0, 0x0, 0x0, 0x0,
    0x0, 0x1, 0xff, 0xff, 0x20, 0x0, 0x0, 0x0,
    0x0, 0x0, 0x0, 0x0, 0x0, 0x0, 0x0, 0xa,
    0xff, 0xff, 0xb0, 0x0, 0x0, 0x0, 0x0, 0x0,
    0x0, 0x0, 0x0, 0x0, 0x0, 0x3f, 0xff, 0xff,
    0xf4, 0x0, 0x0, 0x0, 0x0, 0x0, 0x0, 0x0,
    0x0, 0x0, 0x0, 0xcf, 0xff, 0xff, 0xfd, 0x0,
    0x0, 0x0, 0x0, 0x0, 0x0, 0x0, 0x0, 0x0,
    0x6, 0xff, 0xff, 0xff, 0xff, 0x70, 0x0, 0x0,
    0x0, 0x0, 0x0, 0x0, 0x0, 0x0, 0x1e, 0xff,
    0xf8, 0x8f, 0xff, 0xf1, 0x0, 0x0, 0x0, 0x0,
    0x0, 0x0, 0x0, 0x0, 0x9f, 0xff, 0xd0, 0xd,
    0xff, 0xf9, 0x0, 0x0, 0x0, 0x0, 0x0, 0x0,
    0x0, 0x2, 0xff, 0xff, 0xc0, 0xc, 0xff, 0xff,
    0x30, 0x0, 0x0, 0x0, 0x0, 0x0, 0x0, 0xb,
    0xff, 0xff, 0xc0, 0xc, 0xff, 0xff, 0xc0, 0x0,
    0x0, 0x0, 0x0, 0x0, 0x0, 0x5f, 0xff, 0xff,
    0xc0, 0xc, 0xff, 0xff, 0xf5, 0x0, 0x0, 0x0,
    0x0, 0x0, 0x0, 0xef, 0xff, 0xff, 0xc0, 0xc,
    0xff, 0xff, 0xfe, 0x0, 0x0, 0x0, 0x0, 0x0,
    0x8, 0xff, 0xff, 0xff, 0xc0, 0xc, 0xff, 0xff,
    0xff, 0x80, 0x0, 0x0, 0x0, 0x0, 0x1f, 0xff,
    0xff, 0xff, 0xe0, 0xd, 0xff, 0xff, 0xff, 0xf2,
    0x0, 0x0, 0x0, 0x0, 0xaf, 0xff, 0xff, 0xff,
    0xfb, 0xaf, 0xff, 0xff, 0xff, 0xfa, 0x0, 0x0,
    0x0, 0x4, 0xff, 0xff, 0xff, 0xff, 0xff, 0xff,
    0xff, 0xff, 0xff, 0xff, 0x40, 0x0, 0x0, 0xd,
    0xff, 0xff, 0xff, 0xff, 0xe4, 0x3e, 0xff, 0xff,
    0xff, 0xff, 0xd0, 0x0, 0x0, 0x6f, 0xff, 0xff,
    0xff, 0xff, 0x70, 0x7, 0xff, 0xff, 0xff, 0xff,
    0xf6, 0x0, 0x1, 0xef, 0xff, 0xff, 0xff, 0xff,
    0x80, 0x8, 0xff, 0xff, 0xff, 0xff, 0xfe, 0x10,
    0x9, 0xff, 0xff, 0xff, 0xff, 0xff, 0xf8, 0x8f,
    0xff, 0xff, 0xff, 0xff, 0xff, 0x90, 0xe, 0xff,
    0xff, 0xff, 0xff, 0xff, 0xff, 0xff, 0xff, 0xff,
    0xff, 0xff, 0xff, 0xe0, 0xd, 0xff, 0xff, 0xff,
    0xff, 0xff, 0xff, 0xff, 0xff, 0xff, 0xff, 0xff,
    0xff, 0xd0, 0x2, 0xbd, 0xdd, 0xdd, 0xdd, 0xdd,
    0xdd, 0xdd, 0xdd, 0xdd, 0xdd, 0xdd, 0xdb, 0x20,

    /* U+F074 "" */
    0x0, 0x0, 0x0, 0x0, 0x0, 0x0, 0x0, 0x0,
    0x0, 0x0, 0x1, 0x0, 0x0, 0x0, 0x0, 0x0,
    0x0, 0x0, 0x0, 0x0, 0x0, 0x0, 0x2, 0xef,
    0x70, 0x0, 0x0, 0x0, 0x0, 0x0, 0x0, 0x0,
    0x0, 0x0, 0x0, 0x7, 0xff, 0xf8, 0x0, 0x0,
    0x0, 0x0, 0x0, 0x0, 0x0, 0x0, 0x0, 0x0,
    0x8, 0xff, 0xff, 0x80, 0x6d, 0xee, 0xed, 0x92,
    0x0, 0x0, 0x0, 0x4, 0xad, 0xef, 0xff, 0xff,
    0xf7, 0xff, 0xff, 0xff, 0xff, 0x40, 0x0, 0x0,
    0x8f, 0xff, 0xff, 0xff, 0xff, 0xff, 0xcf, 0xff,
    0xff, 0xff, 0xf2, 0x0, 0x6, 0xff, 0xff, 0xff,
    0xff, 0xff, 0xfc, 0x4, 0x55, 0x58, 0xff, 0xfd,
    0x0, 0x2f, 0xff, 0xe6, 0x5a, 0xff, 0xff, 0xd1,
    0x0, 0x0, 0x0, 0x6f, 0xff, 0xa0, 0x5f, 0xff,
    0x30, 0x7, 0xff, 0xfd, 0x10, 0x0, 0x0, 0x0,
    0xa, 0xff, 0xf5, 0x9, 0xf7, 0x0, 0x5, 0xff,
    0xd1, 0x0, 0x0, 0x0, 0x0, 0x1, 0xdf, 0xff,
    0x20, 0x80, 0x0, 0x0, 0x58, 0x10, 0x0, 0x0,
    0x0, 0x0, 0x0, 0x3f, 0xff, 0xd0, 0x0, 0x0,
    0x0, 0x0, 0x0, 0x0, 0x0, 0x0, 0x0, 0x0,
    0x7, 0xff, 0xf9, 0x0, 0x0, 0x0, 0x0, 0x0,
    0x0, 0x0, 0x0, 0x0, 0x0, 0x10, 0xbf, 0xff,
    0x50, 0x0, 0x0, 0x1, 0x0, 0x0, 0x0, 0x0,
    0x0, 0x5, 0xe1, 0x1e, 0xff, 0xf2, 0x0, 0x2,
    0xef, 0x70, 0x0, 0x0, 0x0, 0x0, 0x2f, 0xfb,
    0x3, 0xff, 0xfc, 0x0, 0x7, 0xff, 0xf7, 0x0,
    0x0, 0x0, 0x1, 0xcf, 0xff, 0x20, 0x7f, 0xff,
    0xa0, 0x8, 0xff, 0xff, 0x70, 0x6d, 0xee, 0xef,
    0xff, 0xf7, 0x0, 0xb, 0xff, 0xff, 0xef, 0xff,
    0xff, 0xf6, 0xff, 0xff, 0xff, 0xff, 0xb0, 0x0,
    0x1, 0xdf, 0xff, 0xff, 0xff, 0xff, 0xff, 0xcf,
    0xff, 0xff, 0xf9, 0x0, 0x0, 0x0, 0x1b, 0xff,
    0xff, 0xff, 0xff, 0xfc, 0x5, 0x66, 0x54, 0x10,
    0x0, 0x0, 0x0, 0x0, 0x25, 0x6b, 0xff, 0xff,
    0xd1, 0x0, 0x0, 0x0, 0x0, 0x0, 0x0, 0x0,
    0x0, 0x0, 0x8, 0xff, 0xfd, 0x10, 0x0, 0x0,
    0x0, 0x0, 0x0, 0x0, 0x0, 0x0, 0x0, 0x5,
    0xff, 0xd1, 0x0, 0x0, 0x0, 0x0, 0x0, 0x0,
    0x0, 0x0, 0x0, 0x0, 0x0, 0x79, 0x10, 0x0,

    /* U+F077 "" */
    0x0, 0x0, 0x0, 0x0, 0x0, 0x1b, 0xc3, 0x0,
    0x0, 0x0, 0x0, 0x0, 0x0, 0x0, 0x0, 0x0,
    0x1, 0xdf, 0xff, 0x40, 0x0, 0x0, 0x0, 0x0,
    0x0, 0x0, 0x0, 0x0, 0x1d, 0xff, 0xff, 0xf4,
    0x0, 0x0, 0x0, 0x0, 0x0, 0x0, 0x0, 0x1,
    0xdf, 0xff, 0xff, 0xff, 0x40, 0x0, 0x0, 0x0,
    0x0, 0x0, 0x0, 0x1d, 0xff, 0xfa, 0x6f, 0xff,
    0xf4, 0x0, 0x0, 0x0, 0x0, 0x0, 0x1, 0xdf,
    0xff, 0xa0, 0x6, 0xff, 0xff, 0x40, 0x0, 0x0,
    0x0, 0x0, 0x1d, 0xff, 0xfa, 0x0, 0x0, 0x6f,
    0xff, 0xf4, 0x0, 0x0, 0x0, 0x1, 0xdf, 0xff,
    0xa0, 0x0, 0x0, 0x6, 0xff, 0xff, 0x40, 0x0,
    0x0, 0x1d, 0xff, 0xfa, 0x0, 0x0, 0x0, 0x0,
    0x6f, 0xff, 0xf4, 0x0, 0x1, 0xdf, 0xff, 0xb0,
    0x0, 0x0, 0x0, 0x0, 0x6, 0xff, 0xff, 0x40,
    0xd, 0xff, 0xfb, 0x0, 0x0, 0x0, 0x0, 0x0,
    0x0, 0x7f, 0xff, 0xf2, 0x3f, 0xff, 0xb0, 0x0,
    0x0, 0x0, 0x0, 0x0, 0x0, 0x7, 0xff, 0xf7,
    0xc, 0xfa, 0x0, 0x0, 0x0, 0x0, 0x0, 0x0,
    0x0, 0x0, 0x7f, 0xe2, 0x0, 0x10, 0x0, 0x0,
    0x0, 0x0, 0x0, 0x0, 0x0, 0x0, 0x0, 0x0,

    /* U+F078 "" */
    0x5, 0x93, 0x0, 0x0, 0x0, 0x0, 0x0, 0x0,
    0x0, 0x0, 0x18, 0x70, 0x1f, 0xff, 0x40, 0x0,
    0x0, 0x0, 0x0, 0x0, 0x0, 0x1, 0xdf, 0xf6,
    0x1f, 0xff, 0xf4, 0x0, 0x0, 0x0, 0x0, 0x0,
    0x0, 0x1d, 0xff, 0xf6, 0x7, 0xff, 0xff, 0x40,
    0x0, 0x0, 0x0, 0x0, 0x1, 0xdf, 0xff, 0xb0,
    0x0, 0x7f, 0xff, 0xf3, 0x0, 0x0, 0x0, 0x0,
    0x1d, 0xff, 0xfb, 0x0, 0x0, 0x7, 0xff, 0xff,
    0x30, 0x0, 0x0, 0x1, 0xdf, 0xff, 0xb0, 0x0,
    0x0, 0x0, 0x7f, 0xff, 0xf3, 0x0, 0x0, 0x1d,
    0xff, 0xfb, 0x0, 0x0, 0x0, 0x0, 0x7, 0xff,
    0xff, 0x30, 0x1, 0xdf, 0xff, 0xb0, 0x0, 0x0,
    0x0, 0x0, 0x0, 0x7f, 0xff, 0xf3, 0x1d, 0xff,
    0xfb, 0x0, 0x0, 0x0, 0x0, 0x0, 0x0, 0x7,
    0xff, 0xff, 0xdf, 0xff, 0xb0, 0x0, 0x0, 0x0,
    0x0, 0x0, 0x0, 0x0, 0x7f, 0xff, 0xff, 0xfb,
    0x0, 0x0, 0x0, 0x0, 0x0, 0x0, 0x0, 0x0,
    0x7, 0xff, 0xff, 0xb0, 0x0, 0x0, 0x0, 0x0,
    0x0, 0x0, 0x0, 0x0, 0x0, 0x7f, 0xfb, 0x0,
    0x0, 0x0, 0x0, 0x0, 0x0, 0x0, 0x0, 0x0,
    0x0, 0x3, 0x40, 0x0, 0x0, 0x0, 0x0, 0x0,

    /* U+F079 "" */
    0x0, 0x0, 0x29, 0x60, 0x0, 0x0, 0x0, 0x0,
    0x0, 0x0, 0x0, 0x0, 0x0, 0x0, 0x0, 0x0,
    0x0, 0x3e, 0xff, 0x80, 0x0, 0x0, 0x0, 0x0,
    0x0, 0x0, 0x0, 0x0, 0x0, 0x0, 0x0, 0x0,
    0x3e, 0xff, 0xff, 0x80, 0x0, 0x0, 0xb, 0xff,
    0xff, 0xff, 0xfc, 0x50, 0x0, 0x0, 0x0, 0x3e,
    0xff, 0xff, 0xff, 0x80, 0x0, 0x4, 0xff, 0xff,
    0xff, 0xff, 0xff, 0x80, 0x0, 0x0, 0xe, 0xff,
    0xff, 0xff, 0xff, 0x50, 0x0, 0x1e, 0xff, 0xff,
    0xff, 0xff, 0xff, 0x50, 0x0, 0x1, 0xff, 0xff,
    0xff, 0xff, 0xf8, 0x0, 0x0, 0x13, 0x33, 0x33,
    0x35, 0xdf, 0xfb, 0x0, 0x0, 0x6, 0xdd, 0xff,
    0xfe, 0xdb, 0x10, 0x0, 0x0, 0x0, 0x0, 0x0,
    0x5, 0xff, 0xe0, 0x0, 0x0, 0x0, 0xe, 0xff,
    0x50, 0x0, 0x0, 0x0, 0x0, 0x0, 0x0, 0x0,
    0x4f, 0xff, 0x0, 0x0, 0x0, 0x0, 0xef, 0xf5,
    0x0, 0x0, 0x0, 0x0, 0x0, 0x0, 0x0, 0x4,
    0xff, 0xf0, 0x0, 0x0, 0x0, 0xe, 0xff, 0x50,
    0x0, 0x0, 0x0, 0x0, 0x0, 0x0, 0x0, 0x4f,
    0xff, 0x0, 0x0, 0x0, 0x0, 0xef, 0xf5, 0x0,
    0x0, 0x0, 0x0, 0x0, 0x0, 0x0, 0x4, 0xff,
    0xf0, 0x0, 0x0, 0x0, 0xe, 0xff, 0x50, 0x0,
    0x0, 0x0, 0x0, 0x0, 0x0, 0x0, 0x4f, 0xff,
    0x0, 0x0, 0x0, 0x0, 0xef, 0xf5, 0x0, 0x0,
    0x0, 0x0, 0x0, 0x0, 0x0, 0x4, 0xff, 0xf0,
    0x0, 0x0, 0x0, 0xe, 0xff, 0x50, 0x0, 0x0,
    0x0, 0x0, 0x0, 0x0, 0x69, 0xbf, 0xff, 0x98,
    0x30, 0x0, 0x0, 0xcf, 0xfb, 0x10, 0x0, 0x0,
    0x0, 0x0, 0x0, 0x6f, 0xff, 0xff, 0xff, 0xff,
    0x10, 0x0, 0x6, 0xff, 0xff, 0xff, 0xff, 0xff,
    0xb0, 0x0, 0x7, 0xff, 0xff, 0xff, 0xff, 0xf2,
    0x0, 0x0, 0xc, 0xff, 0xff, 0xff, 0xff, 0xff,
    0x40, 0x0, 0xc, 0xff, 0xff, 0xff, 0xf7, 0x0,
    0x0, 0x0, 0x9, 0xff, 0xff, 0xff, 0xff, 0xf1,
    0x0, 0x0, 0xc, 0xff, 0xff, 0xf7, 0x0, 0x0,
    0x0, 0x0, 0x1, 0x34, 0x44, 0x44, 0x41, 0x0,
    0x0, 0x0, 0xc, 0xff, 0xf7, 0x0, 0x0, 0x0,
    0x0, 0x0, 0x0, 0x0, 0x0, 0x0, 0x0, 0x0,
    0x0, 0x0, 0xa, 0xd6, 0x0, 0x0,

    /* U+F07B "" */
    0x0, 0x13, 0x33, 0x33, 0x33, 0x10, 0x0, 0x0,
    0x0, 0x0, 0x0, 0x0, 0x0, 0xa, 0xff, 0xff,
    0xff, 0xff, 0xfb, 0x0, 0x0, 0x0, 0x0, 0x0,
    0x0, 0x0, 0x8f, 0xff, 0xff, 0xff, 0xff, 0xff,
    0xa0, 0x0, 0x0, 0x0, 0x0, 0x0, 0x0, 0xef,
    0xff, 0xff, 0xff, 0xff, 0xff, 0xf8, 0x0, 0x0,
    0x0, 0x0, 0x0, 0x0, 0xff, 0xff, 0xff, 0xff,
    0xff, 0xff, 0xff, 0xff, 0xff, 0xff, 0xff, 0xfd,
    0x60, 0xff, 0xff, 0xff, 0xff, 0xff, 0xff, 0xff,
    0xff, 0xff, 0xff, 0xff, 0xff, 0xf6, 0xff, 0xff,
    0xff, 0xff, 0xff, 0xff, 0xff, 0xff, 0xff, 0xff,
    0xff, 0xff, 0xfd, 0xff, 0xff, 0xff, 0xff, 0xff,
    0xff, 0xff, 0xff, 0xff, 0xff, 0xff, 0xff, 0xff,
    0xff, 0xff, 0xff, 0xff, 0xff, 0xff, 0xff, 0xff,
    0xff, 0xff, 0xff, 0xff, 0xff, 0xff, 0xff, 0xff,
    0xff, 0xff, 0xff, 0xff, 0xff, 0xff, 0xff, 0xff,
    0xff, 0xff, 0xff, 0xff, 0xff, 0xff, 0xff, 0xff,
    0xff, 0xff, 0xff, 0xff, 0xff, 0xff, 0xff, 0xff,
    0xff, 0xff, 0xff, 0xff, 0xff, 0xff, 0xff, 0xff,
    0xff, 0xff, 0xff, 0xff, 0xff, 0xff, 0xff, 0xff,
    0xff, 0xff, 0xff, 0xff, 0xff, 0xff, 0xff, 0xff,
    0xff, 0xff, 0xff, 0xff, 0xff, 0xff, 0xff, 0xff,
    0xff, 0xff, 0xff, 0xff, 0xff, 0xff, 0xff, 0xff,
    0xff, 0xff, 0xff, 0xff, 0xff, 0xff, 0xff, 0xff,
    0xff, 0xff, 0xff, 0xff, 0xff, 0xff, 0xff, 0xff,
    0xff, 0xff, 0xff, 0xff, 0xff, 0xff, 0xff, 0xff,
    0xff, 0xff, 0xff, 0xff, 0xff, 0xff, 0xff, 0xff,
    0xff, 0xff, 0xff, 0xff, 0xff, 0xff, 0xff, 0xff,
    0xff, 0xff, 0xff, 0xff, 0xff, 0xff, 0xff, 0xff,
    0xff, 0xff, 0xff, 0xff, 0xff, 0xff, 0xff, 0xff,
    0xff, 0xff, 0xff, 0xff, 0xff, 0xff, 0xff, 0xff,
    0xff, 0xff, 0xff, 0xff, 0xff, 0xff, 0xff, 0xff,
    0xff, 0xff, 0xff, 0xff, 0xff, 0xff, 0xff, 0xff,
    0xff, 0xff, 0xff, 0xff, 0xff, 0xff, 0xff, 0xff,
    0xff, 0xaf, 0xff, 0xff, 0xff, 0xff, 0xff, 0xff,
    0xff, 0xff, 0xff, 0xff, 0xff, 0xfa, 0x1d, 0xff,
    0xff, 0xff, 0xff, 0xff, 0xff, 0xff, 0xff, 0xff,
    0xff, 0xff, 0xd1, 0x0, 0x57, 0x77, 0x77, 0x77,
    0x77, 0x77, 0x77, 0x77, 0x77, 0x77, 0x75, 0x0,

    /* U+F093 "" */
    0x0, 0x0, 0x0, 0x0, 0x0, 0x1, 0x88, 0x10,
    0x0, 0x0, 0x0, 0x0, 0x0, 0x0, 0x0, 0x0,
    0x0, 0x0, 0x1c, 0xff, 0xc1, 0x0, 0x0, 0x0,
    0x0, 0x0, 0x0, 0x0, 0x0, 0x0, 0x1, 0xdf,
    0xff, 0xfd, 0x10, 0x0, 0x0, 0x0, 0x0, 0x0,
    0x0, 0x0, 0x0, 0x1d, 0xff, 0xff, 0xff, 0xd1,
    0x0, 0x0, 0x0, 0x0, 0x0, 0x0, 0x0, 0x1,
    0xdf, 0xff, 0xff, 0xff, 0xfd, 0x10, 0x0, 0x0,
    0x0, 0x0, 0x0, 0x0, 0x1d, 0xff, 0xff, 0xff,
    0xff, 0xff, 0xd1, 0x0, 0x0, 0x0, 0x0, 0x0,
    0x1, 0xdf, 0xff, 0xaa, 0xff, 0xaa, 0xff, 0xfd,
    0x10, 0x0, 0x0, 0x0, 0x0, 0xd, 0xff, 0xfa,
    0xa, 0xff, 0xa0, 0xaf, 0xff, 0xd0, 0x0, 0x0,
    0x0, 0x0, 0x1f, 0xff, 0xa0, 0xa, 0xff, 0xa0,
    0xa, 0xff, 0xf1, 0x0, 0x0, 0x0, 0x0, 0x8,
    0xe9, 0x0, 0xa, 0xff, 0xa0, 0x0, 0x9e, 0x80,
    0x0, 0x0, 0x0, 0x0, 0x0, 0x0, 0x0, 0xa,
    0xff, 0xa0, 0x0, 0x0, 0x0, 0x0, 0x0, 0x0,
    0x0, 0x0, 0x0, 0x0, 0xa, 0xff, 0xa0, 0x0,
    0x0, 0x0, 0x0, 0x0, 0x0, 0x0, 0x0, 0x0,
    0x0, 0xa, 0xff, 0xa0, 0x0, 0x0, 0x0, 0x0,
    0x0, 0x0, 0x0, 0x0, 0x0, 0x0, 0xa, 0xff,
    0xa0, 0x0, 0x0, 0x0, 0x0, 0x0, 0x0, 0x0,
    0x0, 0x0, 0x0, 0xa, 0xff, 0xa0, 0x0, 0x0,
    0x0, 0x0, 0x0, 0x0, 0x0, 0x0, 0x0, 0x0,
    0xa, 0xff, 0xa0, 0x0, 0x0, 0x0, 0x0, 0x0,
    0x0, 0x0, 0x0, 0x0, 0x0, 0xa, 0xff, 0xa0,
    0x0, 0x0, 0x0, 0x0, 0x0, 0x0, 0x1, 0x11,
    0x11, 0x10, 0xa, 0xff, 0xa0, 0x1, 0x11, 0x11,
    0x10, 0x0, 0x7, 0xef, 0xff, 0xff, 0xfd, 0x9,
    0xff, 0x90, 0xef, 0xff, 0xff, 0xfe, 0x70, 0x7f,
    0xff, 0xff, 0xff, 0xff, 0x32, 0xbb, 0x23, 0xff,
    0xff, 0xff, 0xff, 0xf7, 0xdf, 0xff, 0xff, 0xff,
    0xff, 0xe4, 0x0, 0x4e, 0xff, 0xff, 0xff, 0xff,
    0xfd, 0xff, 0xff, 0xff, 0xff, 0xff, 0xff, 0xee,
    0xff, 0xff, 0xff, 0xe0, 0x1f, 0xff, 0xff, 0xff,
    0xff, 0xff, 0xff, 0xff, 0xff, 0xff, 0xff, 0xff,
    0xd0, 0x1f, 0xff, 0xdf, 0xff, 0xff, 0xff, 0xff,
    0xff, 0xff, 0xff, 0xff, 0xff, 0xfe, 0xef, 0xfd,
    0x6f, 0xff, 0xff, 0xff, 0xff, 0xff, 0xff, 0xff,
    0xff, 0xff, 0xff, 0xff, 0xf6, 0x7, 0xef, 0xff,
    0xff, 0xff, 0xff, 0xff, 0xff, 0xff, 0xff, 0xff,
    0xfe, 0x70, 0x0, 0x0, 0x0, 0x0, 0x0, 0x0,
    0x0, 0x0, 0x0, 0x0, 0x0, 0x0, 0x0,

    /* U+F095 "" */
    0x0, 0x0, 0x49, 0xb7, 0x0, 0x0, 0x0, 0x0,
    0x0, 0x0, 0x0, 0x0, 0x0, 0x0, 0x7c, 0xff,
    0xff, 0xf5, 0x0, 0x0, 0x0, 0x0, 0x0, 0x0,
    0x0, 0x0, 0x0, 0xaf, 0xff, 0xff, 0xff, 0xc0,
    0x0, 0x0, 0x0, 0x0, 0x0, 0x0, 0x0, 0x0,
    0xf, 0xff, 0xff, 0xff, 0xff, 0x30, 0x0, 0x0,
    0x0, 0x0, 0x0, 0x0, 0x0, 0x0, 0xef, 0xff,
    0xff, 0xff, 0xf9, 0x0, 0x0, 0x0, 0x0, 0x0,
    0x0, 0x0, 0x0, 0xd, 0xff, 0xff, 0xff, 0xff,
    0xf1, 0x0, 0x0, 0x0, 0x0, 0x0, 0x0, 0x0,
    0x0, 0xcf, 0xff, 0xff, 0xff, 0xff, 0x60, 0x0,
    0x0, 0x0, 0x0, 0x0, 0x0, 0x0, 0x9, 0xff,
    0xff, 0xff, 0xff, 0xf7, 0x0, 0x0, 0x0, 0x0,
    0x0, 0x0, 0x0, 0x0, 0x6f, 0xff, 0xff, 0xff,
    0xfe, 0x10, 0x0, 0x0, 0x0, 0x0, 0x0, 0x0,
    0x0, 0x3, 0xff, 0xff, 0xff, 0xfc, 0x10, 0x0,
    0x0, 0x0, 0x0, 0x0, 0x0, 0x0, 0x0, 0xd,
    0xff, 0xff, 0xfa, 0x0, 0x0, 0x0, 0x0, 0x0,
    0x0, 0x0, 0x0, 0x0, 0x0, 0x8f, 0xff, 0xff,
    0xb0, 0x0, 0x0, 0x0, 0x0, 0x0, 0x0, 0x0,
    0x0, 0x0, 0x2, 0xff, 0xff, 0xff, 0x40, 0x0,
    0x0, 0x0, 0x0, 0x0, 0x0, 0x0, 0x0, 0x0,
    0xa, 0xff, 0xff, 0xfe, 0x10, 0x0, 0x0, 0x0,
    0x0, 0x0, 0x0, 0x0, 0x0, 0x0, 0x2f, 0xff,
    0xff, 0xfc, 0x0, 0x0, 0x0, 0x0, 0x0, 0x0,
    0x0, 0x0, 0x0, 0x0, 0x8f, 0xff, 0xff, 0xfa,
    0x0, 0x0, 0x0, 0x2, 0x30, 0x0, 0x0, 0x0,
    0x0, 0x0, 0xdf, 0xff, 0xff, 0xfb, 0x0, 0x0,
    0x7, 0xff, 0xe7, 0x10, 0x0, 0x0, 0x0, 0x3,
    0xff, 0xff, 0xff, 0xfd, 0x30, 0x5, 0xff, 0xff,
    0xff, 0xa3, 0x0, 0x0, 0x0, 0x4, 0xff, 0xff,
    0xff, 0xff, 0xa4, 0xff, 0xff, 0xff, 0xff, 0xf8,
    0x0, 0x0, 0x0, 0x6, 0xff, 0xff, 0xff, 0xff,
    0xff, 0xff, 0xff, 0xff, 0xff, 0xf0, 0x0, 0x0,
    0x0, 0x5, 0xff, 0xff, 0xff, 0xff, 0xff, 0xff,
    0xff, 0xff, 0xfe, 0x0, 0x0, 0x0, 0x0, 0x3,
    0xef, 0xff, 0xff, 0xff, 0xff, 0xff, 0xff, 0xff,
    0xa0, 0x0, 0x0, 0x0, 0x0, 0x1, 0xaf, 0xff,
    0xff, 0xff, 0xff, 0xff, 0xff, 0xf5, 0x0, 0x0,
    0x0, 0x0, 0x0, 0x0, 0x4c, 0xff, 0xff, 0xff,
    0xff, 0xff, 0xff, 0x10, 0x0, 0x0, 0x0, 0x0,
    0x0, 0x0, 0x4, 0xbf, 0xff, 0xff, 0xff, 0xff,
    0xc0, 0x0, 0x0, 0x0, 0x0, 0x0, 0x0, 0x0,
    0x0, 0x16, 0x9c, 0xff, 0xff, 0xf4, 0x0, 0x0,
    0x0, 0x0, 0x0, 0x0, 0x0, 0x0, 0x0, 0x0,
    0x0, 0x12, 0x31, 0x0, 0x0,

    /* U+F0C4 "" */
    0x0, 0x7, 0xce, 0xd9, 0x20, 0x0, 0x0, 0x0,
    0x0, 0x0, 0x0, 0x0, 0x0, 0x2, 0xdf, 0xff,
    0xff, 0xf6, 0x0, 0x0, 0x0, 0x0, 0x0, 0x2,
    0x54, 0x0, 0xd, 0xff, 0xff, 0xff, 0xff, 0x40,
    0x0, 0x0, 0x0, 0x0, 0x9f, 0xff, 0xe2, 0x8f,
    0xff, 0xd8, 0xaf, 0xff, 0xd0, 0x0, 0x0, 0x0,
    0xa, 0xff, 0xff, 0xf8, 0xdf, 0xfb, 0x0, 0x6,
    0xff, 0xf3, 0x0, 0x0, 0x0, 0xaf, 0xff, 0xff,
    0xc1, 0xff, 0xf5, 0x0, 0x0, 0xff, 0xf5, 0x0,
    0x0, 0xa, 0xff, 0xff, 0xfc, 0x10, 0xef, 0xf5,
    0x0, 0x0, 0xff, 0xf5, 0x0, 0x0, 0xaf, 0xff,
    0xff, 0xd1, 0x0, 0xbf, 0xfd, 0x0, 0x7, 0xff,
    0xf2, 0x0, 0xa, 0xff, 0xff, 0xfd, 0x10, 0x0,
    0x4f, 0xff, 0xea, 0xcf, 0xff, 0xfa, 0x0, 0xaf,
    0xff, 0xff, 0xd1, 0x0, 0x0, 0x9, 0xff, 0xff,
    0xff, 0xff, 0xff, 0xaa, 0xff, 0xff, 0xfd, 0x10,
    0x0, 0x0, 0x0, 0x7f, 0xff, 0xff, 0xff, 0xff,
    0xff, 0xff, 0xff, 0xd1, 0x0, 0x0, 0x0, 0x0,
    0x0, 0x57, 0x63, 0xcf, 0xff, 0xff, 0xff, 0xfd,
    0x10, 0x0, 0x0, 0x0, 0x0, 0x0, 0x0, 0x0,
    0x1d, 0xff, 0xff, 0xff, 0xd1, 0x0, 0x0, 0x0,
    0x0, 0x0, 0x0, 0x0, 0x0, 0x9, 0xff, 0xff,
    0xfd, 0x10, 0x0, 0x0, 0x0, 0x0, 0x0, 0x0,
    0x1, 0x0, 0x8f, 0xff, 0xff, 0xd1, 0x5, 0x0,
    0x0, 0x0, 0x0, 0x0, 0x2a, 0xff, 0xfd, 0xff,
    0xff, 0xfd, 0x10, 0xaf, 0x80, 0x0, 0x0, 0x0,
    0x4, 0xff, 0xff, 0xff, 0xff, 0xff, 0xd1, 0xa,
    0xff, 0xf8, 0x0, 0x0, 0x0, 0x2f, 0xff, 0xff,
    0xff, 0xff, 0xfe, 0x20, 0x8f, 0xff, 0xff, 0x80,
    0x0, 0x0, 0x9f, 0xff, 0x72, 0x4d, 0xff, 0xf2,
    0x0, 0x1d, 0xff, 0xff, 0xf8, 0x0, 0x0, 0xef,
    0xf8, 0x0, 0x2, 0xff, 0xf4, 0x0, 0x1, 0xdf,
    0xff, 0xff, 0x80, 0x0, 0xff, 0xf4, 0x0, 0x0,
    0xef, 0xf5, 0x0, 0x0, 0x1d, 0xff, 0xff, 0xf8,
    0x0, 0xef, 0xf7, 0x0, 0x1, 0xff, 0xf4, 0x0,
    0x0, 0x1, 0xdf, 0xff, 0xff, 0x80, 0xaf, 0xff,
    0x50, 0x2c, 0xff, 0xf0, 0x0, 0x0, 0x0, 0x1d,
    0xff, 0xff, 0xf6, 0x2f, 0xff, 0xff, 0xff, 0xff,
    0x80, 0x0, 0x0, 0x0, 0x1, 0xdf, 0xff, 0xf6,
    0x6, 0xff, 0xff, 0xff, 0xfb, 0x0, 0x0, 0x0,
    0x0, 0x0, 0x7, 0xb9, 0x30, 0x0, 0x4c, 0xff,
    0xfe, 0x70, 0x0, 0x0, 0x0, 0x0, 0x0, 0x0,
    0x0, 0x0, 0x0, 0x0, 0x13, 0x20, 0x0, 0x0,
    0x0, 0x0, 0x0, 0x0, 0x0, 0x0, 0x0,

    /* U+F0C5 "" */
    0x0, 0x0, 0x0, 0x0, 0x4, 0x88, 0x88, 0x88,
    0x86, 0x0, 0x0, 0x0, 0x0, 0x0, 0x0, 0x6,
    0xff, 0xff, 0xff, 0xff, 0xfc, 0x10, 0x0, 0x0,
    0x0, 0x0, 0x0, 0xdf, 0xff, 0xff, 0xff, 0xff,
    0xfc, 0x10, 0x0, 0x0, 0x0, 0x0, 0xe, 0xff,
    0xff, 0xff, 0xff, 0xff, 0xfc, 0x10, 0x0, 0x0,
    0x0, 0x0, 0xef, 0xff, 0xff, 0xff, 0xff, 0xff,
    0xfc, 0x0, 0x0, 0x0, 0x0, 0xe, 0xff, 0xff,
    0xff, 0xff, 0xff, 0xff, 0xf8, 0x0, 0x0, 0x0,
    0x0, 0xef, 0xff, 0xff, 0xff, 0xff, 0xff, 0xff,
    0xb2, 0xcf, 0xff, 0xf8, 0xe, 0xff, 0xff, 0xff,
    0xff, 0xff, 0xff, 0xfb, 0xcf, 0xff, 0xff, 0x80,
    0xef, 0xff, 0xff, 0xff, 0xff, 0xff, 0xff, 0xbf,
    0xff, 0xff, 0xf8, 0xe, 0xff, 0xff, 0xff, 0xff,
    0xff, 0xff, 0xfb, 0xff, 0xf6, 0x33, 0x10, 0xef,
    0xff, 0xff, 0xff, 0xff, 0xff, 0xff, 0xbf, 0xff,
    0x40, 0x0, 0xe, 0xff, 0xff, 0xff, 0xff, 0xff,
    0xff, 0xfb, 0xff, 0xf4, 0x0, 0x0, 0xef, 0xff,
    0xff, 0xff, 0xff, 0xff, 0xff, 0xbf, 0xff, 0x40,
    0x0, 0xe, 0xff, 0xff, 0xff, 0xff, 0xff, 0xff,
    0xfb, 0xff, 0xf4, 0x0, 0x0, 0xef, 0xff, 0xff,
    0xff, 0xff, 0xff, 0xff, 0xbf, 0xff, 0x40, 0x0,
    0xe, 0xff, 0xff, 0xff, 0xff, 0xff, 0xff, 0xfb,
    0xff, 0xf4, 0x0, 0x0, 0xef, 0xff, 0xff, 0xff,
    0xff, 0xff, 0xff, 0xbf, 0xff, 0x40, 0x0, 0xe,
    0xff, 0xff, 0xff, 0xff, 0xff, 0xff, 0xfa, 0xff,
    0xf4, 0x0, 0x0, 0xaf, 0xff, 0xff, 0xff, 0xff,
    0xff, 0xff, 0x6f, 0xff, 0x40, 0x0, 0x1, 0xae,
    0xff, 0xff, 0xff, 0xff, 0xfe, 0x80, 0xff, 0xf4,
    0x0, 0x0, 0x0, 0x0, 0x0, 0x0, 0x0, 0x0,
    0x0, 0xf, 0xff, 0x40, 0x0, 0x0, 0x0, 0x0,
    0xaa, 0xa2, 0x0, 0x0, 0x0, 0xff, 0xf4, 0x0,
    0x0, 0x0, 0x0, 0xf, 0xff, 0x30, 0x0, 0x0,
    0xf, 0xff, 0xff, 0xff, 0xff, 0xff, 0xff, 0xff,
    0xf3, 0x0, 0x0, 0x0, 0xdf, 0xff, 0xff, 0xff,
    0xff, 0xff, 0xff, 0xff, 0x0, 0x0, 0x0, 0x4,
    0xff, 0xff, 0xff, 0xff, 0xff, 0xff, 0xff, 0x70,
    0x0, 0x0, 0x0, 0x0, 0x34, 0x44, 0x44, 0x44,
    0x44, 0x43, 0x10, 0x0, 0x0, 0x0, 0x0,

    /* U+F0C7 "" */
    0x0, 0x1, 0x11, 0x11, 0x11, 0x11, 0x11, 0x11,
    0x0, 0x0, 0x0, 0x0, 0x8f, 0xff, 0xff, 0xff,
    0xff, 0xff, 0xff, 0xfe, 0x40, 0x0, 0x0, 0x7f,
    0xff, 0xff, 0xff, 0xff, 0xff, 0xff, 0xff, 0xff,
    0x50, 0x0, 0xd, 0xff, 0xff, 0xff, 0xff, 0xff,
    0xff, 0xff, 0xff, 0xff, 0x50, 0x0, 0xff, 0xfc,
    0x31, 0x11, 0x11, 0x11, 0x11, 0x28, 0xff, 0xff,
    0x50, 0xf, 0xff, 0x40, 0x0, 0x0, 0x0, 0x0,
    0x0, 0xf, 0xff, 0xff, 0x50, 0xff, 0xf3, 0x0,
    0x0, 0x0, 0x0, 0x0, 0x0, 0xef, 0xff, 0xff,
    0x2f, 0xff, 0x30, 0x0, 0x0, 0x0, 0x0, 0x0,
    0xe, 0xff, 0xff, 0xf7, 0xff, 0xf3, 0x0, 0x0,
    0x0, 0x0, 0x0, 0x0, 0xef, 0xff, 0xff, 0x9f,
    0xff, 0x50, 0x0, 0x0, 0x0, 0x0, 0x0, 0xf,
    0xff, 0xff, 0xf9, 0xff, 0xfe, 0x65, 0x55, 0x55,
    0x55, 0x55, 0x5b, 0xff, 0xff, 0xff, 0x9f, 0xff,
    0xff, 0xff, 0xff, 0xff, 0xff, 0xff, 0xff, 0xff,
    0xff, 0xf9, 0xff, 0xff, 0xff, 0xff, 0xff, 0xff,
    0xff, 0xff, 0xff, 0xff, 0xff, 0x9f, 0xff, 0xff,
    0xff, 0xff, 0xff, 0xff, 0xff, 0xff, 0xff, 0xff,
    0xf9, 0xff, 0xff, 0xff, 0xff, 0xf9, 0x10, 0x2b,
    0xff, 0xff, 0xff, 0xff, 0x9f, 0xff, 0xff, 0xff,
    0xfa, 0x0, 0x0, 0xd, 0xff, 0xff, 0xff, 0xf9,
    0xff, 0xff, 0xff, 0xff, 0x30, 0x0, 0x0, 0x8f,
    0xff, 0xff, 0xff, 0x9f, 0xff, 0xff, 0xff, 0xf2,
    0x0, 0x0, 0x6, 0xff, 0xff, 0xff, 0xf9, 0xff,
    0xff, 0xff, 0xff, 0x60, 0x0, 0x0, 0xaf, 0xff,
    0xff, 0xff, 0x9f, 0xff, 0xff, 0xff, 0xfe, 0x20,
    0x0, 0x4f, 0xff, 0xff, 0xff, 0xf9, 0xff, 0xff,
    0xff, 0xff, 0xfe, 0x97, 0xaf, 0xff, 0xff, 0xff,
    0xff, 0x8c, 0xff, 0xff, 0xff, 0xff, 0xff, 0xff,
    0xff, 0xff, 0xff, 0xff, 0xf5, 0x4f, 0xff, 0xff,
    0xff, 0xff, 0xff, 0xff, 0xff, 0xff, 0xff, 0xfd,
    0x0, 0x3b, 0xdd, 0xdd, 0xdd, 0xdd, 0xdd, 0xdd,
    0xdd, 0xdd, 0xc8, 0x0,

    /* U+F0C9 "" */
    0x4, 0x44, 0x44, 0x44, 0x44, 0x44, 0x44, 0x44,
    0x44, 0x44, 0x43, 0xb, 0xff, 0xff, 0xff, 0xff,
    0xff, 0xff, 0xff, 0xff, 0xff, 0xff, 0xf7, 0xff,
    0xff, 0xff, 0xff, 0xff, 0xff, 0xff, 0xff, 0xff,
    0xff, 0xff, 0xb7, 0xef, 0xff, 0xff, 0xff, 0xff,
    0xff, 0xff, 0xff, 0xff, 0xff, 0xd4, 0x0, 0x0,
    0x0, 0x0, 0x0, 0x0, 0x0, 0x0, 0x0, 0x0,
    0x0, 0x0, 0x0, 0x0, 0x0, 0x0, 0x0, 0x0,
    0x0, 0x0, 0x0, 0x0, 0x0, 0x0, 0x0, 0x0,
    0x0, 0x0, 0x0, 0x0, 0x0, 0x0, 0x0, 0x0,
    0x0, 0x0, 0x0, 0x0, 0x0, 0x0, 0x0, 0x0,
    0x0, 0x0, 0x0, 0x0, 0x4, 0x44, 0x44, 0x44,
    0x44, 0x44, 0x44, 0x44, 0x44, 0x44, 0x43, 0xb,
    0xff, 0xff, 0xff, 0xff, 0xff, 0xff, 0xff, 0xff,
    0xff, 0xff, 0xf7, 0xff, 0xff, 0xff, 0xff, 0xff,
    0xff, 0xff, 0xff, 0xff, 0xff, 0xff, 0xb7, 0xef,
    0xff, 0xff, 0xff, 0xff, 0xff, 0xff, 0xff, 0xff,
    0xff, 0xd4, 0x0, 0x0, 0x0, 0x0, 0x0, 0x0,
    0x0, 0x0, 0x0, 0x0, 0x0, 0x0, 0x0, 0x0,
    0x0, 0x0, 0x0, 0x0, 0x0, 0x0, 0x0, 0x0,
    0x0, 0x0, 0x0, 0x0, 0x0, 0x0, 0x0, 0x0,
    0x0, 0x0, 0x0, 0x0, 0x0, 0x0, 0x0, 0x0,
    0x0, 0x0, 0x0, 0x0, 0x0, 0x0, 0x0, 0x0,
    0x3, 0x44, 0x44, 0x44, 0x44, 0x44, 0x44, 0x44,
    0x44, 0x44, 0x42, 0xb, 0xff, 0xff, 0xff, 0xff,
    0xff, 0xff, 0xff, 0xff, 0xff, 0xff, 0xf7, 0xff,
    0xff, 0xff, 0xff, 0xff, 0xff, 0xff, 0xff, 0xff,
    0xff, 0xff, 0xb7, 0xff, 0xff, 0xff, 0xff, 0xff,
    0xff, 0xff, 0xff, 0xff, 0xff, 0xe4,

    /* U+F0E0 "" */
    0x3, 0x77, 0x77, 0x77, 0x77, 0x77, 0x77, 0x77,
    0x77, 0x77, 0x77, 0x77, 0x30, 0x7f, 0xff, 0xff,
    0xff, 0xff, 0xff, 0xff, 0xff, 0xff, 0xff, 0xff,
    0xff, 0xf7, 0xef, 0xff, 0xff, 0xff, 0xff, 0xff,
    0xff, 0xff, 0xff, 0xff, 0xff, 0xff, 0xfe, 0xdf,
    0xff, 0xff, 0xff, 0xff, 0xff, 0xff, 0xff, 0xff,
    0xff, 0xff, 0xff, 0xfd, 0x5f, 0xff, 0xff, 0xff,
    0xff, 0xff, 0xff, 0xff, 0xff, 0xff, 0xff, 0xff,
    0xf5, 0x4, 0xef, 0xff, 0xff, 0xff, 0xff, 0xff,
    0xff, 0xff, 0xff, 0xff, 0xfe, 0x40, 0x60, 0x1c,
    0xff, 0xff, 0xff, 0xff, 0xff, 0xff, 0xff, 0xff,
    0xff, 0xc1, 0x6, 0xfb, 0x10, 0x8f, 0xff, 0xff,
    0xff, 0xff, 0xff, 0xff, 0xff, 0xf8, 0x1, 0xaf,
    0xff, 0xd3, 0x4, 0xef, 0xff, 0xff, 0xff, 0xff,
    0xff, 0xfe, 0x40, 0x3d, 0xff, 0xff, 0xff, 0x70,
    0x1c, 0xff, 0xff, 0xff, 0xff, 0xff, 0xc1, 0x7,
    0xff, 0xff, 0xff, 0xff, 0xfb, 0x10, 0x8f, 0xff,
    0xff, 0xff, 0xf8, 0x1, 0xbf, 0xff, 0xff, 0xff,
    0xff, 0xff, 0xe3, 0x4, 0xef, 0xff, 0xfe, 0x40,
    0x3e, 0xff, 0xff, 0xff, 0xff, 0xff, 0xff, 0xff,
    0x70, 0x1c, 0xff, 0xc1, 0x7, 0xff, 0xff, 0xff,
    0xff, 0xff, 0xff, 0xff, 0xff, 0xfb, 0x10, 0x55,
    0x1, 0xbf, 0xff, 0xff, 0xff, 0xff, 0xff, 0xff,
    0xff, 0xff, 0xff, 0xe4, 0x0, 0x4e, 0xff, 0xff,
    0xff, 0xff, 0xff, 0xff, 0xff, 0xff, 0xff, 0xff,
    0xff, 0xff, 0xff, 0xff, 0xff, 0xff, 0xff, 0xff,
    0xff, 0xff, 0xff, 0xff, 0xff, 0xff, 0xff, 0xff,
    0xff, 0xff, 0xff, 0xff, 0xff, 0xdf, 0xff, 0xff,
    0xff, 0xff, 0xff, 0xff, 0xff, 0xff, 0xff, 0xff,
    0xff, 0xfd, 0x6f, 0xff, 0xff, 0xff, 0xff, 0xff,
    0xff, 0xff, 0xff, 0xff, 0xff, 0xff, 0xf6, 0x6,
    0xdf, 0xff, 0xff, 0xff, 0xff, 0xff, 0xff, 0xff,
    0xff, 0xff, 0xfd, 0x60,

    /* U+F0E7 "" */
    0x0, 0x0, 0x0, 0x0, 0x0, 0x0, 0x0, 0x0,
    0x0, 0x0, 0x0, 0x0, 0x0, 0x0, 0x0, 0x0,
    0x0, 0x8, 0xb3, 0x0, 0x0, 0x0, 0x0, 0x0,
    0x0, 0x0, 0x0, 0xb, 0xff, 0xc0, 0x0, 0x0,
    0x0, 0x0, 0x0, 0x0, 0x0, 0x1d, 0xff, 0xfb,
    0x0, 0x0, 0x0, 0x0, 0x0, 0x0, 0x0, 0x2e,
    0xff, 0xff, 0x40, 0x0, 0x0, 0x0, 0x0, 0x0,
    0x0, 0x4f, 0xff, 0xff, 0xd0, 0x0, 0x0, 0x0,
    0x0, 0x0, 0x0, 0x5f, 0xff, 0xff, 0xf7, 0x0,
    0x0, 0x0, 0x0, 0x0, 0x0, 0x7f, 0xff, 0xff,
    0xff, 0x10, 0x0, 0x0, 0x0, 0x0, 0x0, 0x9f,
    0xff, 0xff, 0xff, 0x90, 0x0, 0x0, 0x0, 0x0,
    0x0, 0xbf, 0xff, 0xff, 0xff, 0xf2, 0x0, 0x0,
    0x0, 0x0, 0x1, 0xdf, 0xff, 0xff, 0xff, 0xfc,
    0x0, 0x0, 0x0, 0x0, 0x2, 0xef, 0xff, 0xff,
    0xff, 0xff, 0x50, 0x0, 0x0, 0x0, 0x4, 0xff,
    0xff, 0xff, 0xff, 0xff, 0xf6, 0x55, 0x55, 0x51,
    0x2, 0xff, 0xff, 0xff, 0xff, 0xff, 0xff, 0xff,
    0xff, 0xff, 0xd0, 0x4f, 0xff, 0xff, 0xff, 0xff,
    0xff, 0xff, 0xff, 0xff, 0xff, 0x10, 0x9d, 0xdd,
    0xdd, 0xef, 0xff, 0xff, 0xff, 0xff, 0xff, 0x70,
    0x0, 0x0, 0x0, 0x5, 0xff, 0xff, 0xff, 0xff,
    0xff, 0x60, 0x0, 0x0, 0x0, 0x0, 0xcf, 0xff,
    0xff, 0xff, 0xff, 0x40, 0x0, 0x0, 0x0, 0x0,
    0x3f, 0xff, 0xff, 0xff, 0xfe, 0x30, 0x0, 0x0,
    0x0, 0x0, 0x9, 0xff, 0xff, 0xff, 0xfd, 0x10,
    0x0, 0x0, 0x0, 0x0, 0x1, 0xff, 0xff, 0xff,
    0xfb, 0x10, 0x0, 0x0, 0x0, 0x0, 0x0, 0x7f,
    0xff, 0xff, 0xfa, 0x0, 0x0, 0x0, 0x0, 0x0,
    0x0, 0xe, 0xff, 0xff, 0xf8, 0x0, 0x0, 0x0,
    0x0, 0x0, 0x0, 0x5, 0xff, 0xff, 0xf6, 0x0,
    0x0, 0x0, 0x0, 0x0, 0x0, 0x0, 0xcf, 0xff,
    0xf4, 0x0, 0x0, 0x0, 0x0, 0x0, 0x0, 0x0,
    0x1f, 0xff, 0xe3, 0x0, 0x0, 0x0, 0x0, 0x0,
    0x0, 0x0, 0x0, 0xcf, 0xd1, 0x0, 0x0, 0x0,
    0x0, 0x0, 0x0, 0x0, 0x0, 0x0, 0x30, 0x0,
    0x0, 0x0, 0x0, 0x0, 0x0, 0x0,

    /* U+F0EA "" */
    0x0, 0x0, 0x0, 0x4a, 0xa6, 0x0, 0x0, 0x0,
    0x0, 0x0, 0x0, 0x0, 0x0, 0x0, 0x11, 0x16,
    0xff, 0xff, 0x91, 0x11, 0x0, 0x0, 0x0, 0x0,
    0x0, 0x0, 0x3d, 0xff, 0xff, 0xf8, 0x6f, 0xff,
    0xff, 0xf6, 0x0, 0x0, 0x0, 0x0, 0x0, 0xcf,
    0xff, 0xff, 0xf0, 0xb, 0xff, 0xff, 0xff, 0x10,
    0x0, 0x0, 0x0, 0x0, 0xff, 0xff, 0xff, 0xf9,
    0x6f, 0xff, 0xff, 0xff, 0x30, 0x0, 0x0, 0x0,
    0x0, 0xff, 0xff, 0xff, 0xff, 0xff, 0xfd, 0x52,
    0x11, 0x0, 0x0, 0x0, 0x0, 0x0, 0xff, 0xff,
    0xff, 0xff, 0xff, 0xb0, 0x2, 0x33, 0x33, 0x33,
    0x20, 0x0, 0x0, 0xff, 0xff, 0xff, 0xff, 0xff,
    0x20, 0xcf, 0xff, 0xff, 0xff, 0xfc, 0x10, 0x0,
    0xff, 0xff, 0xff, 0xff, 0xfd, 0x7, 0xff, 0xff,
    0xff, 0xff, 0xff, 0xc1, 0x0, 0xff, 0xff, 0xff,
    0xff, 0xfc, 0x9, 0xff, 0xff, 0xff, 0xff, 0xff,
    0xfc, 0x10, 0xff, 0xff, 0xff, 0xff, 0xfb, 0x9,
    0xff, 0xff, 0xff, 0xff, 0xff, 0xff, 0xc1, 0xff,
    0xff, 0xff, 0xff, 0xfb, 0x9, 0xff, 0xff, 0xff,
    0xff, 0xff, 0xff, 0xfa, 0xff, 0xff, 0xff, 0xff,
    0xfb, 0x9, 0xff, 0xff, 0xff, 0xff, 0xff, 0xff,
    0xff, 0xff, 0xff, 0xff, 0xff, 0xfb, 0x9, 0xff,
    0xff, 0xff, 0xff, 0xff, 0xff, 0xff, 0xff, 0xff,
    0xff, 0xff, 0xfb, 0x9, 0xff, 0xff, 0xff, 0xff,
    0xff, 0xff, 0xff, 0xff, 0xff, 0xff, 0xff, 0xfb,
    0x9, 0xff, 0xff, 0xff, 0xff, 0xff, 0xff, 0xff,
    0xff, 0xff, 0xff, 0xff, 0xfb, 0x9, 0xff, 0xff,
    0xff, 0xff, 0xff, 0xff, 0xff, 0xff, 0xff, 0xff,
    0xff, 0xfb, 0x9, 0xff, 0xff, 0xff, 0xff, 0xff,
    0xff, 0xff, 0xff, 0xff, 0xff, 0xff, 0xfb, 0x9,
    0xff, 0xff, 0xff, 0xff, 0xff, 0xff, 0xff, 0xff,
    0xff, 0xff, 0xff, 0xfb, 0x9, 0xff, 0xff, 0xff,
    0xff, 0xff, 0xff, 0xff, 0xff, 0xff, 0xff, 0xff,
    0xfb, 0x9, 0xff, 0xff, 0xff, 0xff, 0xff, 0xff,
    0xff, 0xbf, 0xff, 0xff, 0xff, 0xfb, 0x9, 0xff,
    0xff, 0xff, 0xff, 0xff, 0xff, 0xff, 0x2b, 0xff,
    0xff, 0xff, 0xfb, 0x9, 0xff, 0xff, 0xff, 0xff,
    0xff, 0xff, 0xff, 0x0, 0x0, 0x0, 0x0, 0x0,
    0x9, 0xff, 0xff, 0xff, 0xff, 0xff, 0xff, 0xff,
    0x0, 0x0, 0x0, 0x0, 0x0, 0x7, 0xff, 0xff,
    0xff, 0xff, 0xff, 0xff, 0xfd, 0x0, 0x0, 0x0,
    0x0, 0x0, 0x0, 0xcf, 0xff, 0xff, 0xff, 0xff,
    0xff, 0xf4, 0x0, 0x0, 0x0, 0x0, 0x0, 0x0,
    0x2, 0x33, 0x33, 0x33, 0x33, 0x33, 0x0,

    /* U+F0F3 "" */
    0x0, 0x0, 0x0, 0x0, 0x0, 0xa, 0xe7, 0x0,
    0x0, 0x0, 0x0, 0x0, 0x0, 0x0, 0x0, 0x0,
    0x0, 0x3f, 0xff, 0x0, 0x0, 0x0, 0x0, 0x0,
    0x0, 0x0, 0x0, 0x0, 0x0, 0x7f, 0xff, 0x30,
    0x0, 0x0, 0x0, 0x0, 0x0, 0x0, 0x0, 0x0,
    0x8f, 0xff, 0xff, 0xfd, 0x50, 0x0, 0x0, 0x0,
    0x0, 0x0, 0x0, 0x1d, 0xff, 0xff, 0xff, 0xff,
    0xfa, 0x0, 0x0, 0x0, 0x0, 0x0, 0x1, 0xdf,
    0xff, 0xff, 0xff, 0xff, 0xff, 0xa0, 0x0, 0x0,
    0x0, 0x0, 0xa, 0xff, 0xff, 0xff, 0xff, 0xff,
    0xff, 0xf5, 0x0, 0x0, 0x0, 0x0, 0x2f, 0xff,
    0xff, 0xff, 0xff, 0xff, 0xff, 0xfd, 0x0, 0x0,
    0x0, 0x0, 0x7f, 0xff, 0xff, 0xff, 0xff, 0xff,
    0xff, 0xff, 0x20, 0x0, 0x0, 0x0, 0xaf, 0xff,
    0xff, 0xff, 0xff, 0xff, 0xff, 0xff, 0x60, 0x0,
    0x0, 0x0, 0xbf, 0xff, 0xff, 0xff, 0xff, 0xff,
    0xff, 0xff, 0x70, 0x0, 0x0, 0x0, 0xcf, 0xff,
    0xff, 0xff, 0xff, 0xff, 0xff, 0xff, 0x70, 0x0,
    0x0, 0x0, 0xdf, 0xff, 0xff, 0xff, 0xff, 0xff,
    0xff, 0xff, 0x90, 0x0, 0x0, 0x0, 0xff, 0xff,
    0xff, 0xff, 0xff, 0xff, 0xff, 0xff, 0xb0, 0x0,
    0x0, 0x4, 0xff, 0xff, 0xff, 0xff, 0xff, 0xff,
    0xff, 0xff, 0xf0, 0x0, 0x0, 0xa, 0xff, 0xff,
    0xff, 0xff, 0xff, 0xff, 0xff, 0xff, 0xf5, 0x0,
    0x0, 0x2f, 0xff, 0xff, 0xff, 0xff, 0xff, 0xff,
    0xff, 0xff, 0xfd, 0x0, 0x0, 0xcf, 0xff, 0xff,
    0xff, 0xff, 0xff, 0xff, 0xff, 0xff, 0xff, 0x90,
    0x9, 0xff, 0xff, 0xff, 0xff, 0xff, 0xff, 0xff,
    0xff, 0xff, 0xff, 0xf5, 0xf, 0xff, 0xff, 0xff,
    0xff, 0xff, 0xff, 0xff, 0xff, 0xff, 0xff, 0xfb,
    0x9, 0xff, 0xff, 0xff, 0xff, 0xff, 0xff, 0xff,
    0xff, 0xff, 0xff, 0xf5, 0x0, 0x12, 0x22, 0x22,
    0x22, 0x22, 0x22, 0x22, 0x22, 0x22, 0x22, 0x10,
    0x0, 0x0, 0x0, 0x0, 0x0, 0x0, 0x0, 0x0,
    0x0, 0x0, 0x0, 0x0, 0x0, 0x0, 0x0, 0x0,
    0xc, 0xff, 0xff, 0xf8, 0x0, 0x0, 0x0, 0x0,
    0x0, 0x0, 0x0, 0x0, 0x7, 0xff, 0xff, 0xf3,
    0x0, 0x0, 0x0, 0x0, 0x0, 0x0, 0x0, 0x0,
    0x0, 0x9f, 0xff, 0x50, 0x0, 0x0, 0x0, 0x0,
    0x0, 0x0, 0x0, 0x0, 0x0, 0x1, 0x30, 0x0,
    0x0, 0x0, 0x0, 0x0,

    /* U+F111 "" */
    0x0, 0x0, 0x0, 0x0, 0x15, 0x9b, 0xdd, 0xb9,
    0x51, 0x0, 0x0, 0x0, 0x0, 0x0, 0x0, 0x0,
    0x29, 0xff, 0xff, 0xff, 0xff, 0xff, 0xa2, 0x0,
    0x0, 0x0, 0x0, 0x0, 0x7, 0xff, 0xff, 0xff,
    0xff, 0xff, 0xff, 0xff, 0x70, 0x0, 0x0, 0x0,
    0x0, 0xaf, 0xff, 0xff, 0xff, 0xff, 0xff, 0xff,
    0xff, 0xfa, 0x0, 0x0, 0x0, 0xa, 0xff, 0xff,
    0xff, 0xff, 0xff, 0xff, 0xff, 0xff, 0xff, 0xa0,
    0x0, 0x0, 0x7f, 0xff, 0xff, 0xff, 0xff, 0xff,
    0xff, 0xff, 0xff, 0xff, 0xf7, 0x0, 0x2, 0xff,
    0xff, 0xff, 0xff, 0xff, 0xff, 0xff, 0xff, 0xff,
    0xff, 0xff, 0x30, 0xa, 0xff, 0xff, 0xff, 0xff,
    0xff, 0xff, 0xff, 0xff, 0xff, 0xff, 0xff, 0xb0,
    0x2f, 0xff, 0xff, 0xff, 0xff, 0xff, 0xff, 0xff,
    0xff, 0xff, 0xff, 0xff, 0xf2, 0x7f, 0xff, 0xff,
    0xff, 0xff, 0xff, 0xff, 0xff, 0xff, 0xff, 0xff,
    0xff, 0xf7, 0xbf, 0xff, 0xff, 0xff, 0xff, 0xff,
    0xff, 0xff, 0xff, 0xff, 0xff, 0xff, 0xfb, 0xef,
    0xff, 0xff, 0xff, 0xff, 0xff, 0xff, 0xff, 0xff,
    0xff, 0xff, 0xff, 0xfe, 0xff, 0xff, 0xff, 0xff,
    0xff, 0xff, 0xff, 0xff, 0xff, 0xff, 0xff, 0xff,
    0xff, 0xff, 0xff, 0xff, 0xff, 0xff, 0xff, 0xff,
    0xff, 0xff, 0xff, 0xff, 0xff, 0xff, 0xef, 0xff,
    0xff, 0xff, 0xff, 0xff, 0xff, 0xff, 0xff, 0xff,
    0xff, 0xff, 0xfe, 0xcf, 0xff, 0xff, 0xff, 0xff,
    0xff, 0xff, 0xff, 0xff, 0xff, 0xff, 0xff, 0xfc,
    0x8f, 0xff, 0xff, 0xff, 0xff, 0xff, 0xff, 0xff,
    0xff, 0xff, 0xff, 0xff, 0xf8, 0x3f, 0xff, 0xff,
    0xff, 0xff, 0xff, 0xff, 0xff, 0xff, 0xff, 0xff,
    0xff, 0xf3, 0xd, 0xff, 0xff, 0xff, 0xff, 0xff,
    0xff, 0xff, 0xff, 0xff, 0xff, 0xff, 0xd0, 0x5,
    0xff, 0xff, 0xff, 0xff, 0xff, 0xff, 0xff, 0xff,
    0xff, 0xff, 0xff, 0x50, 0x0, 0xaf, 0xff, 0xff,
    0xff, 0xff, 0xff, 0xff, 0xff, 0xff, 0xff, 0xfb,
    0x0, 0x0, 0x1d, 0xff, 0xff, 0xff, 0xff, 0xff,
    0xff, 0xff, 0xff, 0xff, 0xd1, 0x0, 0x0, 0x2,
    0xdf, 0xff, 0xff, 0xff, 0xff, 0xff, 0xff, 0xff,
    0xfd, 0x20, 0x0, 0x0, 0x0, 0x1b, 0xff, 0xff,
    0xff, 0xff, 0xff, 0xff, 0xff, 0xb1, 0x0, 0x0,
    0x0, 0x0, 0x0, 0x6e, 0xff, 0xff, 0xff, 0xff,
    0xff, 0xe6, 0x0, 0x0, 0x0, 0x0, 0x0, 0x0,
    0x0, 0x5a, 0xdf, 0xff, 0xfd, 0xa5, 0x0, 0x0,
    0x0, 0x0, 0x0, 0x0, 0x0, 0x0, 0x0, 0x0,
    0x11, 0x0, 0x0, 0x0, 0x0, 0x0, 0x0,

    /* U+F11C "" */
    0x0, 0x25, 0x55, 0x55, 0x55, 0x55, 0x55, 0x55,
    0x55, 0x55, 0x55, 0x55, 0x55, 0x30, 0x0, 0xb,
    0xff, 0xff, 0xff, 0xff, 0xff, 0xff, 0xff, 0xff,
    0xff, 0xff, 0xff, 0xff, 0xfd, 0x20, 0x9f, 0xff,
    0xff, 0xff, 0xff, 0xff, 0xff, 0xff, 0xff, 0xff,
    0xff, 0xff, 0xff, 0xff, 0xd0, 0xef, 0xff, 0xee,
    0xff, 0xfe, 0xef, 0xff, 0xef, 0xff, 0xfe, 0xff,
    0xff, 0xef, 0xff, 0xf2, 0xff, 0xf5, 0x0, 0x9f,
    0x30, 0xb, 0xf1, 0x0, 0xdf, 0x0, 0xf, 0xd0,
    0x1, 0xff, 0xf3, 0xff, 0xf3, 0x0, 0x7f, 0x10,
    0x9, 0xf0, 0x0, 0xbd, 0x0, 0xd, 0xb0, 0x0,
    0xff, 0xf3, 0xff, 0xf6, 0x0, 0xaf, 0x40, 0xc,
    0xf2, 0x0, 0xdf, 0x10, 0x1f, 0xd0, 0x2, 0xff,
    0xf3, 0xff, 0xff, 0xff, 0xff, 0xff, 0xff, 0xff,
    0xff, 0xff, 0xff, 0xff, 0xff, 0xff, 0xff, 0xf3,
    0xff, 0xfd, 0xaa, 0xff, 0xd9, 0xaf, 0xfc, 0x9a,
    0xff, 0xb9, 0xbf, 0xfa, 0x9c, 0xff, 0xf3, 0xff,
    0xf4, 0x0, 0x8f, 0x20, 0xa, 0xf0, 0x0, 0xce,
    0x0, 0xe, 0xc0, 0x0, 0xff, 0xf3, 0xff, 0xf3,
    0x0, 0x7f, 0x10, 0x9, 0xf0, 0x0, 0xbd, 0x0,
    0xd, 0xb0, 0x0, 0xff, 0xf3, 0xff, 0xf8, 0x22,
    0xbf, 0x61, 0x2d, 0xf4, 0x12, 0xef, 0x31, 0x3f,
    0xe2, 0x14, 0xff, 0xf3, 0xff, 0xff, 0xff, 0xff,
    0xff, 0xff, 0xff, 0xff, 0xff, 0xff, 0xff, 0xff,
    0xff, 0xff, 0xf3, 0xff, 0xfc, 0x88, 0xef, 0xb7,
    0x77, 0x77, 0x77, 0x77, 0x77, 0x9f, 0xf8, 0x7a,
    0xff, 0xf3, 0xff, 0xf4, 0x0, 0x8f, 0x20, 0x0,
    0x0, 0x0, 0x0, 0x0, 0xe, 0xc0, 0x0, 0xff,
    0xf3, 0xff, 0xf4, 0x0, 0x8f, 0x20, 0x0, 0x0,
    0x0, 0x0, 0x0, 0xe, 0xc0, 0x0, 0xff, 0xf3,
    0xff, 0xf9, 0x44, 0xcf, 0x83, 0x33, 0x33, 0x33,
    0x33, 0x33, 0x5f, 0xe4, 0x36, 0xff, 0xf3, 0xdf,
    0xff, 0xff, 0xff, 0xff, 0xff, 0xff, 0xff, 0xff,
    0xff, 0xff, 0xff, 0xff, 0xff, 0xf1, 0x6f, 0xff,
    0xff, 0xff, 0xff, 0xff, 0xff, 0xff, 0xff, 0xff,
    0xff, 0xff, 0xff, 0xff, 0xa0, 0x6, 0xdf, 0xff,
    0xff, 0xff, 0xff, 0xff, 0xff, 0xff, 0xff, 0xff,
    0xff, 0xff, 0xe8, 0x0,

    /* U+F124 "" */
    0x0, 0x0, 0x0, 0x0, 0x0, 0x0, 0x0, 0x0,
    0x0, 0x2, 0x40, 0x0, 0x0, 0x0, 0x0, 0x0,
    0x0, 0x0, 0x0, 0x0, 0x5b, 0xff, 0xb0, 0x0,
    0x0, 0x0, 0x0, 0x0, 0x0, 0x0, 0x17, 0xef,
    0xff, 0xfe, 0x0, 0x0, 0x0, 0x0, 0x0, 0x0,
    0x4, 0xaf, 0xff, 0xff, 0xff, 0x90, 0x0, 0x0,
    0x0, 0x0, 0x1, 0x7d, 0xff, 0xff, 0xff, 0xff,
    0xf3, 0x0, 0x0, 0x0, 0x0, 0x3a, 0xff, 0xff,
    0xff, 0xff, 0xff, 0xfc, 0x0, 0x0, 0x0, 0x6,
    0xdf, 0xff, 0xff, 0xff, 0xff, 0xff, 0xff, 0x60,
    0x0, 0x2, 0x9f, 0xff, 0xff, 0xff, 0xff, 0xff,
    0xff, 0xff, 0xe0, 0x0, 0xa, 0xff, 0xff, 0xff,
    0xff, 0xff, 0xff, 0xff, 0xff, 0xf8, 0x0, 0x2,
    0xff, 0xff, 0xff, 0xff, 0xff, 0xff, 0xff, 0xff,
    0xff, 0x20, 0x0, 0xd, 0xff, 0xff, 0xff, 0xff,
    0xff, 0xff, 0xff, 0xff, 0xb0, 0x0, 0x0, 0x3,
    0x33, 0x33, 0x33, 0x33, 0xbf, 0xff, 0xff, 0xf5,
    0x0, 0x0, 0x0, 0x0, 0x0, 0x0, 0x0, 0x9,
    0xff, 0xff, 0xfe, 0x0, 0x0, 0x0, 0x0, 0x0,
    0x0, 0x0, 0x0, 0x9f, 0xff, 0xff, 0x80, 0x0,
    0x0, 0x0, 0x0, 0x0, 0x0, 0x0, 0x9, 0xff,
    0xff, 0xf1, 0x0, 0x0, 0x0, 0x0, 0x0, 0x0,
    0x0, 0x0, 0x9f, 0xff, 0xfb, 0x0, 0x0, 0x0,
    0x0, 0x0, 0x0, 0x0, 0x0, 0x9, 0xff, 0xff,
    0x40, 0x0, 0x0, 0x0, 0x0, 0x0, 0x0, 0x0,
    0x0, 0x9f, 0xff, 0xd0, 0x0, 0x0, 0x0, 0x0,
    0x0, 0x0, 0x0, 0x0, 0x9, 0xff, 0xf7, 0x0,
    0x0, 0x0, 0x0, 0x0, 0x0, 0x0, 0x0, 0x0,
    0x9f, 0xff, 0x10, 0x0, 0x0, 0x0, 0x0, 0x0,
    0x0, 0x0, 0x0, 0x8, 0xff, 0xa0, 0x0, 0x0,
    0x0, 0x0, 0x0, 0x0, 0x0, 0x0, 0x0, 0x1a,
    0xb1, 0x0, 0x0, 0x0, 0x0,

    /* U+F158 "" */
    0x0, 0x4, 0xef, 0xff, 0xff, 0xff, 0xfd, 0x93,
    0x0, 0x0, 0x0, 0xb, 0xff, 0xff, 0xff, 0xff,
    0xff, 0xff, 0x90, 0x0, 0x0, 0xb, 0xff, 0xff,
    0xff, 0xff, 0xff, 0xff, 0xfa, 0x0, 0x0, 0xb,
    0xff, 0x93, 0x33, 0x33, 0x47, 0xef, 0xff, 0x60,
    0x0, 0xb, 0xff, 0x70, 0x0, 0x0, 0x0, 0x1d,
    0xff, 0xd0, 0x0, 0xb, 0xff, 0x70, 0x0, 0x0,
    0x0, 0x3, 0xff, 0xf3, 0x0, 0xb, 0xff, 0x70,
    0x0, 0x0, 0x0, 0x0, 0xef, 0xf6, 0x0, 0xb,
    0xff, 0x70, 0x0, 0x0, 0x0, 0x0, 0xcf, 0xf7,
    0x0, 0xb, 0xff, 0x70, 0x0, 0x0, 0x0, 0x0,
    0xef, 0xf6, 0x0, 0xb, 0xff, 0x70, 0x0, 0x0,
    0x0, 0x3, 0xff, 0xf3, 0x0, 0xb, 0xff, 0x70,
    0x0, 0x0, 0x0, 0x1d, 0xff, 0xd0, 0x2, 0x3c,
    0xff, 0x93, 0x33, 0x33, 0x37, 0xef, 0xff, 0x60,
    0xaf, 0xff, 0xff, 0xff, 0xff, 0xff, 0xff, 0xff,
    0xfa, 0x0, 0xff, 0xff, 0xff, 0xff, 0xff, 0xff,
    0xff, 0xff, 0x90, 0x0, 0x7f, 0xff, 0xff, 0xff,
    0xff, 0xff, 0xfe, 0xa3, 0x0, 0x0, 0x0, 0xb,
    0xff, 0x70, 0x0, 0x0, 0x0, 0x0, 0x0, 0x0,
    0x3, 0x3c, 0xff, 0x93, 0x33, 0x33, 0x33, 0x30,
    0x0, 0x0, 0xbf, 0xff, 0xff, 0xff, 0xff, 0xff,
    0xff, 0xfe, 0x0, 0x0, 0xff, 0xff, 0xff, 0xff,
    0xff, 0xff, 0xff, 0xff, 0x30, 0x0, 0x7f, 0xff,
    0xff, 0xff, 0xff, 0xff, 0xff, 0xfb, 0x0, 0x0,
    0x0, 0xb, 0xff, 0x70, 0x0, 0x0, 0x0, 0x0,
    0x0, 0x0, 0x0, 0xb, 0xff, 0x70, 0x0, 0x0,
    0x0, 0x0, 0x0, 0x0, 0x0, 0x5, 0xed, 0x20,
    0x0, 0x0, 0x0, 0x0, 0x0, 0x0,

    /* U+F1EB "" */
    0x0, 0x0, 0x0, 0x0, 0x0, 0x0, 0x0, 0x1,
    0x10, 0x0, 0x0, 0x0, 0x0, 0x0, 0x0, 0x0,
    0x0, 0x0, 0x0, 0x0, 0x0, 0x15, 0x9c, 0xef,
    0xff, 0xff, 0xdb, 0x73, 0x0, 0x0, 0x0, 0x0,
    0x0, 0x0, 0x0, 0x0, 0x6, 0xcf, 0xff, 0xff,
    0xff, 0xff, 0xff, 0xff, 0xfe, 0x92, 0x0, 0x0,
    0x0, 0x0, 0x0, 0x0, 0x6e, 0xff, 0xff, 0xff,
    0xff, 0xff, 0xff, 0xff, 0xff, 0xff, 0xfa, 0x20,
    0x0, 0x0, 0x0, 0x3, 0xdf, 0xff, 0xff, 0xfb,
    0x75, 0x32, 0x22, 0x46, 0x9d, 0xff, 0xff, 0xff,
    0x80, 0x0, 0x0, 0x7, 0xff, 0xff, 0xfc, 0x50,
    0x0, 0x0, 0x0, 0x0, 0x0, 0x2, 0x8e, 0xff,
    0xff, 0xc2, 0x0, 0xa, 0xff, 0xff, 0xc3, 0x0,
    0x0, 0x0, 0x0, 0x0, 0x0, 0x0, 0x0, 0x7,
    0xff, 0xff, 0xe3, 0xa, 0xff, 0xff, 0x60, 0x0,
    0x0, 0x0, 0x0, 0x0, 0x0, 0x0, 0x0, 0x0,
    0x1, 0xbf, 0xff, 0xf3, 0xff, 0xfd, 0x20, 0x0,
    0x0, 0x0, 0x0, 0x0, 0x0, 0x0, 0x0, 0x0,
    0x0, 0x0, 0x7f, 0xff, 0x77, 0xfb, 0x10, 0x0,
    0x0, 0x0, 0x27, 0xbd, 0xef, 0xec, 0x95, 0x0,
    0x0, 0x0, 0x0, 0x5e, 0xd1, 0x0, 0x0, 0x0,
    0x0, 0x4, 0xcf, 0xff, 0xff, 0xff, 0xff, 0xff,
    0x81, 0x0, 0x0, 0x0, 0x0, 0x0, 0x0, 0x0,
    0x0, 0x1b, 0xff, 0xff, 0xff, 0xff, 0xff, 0xff,
    0xff, 0xf6, 0x0, 0x0, 0x0, 0x0, 0x0, 0x0,
    0x0, 0x3e, 0xff, 0xff, 0xea, 0x65, 0x46, 0x8c,
    0xff, 0xff, 0xfa, 0x0, 0x0, 0x0, 0x0, 0x0,
    0x0, 0xd, 0xff, 0xfd, 0x50, 0x0, 0x0, 0x0,
    0x1, 0x9f, 0xff, 0xf6, 0x0, 0x0, 0x0, 0x0,
    0x0, 0x0, 0xcf, 0xf8, 0x0, 0x0, 0x0, 0x0,
    0x0, 0x0, 0x3d, 0xff, 0x40, 0x0, 0x0, 0x0,
    0x0, 0x0, 0x1, 0x73, 0x0, 0x0, 0x0, 0x0,
    0x0, 0x0, 0x0, 0x6, 0x40, 0x0, 0x0, 0x0,
    0x0, 0x0, 0x0, 0x0, 0x0, 0x0, 0x0, 0x0,
    0x0, 0x0, 0x0, 0x0, 0x0, 0x0, 0x0, 0x0,
    0x0, 0x0, 0x0, 0x0, 0x0, 0x0, 0x0, 0x4,
    0xbd, 0x91, 0x0, 0x0, 0x0, 0x0, 0x0, 0x0,
    0x0, 0x0, 0x0, 0x0, 0x0, 0x0, 0x0, 0x5,
    0xff, 0xff, 0xd0, 0x0, 0x0, 0x0, 0x0, 0x0,
    0x0, 0x0, 0x0, 0x0, 0x0, 0x0, 0x0, 0x0,
    0xdf, 0xff, 0xff, 0x50, 0x0, 0x0, 0x0, 0x0,
    0x0, 0x0, 0x0, 0x0, 0x0, 0x0, 0x0, 0x0,
    0xf, 0xff, 0xff, 0xf7, 0x0, 0x0, 0x0, 0x0,
    0x0, 0x0, 0x0, 0x0, 0x0, 0x0, 0x0, 0x0,
    0x0, 0xcf, 0xff, 0xff, 0x40, 0x0, 0x0, 0x0,
    0x0, 0x0, 0x0, 0x0, 0x0, 0x0, 0x0, 0x0,
    0x0, 0x3, 0xff, 0xff, 0xa0, 0x0, 0x0, 0x0,
    0x0, 0x0, 0x0, 0x0, 0x0, 0x0, 0x0, 0x0,
    0x0, 0x0, 0x1, 0x79, 0x50, 0x0, 0x0, 0x0,
    0x0, 0x0, 0x0, 0x0, 0x0, 0x0, 0x0, 0x0,
    0x0, 0x0, 0x0, 0x0, 0x0, 0x0, 0x0, 0x0,
    0x0, 0x0, 0x0, 0x0, 0x0,

    /* U+F240 "" */
    0x2, 0xae, 0xff, 0xff, 0xff, 0xff, 0xff, 0xff,
    0xff, 0xff, 0xff, 0xff, 0xc5, 0x0, 0x0, 0x2f,
    0xff, 0xff, 0xff, 0xff, 0xff, 0xff, 0xff, 0xff,
    0xff, 0xff, 0xff, 0xff, 0x70, 0x0, 0xaf, 0xff,
    0xff, 0xff, 0xff, 0xff, 0xff, 0xff, 0xff, 0xff,
    0xff, 0xff, 0xff, 0xf1, 0x0, 0xef, 0xf9, 0x43,
    0x33, 0x33, 0x33, 0x33, 0x33, 0x33, 0x33, 0x33,
    0x35, 0xff, 0xf5, 0x0, 0xff, 0xf4, 0x0, 0x0,
    0x0, 0x0, 0x0, 0x0, 0x0, 0x0, 0x0, 0x0,
    0xdf, 0xf6, 0x0, 0xff, 0xf3, 0x1f, 0xff, 0xff,
    0xff, 0xff, 0xff, 0xff, 0xff, 0xff, 0xc0, 0xdf,
    0xff, 0x80, 0xff, 0xf3, 0x1f, 0xff, 0xff, 0xff,
    0xff, 0xff, 0xff, 0xff, 0xff, 0xc0, 0xdf, 0xff,
    0xf0, 0xff, 0xf3, 0x1f, 0xff, 0xff, 0xff, 0xff,
    0xff, 0xff, 0xff, 0xff, 0xc0, 0xdf, 0xff, 0xf0,
    0xff, 0xf3, 0x1f, 0xff, 0xff, 0xff, 0xff, 0xff,
    0xff, 0xff, 0xff, 0xc0, 0xdf, 0xff, 0xf0, 0xff,
    0xf3, 0x1f, 0xff, 0xff, 0xff, 0xff, 0xff, 0xff,
    0xff, 0xff, 0xc0, 0xdf, 0xff, 0xf0, 0xff, 0xf3,
    0x1f, 0xff, 0xff, 0xff, 0xff, 0xff, 0xff, 0xff,
    0xff, 0xc0, 0xdf, 0xff, 0xd0, 0xff, 0xf3, 0x7,
    0x77, 0x77, 0x77, 0x77, 0x77, 0x77, 0x77, 0x77,
    0x60, 0xdf, 0xfa, 0x20, 0xff, 0xf6, 0x0, 0x0,
    0x0, 0x0, 0x0, 0x0, 0x0, 0x0, 0x0, 0x0,
    0xef, 0xf6, 0x0, 0xcf, 0xff, 0xff, 0xff, 0xff,
    0xff, 0xff, 0xff, 0xff, 0xff, 0xff, 0xff, 0xff,
    0xf3, 0x0, 0x4f, 0xff, 0xff, 0xff, 0xff, 0xff,
    0xff, 0xff, 0xff, 0xff, 0xff, 0xff, 0xff, 0xb0,
    0x0, 0x6, 0xef, 0xff, 0xff, 0xff, 0xff, 0xff,
    0xff, 0xff, 0xff, 0xff, 0xff, 0xfa, 0x10, 0x0,
    0x0, 0x3, 0x44, 0x44, 0x44, 0x44, 0x44, 0x44,
    0x44, 0x44, 0x44, 0x44, 0x10, 0x0, 0x0,

    /* U+F241 "" */
    0x2, 0xae, 0xff, 0xff, 0xff, 0xff, 0xff, 0xff,
    0xff, 0xff, 0xff, 0xff, 0xc5, 0x0, 0x0, 0x2f,
    0xff, 0xff, 0xff, 0xff, 0xff, 0xff, 0xff, 0xff,
    0xff, 0xff, 0xff, 0xff, 0x70, 0x0, 0xaf, 0xff,
    0xff, 0xff, 0xff, 0xff, 0xff, 0xff, 0xff, 0xff,
    0xff, 0xff, 0xff, 0xf1, 0x0, 0xef, 0xf9, 0x43,
    0x33, 0x33, 0x33, 0x33, 0x33, 0x33, 0x33, 0x33,
    0x35, 0xff, 0xf5, 0x0, 0xff, 0xf4, 0x0, 0x0,
    0x0, 0x0, 0x0, 0x0, 0x0, 0x0, 0x0, 0x0,
    0xdf, 0xf6, 0x0, 0xff, 0xf3, 0x1f, 0xff, 0xff,
    0xff, 0xff, 0xff, 0xfe, 0x0, 0x0, 0x0, 0xdf,
    0xff, 0x80, 0xff, 0xf3, 0x1f, 0xff, 0xff, 0xff,
    0xff, 0xff, 0xfe, 0x0, 0x0, 0x0, 0xdf, 0xff,
    0xf0, 0xff, 0xf3, 0x1f, 0xff, 0xff, 0xff, 0xff,
    0xff, 0xfe, 0x0, 0x0, 0x0, 0xdf, 0xff, 0xf0,
    0xff, 0xf3, 0x1f, 0xff, 0xff, 0xff, 0xff, 0xff,
    0xfe, 0x0, 0x0, 0x0, 0xdf, 0xff, 0xf0, 0xff,
    0xf3, 0x1f, 0xff, 0xff, 0xff, 0xff, 0xff, 0xfe,
    0x0, 0x0, 0x0, 0xdf, 0xff, 0xf0, 0xff, 0xf3,
    0x1f, 0xff, 0xff, 0xff, 0xff, 0xff, 0xfe, 0x0,
    0x0, 0x0, 0xdf, 0xff, 0xd0, 0xff, 0xf3, 0x7,
    0x77, 0x77, 0x77, 0x77, 0x77, 0x77, 0x0, 0x0,
    0x0, 0xdf, 0xfa, 0x20, 0xff, 0xf6, 0x0, 0x0,
    0x0, 0x0, 0x0, 0x0, 0x0, 0x0, 0x0, 0x0,
    0xef, 0xf6, 0x0, 0xcf, 0xff, 0xff, 0xff, 0xff,
    0xff, 0xff, 0xff, 0xff, 0xff, 0xff, 0xff, 0xff,
    0xf3, 0x0, 0x4f, 0xff, 0xff, 0xff, 0xff, 0xff,
    0xff, 0xff, 0xff, 0xff, 0xff, 0xff, 0xff, 0xb0,
    0x0, 0x6, 0xef, 0xff, 0xff, 0xff, 0xff, 0xff,
    0xff, 0xff, 0xff, 0xff, 0xff, 0xfa, 0x10, 0x0,
    0x0, 0x3, 0x44, 0x44, 0x44, 0x44, 0x44, 0x44,
    0x44, 0x44, 0x44, 0x44, 0x10, 0x0, 0x0,

    /* U+F242 "" */
    0x2, 0xae, 0xff, 0xff, 0xff, 0xff, 0xff, 0xff,
    0xff, 0xff, 0xff, 0xff, 0xc5, 0x0, 0x0, 0x2f,
    0xff, 0xff, 0xff, 0xff, 0xff, 0xff, 0xff, 0xff,
    0xff, 0xff, 0xff, 0xff, 0x70, 0x0, 0xaf, 0xff,
    0xff, 0xff, 0xff, 0xff, 0xff, 0xff, 0xff, 0xff,
    0xff, 0xff, 0xff, 0xf1, 0x0, 0xef, 0xf9, 0x43,
    0x33, 0x33, 0x33, 0x33, 0x33, 0x33, 0x33, 0x33,
    0x35, 0xff, 0xf5, 0x0, 0xff, 0xf4, 0x0, 0x0,
    0x0, 0x0, 0x0, 0x0, 0x0, 0x0, 0x0, 0x0,
    0xdf, 0xf6, 0x0, 0xff, 0xf3, 0x1f, 0xff, 0xff,
    0xff, 0xff, 0xa0, 0x0, 0x0, 0x0, 0x0, 0xdf,
    0xff, 0x80, 0xff, 0xf3, 0x1f, 0xff, 0xff, 0xff,
    0xff, 0xa0, 0x0, 0x0, 0x0, 0x0, 0xdf, 0xff,
    0xf0, 0xff, 0xf3, 0x1f, 0xff, 0xff, 0xff, 0xff,
    0xa0, 0x0, 0x0, 0x0, 0x0, 0xdf, 0xff, 0xf0,
    0xff, 0xf3, 0x1f, 0xff, 0xff, 0xff, 0xff, 0xa0,
    0x0, 0x0, 0x0, 0x0, 0xdf, 0xff, 0xf0, 0xff,
    0xf3, 0x1f, 0xff, 0xff, 0xff, 0xff, 0xa0, 0x0,
    0x0, 0x0, 0x0, 0xdf, 0xff, 0xf0, 0xff, 0xf3,
    0x1f, 0xff, 0xff, 0xff, 0xff, 0xa0, 0x0, 0x0,
    0x0, 0x0, 0xdf, 0xff, 0xd0, 0xff, 0xf3, 0x7,
    0x77, 0x77, 0x77, 0x77, 0x50, 0x0, 0x0, 0x0,
    0x0, 0xdf, 0xfa, 0x20, 0xff, 0xf6, 0x0, 0x0,
    0x0, 0x0, 0x0, 0x0, 0x0, 0x0, 0x0, 0x0,
    0xef, 0xf6, 0x0, 0xcf, 0xff, 0xff, 0xff, 0xff,
    0xff, 0xff, 0xff, 0xff, 0xff, 0xff, 0xff, 0xff,
    0xf3, 0x0, 0x4f, 0xff, 0xff, 0xff, 0xff, 0xff,
    0xff, 0xff, 0xff, 0xff, 0xff, 0xff, 0xff, 0xb0,
    0x0, 0x6, 0xef, 0xff, 0xff, 0xff, 0xff, 0xff,
    0xff, 0xff, 0xff, 0xff, 0xff, 0xfa, 0x10, 0x0,
    0x0, 0x3, 0x44, 0x44, 0x44, 0x44, 0x44, 0x44,
    0x44, 0x44, 0x44, 0x44, 0x10, 0x0, 0x0,

    /* U+F243 "" */
    0x2, 0xae, 0xff, 0xff, 0xff, 0xff, 0xff, 0xff,
    0xff, 0xff, 0xff, 0xff, 0xc5, 0x0, 0x0, 0x2f,
    0xff, 0xff, 0xff, 0xff, 0xff, 0xff, 0xff, 0xff,
    0xff, 0xff, 0xff, 0xff, 0x70, 0x0, 0xaf, 0xff,
    0xff, 0xff, 0xff, 0xff, 0xff, 0xff, 0xff, 0xff,
    0xff, 0xff, 0xff, 0xf1, 0x0, 0xef, 0xf9, 0x43,
    0x33, 0x33, 0x33, 0x33, 0x33, 0x33, 0x33, 0x33,
    0x35, 0xff, 0xf5, 0x0, 0xff, 0xf4, 0x0, 0x0,
    0x0, 0x0, 0x0, 0x0, 0x0, 0x0, 0x0, 0x0,
    0xdf, 0xf6, 0x0, 0xff, 0xf3, 0x1f, 0xff, 0xfc,
    0x0, 0x0, 0x0, 0x0, 0x0, 0x0, 0x0, 0xdf,
    0xff, 0x80, 0xff, 0xf3, 0x1f, 0xff, 0xfc, 0x0,
    0x0, 0x0, 0x0, 0x0, 0x0, 0x0, 0xdf, 0xff,
    0xf0, 0xff, 0xf3, 0x1f, 0xff, 0xfc, 0x0, 0x0,
    0x0, 0x0, 0x0, 0x0, 0x0, 0xdf, 0xff, 0xf0,
    0xff, 0xf3, 0x1f, 0xff, 0xfc, 0x0, 0x0, 0x0,
    0x0, 0x0, 0x0, 0x0, 0xdf, 0xff, 0xf0, 0xff,
    0xf3, 0x1f, 0xff, 0xfc, 0x0, 0x0, 0x0, 0x0,
    0x0, 0x0, 0x0, 0xdf, 0xff, 0xf0, 0xff, 0xf3,
    0x1f, 0xff, 0xfc, 0x0, 0x0, 0x0, 0x0, 0x0,
    0x0, 0x0, 0xdf, 0xff, 0xd0, 0xff, 0xf3, 0x7,
    0x77, 0x76, 0x0, 0x0, 0x0, 0x0, 0x0, 0x0,
    0x0, 0xdf, 0xfa, 0x20, 0xff, 0xf6, 0x0, 0x0,
    0x0, 0x0, 0x0, 0x0, 0x0, 0x0, 0x0, 0x0,
    0xef, 0xf6, 0x0, 0xcf, 0xff, 0xff, 0xff, 0xff,
    0xff, 0xff, 0xff, 0xff, 0xff, 0xff, 0xff, 0xff,
    0xf3, 0x0, 0x4f, 0xff, 0xff, 0xff, 0xff, 0xff,
    0xff, 0xff, 0xff, 0xff, 0xff, 0xff, 0xff, 0xb0,
    0x0, 0x6, 0xef, 0xff, 0xff, 0xff, 0xff, 0xff,
    0xff, 0xff, 0xff, 0xff, 0xff, 0xfa, 0x10, 0x0,
    0x0, 0x3, 0x44, 0x44, 0x44, 0x44, 0x44, 0x44,
    0x44, 0x44, 0x44, 0x44, 0x10, 0x0, 0x0,

    /* U+F244 "" */
    0x2, 0xae, 0xff, 0xff, 0xff, 0xff, 0xff, 0xff,
    0xff, 0xff, 0xff, 0xff, 0xc5, 0x0, 0x0, 0x2f,
    0xff, 0xff, 0xff, 0xff, 0xff, 0xff, 0xff, 0xff,
    0xff, 0xff, 0xff, 0xff, 0x70, 0x0, 0xaf, 0xff,
    0xff, 0xff, 0xff, 0xff, 0xff, 0xff, 0xff, 0xff,
    0xff, 0xff, 0xff, 0xf1, 0x0, 0xef, 0xf9, 0x44,
    0x44, 0x44, 0x44, 0x44, 0x44, 0x44, 0x44, 0x44,
    0x45, 0xff, 0xf5, 0x0, 0xff, 0xf4, 0x0, 0x0,
    0x0, 0x0, 0x0, 0x0, 0x0, 0x0, 0x0, 0x0,
    0xdf, 0xf6, 0x0, 0xff, 0xf4, 0x0, 0x0, 0x0,
    0x0, 0x0, 0x0, 0x0, 0x0, 0x0, 0x0, 0xdf,
    0xff, 0x80, 0xff, 0xf4, 0x0, 0x0, 0x0, 0x0,
    0x0, 0x0, 0x0, 0x0, 0x0, 0x0, 0xdf, 0xff,
    0xf0, 0xff, 0xf4, 0x0, 0x0, 0x0, 0x0, 0x0,
    0x0, 0x0, 0x0, 0x0, 0x0, 0xdf, 0xff, 0xf0,
    0xff, 0xf4, 0x0, 0x0, 0x0, 0x0, 0x0, 0x0,
    0x0, 0x0, 0x0, 0x0, 0xdf, 0xff, 0xf0, 0xff,
    0xf4, 0x0, 0x0, 0x0, 0x0, 0x0, 0x0, 0x0,
    0x0, 0x0, 0x0, 0xdf, 0xff, 0xf0, 0xff, 0xf4,
    0x0, 0x0, 0x0, 0x0, 0x0, 0x0, 0x0, 0x0,
    0x0, 0x0, 0xdf, 0xff, 0xd0, 0xff, 0xf4, 0x0,
    0x0, 0x0, 0x0, 0x0, 0x0, 0x0, 0x0, 0x0,
    0x0, 0xdf, 0xfa, 0x20, 0xff, 0xf6, 0x0, 0x0,
    0x0, 0x0, 0x0, 0x0, 0x0, 0x0, 0x0, 0x0,
    0xef, 0xf6, 0x0, 0xcf, 0xff, 0xff, 0xff, 0xff,
    0xff, 0xff, 0xff, 0xff, 0xff, 0xff, 0xff, 0xff,
    0xf3, 0x0, 0x4f, 0xff, 0xff, 0xff, 0xff, 0xff,
    0xff, 0xff, 0xff, 0xff, 0xff, 0xff, 0xff, 0xb0,
    0x0, 0x6, 0xef, 0xff, 0xff, 0xff, 0xff, 0xff,
    0xff, 0xff, 0xff, 0xff, 0xff, 0xfa, 0x10, 0x0,
    0x0, 0x3, 0x44, 0x44, 0x44, 0x44, 0x44, 0x44,
    0x44, 0x44, 0x44, 0x44, 0x10, 0x0, 0x0,

    /* U+F2ED "" */
    0x0, 0x0, 0x0, 0x6, 0xbc, 0xcc, 0xcc, 0xb4,
    0x0, 0x0, 0x0, 0x0, 0x12, 0x22, 0x25, 0xff,
    0xff, 0xff, 0xff, 0xf2, 0x22, 0x22, 0x0, 0x9f,
    0xff, 0xff, 0xff, 0xff, 0xff, 0xff, 0xff, 0xff,
    0xff, 0xff, 0x5f, 0xff, 0xff, 0xff, 0xff, 0xff,
    0xff, 0xff, 0xff, 0xff, 0xff, 0xfb, 0x9f, 0xff,
    0xff, 0xff, 0xff, 0xff, 0xff, 0xff, 0xff, 0xff,
    0xff, 0x50, 0x12, 0x22, 0x22, 0x22, 0x22, 0x22,
    0x22, 0x22, 0x22, 0x22, 0x0, 0x1, 0x44, 0x44,
    0x44, 0x44, 0x44, 0x44, 0x44, 0x44, 0x44, 0x40,
    0x0, 0x6f, 0xff, 0xff, 0xff, 0xff, 0xff, 0xff,
    0xff, 0xff, 0xff, 0x20, 0x6, 0xff, 0xff, 0xff,
    0xff, 0xff, 0xff, 0xff, 0xff, 0xff, 0xf2, 0x0,
    0x6f, 0xff, 0xff, 0xff, 0xff, 0xff, 0xff, 0xff,
    0xff, 0xff, 0x20, 0x6, 0xff, 0xfd, 0x1d, 0xff,
    0xb1, 0xef, 0xf9, 0x2f, 0xff, 0xf2, 0x0, 0x6f,
    0xff, 0xb0, 0xbf, 0xf9, 0xd, 0xff, 0x70, 0xff,
    0xff, 0x20, 0x6, 0xff, 0xfb, 0xb, 0xff, 0x90,
    0xdf, 0xf7, 0xf, 0xff, 0xf2, 0x0, 0x6f, 0xff,
    0xb0, 0xbf, 0xf9, 0xd, 0xff, 0x70, 0xff, 0xff,
    0x20, 0x6, 0xff, 0xfb, 0xb, 0xff, 0x90, 0xdf,
    0xf7, 0xf, 0xff, 0xf2, 0x0, 0x6f, 0xff, 0xb0,
    0xbf, 0xf9, 0xd, 0xff, 0x70, 0xff, 0xff, 0x20,
    0x6, 0xff, 0xfb, 0xb, 0xff, 0x90, 0xdf, 0xf7,
    0xf, 0xff, 0xf2, 0x0, 0x6f, 0xff, 0xb0, 0xbf,
    0xf9, 0xd, 0xff, 0x70, 0xff, 0xff, 0x20, 0x6,
    0xff, 0xfb, 0xb, 0xff, 0x90, 0xdf, 0xf7, 0xf,
    0xff, 0xf2, 0x0, 0x6f, 0xff, 0xb0, 0xbf, 0xf9,
    0xd, 0xff, 0x70, 0xff, 0xff, 0x20, 0x6, 0xff,
    0xfb, 0xb, 0xff, 0x90, 0xdf, 0xf7, 0xf, 0xff,
    0xf2, 0x0, 0x6f, 0xff, 0xb0, 0xbf, 0xf9, 0xd,
    0xff, 0x70, 0xff, 0xff, 0x20, 0x6, 0xff, 0xfd,
    0x1d, 0xff, 0xb1, 0xef, 0xf9, 0x2f, 0xff, 0xf2,
    0x0, 0x4f, 0xff, 0xff, 0xff, 0xff, 0xff, 0xff,
    0xff, 0xff, 0xff, 0x0, 0x0, 0xef, 0xff, 0xff,
    0xff, 0xff, 0xff, 0xff, 0xff, 0xff, 0xa0, 0x0,
    0x3, 0xdf, 0xff, 0xff, 0xff, 0xff, 0xff, 0xff,
    0xff, 0xb1, 0x0, 0x0, 0x0, 0x24, 0x44, 0x44,
    0x44, 0x44, 0x44, 0x43, 0x10, 0x0, 0x0,

    /* U+F304 "" */
    0x0, 0x0, 0x0, 0x0, 0x0, 0x0, 0x0, 0x0,
    0x0, 0x0, 0x6a, 0x82, 0x0, 0x0, 0x0, 0x0,
    0x0, 0x0, 0x0, 0x0, 0x0, 0x0, 0x0, 0xcf,
    0xff, 0xf4, 0x0, 0x0, 0x0, 0x0, 0x0, 0x0,
    0x0, 0x0, 0x0, 0x0, 0xcf, 0xff, 0xff, 0xf4,
    0x0, 0x0, 0x0, 0x0, 0x0, 0x0, 0x0, 0x0,
    0x0, 0xcf, 0xff, 0xff, 0xff, 0xf3, 0x0, 0x0,
    0x0, 0x0, 0x0, 0x0, 0x0, 0x0, 0x4, 0xff,
    0xff, 0xff, 0xff, 0xb0, 0x0, 0x0, 0x0, 0x0,
    0x0, 0x0, 0x0, 0xc8, 0x4, 0xff, 0xff, 0xff,
    0xfe, 0x0, 0x0, 0x0, 0x0, 0x0, 0x0, 0x0,
    0xcf, 0xf8, 0x4, 0xff, 0xff, 0xff, 0xc0, 0x0,
    0x0, 0x0, 0x0, 0x0, 0x0, 0xcf, 0xff, 0xf8,
    0x4, 0xff, 0xff, 0xf3, 0x0, 0x0, 0x0, 0x0,
    0x0, 0x0, 0xcf, 0xff, 0xff, 0xf8, 0x4, 0xff,
    0xf5, 0x0, 0x0, 0x0, 0x0, 0x0, 0x0, 0xcf,
    0xff, 0xff, 0xff, 0xf8, 0x4, 0xf5, 0x0, 0x0,
    0x0, 0x0, 0x0, 0x0, 0xcf, 0xff, 0xff, 0xff,
    0xff, 0xf8, 0x1, 0x0, 0x0, 0x0, 0x0, 0x0,
    0x0, 0xcf, 0xff, 0xff, 0xff, 0xff, 0xff, 0xf3,
    0x0, 0x0, 0x0, 0x0, 0x0, 0x0, 0xcf, 0xff,
    0xff, 0xff, 0xff, 0xff, 0xf5, 0x0, 0x0, 0x0,
    0x0, 0x0, 0x0, 0xcf, 0xff, 0xff, 0xff, 0xff,
    0xff, 0xf5, 0x0, 0x0, 0x0, 0x0, 0x0, 0x0,
    0xcf, 0xff, 0xff, 0xff, 0xff, 0xff, 0xf5, 0x0,
    0x0, 0x0, 0x0, 0x0, 0x0, 0xcf, 0xff, 0xff,
    0xff, 0xff, 0xff, 0xf5, 0x0, 0x0, 0x0, 0x0,
    0x0, 0x0, 0xcf, 0xff, 0xff, 0xff, 0xff, 0xff,
    0xf5, 0x0, 0x0, 0x0, 0x0, 0x0, 0x0, 0x9f,
    0xff, 0xff, 0xff, 0xff, 0xff, 0xf5, 0x0, 0x0,
    0x0, 0x0, 0x0, 0x0, 0x2f, 0xff, 0xff, 0xff,
    0xff, 0xff, 0xf5, 0x0, 0x0, 0x0, 0x0, 0x0,
    0x0, 0x7, 0xff, 0xff, 0xff, 0xff, 0xff, 0xf5,
    0x0, 0x0, 0x0, 0x0, 0x0, 0x0, 0x0, 0xbf,
    0xff, 0xff, 0xff, 0xff, 0xf5, 0x0, 0x0, 0x0,
    0x0, 0x0, 0x0, 0x0, 0xf, 0xff, 0xff, 0xff,
    0xff, 0xf5, 0x0, 0x0, 0x0, 0x0, 0x0, 0x0,
    0x0, 0x5, 0xff, 0xff, 0xff, 0xff, 0xf5, 0x0,
    0x0, 0x0, 0x0, 0x0, 0x0, 0x0, 0x0, 0x9f,
    0xff, 0xff, 0xff, 0xf5, 0x0, 0x0, 0x0, 0x0,
    0x0, 0x0, 0x0, 0x0, 0xe, 0xff, 0xff, 0xfc,
    0x71, 0x0, 0x0, 0x0, 0x0, 0x0, 0x0, 0x0,
    0x0, 0x0, 0xdf, 0xea, 0x51, 0x0, 0x0, 0x0,
    0x0, 0x0, 0x0, 0x0, 0x0, 0x0, 0x0, 0x0,
    0x20, 0x0, 0x0, 0x0, 0x0, 0x0, 0x0, 0x0,
    0x0, 0x0, 0x0, 0x0, 0x0
};


/*---------------------
 *  GLYPH DESCRIPTION
 *--------------------*/

static const lv_font_fmt_txt_glyph_dsc_t glyph_dsc[] = {
    {.bitmap_index = 0, .adv_w = 0, .box_w = 0, .box_h = 0, .ofs_x = 0, .ofs_y = 0} /* id = 0 reserved */,
    {.bitmap_index = 0, .adv_w = 102, .box_w = 0, .box_h = 0, .ofs_x = 0, .ofs_y = 0},
    {.bitmap_index = 0, .adv_w = 102, .box_w = 4, .box_h = 18, .ofs_x = 1, .ofs_y = 0},
    {.bitmap_index = 36, .adv_w = 156, .box_w = 8, .box_h = 6, .ofs_x = 1, .ofs_y = 12},
    {.bitmap_index = 60, .adv_w = 290, .box_w = 16, .box_h = 17, .ofs_x = 1, .ofs_y = 1},
    {.bitmap_index = 196, .adv_w = 257, .box_w = 14, .box_h = 24, .ofs_x = 1, .ofs_y = -3},
    {.bitmap_index = 364, .adv_w = 317, .box_w = 18, .box_h = 18, .ofs_x = 1, .ofs_y = 0},
    {.bitmap_index = 526, .adv_w = 289, .box_w = 17, .box_h = 18, .ofs_x = 1, .ofs_y = 0},
    {.bitmap_index = 679, .adv_w = 91, .box_w = 4, .box_h = 6, .ofs_x = 1, .ofs_y = 12},
    {.bitmap_index = 691, .adv_w = 141, .box_w = 8, .box_h = 25, .ofs_x = 1, .ofs_y = -4},
    {.bitmap_index = 791, .adv_w = 141, .box_w = 8, .box_h = 25, .ofs_x = 0, .ofs_y = -4},
    {.bitmap_index = 891, .adv_w = 186, .box_w = 10, .box_h = 9, .ofs_x = 1, .ofs_y = 10},
    {.bitmap_index = 936, .adv_w = 259, .box_w = 15, .box_h = 15, .ofs_x = 1, .ofs_y = 1},
    {.bitmap_index = 1049, .adv_w = 104, .box_w = 4, .box_h = 6, .ofs_x = 1, .ofs_y = -2},
    {.bitmap_index = 1061, .adv_w = 201, .box_w = 10, .box_h = 3, .ofs_x = 1, .ofs_y = 7},
    {.bitmap_index = 1076, .adv_w = 105, .box_w = 4, .box_h = 4, .ofs_x = 1, .ofs_y = 0},
    {.bitmap_index = 1084, .adv_w = 201, .box_w = 12, .box_h = 23, .ofs_x = 0, .ofs_y = -2},
    {.bitmap_index = 1222, .adv_w = 264, .box_w = 14, .box_h = 18, .ofs_x = 1, .ofs_y = 0},
    {.bitmap_index = 1348, .adv_w = 178, .box_w = 10, .box_h = 18, .ofs_x = 0, .ofs_y = 0},
    {.bitmap_index = 1438, .adv_w = 244, .box_w = 13, .box_h = 18, .ofs_x = 1, .ofs_y = 0},
    {.bitmap_index = 1555, .adv_w = 250, .box_w = 14, .box_h = 18, .ofs_x = 1, .ofs_y = 0},
    {.bitmap_index = 1681, .adv_w = 258, .box_w = 16, .box_h = 18, .ofs_x = 0, .ofs_y = 0},
    {.bitmap_index = 1825, .adv_w = 247, .box_w = 14, .box_h = 18, .ofs_x = 1, .ofs_y = 0},
    {.bitmap_index = 1951, .adv_w = 251, .box_w = 14, .box_h = 18, .ofs_x = 1, .ofs_y = 0},
    {.bitmap_index = 2077, .adv_w = 213, .box_w = 13, .box_h = 18, .ofs_x = 0, .ofs_y = 0},
    {.bitmap_index = 2194, .adv_w = 265, .box_w = 15, .box_h = 18, .ofs_x = 1, .ofs_y = 0},
    {.bitmap_index = 2329, .adv_w = 247, .box_w = 15, .box_h = 18, .ofs_x = 0, .ofs_y = 0},
    {.bitmap_index = 2464, .adv_w = 106, .box_w = 4, .box_h = 13, .ofs_x = 1, .ofs_y = 0},
    {.bitmap_index = 2490, .adv_w = 113, .box_w = 5, .box_h = 15, .ofs_x = 1, .ofs_y = -2},
    {.bitmap_index = 2528, .adv_w = 205, .box_w = 12, .box_h = 15, .ofs_x = 0, .ofs_y = 1},
    {.bitmap_index = 2618, .adv_w = 237, .box_w = 12, .box_h = 9, .ofs_x = 1, .ofs_y = 4},
    {.bitmap_index = 2672, .adv_w = 204, .box_w = 11, .box_h = 15, .ofs_x = 1, .ofs_y = 1},
    {.bitmap_index = 2755, .adv_w = 221, .box_w = 13, .box_h = 18, .ofs_x = 0, .ofs_y = 0},
    {.bitmap_index = 2872, .adv_w = 346, .box_w = 20, .box_h = 21, .ofs_x = 1, .ofs_y = -3},
    {.bitmap_index = 3082, .adv_w = 279, .box_w = 17, .box_h = 18, .ofs_x = 0, .ofs_y = 0},
    {.bitmap_index = 3235, .adv_w = 278, .box_w = 14, .box_h = 18, .ofs_x = 2, .ofs_y = 0},
    {.bitmap_index = 3361, .adv_w = 277, .box_w = 16, .box_h = 18, .ofs_x = 1, .ofs_y = 0},
    {.bitmap_index = 3505, .adv_w = 287, .box_w = 15, .box_h = 18, .ofs_x = 2, .ofs_y = 0},
    {.bitmap_index = 3640, .adv_w = 252, .box_w = 13, .box_h = 18, .ofs_x = 2, .ofs_y = 0},
    {.bitmap_index = 3757, .adv_w = 243, .box_w = 13, .box_h = 18, .ofs_x = 2, .ofs_y = 0},
    {.bitmap_index = 3874, .adv_w = 283, .box_w = 16, .box_h = 18, .ofs_x = 1, .ofs_y = 0},
    {.bitmap_index = 4018, .adv_w = 297, .box_w = 15, .box_h = 18, .ofs_x = 2, .ofs_y = 0},
    {.bitmap_index = 4153, .adv_w = 114, .box_w = 3, .box_h = 18, .ofs_x = 2, .ofs_y = 0},
    {.bitmap_index = 4180, .adv_w = 264, .box_w = 15, .box_h = 18, .ofs_x = 0, .ofs_y = 0},
    {.bitmap_index = 4315, .adv_w = 250, .box_w = 14, .box_h = 18, .ofs_x = 2, .ofs_y = 0},
    {.bitmap_index = 4441, .adv_w = 234, .box_w = 13, .box_h = 18, .ofs_x = 2, .ofs_y = 0},
    {.bitmap_index = 4558, .adv_w = 330, .box_w = 17, .box_h = 18, .ofs_x = 2, .ofs_y = 0},
    {.bitmap_index = 4711, .adv_w = 289, .box_w = 14, .box_h = 18, .ofs_x = 2, .ofs_y = 0},
    {.bitmap_index = 4837, .adv_w = 282, .box_w = 16, .box_h = 18, .ofs_x = 1, .ofs_y = 0},
    {.bitmap_index = 4981, .adv_w = 267, .box_w = 14, .box_h = 18, .ofs_x = 2, .ofs_y = 0},
    {.bitmap_index = 5107, .adv_w = 282, .box_w = 16, .box_h = 20, .ofs_x = 1, .ofs_y = -2},
    {.bitmap_index = 5267, .adv_w = 272, .box_w = 14, .box_h = 18, .ofs_x = 2, .ofs_y = 0},
    {.bitmap_index = 5393, .adv_w = 259, .box_w = 15, .box_h = 18, .ofs_x = 1, .ofs_y = 0},
    {.bitmap_index = 5528, .adv_w = 241, .box_w = 15, .box_h = 18, .ofs_x = 0, .ofs_y = 0},
    {.bitmap_index = 5663, .adv_w = 292, .box_w = 15, .box_h = 18, .ofs_x = 2, .ofs_y = 0},
    {.bitmap_index = 5798, .adv_w = 272, .box_w = 17, .box_h = 18, .ofs_x = 0, .ofs_y = 0},
    {.bitmap_index = 5951, .adv_w = 333, .box_w = 19, .box_h = 18, .ofs_x = 1, .ofs_y = 0},
    {.bitmap_index = 6122, .adv_w = 263, .box_w = 16, .box_h = 18, .ofs_x = 0, .ofs_y = 0},
    {.bitmap_index = 6266, .adv_w = 269, .box_w = 17, .box_h = 18, .ofs_x = 0, .ofs_y = 0},
    {.bitmap_index = 6419, .adv_w = 250, .box_w = 14, .box_h = 18, .ofs_x = 1, .ofs_y = 0},
    {.bitmap_index = 6545, .adv_w = 136, .box_w = 7, .box_h = 25, .ofs_x = 1, .ofs_y = -4},
    {.bitmap_index = 6633, .adv_w = 200, .box_w = 12, .box_h = 23, .ofs_x = 0, .ofs_y = -2},
    {.bitmap_index = 6771, .adv_w = 136, .box_w = 7, .box_h = 25, .ofs_x = 0, .ofs_y = -4},
    {.bitmap_index = 6859, .adv_w = 180, .box_w = 9, .box_h = 4, .ofs_x = 1, .ofs_y = 15},
    {.bitmap_index = 6877, .adv_w = 311, .box_w = 17, .box_h = 3, .ofs_x = 1, .ofs_y = -1},
    {.bitmap_index = 6903, .adv_w = 140, .box_w = 7, .box_h = 4, .ofs_x = 1, .ofs_y = 16},
    {.bitmap_index = 6917, .adv_w = 230, .box_w = 13, .box_h = 14, .ofs_x = 0, .ofs_y = 0},
    {.bitmap_index = 7008, .adv_w = 248, .box_w = 14, .box_h = 18, .ofs_x = 1, .ofs_y = 0},
    {.bitmap_index = 7134, .adv_w = 230, .box_w = 13, .box_h = 14, .ofs_x = 1, .ofs_y = 0},
    {.bitmap_index = 7225, .adv_w = 248, .box_w = 13, .box_h = 18, .ofs_x = 1, .ofs_y = 0},
    {.bitmap_index = 7342, .adv_w = 233, .box_w = 13, .box_h = 14, .ofs_x = 1, .ofs_y = 0},
    {.bitmap_index = 7433, .adv_w = 160, .box_w = 10, .box_h = 20, .ofs_x = 0, .ofs_y = 0},
    {.bitmap_index = 7533, .adv_w = 248, .box_w = 13, .box_h = 20, .ofs_x = 1, .ofs_y = -6},
    {.bitmap_index = 7663, .adv_w = 253, .box_w = 14, .box_h = 18, .ofs_x = 1, .ofs_y = 0},
    {.bitmap_index = 7789, .adv_w = 101, .box_w = 4, .box_h = 18, .ofs_x = 1, .ofs_y = 0},
    {.bitmap_index = 7825, .adv_w = 106, .box_w = 6, .box_h = 23, .ofs_x = -1, .ofs_y = -5},
    {.bitmap_index = 7894, .adv_w = 215, .box_w = 13, .box_h = 18, .ofs_x = 1, .ofs_y = 0},
    {.bitmap_index = 8011, .adv_w = 101, .box_w = 4, .box_h = 18, .ofs_x = 1, .ofs_y = 0},
    {.bitmap_index = 8047, .adv_w = 370, .box_w = 21, .box_h = 14, .ofs_x = 1, .ofs_y = 0},
    {.bitmap_index = 8194, .adv_w = 252, .box_w = 13, .box_h = 14, .ofs_x = 1, .ofs_y = 0},
    {.bitmap_index = 8285, .adv_w = 239, .box_w = 13, .box_h = 14, .ofs_x = 1, .ofs_y = 0},
    {.bitmap_index = 8376, .adv_w = 248, .box_w = 14, .box_h = 19, .ofs_x = 1, .ofs_y = -5},
    {.bitmap_index = 8509, .adv_w = 248, .box_w = 13, .box_h = 19, .ofs_x = 1, .ofs_y = -5},
    {.bitmap_index = 8633, .adv_w = 158, .box_w = 9, .box_h = 14, .ofs_x = 1, .ofs_y = 0},
    {.bitmap_index = 8696, .adv_w = 212, .box_w = 12, .box_h = 14, .ofs_x = 1, .ofs_y = 0},
    {.bitmap_index = 8780, .adv_w = 163, .box_w = 10, .box_h = 18, .ofs_x = 0, .ofs_y = 0},
    {.bitmap_index = 8870, .adv_w = 250, .box_w = 13, .box_h = 14, .ofs_x = 1, .ofs_y = 0},
    {.bitmap_index = 8961, .adv_w = 230, .box_w = 14, .box_h = 14, .ofs_x = 0, .ofs_y = 0},
    {.bitmap_index = 9059, .adv_w = 334, .box_w = 20, .box_h = 14, .ofs_x = 0, .ofs_y = 0},
    {.bitmap_index = 9199, .adv_w = 224, .box_w = 14, .box_h = 14, .ofs_x = 0, .ofs_y = 0},
    {.bitmap_index = 9297, .adv_w = 230, .box_w = 14, .box_h = 19, .ofs_x = 0, .ofs_y = -5},
    {.bitmap_index = 9430, .adv_w = 212, .box_w = 12, .box_h = 14, .ofs_x = 1, .ofs_y = 0},
    {.bitmap_index = 9514, .adv_w = 153, .box_w = 9, .box_h = 25, .ofs_x = 0, .ofs_y = -4},
    {.bitmap_index = 9627, .adv_w = 97, .box_w = 4, .box_h = 29, .ofs_x = 1, .ofs_y = -5},
    {.bitmap_index = 9685, .adv_w = 153, .box_w = 9, .box_h = 25, .ofs_x = 0, .ofs_y = -4},
    {.bitmap_index = 9798, .adv_w = 233, .box_w = 12, .box_h = 4, .ofs_x = 1, .ofs_y = 6},
    {.bitmap_index = 9822, .adv_w = 161, .box_w = 8, .box_h = 8, .ofs_x = 1, .ofs_y = 11},
    {.bitmap_index = 9854, .adv_w = 159, .box_w = 6, .box_h = 6, .ofs_x = 2, .ofs_y = 5},
    {.bitmap_index = 9872, .adv_w = 416, .box_w = 27, .box_h = 27, .ofs_x = 0, .ofs_y = -4},
    {.bitmap_index = 10237, .adv_w = 416, .box_w = 26, .box_h = 24, .ofs_x = 0, .ofs_y = -2},
    {.bitmap_index = 10549, .adv_w = 416, .box_w = 26, .box_h = 24, .ofs_x = 0, .ofs_y = -2},
    {.bitmap_index = 10861, .adv_w = 364, .box_w = 23, .box_h = 17, .ofs_x = 0, .ofs_y = 1},
    {.bitmap_index = 11057, .adv_w = 312, .box_w = 17, .box_h = 17, .ofs_x = 1, .ofs_y = 2},
    {.bitmap_index = 11202, .adv_w = 416, .box_w = 25, .box_h = 26, .ofs_x = 0, .ofs_y = -3},
    {.bitmap_index = 11527, .adv_w = 416, .box_w = 26, .box_h = 27, .ofs_x = 0, .ofs_y = -4},
    {.bitmap_index = 11878, .adv_w = 468, .box_w = 31, .box_h = 27, .ofs_x = -1, .ofs_y = -4},
    {.bitmap_index = 12297, .adv_w = 416, .box_w = 26, .box_h = 27, .ofs_x = 0, .ofs_y = -4},
    {.bitmap_index = 12648, .adv_w = 416, .box_w = 26, .box_h = 24, .ofs_x = 0, .ofs_y = -2},
    {.bitmap_index = 12960, .adv_w = 416, .box_w = 26, .box_h = 24, .ofs_x = 0, .ofs_y = -2},
    {.bitmap_index = 13272, .adv_w = 260, .box_w = 17, .box_h = 24, .ofs_x = 0, .ofs_y = -2},
    {.bitmap_index = 13476, .adv_w = 364, .box_w = 23, .box_h = 24, .ofs_x = 0, .ofs_y = -2},
    {.bitmap_index = 13752, .adv_w = 520, .box_w = 33, .box_h = 25, .ofs_x = 0, .ofs_y = -3},
    {.bitmap_index = 14165, .adv_w = 416, .box_w = 26, .box_h = 24, .ofs_x = 0, .ofs_y = -2},
    {.bitmap_index = 14477, .adv_w = 312, .box_w = 20, .box_h = 27, .ofs_x = 0, .ofs_y = -4},
    {.bitmap_index = 14747, .adv_w = 260, .box_w = 17, .box_h = 21, .ofs_x = 0, .ofs_y = -1},
    {.bitmap_index = 14926, .adv_w = 312, .box_w = 20, .box_h = 24, .ofs_x = 0, .ofs_y = -2},
    {.bitmap_index = 15166, .adv_w = 260, .box_w = 17, .box_h = 20, .ofs_x = 0, .ofs_y = 0},
    {.bitmap_index = 15336, .adv_w = 312, .box_w = 20, .box_h = 20, .ofs_x = 0, .ofs_y = 0},
    {.bitmap_index = 15536, .adv_w = 260, .box_w = 17, .box_h = 21, .ofs_x = 0, .ofs_y = -1},
    {.bitmap_index = 15715, .adv_w = 364, .box_w = 25, .box_h = 24, .ofs_x = -1, .ofs_y = -2},
    {.bitmap_index = 16015, .adv_w = 260, .box_w = 13, .box_h = 24, .ofs_x = 0, .ofs_y = -2},
    {.bitmap_index = 16171, .adv_w = 260, .box_w = 14, .box_h = 24, .ofs_x = 3, .ofs_y = -2},
    {.bitmap_index = 16339, .adv_w = 364, .box_w = 22, .box_h = 21, .ofs_x = 0, .ofs_y = -1},
    {.bitmap_index = 16570, .adv_w = 364, .box_w = 22, .box_h = 4, .ofs_x = 0, .ofs_y = 8},
    {.bitmap_index = 16614, .adv_w = 468, .box_w = 31, .box_h = 24, .ofs_x = -1, .ofs_y = -2},
    {.bitmap_index = 16986, .adv_w = 520, .box_w = 34, .box_h = 28, .ofs_x = -1, .ofs_y = -4},
    {.bitmap_index = 17462, .adv_w = 416, .box_w = 28, .box_h = 24, .ofs_x = -1, .ofs_y = -2},
    {.bitmap_index = 17798, .adv_w = 416, .box_w = 26, .box_h = 24, .ofs_x = 0, .ofs_y = -2},
    {.bitmap_index = 18110, .adv_w = 416, .box_w = 24, .box_h = 14, .ofs_x = 1, .ofs_y = 4},
    {.bitmap_index = 18278, .adv_w = 416, .box_w = 24, .box_h = 14, .ofs_x = 1, .ofs_y = 1},
    {.bitmap_index = 18446, .adv_w = 468, .box_w = 31, .box_h = 20, .ofs_x = -1, .ofs_y = 0},
    {.bitmap_index = 18756, .adv_w = 416, .box_w = 26, .box_h = 24, .ofs_x = 0, .ofs_y = -2},
    {.bitmap_index = 19068, .adv_w = 416, .box_w = 26, .box_h = 27, .ofs_x = 0, .ofs_y = -4},
    {.bitmap_index = 19419, .adv_w = 416, .box_w = 27, .box_h = 27, .ofs_x = 0, .ofs_y = -4},
    {.bitmap_index = 19784, .adv_w = 416, .box_w = 26, .box_h = 27, .ofs_x = 0, .ofs_y = -4},
    {.bitmap_index = 20135, .adv_w = 364, .box_w = 23, .box_h = 27, .ofs_x = 0, .ofs_y = -4},
    {.bitmap_index = 20446, .adv_w = 364, .box_w = 23, .box_h = 24, .ofs_x = 0, .ofs_y = -2},
    {.bitmap_index = 20722, .adv_w = 364, .box_w = 23, .box_h = 20, .ofs_x = 0, .ofs_y = 0},
    {.bitmap_index = 20952, .adv_w = 416, .box_w = 26, .box_h = 20, .ofs_x = 0, .ofs_y = 0},
    {.bitmap_index = 21212, .adv_w = 364, .box_w = 21, .box_h = 28, .ofs_x = 1, .ofs_y = -4},
    {.bitmap_index = 21506, .adv_w = 416, .box_w = 26, .box_h = 27, .ofs_x = 0, .ofs_y = -4},
    {.bitmap_index = 21857, .adv_w = 364, .box_w = 24, .box_h = 27, .ofs_x = -1, .ofs_y = -4},
    {.bitmap_index = 22181, .adv_w = 416, .box_w = 26, .box_h = 27, .ofs_x = 0, .ofs_y = -4},
    {.bitmap_index = 22532, .adv_w = 468, .box_w = 30, .box_h = 20, .ofs_x = 0, .ofs_y = 0},
    {.bitmap_index = 22832, .adv_w = 364, .box_w = 23, .box_h = 22, .ofs_x = 0, .ofs_y = -1},
    {.bitmap_index = 23085, .adv_w = 312, .box_w = 20, .box_h = 23, .ofs_x = 0, .ofs_y = -2},
    {.bitmap_index = 23315, .adv_w = 520, .box_w = 33, .box_h = 25, .ofs_x = 0, .ofs_y = -3},
    {.bitmap_index = 23728, .adv_w = 468, .box_w = 30, .box_h = 17, .ofs_x = 0, .ofs_y = 1},
    {.bitmap_index = 23983, .adv_w = 468, .box_w = 30, .box_h = 17, .ofs_x = 0, .ofs_y = 1},
    {.bitmap_index = 24238, .adv_w = 468, .box_w = 30, .box_h = 17, .ofs_x = 0, .ofs_y = 1},
    {.bitmap_index = 24493, .adv_w = 468, .box_w = 30, .box_h = 17, .ofs_x = 0, .ofs_y = 1},
    {.bitmap_index = 24748, .adv_w = 468, .box_w = 30, .box_h = 17, .ofs_x = 0, .ofs_y = 1},
    {.bitmap_index = 25003, .adv_w = 364, .box_w = 23, .box_h = 27, .ofs_x = 0, .ofs_y = -4},
    {.bitmap_index = 25314, .adv_w = 416, .box_w = 27, .box_h = 27, .ofs_x = -1, .ofs_y = -4}
};

/*---------------------
 *  CHARACTER MAPPING
 *--------------------*/

static const uint16_t unicode_list_1[] = {
    0x0, 0x1f72, 0xef51, 0xef58, 0xef5b, 0xef5c, 0xef5d, 0xef61,
    0xef63, 0xef65, 0xef69, 0xef6c, 0xef71, 0xef76, 0xef77, 0xef78,
    0xef8e, 0xef93, 0xef98, 0xef9b, 0xef9c, 0xef9d, 0xefa1, 0xefa2,
    0xefa3, 0xefa4, 0xefb7, 0xefb8, 0xefbe, 0xefc0, 0xefc1, 0xefc4,
    0xefc7, 0xefc8, 0xefc9, 0xefcb, 0xefe3, 0xefe5, 0xf014, 0xf015,
    0xf017, 0xf019, 0xf030, 0xf037, 0xf03a, 0xf043, 0xf061, 0xf06c,
    0xf074, 0xf0a8, 0xf13b, 0xf190, 0xf191, 0xf192, 0xf193, 0xf194,
    0xf23d, 0xf254
};

/*Collect the unicode lists and glyph_id offsets*/
static const lv_font_fmt_txt_cmap_t cmaps[] =
{
    {
        .range_start = 32, .range_length = 95, .glyph_id_start = 1,
        .unicode_list = NULL, .glyph_id_ofs_list = NULL, .list_length = 0, .type = LV_FONT_FMT_TXT_CMAP_FORMAT0_TINY
    },
    {
        .range_start = 176, .range_length = 62037, .glyph_id_start = 96,
        .unicode_list = unicode_list_1, .glyph_id_ofs_list = NULL, .list_length = 58, .type = LV_FONT_FMT_TXT_CMAP_SPARSE_TINY
    }
};

/*-----------------
 *    KERNING
 *----------------*/


/*Pair left and right glyphs for kerning*/
static const uint8_t kern_pair_glyph_ids[] =
{
    3, 7,
    3, 13,
    3, 14,
    3, 15,
    3, 16,
    3, 21,
    3, 23,
    3, 27,
    3, 28,
    3, 33,
    4, 24,
    7, 3,
    7, 8,
    8, 7,
    8, 13,
    8, 14,
    8, 15,
    8, 16,
    8, 21,
    8, 23,
    8, 27,
    8, 28,
    8, 33,
    9, 9,
    9, 17,
    9, 18,
    9, 19,
    9, 21,
    9, 22,
    9, 23,
    9, 25,
    9, 26,
    9, 92,
    10, 10,
    10, 62,
    10, 94,
    12, 18,
    12, 19,
    12, 20,
    12, 24,
    13, 3,
    13, 8,
    13, 14,
    13, 17,
    13, 18,
    13, 21,
    13, 23,
    13, 24,
    13, 25,
    13, 26,
    14, 3,
    14, 8,
    14, 18,
    14, 19,
    14, 20,
    14, 22,
    14, 24,
    14, 26,
    15, 3,
    15, 8,
    15, 14,
    15, 17,
    15, 18,
    15, 21,
    15, 23,
    15, 24,
    15, 25,
    15, 26,
    16, 16,
    16, 17,
    16, 18,
    16, 19,
    16, 21,
    16, 22,
    16, 23,
    16, 25,
    16, 26,
    17, 10,
    17, 13,
    17, 15,
    17, 16,
    17, 61,
    17, 62,
    17, 94,
    19, 10,
    19, 12,
    19, 14,
    19, 21,
    19, 61,
    19, 62,
    19, 94,
    20, 16,
    20, 18,
    20, 61,
    21, 3,
    21, 8,
    21, 10,
    21, 13,
    21, 15,
    21, 16,
    21, 18,
    21, 24,
    21, 26,
    21, 61,
    21, 62,
    21, 94,
    22, 13,
    22, 15,
    22, 16,
    22, 18,
    22, 61,
    23, 3,
    23, 8,
    23, 10,
    23, 16,
    23, 18,
    23, 24,
    23, 61,
    23, 62,
    23, 94,
    24, 4,
    24, 12,
    24, 13,
    24, 14,
    24, 15,
    24, 16,
    24, 21,
    24, 23,
    24, 30,
    25, 10,
    25, 13,
    25, 15,
    25, 16,
    25, 61,
    25, 62,
    25, 94,
    26, 10,
    26, 13,
    26, 14,
    26, 15,
    26, 16,
    26, 20,
    26, 21,
    26, 23,
    26, 61,
    26, 62,
    26, 94,
    27, 3,
    27, 8,
    28, 3,
    28, 8,
    30, 24,
    33, 3,
    33, 8,
    60, 9,
    60, 17,
    60, 18,
    60, 19,
    60, 21,
    60, 22,
    60, 23,
    60, 25,
    60, 26,
    60, 92,
    61, 3,
    61, 8,
    61, 17,
    61, 18,
    61, 20,
    61, 21,
    61, 22,
    61, 23,
    61, 24,
    61, 25,
    61, 26,
    61, 61,
    92, 9,
    92, 17,
    92, 18,
    92, 19,
    92, 21,
    92, 22,
    92, 23,
    92, 25,
    92, 26,
    92, 92,
    94, 10,
    94, 62,
    94, 94,
    96, 21,
    96, 23
};

/* Kerning between the respective left and right glyphs
 * 4.4 format which needs to scaled with `kern_scale`*/
static const int8_t kern_pair_values[] =
{
    -7, -42, -26, -42, -27, -22, -16, -3,
    -3, -6, -6, -16, -16, -7, -42, -26,
    -42, -27, -22, -16, -3, -3, -6, -1,
    -12, -14, -7, -17, -6, -19, -11, -8,
    -9, -1, -1, -1, -10, -10, -5, -22,
    -42, -42, -21, -6, -28, -6, -5, -12,
    -4, -19, -26, -26, -15, -16, -9, -4,
    -24, -5, -42, -42, -21, -6, -28, -6,
    -5, -12, -4, -19, -85, -8, -2, -6,
    -23, -2, -22, -8, -2, -12, -6, -6,
    -8, -8, -10, -10, -6, -6, -10, -4,
    -6, -5, -5, -2, -7, -1, -10, -10,
    -11, -6, -6, -1, -8, -7, -3, -12,
    -9, -10, -4, -4, -2, -6, -1, -15,
    -15, -15, -2, -10, -13, -16, -11, -12,
    -3, -12, -27, -15, -27, -27, -14, -13,
    -5, -11, -4, -4, -2, -8, -9, -10,
    -11, -27, -6, -27, -22, -6, -6, -4,
    -5, -10, -10, -3, -3, -3, -3, -10,
    -4, -4, -1, -10, -12, -6, -12, -5,
    -14, -9, -7, -7, -27, -27, -8, -25,
    -1, -4, -1, -5, -10, -2, -15, -85,
    -1, -10, -12, -5, -14, -5, -15, -9,
    -7, -9, -9, -7, -9, -18, -13
};

/*Collect the kern pair's data in one place*/
static const lv_font_fmt_txt_kern_pair_t kern_pairs =
{
    .glyph_ids = kern_pair_glyph_ids,
    .values = kern_pair_values,
    .pair_cnt = 191,
    .glyph_ids_size = 0
};

/*--------------------
 *  ALL CUSTOM DATA
 *--------------------*/

#if LVGL_VERSION_MAJOR == 8
/*Store all the custom data of the font*/
static  lv_font_fmt_txt_glyph_cache_t cache;
#endif

#if LVGL_VERSION_MAJOR >= 8
static const lv_font_fmt_txt_dsc_t font_dsc = {
#else
static lv_font_fmt_txt_dsc_t font_dsc = {
#endif
    .glyph_bitmap = glyph_bitmap,
    .glyph_dsc = glyph_dsc,
    .cmaps = cmaps,
    .kern_dsc = &kern_pairs,
    .kern_scale = 16,
    .cmap_num = 2,
    .bpp = 4,
    .kern_classes = 0,
    .bitmap_format = 0,
#if LVGL_VERSION_MAJOR == 8
    .cache = &cache
#endif
};



/*-----------------
 *  PUBLIC FONT
 *----------------*/

/*Initialize a public general font descriptor*/
#if LVGL_VERSION_MAJOR >= 8
const lv_font_t lv_font_rubik_26 = {
#else
lv_font_t lv_font_rubik_26 = {
#endif
    .get_glyph_dsc = lv_font_get_glyph_dsc_fmt_txt,    /*Function pointer to get glyph's data*/
    .get_glyph_bitmap = lv_font_get_bitmap_fmt_txt,    /*Function pointer to get glyph's bitmap*/
    .line_height = 30,          /*The maximum line height required by the font*/
    .base_line = 6,             /*Baseline measured from the bottom of the line*/
#if !(LVGL_VERSION_MAJOR == 6 && LVGL_VERSION_MINOR == 0)
    .subpx = LV_FONT_SUBPX_NONE,
#endif
#if LV_VERSION_CHECK(7, 4, 0) || LVGL_VERSION_MAJOR >= 8
    .underline_position = -1,
    .underline_thickness = 1,
#endif
    .dsc = &font_dsc,          /*The custom font data. Will be accessed by `get_glyph_bitmap/dsc` */
#if LV_VERSION_CHECK(8, 2, 0) || LVGL_VERSION_MAJOR >= 9
    .fallback = NULL,
#endif
    .user_data = NULL,
};



#endif /*#if LV_FONT_RUBIK_26*/

