/*******************************************************************************
 * Size: 20 px
 * Bpp: 4
 * Opts: --font Rubik-Static-400.ttf -r 0x20-0x7F,0x2022,0xB0 --font FontAwesome-Solid.ttf -r 0xF001,0xF008,0xF00B,0xF00C,0xF00D,0xF011,0xF013,0xF015,0xF019,0xF01C,0xF021,0xF026,0xF027,0xF028,0xF03E,0xF043,0xF048,0xF04B,0xF04C,0xF04D,0xF051,0xF052,0xF053,0xF054,0xF067,0xF068,0xF06E,0xF070,0xF071,0xF074,0xF077,0xF078,0xF079,0xF07B,0xF093,0xF095,0xF0C4,0xF0C5,0xF0C7,0xF0C9,0xF0E0,0xF0E7,0xF0EA,0xF0F3,0xF111,0xF11C,0xF124,0xF158,0xF1EB,0xF240,0xF241,0xF242,0xF243,0xF244,0xF2ED,0xF304 --size 20 --format lvgl --bpp 4 --no-compress --no-prefilter --output lv_font_rubik_20.c --lv-include lvgl.h
 ******************************************************************************/

#ifdef LV_LVGL_H_INCLUDE_SIMPLE
#include "lvgl.h"
#else
#include "lvgl.h"
#endif

#ifndef LV_FONT_RUBIK_20
#define LV_FONT_RUBIK_20 1
#endif

#if LV_FONT_RUBIK_20

/*-----------------
 *    BITMAPS
 *----------------*/

/*Store the image of the glyphs*/
static LV_ATTRIBUTE_LARGE_CONST const uint8_t glyph_bitmap[] = {
    /* U+0020 " " */

    /* U+0021 "!" */
    0x6f, 0x57, 0xf6, 0x7f, 0x67, 0xf6, 0x7f, 0x67,
    0xf6, 0x7f, 0x67, 0xf6, 0x7f, 0x67, 0xf6, 0x7f,
    0x50, 0x10, 0x24, 0x1a, 0xf8, 0x9f, 0x70,

    /* U+0022 "\"" */
    0xdf, 0x2b, 0xf4, 0xcf, 0x2a, 0xf4, 0xbf, 0x9,
    0xf2, 0x9f, 0x7, 0xf1, 0x47, 0x3, 0x80,

    /* U+0023 "#" */
    0x0, 0x2, 0xd4, 0x0, 0x8b, 0x0, 0x0, 0x5,
    0xf3, 0x0, 0xdc, 0x0, 0x0, 0x8, 0xf1, 0x0,
    0xf9, 0x0, 0x6f, 0xff, 0xff, 0xff, 0xff, 0xfe,
    0x3a, 0xaf, 0xea, 0xab, 0xfb, 0xa8, 0x0, 0xe,
    0xa0, 0x6, 0xf3, 0x0, 0x0, 0x1f, 0x80, 0x8,
    0xf0, 0x0, 0x0, 0x3f, 0x60, 0xa, 0xe0, 0x0,
    0x89, 0xbf, 0xb9, 0x9e, 0xe9, 0x93, 0xff, 0xff,
    0xff, 0xff, 0xff, 0xf5, 0x0, 0xae, 0x0, 0x2f,
    0x70, 0x0, 0x0, 0xdc, 0x0, 0x4f, 0x50, 0x0,
    0x0, 0x85, 0x0, 0x39, 0x10, 0x0,

    /* U+0024 "$" */
    0x0, 0x0, 0x5, 0x90, 0x0, 0x0, 0x0, 0x0,
    0xa, 0xf0, 0x0, 0x0, 0x0, 0x3, 0x8e, 0xf9,
    0x40, 0x0, 0x0, 0x8f, 0xff, 0xff, 0xfb, 0x0,
    0x6, 0xfe, 0x51, 0x4, 0xdf, 0x90, 0xb, 0xf5,
    0x0, 0x0, 0x1f, 0xf0, 0xc, 0xf4, 0x0, 0x0,
    0x4, 0x50, 0x8, 0xfc, 0x10, 0x0, 0x0, 0x0,
    0x1, 0xef, 0xf9, 0x40, 0x0, 0x0, 0x0, 0x18,
    0xff, 0xfe, 0x92, 0x0, 0x0, 0x0, 0x5, 0xaf,
    0xff, 0x70, 0x0, 0x0, 0x0, 0x0, 0x7f, 0xf3,
    0x2, 0x10, 0x0, 0x0, 0x9, 0xf7, 0x2f, 0xd0,
    0x0, 0x0, 0x8, 0xf7, 0xd, 0xf9, 0x0, 0x0,
    0x3e, 0xf3, 0x3, 0xff, 0xeb, 0xac, 0xff, 0x90,
    0x0, 0x2a, 0xef, 0xff, 0xc5, 0x0, 0x0, 0x0,
    0xa, 0xf0, 0x0, 0x0, 0x0, 0x0, 0x9, 0xf0,
    0x0, 0x0,

    /* U+0025 "%" */
    0x0, 0xae, 0xe7, 0x0, 0x0, 0x5, 0xf5, 0x0,
    0x9f, 0x57, 0xf5, 0x0, 0x1, 0xec, 0x0, 0xe,
    0x90, 0xd, 0xa0, 0x0, 0xcf, 0x20, 0x0, 0xf6,
    0x0, 0xac, 0x0, 0x7f, 0x50, 0x0, 0xf, 0x60,
    0xa, 0xc0, 0x3f, 0xa0, 0x0, 0x0, 0xf8, 0x0,
    0xca, 0xd, 0xe1, 0x0, 0x0, 0xb, 0xd2, 0x4f,
    0x79, 0xf4, 0x0, 0x0, 0x0, 0x2d, 0xff, 0xb5,
    0xf8, 0x0, 0x0, 0x0, 0x0, 0x2, 0x21, 0xec,
    0x7, 0xff, 0xd3, 0x0, 0x0, 0x0, 0xbf, 0x23,
    0xf9, 0x5c, 0xe0, 0x0, 0x0, 0x6f, 0x60, 0x8f,
    0x0, 0x4f, 0x30, 0x0, 0x2f, 0xb0, 0x8, 0xe0,
    0x3, 0xf4, 0x0, 0xd, 0xe1, 0x0, 0x7f, 0x0,
    0x4f, 0x30, 0x8, 0xf4, 0x0, 0x3, 0xf9, 0x5c,
    0xe0, 0x1, 0xf8, 0x0, 0x0, 0x6, 0xdf, 0xc3,
    0x0,

    /* U+0026 "&" */
    0x0, 0x3b, 0xfe, 0xa2, 0x0, 0x0, 0x0, 0x2f,
    0xfb, 0xbf, 0xe1, 0x0, 0x0, 0x9, 0xf5, 0x0,
    0x6f, 0x70, 0x0, 0x0, 0xcf, 0x0, 0x2, 0xf9,
    0x0, 0x0, 0x9, 0xf5, 0x0, 0x8f, 0x70, 0x0,
    0x0, 0x2f, 0xe2, 0x9f, 0xd0, 0x0, 0x0, 0x0,
    0x6f, 0xff, 0xb1, 0x0, 0x0, 0x0, 0x1b, 0xff,
    0xd0, 0x0, 0xb, 0x90, 0xd, 0xf9, 0x9f, 0xb0,
    0x1, 0xfa, 0x9, 0xf7, 0x0, 0x9f, 0xb0, 0x7f,
    0x60, 0xdf, 0x0, 0x0, 0x9f, 0xbd, 0xf0, 0xc,
    0xf1, 0x0, 0x0, 0xaf, 0xf7, 0x0, 0x8f, 0xa0,
    0x0, 0x1c, 0xff, 0xa0, 0x1, 0xdf, 0xea, 0xcf,
    0xfa, 0xbf, 0x80, 0x0, 0x8d, 0xfe, 0xb5, 0x0,
    0xcf, 0x40,

    /* U+0027 "'" */
    0xdf, 0x2c, 0xf2, 0xbf, 0x9, 0xf0, 0x47, 0x0,

    /* U+0028 "(" */
    0x0, 0x17, 0xa2, 0x2, 0xef, 0xf3, 0xb, 0xf7,
    0x0, 0x2f, 0xb0, 0x0, 0x6f, 0x50, 0x0, 0x9f,
    0x20, 0x0, 0xaf, 0x0, 0x0, 0xcf, 0x0, 0x0,
    0xde, 0x0, 0x0, 0xde, 0x0, 0x0, 0xde, 0x0,
    0x0, 0xde, 0x0, 0x0, 0xcf, 0x0, 0x0, 0xbf,
    0x0, 0x0, 0x9f, 0x10, 0x0, 0x7f, 0x40, 0x0,
    0x3f, 0x90, 0x0, 0xd, 0xf2, 0x0, 0x4, 0xff,
    0xb2, 0x0, 0x4c, 0xf3,

    /* U+0029 ")" */
    0x4a, 0x60, 0x0, 0x7f, 0xfc, 0x0, 0x1, 0xaf,
    0x70, 0x0, 0xe, 0xe0, 0x0, 0x9, 0xf2, 0x0,
    0x6, 0xf5, 0x0, 0x4, 0xf7, 0x0, 0x3, 0xf8,
    0x0, 0x2, 0xf9, 0x0, 0x2, 0xf9, 0x0, 0x2,
    0xf9, 0x0, 0x2, 0xf9, 0x0, 0x2, 0xf8, 0x0,
    0x4, 0xf7, 0x0, 0x5, 0xf5, 0x0, 0x8, 0xf3,
    0x0, 0xc, 0xf0, 0x0, 0x5f, 0xa0, 0x4c, 0xfe,
    0x10, 0x7e, 0xb2, 0x0,

    /* U+002A "*" */
    0x0, 0x7f, 0x50, 0x3, 0x35, 0xf3, 0x32, 0xcf,
    0xbf, 0xbf, 0xa7, 0xae, 0xfd, 0xa6, 0x4, 0xfd,
    0xf3, 0x0, 0xff, 0x2f, 0xe0, 0x4, 0x60, 0x73,
    0x0,

    /* U+002B "+" */
    0x0, 0x0, 0x0, 0x10, 0x0, 0x0, 0x0, 0x0,
    0x9, 0xf0, 0x0, 0x0, 0x0, 0x0, 0x9, 0xf0,
    0x0, 0x0, 0x0, 0x0, 0x9, 0xf0, 0x0, 0x0,
    0x0, 0x0, 0x9, 0xf0, 0x0, 0x0, 0x9, 0xaa,
    0xad, 0xfa, 0xaa, 0xa4, 0x1f, 0xff, 0xff, 0xff,
    0xff, 0xf8, 0x0, 0x0, 0x9, 0xf0, 0x0, 0x0,
    0x0, 0x0, 0x9, 0xf0, 0x0, 0x0, 0x0, 0x0,
    0x9, 0xf0, 0x0, 0x0, 0x0, 0x0, 0x9, 0xf0,
    0x0, 0x0, 0x0, 0x0, 0x8, 0xf0, 0x0, 0x0,

    /* U+002C "," */
    0x0, 0x6, 0xf9, 0xaf, 0x5d, 0xe0, 0xe8, 0x0,

    /* U+002D "-" */
    0x6c, 0xcc, 0xcc, 0xb2, 0x9f, 0xff, 0xff, 0xf3,

    /* U+002E "." */
    0x37, 0x4a, 0xfb, 0x9f, 0xa0,

    /* U+002F "/" */
    0x0, 0x0, 0x0, 0x9, 0xf0, 0x0, 0x0, 0x0,
    0x1f, 0xb0, 0x0, 0x0, 0x0, 0x7f, 0x50, 0x0,
    0x0, 0x0, 0xde, 0x0, 0x0, 0x0, 0x3, 0xf8,
    0x0, 0x0, 0x0, 0xa, 0xf2, 0x0, 0x0, 0x0,
    0x1f, 0xb0, 0x0, 0x0, 0x0, 0x7f, 0x50, 0x0,
    0x0, 0x0, 0xde, 0x0, 0x0, 0x0, 0x4, 0xf8,
    0x0, 0x0, 0x0, 0xa, 0xf1, 0x0, 0x0, 0x0,
    0x1f, 0xb0, 0x0, 0x0, 0x0, 0x7f, 0x40, 0x0,
    0x0, 0x0, 0xde, 0x0, 0x0, 0x0, 0x4, 0xf7,
    0x0, 0x0, 0x0, 0xa, 0xf1, 0x0, 0x0, 0x0,
    0x1f, 0xa0, 0x0, 0x0, 0x0, 0x6f, 0x30, 0x0,
    0x0, 0x0,

    /* U+0030 "0" */
    0x0, 0x3b, 0xef, 0xe9, 0x10, 0x0, 0x5f, 0xfe,
    0xcf, 0xfe, 0x20, 0x1f, 0xf6, 0x0, 0xa, 0xfb,
    0x6, 0xfc, 0x0, 0x0, 0x1f, 0xf1, 0x9f, 0x60,
    0x0, 0x0, 0xbf, 0x5b, 0xf4, 0x0, 0x0, 0x9,
    0xf6, 0xbf, 0x40, 0x0, 0x0, 0x8f, 0x6c, 0xf4,
    0x0, 0x0, 0x8, 0xf7, 0xbf, 0x40, 0x0, 0x0,
    0x8f, 0x6b, 0xf4, 0x0, 0x0, 0x9, 0xf6, 0x9f,
    0x60, 0x0, 0x0, 0xbf, 0x46, 0xfc, 0x0, 0x0,
    0x1f, 0xf1, 0x1f, 0xf6, 0x0, 0xa, 0xfb, 0x0,
    0x5f, 0xfe, 0xcf, 0xfe, 0x20, 0x0, 0x4b, 0xef,
    0xe9, 0x10, 0x0,

    /* U+0031 "1" */
    0x0, 0x0, 0x6f, 0xf0, 0x0, 0x9, 0xff, 0xf0,
    0x1, 0xcf, 0xdf, 0xf0, 0x2e, 0xfb, 0x1f, 0xf0,
    0x4f, 0x80, 0xf, 0xf0, 0x2, 0x0, 0xf, 0xf0,
    0x0, 0x0, 0xf, 0xf0, 0x0, 0x0, 0xf, 0xf0,
    0x0, 0x0, 0xf, 0xf0, 0x0, 0x0, 0xf, 0xf0,
    0x0, 0x0, 0xf, 0xf0, 0x0, 0x0, 0xf, 0xf0,
    0x0, 0x0, 0xf, 0xf0, 0x0, 0x0, 0xf, 0xf0,
    0x0, 0x0, 0xd, 0xf0,

    /* U+0032 "2" */
    0x0, 0x6, 0xcf, 0xec, 0x50, 0x0, 0x9, 0xff,
    0xde, 0xff, 0x70, 0x4, 0xfe, 0x30, 0x5, 0xff,
    0x10, 0xaf, 0x70, 0x0, 0xb, 0xf5, 0xb, 0xe2,
    0x0, 0x0, 0xaf, 0x60, 0x0, 0x0, 0x0, 0xd,
    0xf4, 0x0, 0x0, 0x0, 0x6, 0xfe, 0x0, 0x0,
    0x0, 0x4, 0xff, 0x40, 0x0, 0x0, 0x5, 0xff,
    0x60, 0x0, 0x0, 0x4, 0xff, 0x70, 0x0, 0x0,
    0x4, 0xff, 0x80, 0x0, 0x0, 0x3, 0xff, 0x90,
    0x0, 0x0, 0x3, 0xff, 0xa0, 0x0, 0x0, 0x0,
    0xef, 0xfd, 0xdd, 0xdd, 0xd8, 0xf, 0xff, 0xff,
    0xff, 0xff, 0xa0,

    /* U+0033 "3" */
    0x6, 0xff, 0xff, 0xff, 0xff, 0x50, 0x5, 0xcc,
    0xcc, 0xcd, 0xff, 0x40, 0x0, 0x0, 0x0, 0xb,
    0xf9, 0x0, 0x0, 0x0, 0x0, 0x9f, 0xc0, 0x0,
    0x0, 0x0, 0x7, 0xfd, 0x10, 0x0, 0x0, 0x0,
    0x5f, 0xf2, 0x0, 0x0, 0x0, 0x1, 0xff, 0xc7,
    0x30, 0x0, 0x0, 0x2, 0xff, 0xff, 0xfb, 0x0,
    0x0, 0x0, 0x0, 0x3, 0xcf, 0x90, 0x0, 0x0,
    0x0, 0x0, 0x2f, 0xe0, 0x1, 0x0, 0x0, 0x0,
    0xf, 0xf0, 0x1f, 0xd0, 0x0, 0x0, 0x2f, 0xf0,
    0xd, 0xf9, 0x0, 0x1, 0xcf, 0x90, 0x3, 0xef,
    0xfd, 0xdf, 0xfd, 0x10, 0x0, 0x19, 0xdf, 0xfc,
    0x70, 0x0,

    /* U+0034 "4" */
    0x0, 0x0, 0x0, 0x3f, 0xf6, 0x0, 0x0, 0x0,
    0x0, 0xdf, 0xf7, 0x0, 0x0, 0x0, 0x8, 0xfd,
    0xf7, 0x0, 0x0, 0x0, 0x2f, 0xd7, 0xf7, 0x0,
    0x0, 0x0, 0xcf, 0x36, 0xf7, 0x0, 0x0, 0x6,
    0xf9, 0x6, 0xf7, 0x0, 0x0, 0x1f, 0xe1, 0x6,
    0xf7, 0x0, 0x0, 0xaf, 0x50, 0x6, 0xf7, 0x0,
    0x5, 0xfb, 0x0, 0x6, 0xf7, 0x0, 0xe, 0xf1,
    0x0, 0x6, 0xf7, 0x0, 0x5f, 0xff, 0xff, 0xff,
    0xff, 0xfb, 0x3c, 0xdd, 0xdd, 0xde, 0xfe, 0xd8,
    0x0, 0x0, 0x0, 0x7, 0xf7, 0x0, 0x0, 0x0,
    0x0, 0x7, 0xf7, 0x0, 0x0, 0x0, 0x0, 0x6,
    0xf6, 0x0,

    /* U+0035 "5" */
    0x0, 0xcf, 0xff, 0xff, 0xff, 0x10, 0xe, 0xfc,
    0xcc, 0xcc, 0xb0, 0x0, 0xfd, 0x0, 0x0, 0x0,
    0x0, 0x1f, 0xb0, 0x0, 0x0, 0x0, 0x2, 0xfa,
    0x0, 0x0, 0x0, 0x0, 0x4f, 0x96, 0x99, 0x71,
    0x0, 0x5, 0xff, 0xff, 0xff, 0xf6, 0x0, 0x6f,
    0xe5, 0x1, 0x7f, 0xf4, 0x0, 0x20, 0x0, 0x0,
    0x7f, 0xb0, 0x0, 0x0, 0x0, 0x1, 0xfe, 0x6,
    0x40, 0x0, 0x0, 0x1f, 0xe0, 0xff, 0x10, 0x0,
    0x5, 0xfc, 0xb, 0xfb, 0x10, 0x3, 0xef, 0x60,
    0x1e, 0xff, 0xdd, 0xff, 0xa0, 0x0, 0x18, 0xdf,
    0xec, 0x60, 0x0,

    /* U+0036 "6" */
    0x0, 0x0, 0x0, 0xdf, 0x20, 0x0, 0x0, 0x0,
    0x9, 0xfb, 0x0, 0x0, 0x0, 0x0, 0x4f, 0xe1,
    0x0, 0x0, 0x0, 0x0, 0xef, 0x50, 0x0, 0x0,
    0x0, 0x9, 0xfb, 0x0, 0x0, 0x0, 0x0, 0x4f,
    0xff, 0xfd, 0x80, 0x0, 0x0, 0xef, 0xfc, 0xbf,
    0xfd, 0x10, 0x7, 0xfe, 0x20, 0x1, 0xbf, 0xa0,
    0xc, 0xf4, 0x0, 0x0, 0xf, 0xf1, 0xf, 0xf0,
    0x0, 0x0, 0xb, 0xf4, 0xf, 0xf0, 0x0, 0x0,
    0xc, 0xf3, 0xc, 0xf5, 0x0, 0x0, 0x1f, 0xf1,
    0x5, 0xfe, 0x30, 0x1, 0xcf, 0x90, 0x0, 0x9f,
    0xfd, 0xcf, 0xfc, 0x0, 0x0, 0x5, 0xce, 0xfd,
    0x70, 0x0,

    /* U+0037 "7" */
    0x5f, 0xff, 0xff, 0xff, 0xfa, 0x4c, 0xcc, 0xcc,
    0xce, 0xfb, 0x0, 0x0, 0x0, 0xa, 0xf6, 0x0,
    0x0, 0x0, 0x1f, 0xf0, 0x0, 0x0, 0x0, 0x7f,
    0x90, 0x0, 0x0, 0x0, 0xdf, 0x30, 0x0, 0x0,
    0x4, 0xfd, 0x0, 0x0, 0x0, 0xa, 0xf6, 0x0,
    0x0, 0x0, 0x1f, 0xf1, 0x0, 0x0, 0x0, 0x7f,
    0x90, 0x0, 0x0, 0x0, 0xdf, 0x30, 0x0, 0x0,
    0x4, 0xfd, 0x0, 0x0, 0x0, 0xa, 0xf6, 0x0,
    0x0, 0x0, 0x1f, 0xf1, 0x0, 0x0, 0x0, 0x5f,
    0x90, 0x0, 0x0,

    /* U+0038 "8" */
    0x0, 0x4b, 0xef, 0xe9, 0x20, 0x0, 0x7f, 0xfc,
    0xbd, 0xff, 0x30, 0x1f, 0xf4, 0x0, 0x7, 0xfc,
    0x5, 0xf9, 0x0, 0x0, 0xe, 0xf0, 0x5f, 0x90,
    0x0, 0x0, 0xef, 0x1, 0xfe, 0x30, 0x0, 0x7f,
    0xc0, 0x6, 0xff, 0xca, 0xdf, 0xe2, 0x0, 0x5f,
    0xff, 0xff, 0xfd, 0x20, 0x4f, 0xf7, 0x10, 0x2a,
    0xfe, 0xb, 0xf6, 0x0, 0x0, 0xa, 0xf6, 0xdf,
    0x10, 0x0, 0x0, 0x6f, 0x8c, 0xf3, 0x0, 0x0,
    0x8, 0xf7, 0x7f, 0xd2, 0x0, 0x4, 0xff, 0x20,
    0xbf, 0xfc, 0xad, 0xff, 0x70, 0x0, 0x6c, 0xff,
    0xea, 0x30, 0x0,

    /* U+0039 "9" */
    0x0, 0x7, 0xdf, 0xeb, 0x40, 0x0, 0xc, 0xff,
    0xce, 0xff, 0x80, 0x9, 0xfc, 0x10, 0x4, 0xff,
    0x40, 0xff, 0x10, 0x0, 0x7, 0xfa, 0x2f, 0xc0,
    0x0, 0x0, 0x2f, 0xd3, 0xfc, 0x0, 0x0, 0x2,
    0xfc, 0xf, 0xf1, 0x0, 0x0, 0x6f, 0x90, 0xaf,
    0xb0, 0x0, 0x3e, 0xf3, 0x1, 0xdf, 0xeb, 0xcf,
    0xfa, 0x0, 0x1, 0x8e, 0xff, 0xfe, 0x10, 0x0,
    0x0, 0x0, 0xdf, 0x50, 0x0, 0x0, 0x0, 0x8f,
    0xa0, 0x0, 0x0, 0x0, 0x3f, 0xe1, 0x0, 0x0,
    0x0, 0xd, 0xf4, 0x0, 0x0, 0x0, 0x7, 0xf9,
    0x0, 0x0, 0x0,

    /* U+003A ":" */
    0x36, 0x39, 0xfb, 0x9f, 0xa0, 0x0, 0x0, 0x0,
    0x0, 0x0, 0x3, 0x63, 0x9f, 0xb9, 0xfa,

    /* U+003B ";" */
    0x16, 0x55, 0xff, 0x5f, 0xe0, 0x0, 0x0, 0x0,
    0x0, 0x0, 0x0, 0x0, 0x3f, 0xd6, 0xf9, 0x9f,
    0x3a, 0xc0,

    /* U+003C "<" */
    0x0, 0x0, 0x0, 0x5, 0x40, 0x0, 0x0, 0x1a,
    0xf7, 0x0, 0x0, 0x4e, 0xfb, 0x10, 0x0, 0x8f,
    0xf7, 0x0, 0x2, 0xcf, 0xd2, 0x0, 0x1, 0xff,
    0x90, 0x0, 0x0, 0x3f, 0xe3, 0x0, 0x0, 0x0,
    0x6f, 0xf8, 0x0, 0x0, 0x0, 0x2d, 0xfc, 0x20,
    0x0, 0x0, 0x9, 0xff, 0x60, 0x0, 0x0, 0x4,
    0xef, 0x60, 0x0, 0x0, 0x1, 0xb6,

    /* U+003D "=" */
    0x8f, 0xff, 0xff, 0xff, 0xe4, 0xaa, 0xaa, 0xaa,
    0xa8, 0x0, 0x0, 0x0, 0x0, 0x0, 0x0, 0x0,
    0x0, 0x0, 0x0, 0x0, 0x0, 0x0, 0x4, 0xaa,
    0xaa, 0xaa, 0xa8, 0x8f, 0xff, 0xff, 0xff, 0xe0,

    /* U+003E ">" */
    0x54, 0x0, 0x0, 0x0, 0xa, 0xf8, 0x0, 0x0,
    0x0, 0x2d, 0xfc, 0x20, 0x0, 0x0, 0x9, 0xff,
    0x60, 0x0, 0x0, 0x4, 0xef, 0xb1, 0x0, 0x0,
    0x1, 0xbf, 0xd0, 0x0, 0x0, 0x5, 0xff, 0x10,
    0x0, 0xa, 0xfe, 0x50, 0x0, 0x3d, 0xfc, 0x10,
    0x0, 0x7f, 0xf7, 0x0, 0x0, 0x8f, 0xd3, 0x0,
    0x0, 0x9, 0x90, 0x0, 0x0, 0x0,

    /* U+003F "?" */
    0x0, 0x19, 0xef, 0xe9, 0x20, 0x3, 0xef, 0xec,
    0xff, 0xe2, 0xd, 0xf7, 0x0, 0xa, 0xfa, 0x3f,
    0xd0, 0x0, 0x2, 0xfe, 0x3c, 0x60, 0x0, 0x3,
    0xfc, 0x0, 0x0, 0x0, 0xb, 0xf7, 0x0, 0x0,
    0x0, 0x9f, 0xc0, 0x0, 0x0, 0x6, 0xfd, 0x10,
    0x0, 0x0, 0x1f, 0xf3, 0x0, 0x0, 0x0, 0x7f,
    0xa0, 0x0, 0x0, 0x0, 0x8f, 0x70, 0x0, 0x0,
    0x0, 0x48, 0x20, 0x0, 0x0, 0x0, 0x13, 0x0,
    0x0, 0x0, 0x0, 0xcf, 0x70, 0x0, 0x0, 0x0,
    0xbf, 0x60, 0x0,

    /* U+0040 "@" */
    0x0, 0x0, 0x0, 0x11, 0x0, 0x0, 0x0, 0x0,
    0x0, 0x3a, 0xff, 0xff, 0xd9, 0x20, 0x0, 0x0,
    0x8f, 0xe8, 0x65, 0x6a, 0xef, 0x50, 0x0, 0x6f,
    0x90, 0x0, 0x0, 0x1, 0xbf, 0x30, 0x1f, 0xa0,
    0x0, 0x10, 0x1, 0x0, 0xec, 0x6, 0xf2, 0x1,
    0xcf, 0xf8, 0xf6, 0x7, 0xf1, 0xad, 0x0, 0xbf,
    0x76, 0xef, 0x60, 0x3f, 0x4c, 0xa0, 0x1f, 0x60,
    0x5, 0xf6, 0x1, 0xf6, 0xd9, 0x3, 0xf3, 0x0,
    0x1f, 0x60, 0xf, 0x6d, 0x90, 0x4f, 0x30, 0x1,
    0xf6, 0x0, 0xf6, 0xda, 0x2, 0xf6, 0x0, 0x4f,
    0x70, 0x2f, 0x5a, 0xc0, 0xc, 0xe3, 0x3c, 0xfd,
    0x39, 0xf2, 0x7f, 0x10, 0x3e, 0xff, 0xe6, 0xff,
    0xf8, 0x2, 0xf8, 0x0, 0x4, 0x40, 0x1, 0x42,
    0x0, 0xa, 0xf5, 0x0, 0x0, 0x0, 0x6, 0xa2,
    0x0, 0xc, 0xfb, 0x53, 0x23, 0x6c, 0xfa, 0x0,
    0x0, 0x7, 0xdf, 0xff, 0xff, 0xc5, 0x0, 0x0,
    0x0, 0x0, 0x23, 0x43, 0x10, 0x0, 0x0,

    /* U+0041 "A" */
    0x0, 0x0, 0x9, 0xfe, 0x0, 0x0, 0x0, 0x0,
    0x0, 0xff, 0xf6, 0x0, 0x0, 0x0, 0x0, 0x5f,
    0xcf, 0xb0, 0x0, 0x0, 0x0, 0xb, 0xf4, 0xdf,
    0x10, 0x0, 0x0, 0x1, 0xfe, 0x8, 0xf7, 0x0,
    0x0, 0x0, 0x6f, 0x80, 0x2f, 0xc0, 0x0, 0x0,
    0xc, 0xf3, 0x0, 0xcf, 0x20, 0x0, 0x2, 0xfd,
    0x0, 0x7, 0xf8, 0x0, 0x0, 0x7f, 0x80, 0x0,
    0x1f, 0xd0, 0x0, 0xd, 0xf2, 0x0, 0x0, 0xcf,
    0x30, 0x3, 0xff, 0xff, 0xff, 0xff, 0xf9, 0x0,
    0x9f, 0xdc, 0xcc, 0xcc, 0xcf, 0xe0, 0xe, 0xf2,
    0x0, 0x0, 0x0, 0xcf, 0x44, 0xfc, 0x0, 0x0,
    0x0, 0x5, 0xfa, 0x8f, 0x50, 0x0, 0x0, 0x0,
    0xe, 0xe0,

    /* U+0042 "B" */
    0x3f, 0xff, 0xff, 0xfe, 0xb3, 0x0, 0x4f, 0xea,
    0xaa, 0xbd, 0xff, 0x30, 0x4f, 0xb0, 0x0, 0x0,
    0x8f, 0xb0, 0x4f, 0xb0, 0x0, 0x0, 0x1f, 0xe0,
    0x4f, 0xb0, 0x0, 0x0, 0x1f, 0xe0, 0x4f, 0xb0,
    0x0, 0x0, 0x9f, 0xa0, 0x4f, 0xea, 0xaa, 0xad,
    0xfd, 0x10, 0x4f, 0xff, 0xff, 0xff, 0xfb, 0x0,
    0x4f, 0xb0, 0x0, 0x2, 0xbf, 0xa0, 0x4f, 0xb0,
    0x0, 0x0, 0x1f, 0xf1, 0x4f, 0xb0, 0x0, 0x0,
    0xc, 0xf3, 0x4f, 0xb0, 0x0, 0x0, 0xe, 0xf2,
    0x4f, 0xb0, 0x0, 0x0, 0x7f, 0xd0, 0x4f, 0xeb,
    0xbb, 0xbd, 0xff, 0x40, 0x3f, 0xff, 0xff, 0xfe,
    0xb3, 0x0,

    /* U+0043 "C" */
    0x0, 0x29, 0xdf, 0xfc, 0x70, 0x0, 0x4, 0xff,
    0xfd, 0xdf, 0xfd, 0x10, 0xe, 0xf8, 0x0, 0x2,
    0xbf, 0xb0, 0x6f, 0xb0, 0x0, 0x0, 0x1f, 0xf2,
    0xaf, 0x50, 0x0, 0x0, 0xa, 0xf5, 0xcf, 0x30,
    0x0, 0x0, 0x0, 0x10, 0xcf, 0x30, 0x0, 0x0,
    0x0, 0x0, 0xcf, 0x30, 0x0, 0x0, 0x0, 0x0,
    0xcf, 0x30, 0x0, 0x0, 0x0, 0x0, 0xcf, 0x30,
    0x0, 0x0, 0x0, 0x10, 0xaf, 0x50, 0x0, 0x0,
    0xa, 0xf5, 0x6f, 0xb0, 0x0, 0x0, 0x1f, 0xf2,
    0x1e, 0xf8, 0x0, 0x1, 0xbf, 0xb0, 0x4, 0xff,
    0xfd, 0xdf, 0xfd, 0x10, 0x0, 0x29, 0xdf, 0xfc,
    0x70, 0x0,

    /* U+0044 "D" */
    0x3f, 0xff, 0xff, 0xed, 0x81, 0x0, 0x4f, 0xec,
    0xcc, 0xdf, 0xfe, 0x20, 0x4f, 0xb0, 0x0, 0x1,
    0xbf, 0xc0, 0x4f, 0xb0, 0x0, 0x0, 0xe, 0xf2,
    0x4f, 0xb0, 0x0, 0x0, 0xa, 0xf6, 0x4f, 0xb0,
    0x0, 0x0, 0x8, 0xf7, 0x4f, 0xb0, 0x0, 0x0,
    0x7, 0xf8, 0x4f, 0xb0, 0x0, 0x0, 0x7, 0xf8,
    0x4f, 0xb0, 0x0, 0x0, 0x7, 0xf8, 0x4f, 0xb0,
    0x0, 0x0, 0x8, 0xf7, 0x4f, 0xb0, 0x0, 0x0,
    0x9, 0xf5, 0x4f, 0xb0, 0x0, 0x0, 0xe, 0xf2,
    0x4f, 0xb0, 0x0, 0x0, 0x9f, 0xc0, 0x4f, 0xec,
    0xcc, 0xdf, 0xfe, 0x30, 0x3f, 0xff, 0xff, 0xfd,
    0x91, 0x0,

    /* U+0045 "E" */
    0x3f, 0xff, 0xff, 0xff, 0xfd, 0x4, 0xfe, 0xcc,
    0xcc, 0xcc, 0xa0, 0x4f, 0xa0, 0x0, 0x0, 0x0,
    0x4, 0xfa, 0x0, 0x0, 0x0, 0x0, 0x4f, 0xa0,
    0x0, 0x0, 0x0, 0x4, 0xfa, 0x0, 0x0, 0x0,
    0x0, 0x4f, 0xa0, 0x0, 0x0, 0x0, 0x4, 0xff,
    0xff, 0xff, 0xff, 0x60, 0x4f, 0xeb, 0xbb, 0xbb,
    0xb4, 0x4, 0xfa, 0x0, 0x0, 0x0, 0x0, 0x4f,
    0xa0, 0x0, 0x0, 0x0, 0x4, 0xfa, 0x0, 0x0,
    0x0, 0x0, 0x4f, 0xa0, 0x0, 0x0, 0x0, 0x4,
    0xfe, 0xcc, 0xcc, 0xcc, 0xb0, 0x3f, 0xff, 0xff,
    0xff, 0xff, 0x0,

    /* U+0046 "F" */
    0x3f, 0xff, 0xff, 0xff, 0xfc, 0x4f, 0xec, 0xcc,
    0xcc, 0xc9, 0x4f, 0xb0, 0x0, 0x0, 0x0, 0x4f,
    0xb0, 0x0, 0x0, 0x0, 0x4f, 0xb0, 0x0, 0x0,
    0x0, 0x4f, 0xb0, 0x0, 0x0, 0x0, 0x4f, 0xb0,
    0x0, 0x0, 0x0, 0x4f, 0xfd, 0xdd, 0xdd, 0xc4,
    0x4f, 0xff, 0xff, 0xff, 0xf5, 0x4f, 0xb0, 0x0,
    0x0, 0x0, 0x4f, 0xb0, 0x0, 0x0, 0x0, 0x4f,
    0xb0, 0x0, 0x0, 0x0, 0x4f, 0xb0, 0x0, 0x0,
    0x0, 0x4f, 0xb0, 0x0, 0x0, 0x0, 0x3f, 0x90,
    0x0, 0x0, 0x0,

    /* U+0047 "G" */
    0x0, 0x19, 0xdf, 0xfc, 0x60, 0x0, 0x3, 0xef,
    0xfd, 0xdf, 0xfd, 0x10, 0xe, 0xf8, 0x0, 0x2,
    0xcf, 0xc0, 0x6f, 0xb0, 0x0, 0x0, 0x1f, 0xf3,
    0xaf, 0x50, 0x0, 0x0, 0x4, 0x71, 0xcf, 0x30,
    0x0, 0x0, 0x0, 0x0, 0xcf, 0x30, 0x0, 0x0,
    0x0, 0x0, 0xcf, 0x30, 0x0, 0xdf, 0xff, 0xf6,
    0xcf, 0x30, 0x0, 0x8a, 0xad, 0xf8, 0xcf, 0x30,
    0x0, 0x0, 0x7, 0xf7, 0xaf, 0x50, 0x0, 0x0,
    0x9, 0xf6, 0x6f, 0xb0, 0x0, 0x0, 0xe, 0xf2,
    0xe, 0xf8, 0x0, 0x1, 0xbf, 0xb0, 0x3, 0xff,
    0xfd, 0xdf, 0xfd, 0x10, 0x0, 0x29, 0xdf, 0xec,
    0x70, 0x0,

    /* U+0048 "H" */
    0x3f, 0xa0, 0x0, 0x0, 0x5, 0xf7, 0x4f, 0xb0,
    0x0, 0x0, 0x6, 0xf8, 0x4f, 0xb0, 0x0, 0x0,
    0x6, 0xf8, 0x4f, 0xb0, 0x0, 0x0, 0x6, 0xf8,
    0x4f, 0xb0, 0x0, 0x0, 0x6, 0xf8, 0x4f, 0xb0,
    0x0, 0x0, 0x6, 0xf8, 0x4f, 0xb0, 0x0, 0x0,
    0x6, 0xf8, 0x4f, 0xff, 0xff, 0xff, 0xff, 0xf8,
    0x4f, 0xfe, 0xee, 0xee, 0xee, 0xf8, 0x4f, 0xb0,
    0x0, 0x0, 0x6, 0xf8, 0x4f, 0xb0, 0x0, 0x0,
    0x6, 0xf8, 0x4f, 0xb0, 0x0, 0x0, 0x6, 0xf8,
    0x4f, 0xb0, 0x0, 0x0, 0x6, 0xf8, 0x4f, 0xb0,
    0x0, 0x0, 0x6, 0xf8, 0x3f, 0xa0, 0x0, 0x0,
    0x5, 0xf7,

    /* U+0049 "I" */
    0x3f, 0xa4, 0xfb, 0x4f, 0xb4, 0xfb, 0x4f, 0xb4,
    0xfb, 0x4f, 0xb4, 0xfb, 0x4f, 0xb4, 0xfb, 0x4f,
    0xb4, 0xfb, 0x4f, 0xb4, 0xfb, 0x3f, 0xa0,

    /* U+004A "J" */
    0x7, 0xff, 0xff, 0xff, 0xff, 0xf0, 0x5, 0xcc,
    0xcc, 0xcc, 0xcf, 0xf1, 0x0, 0x0, 0x0, 0x0,
    0xf, 0xf1, 0x0, 0x0, 0x0, 0x0, 0xf, 0xf1,
    0x0, 0x0, 0x0, 0x0, 0xf, 0xf1, 0x0, 0x0,
    0x0, 0x0, 0xf, 0xf1, 0x0, 0x0, 0x0, 0x0,
    0xf, 0xf1, 0x0, 0x0, 0x0, 0x0, 0xf, 0xf1,
    0x0, 0x0, 0x0, 0x0, 0xf, 0xf1, 0x0, 0x0,
    0x0, 0x0, 0xf, 0xf0, 0x2e, 0xa0, 0x0, 0x0,
    0x1f, 0xf0, 0x1f, 0xf1, 0x0, 0x0, 0x6f, 0xb0,
    0xc, 0xfb, 0x10, 0x3, 0xef, 0x50, 0x2, 0xef,
    0xfc, 0xdf, 0xf9, 0x0, 0x0, 0x18, 0xdf, 0xec,
    0x50, 0x0,

    /* U+004B "K" */
    0x3f, 0x90, 0x0, 0x3, 0xef, 0x24, 0xfb, 0x0,
    0x2, 0xef, 0x60, 0x4f, 0xb0, 0x2, 0xef, 0x70,
    0x4, 0xfb, 0x2, 0xef, 0x80, 0x0, 0x4f, 0xb2,
    0xef, 0x90, 0x0, 0x4, 0xfc, 0xef, 0x90, 0x0,
    0x0, 0x4f, 0xff, 0xa0, 0x0, 0x0, 0x4, 0xff,
    0xf5, 0x0, 0x0, 0x0, 0x4f, 0xef, 0xf4, 0x0,
    0x0, 0x4, 0xfb, 0x7f, 0xf3, 0x0, 0x0, 0x4f,
    0xb0, 0x8f, 0xe2, 0x0, 0x4, 0xfb, 0x0, 0x9f,
    0xe1, 0x0, 0x4f, 0xb0, 0x0, 0x9f, 0xd1, 0x4,
    0xfb, 0x0, 0x0, 0xaf, 0xc0, 0x3f, 0x90, 0x0,
    0x0, 0xaf, 0x90,

    /* U+004C "L" */
    0x3f, 0xa0, 0x0, 0x0, 0x0, 0x4f, 0xb0, 0x0,
    0x0, 0x0, 0x4f, 0xb0, 0x0, 0x0, 0x0, 0x4f,
    0xb0, 0x0, 0x0, 0x0, 0x4f, 0xb0, 0x0, 0x0,
    0x0, 0x4f, 0xb0, 0x0, 0x0, 0x0, 0x4f, 0xb0,
    0x0, 0x0, 0x0, 0x4f, 0xb0, 0x0, 0x0, 0x0,
    0x4f, 0xb0, 0x0, 0x0, 0x0, 0x4f, 0xb0, 0x0,
    0x0, 0x0, 0x4f, 0xb0, 0x0, 0x0, 0x0, 0x4f,
    0xb0, 0x0, 0x0, 0x0, 0x4f, 0xb0, 0x0, 0x0,
    0x0, 0x4f, 0xfd, 0xdd, 0xdd, 0xd9, 0x3f, 0xff,
    0xff, 0xff, 0xfc,

    /* U+004D "M" */
    0x3f, 0xc0, 0x0, 0x0, 0x0, 0xd, 0xf1, 0x4f,
    0xf4, 0x0, 0x0, 0x0, 0x5f, 0xf2, 0x4f, 0xfc,
    0x0, 0x0, 0x0, 0xdf, 0xf2, 0x4f, 0xff, 0x40,
    0x0, 0x5, 0xff, 0xf2, 0x4f, 0xcf, 0xb0, 0x0,
    0xd, 0xed, 0xf2, 0x4f, 0xaa, 0xf3, 0x0, 0x5f,
    0x8c, 0xf2, 0x4f, 0xa2, 0xfb, 0x0, 0xdf, 0x1c,
    0xf2, 0x4f, 0xa0, 0xaf, 0x35, 0xf8, 0xc, 0xf2,
    0x4f, 0xa0, 0x2f, 0xbc, 0xf1, 0xc, 0xf2, 0x4f,
    0xa0, 0xb, 0xff, 0x90, 0xc, 0xf2, 0x4f, 0xa0,
    0x3, 0xff, 0x20, 0xc, 0xf2, 0x4f, 0xa0, 0x0,
    0x54, 0x0, 0xc, 0xf2, 0x4f, 0xa0, 0x0, 0x0,
    0x0, 0xc, 0xf2, 0x4f, 0xa0, 0x0, 0x0, 0x0,
    0xc, 0xf2, 0x3f, 0x90, 0x0, 0x0, 0x0, 0xb,
    0xf1,

    /* U+004E "N" */
    0x3f, 0xb0, 0x0, 0x0, 0xa, 0xf1, 0x4f, 0xf5,
    0x0, 0x0, 0xb, 0xf2, 0x4f, 0xfe, 0x0, 0x0,
    0xb, 0xf2, 0x4f, 0xff, 0x90, 0x0, 0xb, 0xf2,
    0x4f, 0xbe, 0xf3, 0x0, 0xb, 0xf2, 0x4f, 0xa5,
    0xfc, 0x0, 0xb, 0xf2, 0x4f, 0xa0, 0xbf, 0x60,
    0xb, 0xf2, 0x4f, 0xa0, 0x2f, 0xe1, 0xb, 0xf2,
    0x4f, 0xa0, 0x8, 0xf9, 0xb, 0xf2, 0x4f, 0xa0,
    0x0, 0xdf, 0x3b, 0xf2, 0x4f, 0xa0, 0x0, 0x4f,
    0xcb, 0xf2, 0x4f, 0xa0, 0x0, 0xb, 0xff, 0xf2,
    0x4f, 0xa0, 0x0, 0x1, 0xff, 0xf2, 0x4f, 0xa0,
    0x0, 0x0, 0x7f, 0xf2, 0x3f, 0x90, 0x0, 0x0,
    0xc, 0xf1,

    /* U+004F "O" */
    0x0, 0x19, 0xdf, 0xec, 0x60, 0x0, 0x3, 0xff,
    0xfc, 0xdf, 0xfb, 0x0, 0xe, 0xf9, 0x0, 0x3,
    0xdf, 0x70, 0x5f, 0xc0, 0x0, 0x0, 0x3f, 0xe0,
    0x9f, 0x60, 0x0, 0x0, 0xd, 0xf2, 0xbf, 0x40,
    0x0, 0x0, 0xb, 0xf4, 0xcf, 0x30, 0x0, 0x0,
    0xa, 0xf5, 0xcf, 0x30, 0x0, 0x0, 0xa, 0xf5,
    0xcf, 0x30, 0x0, 0x0, 0xa, 0xf5, 0xbf, 0x30,
    0x0, 0x0, 0xb, 0xf4, 0xaf, 0x60, 0x0, 0x0,
    0xd, 0xf2, 0x6f, 0xc0, 0x0, 0x0, 0x3f, 0xe0,
    0x1e, 0xf9, 0x0, 0x3, 0xdf, 0x80, 0x4, 0xff,
    0xfd, 0xef, 0xfc, 0x0, 0x0, 0x29, 0xdf, 0xec,
    0x70, 0x0,

    /* U+0050 "P" */
    0x3f, 0xff, 0xff, 0xfe, 0x91, 0x0, 0x4f, 0xeb,
    0xbb, 0xce, 0xff, 0x20, 0x4f, 0xb0, 0x0, 0x0,
    0xaf, 0xb0, 0x4f, 0xb0, 0x0, 0x0, 0xf, 0xf0,
    0x4f, 0xb0, 0x0, 0x0, 0xe, 0xf1, 0x4f, 0xb0,
    0x0, 0x0, 0xf, 0xf0, 0x4f, 0xb0, 0x0, 0x0,
    0xaf, 0xb0, 0x4f, 0xeb, 0xbb, 0xce, 0xff, 0x20,
    0x4f, 0xff, 0xff, 0xfe, 0x91, 0x0, 0x4f, 0xb0,
    0x0, 0x0, 0x0, 0x0, 0x4f, 0xb0, 0x0, 0x0,
    0x0, 0x0, 0x4f, 0xb0, 0x0, 0x0, 0x0, 0x0,
    0x4f, 0xb0, 0x0, 0x0, 0x0, 0x0, 0x4f, 0xb0,
    0x0, 0x0, 0x0, 0x0, 0x3f, 0xa0, 0x0, 0x0,
    0x0, 0x0,

    /* U+0051 "Q" */
    0x0, 0x19, 0xdf, 0xec, 0x60, 0x0, 0x3, 0xff,
    0xfc, 0xdf, 0xfb, 0x0, 0xe, 0xf9, 0x0, 0x3,
    0xdf, 0x70, 0x5f, 0xc0, 0x0, 0x0, 0x3f, 0xe0,
    0xaf, 0x60, 0x0, 0x0, 0xd, 0xf2, 0xbf, 0x40,
    0x0, 0x0, 0xb, 0xf4, 0xcf, 0x30, 0x0, 0x0,
    0xa, 0xf5, 0xcf, 0x30, 0x0, 0x0, 0xa, 0xf5,
    0xcf, 0x30, 0x0, 0x0, 0xa, 0xf5, 0xcf, 0x30,
    0x0, 0x0, 0xb, 0xf4, 0xaf, 0x60, 0x0, 0x0,
    0xd, 0xf2, 0x6f, 0xc0, 0x0, 0x0, 0x3f, 0xf0,
    0x1e, 0xf9, 0x0, 0x3, 0xef, 0x80, 0x4, 0xff,
    0xfd, 0xef, 0xff, 0x10, 0x0, 0x29, 0xef, 0xeb,
    0xcf, 0x80, 0x0, 0x0, 0x0, 0x0, 0x1d, 0xf2,

    /* U+0052 "R" */
    0x3f, 0xff, 0xff, 0xfd, 0x81, 0x0, 0x4f, 0xeb,
    0xbb, 0xcf, 0xfd, 0x10, 0x4f, 0xb0, 0x0, 0x1,
    0xbf, 0x90, 0x4f, 0xb0, 0x0, 0x0, 0x3f, 0xe0,
    0x4f, 0xb0, 0x0, 0x0, 0xf, 0xf0, 0x4f, 0xb0,
    0x0, 0x0, 0x3f, 0xd0, 0x4f, 0xb0, 0x0, 0x1,
    0xcf, 0x80, 0x4f, 0xec, 0xcc, 0xdf, 0xfd, 0x10,
    0x4f, 0xff, 0xff, 0xff, 0x80, 0x0, 0x4f, 0xb0,
    0x0, 0x8f, 0x90, 0x0, 0x4f, 0xb0, 0x0, 0x1e,
    0xf2, 0x0, 0x4f, 0xb0, 0x0, 0x7, 0xfa, 0x0,
    0x4f, 0xb0, 0x0, 0x0, 0xef, 0x30, 0x4f, 0xb0,
    0x0, 0x0, 0x6f, 0xb0, 0x3f, 0xa0, 0x0, 0x0,
    0xc, 0xf2,

    /* U+0053 "S" */
    0x0, 0x6, 0xcf, 0xfd, 0x81, 0x0, 0x0, 0xcf,
    0xfd, 0xdf, 0xfe, 0x20, 0x7, 0xfc, 0x10, 0x1,
    0xaf, 0xc0, 0xb, 0xf4, 0x0, 0x0, 0xe, 0xf1,
    0xb, 0xf5, 0x0, 0x0, 0x1, 0x20, 0x7, 0xfe,
    0x30, 0x0, 0x0, 0x0, 0x0, 0xbf, 0xfd, 0x72,
    0x0, 0x0, 0x0, 0x5, 0xcf, 0xff, 0xc5, 0x0,
    0x0, 0x0, 0x2, 0x7d, 0xff, 0xa0, 0x0, 0x0,
    0x0, 0x0, 0x4e, 0xf4, 0x4, 0x30, 0x0, 0x0,
    0x8, 0xf8, 0x1f, 0xf1, 0x0, 0x0, 0x8, 0xf7,
    0xc, 0xfb, 0x10, 0x0, 0x4f, 0xf3, 0x2, 0xef,
    0xfd, 0xce, 0xff, 0x80, 0x0, 0x7, 0xcf, 0xfe,
    0xa4, 0x0,

    /* U+0054 "T" */
    0x6f, 0xff, 0xff, 0xff, 0xff, 0xf0, 0x5d, 0xdd,
    0xef, 0xfd, 0xdd, 0xc0, 0x0, 0x0, 0x3f, 0xc0,
    0x0, 0x0, 0x0, 0x0, 0x3f, 0xc0, 0x0, 0x0,
    0x0, 0x0, 0x3f, 0xc0, 0x0, 0x0, 0x0, 0x0,
    0x3f, 0xc0, 0x0, 0x0, 0x0, 0x0, 0x3f, 0xc0,
    0x0, 0x0, 0x0, 0x0, 0x3f, 0xc0, 0x0, 0x0,
    0x0, 0x0, 0x3f, 0xc0, 0x0, 0x0, 0x0, 0x0,
    0x3f, 0xc0, 0x0, 0x0, 0x0, 0x0, 0x3f, 0xc0,
    0x0, 0x0, 0x0, 0x0, 0x3f, 0xc0, 0x0, 0x0,
    0x0, 0x0, 0x3f, 0xc0, 0x0, 0x0, 0x0, 0x0,
    0x3f, 0xc0, 0x0, 0x0, 0x0, 0x0, 0x2f, 0xb0,
    0x0, 0x0,

    /* U+0055 "U" */
    0x5f, 0x80, 0x0, 0x0, 0x7, 0xf5, 0x6f, 0x90,
    0x0, 0x0, 0x8, 0xf6, 0x6f, 0x90, 0x0, 0x0,
    0x8, 0xf6, 0x6f, 0x90, 0x0, 0x0, 0x8, 0xf6,
    0x6f, 0x90, 0x0, 0x0, 0x8, 0xf6, 0x6f, 0x90,
    0x0, 0x0, 0x8, 0xf6, 0x6f, 0x90, 0x0, 0x0,
    0x8, 0xf6, 0x6f, 0x90, 0x0, 0x0, 0x8, 0xf6,
    0x6f, 0x90, 0x0, 0x0, 0x8, 0xf6, 0x5f, 0x90,
    0x0, 0x0, 0x9, 0xf6, 0x4f, 0xb0, 0x0, 0x0,
    0xa, 0xf4, 0x1f, 0xf1, 0x0, 0x0, 0x1f, 0xf1,
    0xa, 0xfc, 0x20, 0x2, 0xcf, 0xb0, 0x1, 0xdf,
    0xfd, 0xdf, 0xfe, 0x10, 0x0, 0x8, 0xdf, 0xfd,
    0x81, 0x0,

    /* U+0056 "V" */
    0x3f, 0xa0, 0x0, 0x0, 0x0, 0x8f, 0x50, 0xff,
    0x0, 0x0, 0x0, 0xe, 0xf2, 0xb, 0xf5, 0x0,
    0x0, 0x3, 0xfc, 0x0, 0x6f, 0xa0, 0x0, 0x0,
    0x8f, 0x70, 0x1, 0xff, 0x0, 0x0, 0xd, 0xf2,
    0x0, 0xb, 0xf4, 0x0, 0x3, 0xfd, 0x0, 0x0,
    0x6f, 0x90, 0x0, 0x8f, 0x80, 0x0, 0x1, 0xfe,
    0x0, 0xd, 0xf2, 0x0, 0x0, 0xc, 0xf3, 0x2,
    0xfd, 0x0, 0x0, 0x0, 0x7f, 0x90, 0x7f, 0x80,
    0x0, 0x0, 0x1, 0xfe, 0xc, 0xf3, 0x0, 0x0,
    0x0, 0xc, 0xf5, 0xfe, 0x0, 0x0, 0x0, 0x0,
    0x7f, 0xef, 0x80, 0x0, 0x0, 0x0, 0x2, 0xff,
    0xf3, 0x0, 0x0, 0x0, 0x0, 0xb, 0xfd, 0x0,
    0x0, 0x0,

    /* U+0057 "W" */
    0x1f, 0xc0, 0x0, 0x0, 0x0, 0x0, 0xc, 0xf1,
    0xe, 0xf0, 0x0, 0x0, 0x0, 0x0, 0xf, 0xf0,
    0xc, 0xf2, 0x0, 0x0, 0x0, 0x0, 0x2f, 0xc0,
    0x9, 0xf5, 0x0, 0x0, 0x0, 0x0, 0x5f, 0x90,
    0x6, 0xf8, 0x0, 0xe, 0xe0, 0x0, 0x8f, 0x60,
    0x3, 0xfb, 0x0, 0x4f, 0xf4, 0x0, 0xbf, 0x30,
    0x0, 0xfe, 0x0, 0x9f, 0xf9, 0x0, 0xef, 0x0,
    0x0, 0xdf, 0x10, 0xec, 0xce, 0x1, 0xfd, 0x0,
    0x0, 0xaf, 0x43, 0xf7, 0x7f, 0x34, 0xfa, 0x0,
    0x0, 0x7f, 0x78, 0xf2, 0x2f, 0x86, 0xf7, 0x0,
    0x0, 0x4f, 0xad, 0xd0, 0xc, 0xd9, 0xf4, 0x0,
    0x0, 0x1f, 0xef, 0x80, 0x7, 0xfe, 0xf1, 0x0,
    0x0, 0xe, 0xff, 0x20, 0x2, 0xff, 0xe0, 0x0,
    0x0, 0xb, 0xfd, 0x0, 0x0, 0xdf, 0xb0, 0x0,
    0x0, 0x6, 0xf7, 0x0, 0x0, 0x7f, 0x70, 0x0,

    /* U+0058 "X" */
    0x2f, 0xd0, 0x0, 0x0, 0x3, 0xfd, 0x0, 0xbf,
    0x90, 0x0, 0x0, 0xdf, 0x50, 0x1, 0xef, 0x40,
    0x0, 0x8f, 0xb0, 0x0, 0x6, 0xfd, 0x0, 0x3f,
    0xf1, 0x0, 0x0, 0xb, 0xf9, 0xc, 0xf6, 0x0,
    0x0, 0x0, 0x2f, 0xfa, 0xfc, 0x0, 0x0, 0x0,
    0x0, 0x6f, 0xff, 0x20, 0x0, 0x0, 0x0, 0x1,
    0xff, 0xb0, 0x0, 0x0, 0x0, 0x0, 0x9f, 0xff,
    0x40, 0x0, 0x0, 0x0, 0x4f, 0xe8, 0xfe, 0x0,
    0x0, 0x0, 0xe, 0xf5, 0xb, 0xf9, 0x0, 0x0,
    0x9, 0xfa, 0x0, 0x2f, 0xf4, 0x0, 0x4, 0xfe,
    0x10, 0x0, 0x6f, 0xe0, 0x0, 0xdf, 0x50, 0x0,
    0x0, 0xbf, 0x90, 0x6f, 0xa0, 0x0, 0x0, 0x1,
    0xef, 0x10,

    /* U+0059 "Y" */
    0x4f, 0x90, 0x0, 0x0, 0x0, 0xbf, 0x30, 0xdf,
    0x30, 0x0, 0x0, 0x4f, 0xc0, 0x5, 0xfc, 0x0,
    0x0, 0xd, 0xf4, 0x0, 0xc, 0xf5, 0x0, 0x6,
    0xfb, 0x0, 0x0, 0x3f, 0xd0, 0x0, 0xef, 0x20,
    0x0, 0x0, 0xbf, 0x60, 0x8f, 0x90, 0x0, 0x0,
    0x2, 0xfe, 0x3f, 0xf1, 0x0, 0x0, 0x0, 0x9,
    0xff, 0xf8, 0x0, 0x0, 0x0, 0x0, 0x1f, 0xfe,
    0x0, 0x0, 0x0, 0x0, 0x0, 0x9f, 0x80, 0x0,
    0x0, 0x0, 0x0, 0x8, 0xf7, 0x0, 0x0, 0x0,
    0x0, 0x0, 0x8f, 0x70, 0x0, 0x0, 0x0, 0x0,
    0x8, 0xf7, 0x0, 0x0, 0x0, 0x0, 0x0, 0x8f,
    0x70, 0x0, 0x0, 0x0, 0x0, 0x7, 0xf6, 0x0,
    0x0, 0x0,

    /* U+005A "Z" */
    0xe, 0xff, 0xff, 0xff, 0xff, 0xe0, 0xb, 0xcc,
    0xcc, 0xcc, 0xef, 0xf0, 0x0, 0x0, 0x0, 0x0,
    0xdf, 0x80, 0x0, 0x0, 0x0, 0x9, 0xfd, 0x0,
    0x0, 0x0, 0x0, 0x4f, 0xf3, 0x0, 0x0, 0x0,
    0x0, 0xef, 0x80, 0x0, 0x0, 0x0, 0xa, 0xfd,
    0x0, 0x0, 0x0, 0x0, 0x4f, 0xf3, 0x0, 0x0,
    0x0, 0x1, 0xef, 0x80, 0x0, 0x0, 0x0, 0xa,
    0xfc, 0x0, 0x0, 0x0, 0x0, 0x5f, 0xf2, 0x0,
    0x0, 0x0, 0x1, 0xef, 0x70, 0x0, 0x0, 0x0,
    0xb, 0xfc, 0x0, 0x0, 0x0, 0x0, 0x2f, 0xfe,
    0xdd, 0xdd, 0xdd, 0xc1, 0x2f, 0xff, 0xff, 0xff,
    0xff, 0xf2,

    /* U+005B "[" */
    0x4a, 0xaa, 0x98, 0xff, 0xfe, 0x8f, 0x30, 0x8,
    0xf3, 0x0, 0x8f, 0x30, 0x8, 0xf3, 0x0, 0x8f,
    0x30, 0x8, 0xf3, 0x0, 0x8f, 0x30, 0x8, 0xf3,
    0x0, 0x8f, 0x30, 0x8, 0xf3, 0x0, 0x8f, 0x30,
    0x8, 0xf3, 0x0, 0x8f, 0x30, 0x8, 0xf3, 0x0,
    0x8f, 0x30, 0x8, 0xf3, 0x0, 0x8f, 0xdc, 0xa7,
    0xff, 0xfe,

    /* U+005C "\\" */
    0x6f, 0x30, 0x0, 0x0, 0x0, 0x1f, 0xa0, 0x0,
    0x0, 0x0, 0xb, 0xf1, 0x0, 0x0, 0x0, 0x4,
    0xf7, 0x0, 0x0, 0x0, 0x0, 0xed, 0x0, 0x0,
    0x0, 0x0, 0x7f, 0x40, 0x0, 0x0, 0x0, 0x1f,
    0xa0, 0x0, 0x0, 0x0, 0xa, 0xf1, 0x0, 0x0,
    0x0, 0x4, 0xf7, 0x0, 0x0, 0x0, 0x0, 0xde,
    0x0, 0x0, 0x0, 0x0, 0x7f, 0x40, 0x0, 0x0,
    0x0, 0x1f, 0xb0, 0x0, 0x0, 0x0, 0xa, 0xf1,
    0x0, 0x0, 0x0, 0x4, 0xf8, 0x0, 0x0, 0x0,
    0x0, 0xde, 0x0, 0x0, 0x0, 0x0, 0x7f, 0x50,
    0x0, 0x0, 0x0, 0x1f, 0xb0, 0x0, 0x0, 0x0,
    0x9, 0xf0,

    /* U+005D "]" */
    0x3a, 0xaa, 0xa0, 0x6f, 0xff, 0xf1, 0x0, 0xb,
    0xf1, 0x0, 0xb, 0xf1, 0x0, 0xb, 0xf1, 0x0,
    0xb, 0xf1, 0x0, 0xb, 0xf1, 0x0, 0xb, 0xf1,
    0x0, 0xb, 0xf1, 0x0, 0xb, 0xf1, 0x0, 0xb,
    0xf1, 0x0, 0xb, 0xf1, 0x0, 0xb, 0xf1, 0x0,
    0xb, 0xf1, 0x0, 0xb, 0xf1, 0x0, 0xb, 0xf1,
    0x0, 0xb, 0xf1, 0x0, 0xb, 0xf1, 0x4c, 0xce,
    0xf1, 0x6f, 0xff, 0xf0,

    /* U+005E "^" */
    0x0, 0xbf, 0x60, 0x0, 0xbf, 0xdf, 0x50, 0x8e,
    0x30, 0x8f, 0x20,

    /* U+005F "_" */
    0x8b, 0xbb, 0xbb, 0xbb, 0xbb, 0xbb, 0x7b, 0xff,
    0xff, 0xff, 0xff, 0xff, 0xfa,

    /* U+0060 "`" */
    0x8f, 0xc0, 0x0, 0xaf, 0xa0, 0x0, 0x8f, 0x40,

    /* U+0061 "a" */
    0x0, 0x2a, 0xef, 0xe9, 0x10, 0x1, 0xef, 0xa8,
    0xbf, 0xe1, 0x7, 0xf6, 0x0, 0x8, 0xf6, 0x0,
    0x10, 0x0, 0x4, 0xf9, 0x0, 0x1, 0x58, 0xad,
    0xfa, 0x1, 0xaf, 0xfe, 0xbb, 0xfa, 0xd, 0xf7,
    0x10, 0x4, 0xfa, 0x3f, 0xa0, 0x0, 0x7, 0xfa,
    0x2f, 0xc0, 0x0, 0x2e, 0xfa, 0xb, 0xfd, 0x9a,
    0xfd, 0xfa, 0x0, 0x8e, 0xfe, 0x72, 0xf9,

    /* U+0062 "b" */
    0x6f, 0x40, 0x0, 0x0, 0x0, 0x8f, 0x60, 0x0,
    0x0, 0x0, 0x8f, 0x60, 0x0, 0x0, 0x0, 0x8f,
    0x60, 0x0, 0x0, 0x0, 0x8f, 0x67, 0xdf, 0xe9,
    0x0, 0x8f, 0xef, 0xcb, 0xef, 0xc0, 0x8f, 0xf4,
    0x0, 0xc, 0xf6, 0x8f, 0xa0, 0x0, 0x4, 0xfa,
    0x8f, 0x60, 0x0, 0x1, 0xfd, 0x8f, 0x50, 0x0,
    0x0, 0xfe, 0x8f, 0x70, 0x0, 0x1, 0xfd, 0x8f,
    0xa0, 0x0, 0x4, 0xfa, 0x8f, 0xf4, 0x0, 0xc,
    0xf6, 0x8f, 0xdf, 0xcb, 0xef, 0xc0, 0x7f, 0x47,
    0xdf, 0xe9, 0x0,

    /* U+0063 "c" */
    0x0, 0x8d, 0xfe, 0xb3, 0x0, 0xc, 0xfe, 0xbc,
    0xff, 0x50, 0x7f, 0xb0, 0x0, 0x5f, 0xe0, 0xcf,
    0x20, 0x0, 0xa, 0xc1, 0xef, 0x0, 0x0, 0x0,
    0x0, 0xff, 0x0, 0x0, 0x0, 0x0, 0xef, 0x0,
    0x0, 0x0, 0x0, 0xcf, 0x20, 0x0, 0xa, 0xd1,
    0x7f, 0xb0, 0x0, 0x5f, 0xe0, 0xc, 0xfe, 0xac,
    0xff, 0x50, 0x0, 0x8d, 0xfe, 0xb3, 0x0,

    /* U+0064 "d" */
    0x0, 0x0, 0x0, 0x6, 0xf5, 0x0, 0x0, 0x0,
    0x7, 0xf6, 0x0, 0x0, 0x0, 0x7, 0xf6, 0x0,
    0x0, 0x0, 0x7, 0xf6, 0x1, 0xae, 0xfd, 0x67,
    0xf6, 0xd, 0xfe, 0xbc, 0xfe, 0xf6, 0x6f, 0xb0,
    0x0, 0x5f, 0xf6, 0xcf, 0x30, 0x0, 0xb, 0xf6,
    0xef, 0x0, 0x0, 0x8, 0xf6, 0xfe, 0x0, 0x0,
    0x7, 0xf6, 0xef, 0x0, 0x0, 0x8, 0xf6, 0xcf,
    0x30, 0x0, 0xc, 0xf6, 0x6f, 0xb0, 0x0, 0x6f,
    0xf6, 0xd, 0xfe, 0xbc, 0xfd, 0xf6, 0x1, 0xae,
    0xfd, 0x65, 0xf5,

    /* U+0065 "e" */
    0x0, 0x7, 0xdf, 0xe9, 0x10, 0x0, 0xb, 0xfc,
    0x8b, 0xfe, 0x10, 0x6, 0xfa, 0x0, 0x6, 0xfa,
    0x0, 0xbf, 0x10, 0x0, 0xd, 0xf0, 0xe, 0xf2,
    0x22, 0x22, 0xbf, 0x30, 0xff, 0xff, 0xff, 0xff,
    0xf4, 0xf, 0xf5, 0x55, 0x55, 0x54, 0x0, 0xdf,
    0x10, 0x0, 0x0, 0x0, 0x7, 0xfa, 0x0, 0x3,
    0xed, 0x0, 0xc, 0xfc, 0x9b, 0xff, 0x60, 0x0,
    0x8, 0xdf, 0xeb, 0x30, 0x0,

    /* U+0066 "f" */
    0x0, 0x0, 0x6a, 0xa5, 0x0, 0xc, 0xff, 0xf8,
    0x0, 0x4f, 0xc1, 0x0, 0x0, 0x7f, 0x60, 0x0,
    0x0, 0x7f, 0x60, 0x0, 0x9f, 0xff, 0xff, 0xf5,
    0x5a, 0xdf, 0xca, 0xa3, 0x0, 0x7f, 0x60, 0x0,
    0x0, 0x7f, 0x60, 0x0, 0x0, 0x7f, 0x60, 0x0,
    0x0, 0x7f, 0x60, 0x0, 0x0, 0x7f, 0x60, 0x0,
    0x0, 0x7f, 0x60, 0x0, 0x0, 0x7f, 0x60, 0x0,
    0x0, 0x7f, 0x60, 0x0, 0x0, 0x6f, 0x50, 0x0,

    /* U+0067 "g" */
    0x1, 0x9e, 0xfd, 0x65, 0xf5, 0xd, 0xfe, 0xbc,
    0xfd, 0xf7, 0x6f, 0xb0, 0x0, 0x5f, 0xf7, 0xcf,
    0x30, 0x0, 0xc, 0xf7, 0xef, 0x0, 0x0, 0x8,
    0xf7, 0xff, 0x0, 0x0, 0x7, 0xf7, 0xef, 0x0,
    0x0, 0x8, 0xf7, 0xcf, 0x30, 0x0, 0xc, 0xf7,
    0x6f, 0xb0, 0x0, 0x5f, 0xf7, 0xd, 0xfe, 0xbc,
    0xfe, 0xf7, 0x1, 0x9e, 0xfd, 0x67, 0xf6, 0x12,
    0x0, 0x0, 0x8, 0xf5, 0xbf, 0x30, 0x0, 0xb,
    0xf3, 0x6f, 0xd3, 0x1, 0x7f, 0xd0, 0x9, 0xff,
    0xff, 0xfe, 0x20, 0x0, 0x37, 0x98, 0x50, 0x0,

    /* U+0068 "h" */
    0x6f, 0x50, 0x0, 0x0, 0x0, 0x8f, 0x60, 0x0,
    0x0, 0x0, 0x8f, 0x60, 0x0, 0x0, 0x0, 0x8f,
    0x60, 0x0, 0x0, 0x0, 0x8f, 0x66, 0xdf, 0xe9,
    0x10, 0x8f, 0xdf, 0xcb, 0xff, 0xc0, 0x8f, 0xf4,
    0x0, 0x1d, 0xf6, 0x8f, 0xa0, 0x0, 0x5, 0xfa,
    0x8f, 0x70, 0x0, 0x2, 0xfc, 0x8f, 0x60, 0x0,
    0x2, 0xfc, 0x8f, 0x60, 0x0, 0x2, 0xfc, 0x8f,
    0x60, 0x0, 0x2, 0xfc, 0x8f, 0x60, 0x0, 0x2,
    0xfc, 0x8f, 0x60, 0x0, 0x2, 0xfc, 0x7f, 0x50,
    0x0, 0x1, 0xfb,

    /* U+0069 "i" */
    0x9f, 0x7a, 0xf7, 0x1, 0x0, 0x0, 0x7f, 0x48,
    0xf5, 0x8f, 0x58, 0xf5, 0x8f, 0x58, 0xf5, 0x8f,
    0x58, 0xf5, 0x8f, 0x58, 0xf5, 0x7f, 0x40,

    /* U+006A "j" */
    0x0, 0x6f, 0xa0, 0x7, 0xfb, 0x0, 0x1, 0x0,
    0x0, 0x0, 0x0, 0x4f, 0x80, 0x5, 0xf9, 0x0,
    0x5f, 0x90, 0x5, 0xf9, 0x0, 0x5f, 0x90, 0x5,
    0xf9, 0x0, 0x5f, 0x90, 0x5, 0xf9, 0x0, 0x5f,
    0x90, 0x5, 0xf9, 0x0, 0x5f, 0x90, 0x5, 0xf8,
    0x0, 0x9f, 0x66, 0xbf, 0xf1, 0x9f, 0xc4, 0x0,

    /* U+006B "k" */
    0x6f, 0x40, 0x0, 0x0, 0x0, 0x8f, 0x50, 0x0,
    0x0, 0x0, 0x8f, 0x50, 0x0, 0x0, 0x0, 0x8f,
    0x50, 0x0, 0x0, 0x0, 0x8f, 0x50, 0x1, 0xcf,
    0x70, 0x8f, 0x50, 0x2d, 0xf9, 0x0, 0x8f, 0x53,
    0xef, 0x70, 0x0, 0x8f, 0xaf, 0xf5, 0x0, 0x0,
    0x8f, 0xff, 0x30, 0x0, 0x0, 0x8f, 0xff, 0x50,
    0x0, 0x0, 0x8f, 0xaf, 0xf4, 0x0, 0x0, 0x8f,
    0x55, 0xff, 0x40, 0x0, 0x8f, 0x50, 0x5f, 0xf4,
    0x0, 0x8f, 0x50, 0x5, 0xff, 0x30, 0x7f, 0x40,
    0x0, 0x5f, 0xe0,

    /* U+006C "l" */
    0x6f, 0x48, 0xf5, 0x8f, 0x58, 0xf5, 0x8f, 0x58,
    0xf5, 0x8f, 0x58, 0xf5, 0x8f, 0x58, 0xf5, 0x8f,
    0x58, 0xf5, 0x8f, 0x58, 0xf5, 0x7f, 0x40,

    /* U+006D "m" */
    0x7f, 0x4a, 0xef, 0xc4, 0x6, 0xdf, 0xe7, 0x0,
    0x8f, 0xfd, 0x8a, 0xff, 0xaf, 0x98, 0xdf, 0x90,
    0x8f, 0xd0, 0x0, 0x7f, 0xf6, 0x0, 0xe, 0xf1,
    0x8f, 0x70, 0x0, 0x1f, 0xf0, 0x0, 0x9, 0xf5,
    0x8f, 0x50, 0x0, 0xf, 0xe0, 0x0, 0x7, 0xf6,
    0x8f, 0x50, 0x0, 0xf, 0xe0, 0x0, 0x7, 0xf6,
    0x8f, 0x50, 0x0, 0xf, 0xe0, 0x0, 0x7, 0xf6,
    0x8f, 0x50, 0x0, 0xf, 0xe0, 0x0, 0x7, 0xf6,
    0x8f, 0x50, 0x0, 0xf, 0xe0, 0x0, 0x7, 0xf6,
    0x8f, 0x50, 0x0, 0xf, 0xe0, 0x0, 0x7, 0xf6,
    0x7f, 0x40, 0x0, 0xe, 0xd0, 0x0, 0x6, 0xf5,

    /* U+006E "n" */
    0x7f, 0x48, 0xdf, 0xe9, 0x0, 0x8f, 0xef, 0x98,
    0xdf, 0xc0, 0x8f, 0xf2, 0x0, 0xc, 0xf5, 0x8f,
    0x90, 0x0, 0x5, 0xf9, 0x8f, 0x60, 0x0, 0x3,
    0xfb, 0x8f, 0x60, 0x0, 0x3, 0xfb, 0x8f, 0x60,
    0x0, 0x3, 0xfb, 0x8f, 0x60, 0x0, 0x3, 0xfb,
    0x8f, 0x60, 0x0, 0x3, 0xfb, 0x8f, 0x60, 0x0,
    0x3, 0xfb, 0x7f, 0x50, 0x0, 0x2, 0xfa,

    /* U+006F "o" */
    0x0, 0x8d, 0xfe, 0xb3, 0x0, 0xc, 0xfe, 0xab,
    0xff, 0x40, 0x7f, 0xb0, 0x0, 0x4f, 0xe0, 0xcf,
    0x20, 0x0, 0xb, 0xf4, 0xef, 0x0, 0x0, 0x8,
    0xf6, 0xff, 0x0, 0x0, 0x7, 0xf7, 0xef, 0x0,
    0x0, 0x8, 0xf6, 0xcf, 0x20, 0x0, 0xb, 0xf4,
    0x7f, 0xb0, 0x0, 0x4f, 0xe0, 0xc, 0xfe, 0xab,
    0xff, 0x40, 0x0, 0x8d, 0xfe, 0xb3, 0x0,

    /* U+0070 "p" */
    0x7f, 0x48, 0xdf, 0xe9, 0x10, 0x8f, 0xef, 0x98,
    0xcf, 0xc0, 0x8f, 0xf2, 0x0, 0xb, 0xf6, 0x8f,
    0xa0, 0x0, 0x4, 0xfa, 0x8f, 0x60, 0x0, 0x1,
    0xfd, 0x8f, 0x50, 0x0, 0x0, 0xfe, 0x8f, 0x60,
    0x0, 0x1, 0xfd, 0x8f, 0xa0, 0x0, 0x5, 0xfa,
    0x8f, 0xf4, 0x0, 0xc, 0xf6, 0x8f, 0xdf, 0xcb,
    0xef, 0xc0, 0x8f, 0x66, 0xdf, 0xe9, 0x10, 0x8f,
    0x60, 0x0, 0x0, 0x0, 0x8f, 0x60, 0x0, 0x0,
    0x0, 0x8f, 0x60, 0x0, 0x0, 0x0, 0x6f, 0x50,
    0x0, 0x0, 0x0,

    /* U+0071 "q" */
    0x1, 0x9e, 0xfd, 0x65, 0xf5, 0xd, 0xfe, 0xbc,
    0xfd, 0xf6, 0x7f, 0xb0, 0x0, 0x5f, 0xf6, 0xcf,
    0x30, 0x0, 0xb, 0xf6, 0xef, 0x0, 0x0, 0x7,
    0xf6, 0xff, 0x0, 0x0, 0x7, 0xf6, 0xef, 0x0,
    0x0, 0x7, 0xf6, 0xcf, 0x30, 0x0, 0xb, 0xf6,
    0x7f, 0xb0, 0x0, 0x5f, 0xf6, 0xd, 0xfe, 0xbc,
    0xfd, 0xf6, 0x1, 0x9e, 0xfd, 0x67, 0xf6, 0x0,
    0x0, 0x0, 0x7, 0xf6, 0x0, 0x0, 0x0, 0x7,
    0xf6, 0x0, 0x0, 0x0, 0x7, 0xf6, 0x0, 0x0,
    0x0, 0x6, 0xf5,

    /* U+0072 "r" */
    0x7f, 0x5a, 0xef, 0x58, 0xfe, 0xfd, 0xc3, 0x8f,
    0xe2, 0x0, 0x8, 0xf8, 0x0, 0x0, 0x8f, 0x60,
    0x0, 0x8, 0xf6, 0x0, 0x0, 0x8f, 0x60, 0x0,
    0x8, 0xf6, 0x0, 0x0, 0x8f, 0x60, 0x0, 0x8,
    0xf6, 0x0, 0x0, 0x7f, 0x50, 0x0, 0x0,

    /* U+0073 "s" */
    0x0, 0x4c, 0xff, 0xc5, 0x0, 0x5, 0xfe, 0x99,
    0xef, 0x70, 0xc, 0xf2, 0x0, 0xb, 0xb0, 0xd,
    0xf2, 0x0, 0x0, 0x0, 0x7, 0xff, 0x94, 0x0,
    0x0, 0x0, 0x5c, 0xff, 0xfb, 0x20, 0x0, 0x0,
    0x15, 0xbf, 0xe0, 0x0, 0x0, 0x0, 0xa, 0xf4,
    0x1e, 0xb0, 0x0, 0xc, 0xf4, 0x9, 0xfe, 0x98,
    0xcf, 0xc0, 0x0, 0x6c, 0xff, 0xd8, 0x0,

    /* U+0074 "t" */
    0x0, 0x8f, 0x20, 0x0, 0x0, 0xaf, 0x30, 0x0,
    0x0, 0xaf, 0x30, 0x0, 0x0, 0xaf, 0x30, 0x0,
    0x9f, 0xff, 0xff, 0xf2, 0x5a, 0xdf, 0xba, 0xa1,
    0x0, 0xaf, 0x30, 0x0, 0x0, 0xaf, 0x30, 0x0,
    0x0, 0xaf, 0x30, 0x0, 0x0, 0xaf, 0x30, 0x0,
    0x0, 0xaf, 0x30, 0x0, 0x0, 0x9f, 0x40, 0x0,
    0x0, 0x7f, 0x70, 0x0, 0x0, 0x2f, 0xfc, 0xb3,
    0x0, 0x5, 0xdf, 0xf5,

    /* U+0075 "u" */
    0x9f, 0x30, 0x0, 0x4, 0xf7, 0xaf, 0x40, 0x0,
    0x5, 0xf8, 0xaf, 0x40, 0x0, 0x5, 0xf8, 0xaf,
    0x40, 0x0, 0x5, 0xf8, 0xaf, 0x40, 0x0, 0x5,
    0xf8, 0xaf, 0x40, 0x0, 0x5, 0xf8, 0x9f, 0x50,
    0x0, 0x6, 0xf8, 0x8f, 0x70, 0x0, 0x9, 0xf8,
    0x3f, 0xe1, 0x0, 0x3f, 0xf8, 0xb, 0xff, 0xbc,
    0xfd, 0xf8, 0x0, 0x8e, 0xfd, 0x73, 0xf7,

    /* U+0076 "v" */
    0x4f, 0x80, 0x0, 0x0, 0x7f, 0x50, 0xfe, 0x0,
    0x0, 0xd, 0xf1, 0xa, 0xf4, 0x0, 0x3, 0xfb,
    0x0, 0x4f, 0xa0, 0x0, 0x9f, 0x50, 0x0, 0xef,
    0x0, 0xe, 0xe0, 0x0, 0x8, 0xf6, 0x4, 0xf9,
    0x0, 0x0, 0x2f, 0xb0, 0xaf, 0x30, 0x0, 0x0,
    0xcf, 0x2f, 0xd0, 0x0, 0x0, 0x6, 0xfd, 0xf7,
    0x0, 0x0, 0x0, 0xf, 0xff, 0x10, 0x0, 0x0,
    0x0, 0x8f, 0xa0, 0x0, 0x0,

    /* U+0077 "w" */
    0x3f, 0x80, 0x0, 0xd, 0xe0, 0x0, 0x7, 0xf3,
    0xf, 0xd0, 0x0, 0x3f, 0xf3, 0x0, 0xc, 0xf0,
    0xb, 0xf1, 0x0, 0x8f, 0xf8, 0x0, 0x1f, 0xb0,
    0x6, 0xf6, 0x0, 0xcd, 0xcd, 0x0, 0x5f, 0x70,
    0x2, 0xfa, 0x1, 0xf8, 0x7f, 0x20, 0xaf, 0x20,
    0x0, 0xde, 0x6, 0xf3, 0x2f, 0x70, 0xed, 0x0,
    0x0, 0x8f, 0x3b, 0xe0, 0xd, 0xb3, 0xf9, 0x0,
    0x0, 0x4f, 0x8f, 0x90, 0x9, 0xf8, 0xf4, 0x0,
    0x0, 0xf, 0xff, 0x40, 0x4, 0xff, 0xf0, 0x0,
    0x0, 0xb, 0xff, 0x0, 0x0, 0xef, 0xb0, 0x0,
    0x0, 0x5, 0xfa, 0x0, 0x0, 0x9f, 0x60, 0x0,

    /* U+0078 "x" */
    0x1f, 0xd0, 0x0, 0x1, 0xee, 0x0, 0x9f, 0x90,
    0x0, 0xcf, 0x60, 0x0, 0xdf, 0x50, 0x7f, 0xa0,
    0x0, 0x2, 0xfe, 0x5f, 0xe1, 0x0, 0x0, 0x6,
    0xff, 0xf3, 0x0, 0x0, 0x0, 0xf, 0xfb, 0x0,
    0x0, 0x0, 0x9, 0xff, 0xf5, 0x0, 0x0, 0x5,
    0xfd, 0x3f, 0xf2, 0x0, 0x1, 0xef, 0x20, 0x6f,
    0xc0, 0x0, 0xcf, 0x60, 0x0, 0xaf, 0x80, 0x4f,
    0xa0, 0x0, 0x1, 0xdf, 0x10,

    /* U+0079 "y" */
    0x4f, 0x80, 0x0, 0x0, 0x6f, 0x60, 0xfe, 0x0,
    0x0, 0xc, 0xf2, 0x9, 0xf5, 0x0, 0x3, 0xfb,
    0x0, 0x3f, 0xb0, 0x0, 0x9f, 0x40, 0x0, 0xcf,
    0x20, 0xf, 0xe0, 0x0, 0x6, 0xf8, 0x6, 0xf7,
    0x0, 0x0, 0xf, 0xe0, 0xdf, 0x10, 0x0, 0x0,
    0x9f, 0x9f, 0xa0, 0x0, 0x0, 0x3, 0xff, 0xf4,
    0x0, 0x0, 0x0, 0xc, 0xfd, 0x0, 0x0, 0x0,
    0x0, 0x9f, 0x60, 0x0, 0x0, 0x0, 0xe, 0xf1,
    0x0, 0x0, 0x0, 0x5, 0xf9, 0x0, 0x0, 0x0,
    0x0, 0xbf, 0x30, 0x0, 0x0, 0x0, 0xf, 0xc0,
    0x0, 0x0, 0x0,

    /* U+007A "z" */
    0xf, 0xff, 0xff, 0xff, 0xf0, 0x9, 0xaa, 0xaa,
    0xdf, 0xe0, 0x0, 0x0, 0x1, 0xef, 0x50, 0x0,
    0x0, 0xb, 0xf9, 0x0, 0x0, 0x0, 0x8f, 0xd0,
    0x0, 0x0, 0x4, 0xff, 0x20, 0x0, 0x0, 0x1e,
    0xf6, 0x0, 0x0, 0x0, 0xbf, 0xa0, 0x0, 0x0,
    0x7, 0xfd, 0x0, 0x0, 0x0, 0x1f, 0xfc, 0xaa,
    0xaa, 0xa3, 0x2f, 0xff, 0xff, 0xff, 0xf6,

    /* U+007B "{" */
    0x0, 0x0, 0x59, 0x80, 0x0, 0x8f, 0xfc, 0x0,
    0x2f, 0xd2, 0x0, 0x6, 0xf6, 0x0, 0x0, 0x8f,
    0x30, 0x0, 0xa, 0xf2, 0x0, 0x0, 0xaf, 0x20,
    0x0, 0xc, 0xf1, 0x0, 0x4, 0xfd, 0x0, 0x3,
    0xff, 0x40, 0x0, 0x5f, 0xe2, 0x0, 0x0, 0x7f,
    0xb0, 0x0, 0x0, 0xdf, 0x0, 0x0, 0xa, 0xf1,
    0x0, 0x0, 0xaf, 0x20, 0x0, 0x9, 0xf3, 0x0,
    0x0, 0x7f, 0x50, 0x0, 0x3, 0xfb, 0x0, 0x0,
    0xc, 0xfd, 0x80, 0x0, 0x1a, 0xec,

    /* U+007C "|" */
    0x7f, 0x28, 0xf3, 0x8f, 0x38, 0xf3, 0x8f, 0x38,
    0xf3, 0x8f, 0x38, 0xf3, 0x8f, 0x38, 0xf3, 0x8f,
    0x38, 0xf3, 0x8f, 0x38, 0xf3, 0x8f, 0x38, 0xf3,
    0x8f, 0x38, 0xf3, 0x8f, 0x38, 0xf3, 0x8f, 0x38,
    0xf3, 0x7f, 0x20,

    /* U+007D "}" */
    0x4a, 0x71, 0x0, 0x6, 0xff, 0xd0, 0x0, 0x1,
    0x9f, 0x70, 0x0, 0x0, 0xfc, 0x0, 0x0, 0xd,
    0xe0, 0x0, 0x0, 0xcf, 0x0, 0x0, 0xb, 0xf0,
    0x0, 0x0, 0xaf, 0x20, 0x0, 0x7, 0xf9, 0x0,
    0x0, 0x1d, 0xf8, 0x0, 0x0, 0xaf, 0xb0, 0x0,
    0x5f, 0xc1, 0x0, 0xa, 0xf3, 0x0, 0x0, 0xbf,
    0x10, 0x0, 0xc, 0xf0, 0x0, 0x0, 0xdf, 0x0,
    0x0, 0xf, 0xd0, 0x0, 0x5, 0xf9, 0x0, 0x4c,
    0xff, 0x20, 0x6, 0xfc, 0x30, 0x0,

    /* U+007E "~" */
    0x7, 0xa9, 0x40, 0x0, 0x47, 0xff, 0xff, 0xec,
    0xfc, 0x87, 0x2, 0x7d, 0xfd, 0x40,

    /* U+00B0 "°" */
    0x0, 0x0, 0x0, 0x0, 0x1a, 0xff, 0x80, 0xa,
    0xe6, 0x7f, 0x60, 0xf7, 0x0, 0xbb, 0xf, 0x60,
    0xa, 0xc0, 0xbd, 0x34, 0xf7, 0x2, 0xdf, 0xfb,
    0x0, 0x0, 0x32, 0x0,

    /* U+2022 "•" */
    0x1, 0x65, 0x0, 0xdf, 0xf7, 0x4f, 0xff, 0xe3,
    0xff, 0xfc, 0x7, 0xfd, 0x20,

    /* U+F001 "" */
    0x0, 0x0, 0x0, 0x0, 0x0, 0x0, 0x0, 0x0,
    0x5, 0x95, 0x0, 0x0, 0x0, 0x0, 0x0, 0x0,
    0x2, 0x6b, 0xff, 0xff, 0x0, 0x0, 0x0, 0x0,
    0x0, 0x38, 0xdf, 0xff, 0xff, 0xff, 0x0, 0x0,
    0x0, 0x5, 0xae, 0xff, 0xff, 0xff, 0xff, 0xff,
    0x0, 0x0, 0x8, 0xff, 0xff, 0xff, 0xff, 0xff,
    0xff, 0xff, 0x0, 0x0, 0xf, 0xff, 0xff, 0xff,
    0xff, 0xff, 0xff, 0xff, 0x0, 0x0, 0xf, 0xff,
    0xff, 0xff, 0xff, 0xfb, 0x69, 0xff, 0x0, 0x0,
    0xf, 0xff, 0xff, 0xfe, 0x94, 0x0, 0x8, 0xff,
    0x0, 0x0, 0xf, 0xff, 0xc8, 0x30, 0x0, 0x0,
    0x8, 0xff, 0x0, 0x0, 0xf, 0xf8, 0x0, 0x0,
    0x0, 0x0, 0x8, 0xff, 0x0, 0x0, 0xf, 0xf8,
    0x0, 0x0, 0x0, 0x0, 0x8, 0xff, 0x0, 0x0,
    0xf, 0xf8, 0x0, 0x0, 0x0, 0x4, 0x59, 0xff,
    0x0, 0x0, 0xf, 0xf8, 0x0, 0x0, 0x5, 0xef,
    0xff, 0xff, 0x0, 0x0, 0xf, 0xf8, 0x0, 0x0,
    0x2f, 0xff, 0xff, 0xff, 0x3, 0xad, 0xcf, 0xf8,
    0x0, 0x0, 0x6f, 0xff, 0xff, 0xff, 0x4f, 0xff,
    0xff, 0xf8, 0x0, 0x0, 0x5f, 0xff, 0xff, 0xfd,
    0xdf, 0xff, 0xff, 0xf8, 0x0, 0x0, 0xb, 0xff,
    0xff, 0xf5, 0xef, 0xff, 0xff, 0xf7, 0x0, 0x0,
    0x0, 0x7b, 0xca, 0x20, 0x9f, 0xff, 0xff, 0xf2,
    0x0, 0x0, 0x0, 0x0, 0x0, 0x0, 0xb, 0xff,
    0xfe, 0x50, 0x0, 0x0, 0x0, 0x0, 0x0, 0x0,
    0x0, 0x24, 0x30, 0x0, 0x0, 0x0, 0x0, 0x0,
    0x0, 0x0,

    /* U+F008 "" */
    0x0, 0x1, 0x11, 0x11, 0x11, 0x11, 0x11, 0x11,
    0x10, 0x0, 0x2c, 0xff, 0xff, 0xff, 0xff, 0xff,
    0xff, 0xff, 0xff, 0xc2, 0xcf, 0xff, 0xff, 0xff,
    0xff, 0xff, 0xff, 0xff, 0xff, 0xfc, 0xff, 0x77,
    0xff, 0xc6, 0x66, 0x66, 0x6c, 0xff, 0x77, 0xff,
    0xfe, 0x0, 0xcf, 0x20, 0x0, 0x0, 0x1, 0xfc,
    0x0, 0xef, 0xff, 0x22, 0xef, 0x10, 0x0, 0x0,
    0x1, 0xfe, 0x22, 0xff, 0xff, 0xff, 0xff, 0x10,
    0x0, 0x0, 0x1, 0xff, 0xff, 0xff, 0xff, 0xff,
    0xff, 0x30, 0x0, 0x0, 0x2, 0xff, 0xff, 0xff,
    0xff, 0x66, 0xff, 0xea, 0xaa, 0xaa, 0xae, 0xff,
    0x66, 0xff, 0xfe, 0x0, 0xcf, 0xff, 0xff, 0xff,
    0xff, 0xfc, 0x0, 0xef, 0xff, 0x32, 0xef, 0xfd,
    0xdd, 0xdd, 0xdf, 0xfe, 0x22, 0xff, 0xff, 0xff,
    0xff, 0x40, 0x0, 0x0, 0x4, 0xff, 0xff, 0xff,
    0xff, 0xff, 0xff, 0x10, 0x0, 0x0, 0x1, 0xff,
    0xff, 0xff, 0xff, 0x66, 0xef, 0x10, 0x0, 0x0,
    0x1, 0xfe, 0x66, 0xff, 0xfe, 0x0, 0xcf, 0x10,
    0x0, 0x0, 0x1, 0xfc, 0x0, 0xef, 0xff, 0x77,
    0xff, 0xc7, 0x77, 0x77, 0x7c, 0xff, 0x77, 0xff,
    0xcf, 0xff, 0xff, 0xff, 0xff, 0xff, 0xff, 0xff,
    0xff, 0xfc, 0x2c, 0xff, 0xff, 0xff, 0xff, 0xff,
    0xff, 0xff, 0xff, 0xc2, 0x0, 0x0, 0x0, 0x0,
    0x0, 0x0, 0x0, 0x0, 0x0, 0x0,

    /* U+F00B "" */
    0x0, 0x34, 0x44, 0x44, 0x44, 0x44, 0x44, 0x44,
    0x43, 0x0, 0x3e, 0xff, 0xff, 0xff, 0xff, 0xff,
    0xff, 0xff, 0xff, 0xe4, 0xdf, 0xff, 0xff, 0xff,
    0xff, 0xff, 0xff, 0xff, 0xff, 0xfd, 0xff, 0xa4,
    0x4f, 0xfa, 0x44, 0x44, 0x44, 0x44, 0x4a, 0xff,
    0xff, 0x80, 0xf, 0xf8, 0x0, 0x0, 0x0, 0x0,
    0x8, 0xff, 0xff, 0xb7, 0x7f, 0xfb, 0x77, 0x77,
    0x77, 0x77, 0x7b, 0xff, 0xff, 0xff, 0xff, 0xff,
    0xff, 0xff, 0xff, 0xff, 0xff, 0xff, 0xff, 0xff,
    0xff, 0xff, 0xff, 0xff, 0xff, 0xff, 0xff, 0xff,
    0xff, 0x80, 0xf, 0xf8, 0x0, 0x0, 0x0, 0x0,
    0x8, 0xff, 0xff, 0x80, 0xf, 0xf8, 0x0, 0x0,
    0x0, 0x0, 0x8, 0xff, 0xff, 0xb7, 0x7f, 0xfb,
    0x77, 0x77, 0x77, 0x77, 0x7b, 0xff, 0xff, 0xff,
    0xff, 0xff, 0xff, 0xff, 0xff, 0xff, 0xff, 0xff,
    0xff, 0xff, 0xff, 0xff, 0xff, 0xff, 0xff, 0xff,
    0xff, 0xff, 0xff, 0x80, 0xf, 0xf8, 0x0, 0x0,
    0x0, 0x0, 0x8, 0xff, 0xff, 0x80, 0xf, 0xf8,
    0x0, 0x0, 0x0, 0x0, 0x8, 0xff, 0xff, 0xb7,
    0x7f, 0xfb, 0x77, 0x77, 0x77, 0x77, 0x7b, 0xff,
    0xbf, 0xff, 0xff, 0xff, 0xff, 0xff, 0xff, 0xff,
    0xff, 0xfc, 0x2c, 0xff, 0xff, 0xff, 0xff, 0xff,
    0xff, 0xff, 0xff, 0xc2, 0x0, 0x0, 0x0, 0x0,
    0x0, 0x0, 0x0, 0x0, 0x0, 0x0,

    /* U+F00C "" */
    0x0, 0x0, 0x0, 0x0, 0x0, 0x0, 0x0, 0x7,
    0xa1, 0x0, 0x0, 0x0, 0x0, 0x0, 0x0, 0x0,
    0x8f, 0xf7, 0x0, 0x0, 0x0, 0x0, 0x0, 0x0,
    0x8, 0xff, 0xe1, 0x0, 0x0, 0x0, 0x0, 0x0,
    0x0, 0x8f, 0xfe, 0x20, 0x0, 0x0, 0x0, 0x0,
    0x0, 0x8, 0xff, 0xe2, 0x0, 0x6a, 0x20, 0x0,
    0x0, 0x0, 0x8f, 0xfe, 0x20, 0x0, 0xff, 0xe2,
    0x0, 0x0, 0x8, 0xff, 0xe2, 0x0, 0x0, 0x8f,
    0xfe, 0x20, 0x0, 0x8f, 0xfe, 0x20, 0x0, 0x0,
    0x8, 0xff, 0xe2, 0x8, 0xff, 0xe2, 0x0, 0x0,
    0x0, 0x0, 0x8f, 0xfe, 0x9f, 0xfe, 0x20, 0x0,
    0x0, 0x0, 0x0, 0x8, 0xff, 0xff, 0xe2, 0x0,
    0x0, 0x0, 0x0, 0x0, 0x0, 0x8f, 0xfe, 0x20,
    0x0, 0x0, 0x0, 0x0, 0x0, 0x0, 0x7, 0xa2,
    0x0, 0x0, 0x0, 0x0, 0x0,

    /* U+F00D "" */
    0x4, 0x0, 0x0, 0x0, 0x0, 0x4, 0x9, 0xfc,
    0x10, 0x0, 0x0, 0xc, 0xf9, 0x8f, 0xfc, 0x10,
    0x0, 0x1c, 0xff, 0x80, 0xaf, 0xfc, 0x10, 0x1c,
    0xff, 0xa0, 0x0, 0xaf, 0xfc, 0x2c, 0xff, 0xa0,
    0x0, 0x0, 0x9f, 0xff, 0xff, 0xa0, 0x0, 0x0,
    0x0, 0x9f, 0xff, 0xa0, 0x0, 0x0, 0x0, 0x1d,
    0xff, 0xfd, 0x10, 0x0, 0x0, 0x1d, 0xff, 0xdf,
    0xfd, 0x10, 0x0, 0x1d, 0xff, 0x90, 0x9f, 0xfd,
    0x10, 0x1d, 0xff, 0x90, 0x0, 0x9f, 0xfd, 0x2a,
    0xff, 0x90, 0x0, 0x0, 0x8f, 0xfa, 0x6f, 0x80,
    0x0, 0x0, 0x0, 0x8f, 0x70,

    /* U+F011 "" */
    0x0, 0x0, 0x0, 0x0, 0x2, 0x40, 0x0, 0x0,
    0x0, 0x0, 0x0, 0x0, 0x0, 0x0, 0xf, 0xf5,
    0x0, 0x0, 0x0, 0x0, 0x0, 0x0, 0x0, 0x0,
    0x1f, 0xf6, 0x0, 0x0, 0x0, 0x0, 0x0, 0x4,
    0xeb, 0x0, 0x1f, 0xf6, 0x0, 0x6f, 0x90, 0x0,
    0x0, 0x3f, 0xff, 0x0, 0x1f, 0xf6, 0x0, 0x9f,
    0xf8, 0x0, 0x0, 0xdf, 0xf5, 0x0, 0x1f, 0xf6,
    0x0, 0x1d, 0xff, 0x40, 0x7, 0xff, 0x60, 0x0,
    0x1f, 0xf6, 0x0, 0x1, 0xff, 0xd0, 0xd, 0xfd,
    0x0, 0x0, 0x1f, 0xf6, 0x0, 0x0, 0x7f, 0xf3,
    0x2f, 0xf7, 0x0, 0x0, 0x1f, 0xf6, 0x0, 0x0,
    0x1f, 0xf8, 0x4f, 0xf3, 0x0, 0x0, 0x1f, 0xf6,
    0x0, 0x0, 0xd, 0xfa, 0x5f, 0xf2, 0x0, 0x0,
    0x1f, 0xf6, 0x0, 0x0, 0xc, 0xfb, 0x4f, 0xf3,
    0x0, 0x0, 0x9, 0xc1, 0x0, 0x0, 0xd, 0xfa,
    0x1f, 0xf7, 0x0, 0x0, 0x0, 0x0, 0x0, 0x0,
    0x1f, 0xf8, 0xd, 0xfd, 0x0, 0x0, 0x0, 0x0,
    0x0, 0x0, 0x8f, 0xf3, 0x6, 0xff, 0x70, 0x0,
    0x0, 0x0, 0x0, 0x2, 0xff, 0xc0, 0x0, 0xcf,
    0xf6, 0x0, 0x0, 0x0, 0x0, 0x2e, 0xff, 0x30,
    0x0, 0x1e, 0xff, 0xa3, 0x0, 0x0, 0x17, 0xff,
    0xf6, 0x0, 0x0, 0x2, 0xdf, 0xff, 0xeb, 0xac,
    0xff, 0xff, 0x70, 0x0, 0x0, 0x0, 0x9, 0xff,
    0xff, 0xff, 0xff, 0xd3, 0x0, 0x0, 0x0, 0x0,
    0x0, 0x27, 0xbc, 0xdc, 0x94, 0x0, 0x0, 0x0,

    /* U+F013 "" */
    0x0, 0x0, 0x0, 0x2, 0x9a, 0xa7, 0x0, 0x0,
    0x0, 0x0, 0x0, 0x0, 0x0, 0xa, 0xff, 0xff,
    0x40, 0x0, 0x0, 0x0, 0x0, 0x0, 0x0, 0xe,
    0xff, 0xff, 0x70, 0x0, 0x0, 0x0, 0x0, 0x43,
    0x0, 0x6f, 0xff, 0xff, 0xd2, 0x0, 0x41, 0x0,
    0x5, 0xff, 0xed, 0xff, 0xff, 0xff, 0xff, 0xcf,
    0xfd, 0x0, 0xe, 0xff, 0xff, 0xff, 0xff, 0xff,
    0xff, 0xff, 0xff, 0x80, 0x6f, 0xff, 0xff, 0xff,
    0xff, 0xff, 0xff, 0xff, 0xff, 0xe0, 0x8f, 0xff,
    0xff, 0xff, 0x93, 0x39, 0xff, 0xff, 0xff, 0xf1,
    0xa, 0xff, 0xff, 0xf8, 0x0, 0x0, 0x8f, 0xff,
    0xff, 0x40, 0x0, 0xcf, 0xff, 0xf1, 0x0, 0x0,
    0x1f, 0xff, 0xf5, 0x0, 0x0, 0xbf, 0xff, 0xe0,
    0x0, 0x0, 0xe, 0xff, 0xf4, 0x0, 0x0, 0xcf,
    0xff, 0xf1, 0x0, 0x0, 0x1f, 0xff, 0xf5, 0x0,
    0xa, 0xff, 0xff, 0xf8, 0x0, 0x0, 0x8f, 0xff,
    0xff, 0x40, 0x8f, 0xff, 0xff, 0xff, 0x93, 0x39,
    0xff, 0xff, 0xff, 0xf1, 0x6f, 0xff, 0xff, 0xff,
    0xff, 0xff, 0xff, 0xff, 0xff, 0xe0, 0xe, 0xff,
    0xff, 0xff, 0xff, 0xff, 0xff, 0xff, 0xff, 0x80,
    0x4, 0xff, 0xed, 0xff, 0xff, 0xff, 0xff, 0xcf,
    0xfd, 0x0, 0x0, 0x43, 0x0, 0x6f, 0xff, 0xff,
    0xd3, 0x0, 0x51, 0x0, 0x0, 0x0, 0x0, 0xe,
    0xff, 0xff, 0x70, 0x0, 0x0, 0x0, 0x0, 0x0,
    0x0, 0xa, 0xff, 0xff, 0x40, 0x0, 0x0, 0x0,
    0x0, 0x0, 0x0, 0x2, 0x9b, 0xa7, 0x0, 0x0,
    0x0, 0x0,

    /* U+F015 "" */
    0x0, 0x0, 0x0, 0x0, 0x0, 0x5a, 0x30, 0x0,
    0x0, 0x0, 0x0, 0x0, 0x0, 0x0, 0x0, 0x0,
    0x7f, 0xff, 0x50, 0x0, 0x0, 0x0, 0x0, 0x0,
    0x0, 0x0, 0x0, 0x9f, 0xff, 0xff, 0x70, 0x0,
    0x0, 0x0, 0x0, 0x0, 0x0, 0x0, 0xbf, 0xff,
    0xff, 0xff, 0x90, 0x0, 0x0, 0x0, 0x0, 0x0,
    0x1, 0xcf, 0xff, 0xff, 0xff, 0xff, 0xa0, 0x0,
    0x0, 0x0, 0x0, 0x2, 0xef, 0xff, 0xff, 0xff,
    0xff, 0xff, 0xc1, 0x0, 0x0, 0x0, 0x4, 0xff,
    0xff, 0xff, 0xff, 0xff, 0xff, 0xff, 0xd2, 0x0,
    0x0, 0x6, 0xff, 0xff, 0xff, 0xff, 0xff, 0xff,
    0xff, 0xff, 0xe3, 0x0, 0x8, 0xff, 0xff, 0xff,
    0xff, 0xff, 0xff, 0xff, 0xff, 0xff, 0xf4, 0x8,
    0xff, 0xff, 0xff, 0xff, 0xff, 0xff, 0xff, 0xff,
    0xff, 0xff, 0xf5, 0xcf, 0xff, 0xff, 0xff, 0xff,
    0xff, 0xff, 0xff, 0xff, 0xff, 0xff, 0x92, 0x8b,
    0xff, 0xff, 0xff, 0xff, 0xff, 0xff, 0xff, 0xff,
    0xf9, 0x81, 0x0, 0x5f, 0xff, 0xff, 0xff, 0xff,
    0xff, 0xff, 0xff, 0xff, 0x20, 0x0, 0x5, 0xff,
    0xff, 0xff, 0xff, 0xff, 0xff, 0xff, 0xff, 0xf2,
    0x0, 0x0, 0x5f, 0xff, 0xff, 0xf4, 0x0, 0x7,
    0xff, 0xff, 0xff, 0x30, 0x0, 0x5, 0xff, 0xff,
    0xfe, 0x0, 0x0, 0x1f, 0xff, 0xff, 0xf3, 0x0,
    0x0, 0x5f, 0xff, 0xff, 0xe0, 0x0, 0x1, 0xff,
    0xff, 0xff, 0x30, 0x0, 0x5, 0xff, 0xff, 0xfe,
    0x0, 0x0, 0x1f, 0xff, 0xff, 0xf3, 0x0, 0x0,
    0x5f, 0xff, 0xff, 0xe0, 0x0, 0x1, 0xff, 0xff,
    0xff, 0x20, 0x0, 0x1, 0xff, 0xff, 0xfa, 0x0,
    0x0, 0xc, 0xff, 0xff, 0xd0, 0x0, 0x0, 0x1,
    0x44, 0x44, 0x0, 0x0, 0x0, 0x4, 0x44, 0x41,
    0x0, 0x0,

    /* U+F019 "" */
    0x0, 0x0, 0x0, 0x0, 0x2, 0x20, 0x0, 0x0,
    0x0, 0x0, 0x0, 0x0, 0x0, 0x0, 0x2f, 0xf2,
    0x0, 0x0, 0x0, 0x0, 0x0, 0x0, 0x0, 0x0,
    0x3f, 0xf3, 0x0, 0x0, 0x0, 0x0, 0x0, 0x0,
    0x0, 0x0, 0x3f, 0xf3, 0x0, 0x0, 0x0, 0x0,
    0x0, 0x0, 0x0, 0x0, 0x3f, 0xf3, 0x0, 0x0,
    0x0, 0x0, 0x0, 0x0, 0x0, 0x0, 0x3f, 0xf3,
    0x0, 0x0, 0x0, 0x0, 0x0, 0x0, 0x0, 0x0,
    0x3f, 0xf3, 0x0, 0x0, 0x0, 0x0, 0x0, 0x0,
    0x0, 0x0, 0x3f, 0xf3, 0x0, 0x0, 0x0, 0x0,
    0x0, 0x0, 0xaa, 0x0, 0x3f, 0xf3, 0x0, 0xaa,
    0x0, 0x0, 0x0, 0x3, 0xff, 0xc0, 0x3f, 0xf3,
    0xc, 0xff, 0x30, 0x0, 0x0, 0x0, 0xbf, 0xfc,
    0x4f, 0xf4, 0xcf, 0xfb, 0x0, 0x0, 0x0, 0x0,
    0xb, 0xff, 0xef, 0xfe, 0xff, 0xb0, 0x0, 0x0,
    0x0, 0x0, 0x0, 0xbf, 0xff, 0xff, 0xfb, 0x0,
    0x0, 0x0, 0x0, 0x0, 0x0, 0xb, 0xff, 0xff,
    0xb0, 0x0, 0x0, 0x0, 0x4, 0x88, 0x88, 0x60,
    0xbf, 0xfb, 0x6, 0x88, 0x88, 0x40, 0x7f, 0xff,
    0xff, 0xf8, 0x8, 0x90, 0x8f, 0xff, 0xff, 0xf7,
    0xef, 0xff, 0xff, 0xff, 0xa2, 0x29, 0xff, 0xff,
    0xce, 0xfe, 0xff, 0xff, 0xff, 0xff, 0xff, 0xff,
    0xff, 0xff, 0x4, 0xff, 0xef, 0xff, 0xff, 0xff,
    0xff, 0xff, 0xff, 0xff, 0xac, 0xfe, 0x8f, 0xff,
    0xff, 0xff, 0xff, 0xff, 0xff, 0xff, 0xff, 0xf9,
    0x6, 0xab, 0xbb, 0xbb, 0xbb, 0xbb, 0xbb, 0xbb,
    0xba, 0x60,

    /* U+F01C "" */
    0x0, 0x1, 0x67, 0x77, 0x77, 0x77, 0x77, 0x76,
    0x10, 0x0, 0x0, 0x3f, 0xff, 0xff, 0xff, 0xff,
    0xff, 0xff, 0xf3, 0x0, 0x0, 0xaf, 0xff, 0xff,
    0xff, 0xff, 0xff, 0xff, 0xfb, 0x0, 0x0, 0xff,
    0xa0, 0x0, 0x0, 0x0, 0x0, 0x9, 0xff, 0x0,
    0x3, 0xff, 0x50, 0x0, 0x0, 0x0, 0x0, 0x5,
    0xff, 0x30, 0x7, 0xff, 0x10, 0x0, 0x0, 0x0,
    0x0, 0x1, 0xff, 0x70, 0xb, 0xfd, 0x0, 0x0,
    0x0, 0x0, 0x0, 0x0, 0xdf, 0xb0, 0xf, 0xf9,
    0x0, 0x0, 0x0, 0x0, 0x0, 0x0, 0x9f, 0xf0,
    0x3f, 0xf5, 0x0, 0x0, 0x0, 0x0, 0x0, 0x0,
    0x5f, 0xf3, 0x7f, 0xf1, 0x0, 0x0, 0x0, 0x0,
    0x0, 0x0, 0x1f, 0xf7, 0xbf, 0xf7, 0x73, 0x0,
    0x0, 0x0, 0x0, 0x37, 0x7f, 0xfb, 0xef, 0xff,
    0xff, 0x20, 0x0, 0x0, 0x1, 0xff, 0xff, 0xfe,
    0xff, 0xff, 0xff, 0xb0, 0x0, 0x0, 0xa, 0xff,
    0xff, 0xff, 0xff, 0xff, 0xff, 0xff, 0xff, 0xff,
    0xff, 0xff, 0xff, 0xff, 0xff, 0xff, 0xff, 0xff,
    0xff, 0xff, 0xff, 0xff, 0xff, 0xff, 0xff, 0xff,
    0xff, 0xff, 0xff, 0xff, 0xff, 0xff, 0xff, 0xff,
    0xbf, 0xff, 0xff, 0xff, 0xff, 0xff, 0xff, 0xff,
    0xff, 0xfb, 0x2c, 0xff, 0xff, 0xff, 0xff, 0xff,
    0xff, 0xff, 0xff, 0xc2, 0x0, 0x0, 0x0, 0x0,
    0x0, 0x0, 0x0, 0x0, 0x0, 0x0,

    /* U+F021 "" */
    0x0, 0x0, 0x0, 0x1, 0x46, 0x65, 0x10, 0x0,
    0x0, 0x0, 0x0, 0x0, 0x2, 0xbf, 0xff, 0xff,
    0xfb, 0x30, 0x9, 0xb1, 0x0, 0x0, 0x6f, 0xff,
    0xff, 0xff, 0xff, 0xf7, 0x1f, 0xf6, 0x0, 0x6,
    0xff, 0xf9, 0x41, 0x13, 0x9f, 0xff, 0xaf, 0xf6,
    0x0, 0x3f, 0xfe, 0x30, 0x0, 0x0, 0x2, 0xdf,
    0xff, 0xf6, 0x0, 0xcf, 0xf2, 0x0, 0x0, 0x0,
    0x6, 0x8f, 0xff, 0xf6, 0x2, 0xff, 0x80, 0x0,
    0x0, 0x0, 0x5f, 0xff, 0xff, 0xf6, 0x1, 0xdd,
    0x0, 0x0, 0x0, 0x0, 0x3f, 0xff, 0xff, 0xf3,
    0x0, 0x0, 0x0, 0x0, 0x0, 0x0, 0x0, 0x0,
    0x0, 0x0, 0x0, 0x0, 0x0, 0x0, 0x0, 0x0,
    0x0, 0x0, 0x0, 0x0, 0x5, 0x77, 0x77, 0x60,
    0x0, 0x0, 0x0, 0x0, 0x44, 0x0, 0x5f, 0xff,
    0xff, 0xf5, 0x0, 0x0, 0x0, 0x3, 0xff, 0x20,
    0x6f, 0xff, 0xff, 0xf3, 0x0, 0x0, 0x0, 0xb,
    0xff, 0x10, 0x6f, 0xff, 0xf6, 0x0, 0x0, 0x0,
    0x0, 0x7f, 0xf9, 0x0, 0x6f, 0xff, 0xff, 0x80,
    0x0, 0x0, 0x19, 0xff, 0xd0, 0x0, 0x6f, 0xf5,
    0xef, 0xfe, 0xa7, 0x8a, 0xff, 0xfe, 0x20, 0x0,
    0x5f, 0xf0, 0x2c, 0xff, 0xff, 0xff, 0xff, 0xb1,
    0x0, 0x0, 0x5, 0x30, 0x0, 0x5b, 0xef, 0xfe,
    0xa4, 0x0, 0x0, 0x0, 0x0, 0x0, 0x0, 0x0,
    0x0, 0x0, 0x0, 0x0, 0x0, 0x0,

    /* U+F026 "" */
    0x0, 0x0, 0x0, 0x0, 0x0, 0x2, 0x0, 0x0,
    0x0, 0x0, 0x0, 0x2e, 0xf4, 0x0, 0x0, 0x0,
    0x0, 0x3e, 0xff, 0x70, 0x0, 0x0, 0x0, 0x5f,
    0xff, 0xf7, 0x0, 0x0, 0x0, 0x7f, 0xff, 0xff,
    0x70, 0x3, 0x33, 0x9f, 0xff, 0xff, 0xf7, 0x3e,
    0xff, 0xff, 0xff, 0xff, 0xff, 0x7d, 0xff, 0xff,
    0xff, 0xff, 0xff, 0xf7, 0xff, 0xff, 0xff, 0xff,
    0xff, 0xff, 0x7f, 0xff, 0xff, 0xff, 0xff, 0xff,
    0xf7, 0xff, 0xff, 0xff, 0xff, 0xff, 0xff, 0x7d,
    0xff, 0xff, 0xff, 0xff, 0xff, 0xf7, 0x3e, 0xff,
    0xff, 0xff, 0xff, 0xff, 0x70, 0x3, 0x33, 0x9f,
    0xff, 0xff, 0xf7, 0x0, 0x0, 0x0, 0x7f, 0xff,
    0xff, 0x70, 0x0, 0x0, 0x0, 0x5f, 0xff, 0xf7,
    0x0, 0x0, 0x0, 0x0, 0x3e, 0xff, 0x70, 0x0,
    0x0, 0x0, 0x0, 0x2e, 0xf4, 0x0, 0x0, 0x0,
    0x0, 0x0, 0x2, 0x0,

    /* U+F027 "" */
    0x0, 0x0, 0x0, 0x0, 0x0, 0x2, 0x0, 0x0,
    0x0, 0x0, 0x0, 0x0, 0x0, 0x2, 0xef, 0x40,
    0x0, 0x0, 0x0, 0x0, 0x0, 0x0, 0x3e, 0xff,
    0x80, 0x0, 0x0, 0x0, 0x0, 0x0, 0x5, 0xff,
    0xff, 0x80, 0x0, 0x0, 0x0, 0x0, 0x0, 0x7f,
    0xff, 0xff, 0x80, 0x0, 0x0, 0x0, 0x34, 0x49,
    0xff, 0xff, 0xff, 0x80, 0x0, 0x0, 0x3e, 0xff,
    0xff, 0xff, 0xff, 0xff, 0x80, 0x8, 0x30, 0xdf,
    0xff, 0xff, 0xff, 0xff, 0xff, 0x80, 0x2f, 0xf1,
    0xff, 0xff, 0xff, 0xff, 0xff, 0xff, 0x80, 0x9,
    0xf7, 0xff, 0xff, 0xff, 0xff, 0xff, 0xff, 0x80,
    0x4, 0xfa, 0xff, 0xff, 0xff, 0xff, 0xff, 0xff,
    0x80, 0x9, 0xf7, 0xdf, 0xff, 0xff, 0xff, 0xff,
    0xff, 0x80, 0x2f, 0xf1, 0x3e, 0xff, 0xff, 0xff,
    0xff, 0xff, 0x80, 0x8, 0x30, 0x0, 0x34, 0x49,
    0xff, 0xff, 0xff, 0x80, 0x0, 0x0, 0x0, 0x0,
    0x0, 0x7f, 0xff, 0xff, 0x80, 0x0, 0x0, 0x0,
    0x0, 0x0, 0x5, 0xff, 0xff, 0x80, 0x0, 0x0,
    0x0, 0x0, 0x0, 0x0, 0x3e, 0xff, 0x80, 0x0,
    0x0, 0x0, 0x0, 0x0, 0x0, 0x2, 0xef, 0x40,
    0x0, 0x0, 0x0, 0x0, 0x0, 0x0, 0x0, 0x2,
    0x0, 0x0, 0x0,

    /* U+F028 "" */
    0x0, 0x0, 0x0, 0x0, 0x0, 0x2, 0x0, 0x0,
    0x0, 0x2, 0x50, 0x0, 0x0, 0x0, 0x0, 0x0,
    0x0, 0x2e, 0xf4, 0x0, 0x0, 0x0, 0x9f, 0x90,
    0x0, 0x0, 0x0, 0x0, 0x0, 0x3e, 0xff, 0x80,
    0x0, 0x0, 0x2, 0xef, 0x80, 0x0, 0x0, 0x0,
    0x0, 0x5f, 0xff, 0xf8, 0x0, 0x0, 0x64, 0x2,
    0xef, 0x30, 0x0, 0x0, 0x0, 0x7f, 0xff, 0xff,
    0x80, 0x0, 0xf, 0xf4, 0x6, 0xfc, 0x0, 0x3,
    0x44, 0x9f, 0xff, 0xff, 0xf8, 0x0, 0x0, 0x5f,
    0xf1, 0xc, 0xf4, 0x3e, 0xff, 0xff, 0xff, 0xff,
    0xff, 0x80, 0x8, 0x30, 0x8f, 0x90, 0x6f, 0x9d,
    0xff, 0xff, 0xff, 0xff, 0xff, 0xf8, 0x2, 0xff,
    0x11, 0xfe, 0x1, 0xfc, 0xff, 0xff, 0xff, 0xff,
    0xff, 0xff, 0x80, 0x9, 0xf7, 0xc, 0xf2, 0xf,
    0xef, 0xff, 0xff, 0xff, 0xff, 0xff, 0xf8, 0x0,
    0x4f, 0xa0, 0xaf, 0x30, 0xef, 0xff, 0xff, 0xff,
    0xff, 0xff, 0xff, 0x80, 0x9, 0xf7, 0xc, 0xf2,
    0xf, 0xed, 0xff, 0xff, 0xff, 0xff, 0xff, 0xf8,
    0x2, 0xff, 0x11, 0xfe, 0x1, 0xfc, 0x3e, 0xff,
    0xff, 0xff, 0xff, 0xff, 0x80, 0x8, 0x30, 0x8f,
    0x90, 0x6f, 0x90, 0x3, 0x44, 0x9f, 0xff, 0xff,
    0xf8, 0x0, 0x0, 0x5f, 0xf1, 0xc, 0xf4, 0x0,
    0x0, 0x0, 0x7f, 0xff, 0xff, 0x80, 0x0, 0xf,
    0xf4, 0x6, 0xfc, 0x0, 0x0, 0x0, 0x0, 0x5f,
    0xff, 0xf8, 0x0, 0x0, 0x63, 0x2, 0xef, 0x30,
    0x0, 0x0, 0x0, 0x0, 0x3e, 0xff, 0x80, 0x0,
    0x0, 0x2, 0xef, 0x80, 0x0, 0x0, 0x0, 0x0,
    0x0, 0x2e, 0xf4, 0x0, 0x0, 0x0, 0x9f, 0x90,
    0x0, 0x0, 0x0, 0x0, 0x0, 0x0, 0x2, 0x0,
    0x0, 0x0, 0x2, 0x50, 0x0, 0x0,

    /* U+F03E "" */
    0x0, 0x1, 0x11, 0x11, 0x11, 0x11, 0x11, 0x11,
    0x10, 0x0, 0x2c, 0xff, 0xff, 0xff, 0xff, 0xff,
    0xff, 0xff, 0xff, 0xc2, 0xcf, 0xff, 0xff, 0xff,
    0xff, 0xff, 0xff, 0xff, 0xff, 0xfc, 0xff, 0xfb,
    0x7c, 0xff, 0xff, 0xff, 0xff, 0xff, 0xff, 0xff,
    0xff, 0xb0, 0x0, 0xef, 0xff, 0xff, 0xff, 0xff,
    0xff, 0xff, 0xff, 0x90, 0x0, 0xdf, 0xff, 0xff,
    0xff, 0xff, 0xff, 0xff, 0xff, 0xf7, 0x4a, 0xff,
    0xff, 0xff, 0xff, 0xff, 0xff, 0xff, 0xff, 0xff,
    0xff, 0xff, 0xff, 0xf5, 0x8f, 0xff, 0xff, 0xff,
    0xff, 0xff, 0xff, 0xff, 0xff, 0x70, 0xa, 0xff,
    0xff, 0xff, 0xff, 0xff, 0xff, 0xff, 0xfb, 0x0,
    0x1, 0xef, 0xff, 0xff, 0xff, 0xff, 0xff, 0xff,
    0xf1, 0x0, 0x0, 0x4f, 0xff, 0xff, 0xff, 0xff,
    0xe1, 0x2e, 0x50, 0x0, 0x0, 0x8, 0xff, 0xff,
    0xff, 0xff, 0x20, 0x2, 0x0, 0x0, 0x0, 0x0,
    0xcf, 0xff, 0xff, 0xf4, 0x0, 0x0, 0x0, 0x0,
    0x0, 0x0, 0x2f, 0xff, 0xff, 0x90, 0x0, 0x0,
    0x0, 0x0, 0x0, 0x0, 0x9, 0xff, 0xff, 0xe7,
    0x77, 0x77, 0x77, 0x77, 0x77, 0x77, 0x7e, 0xff,
    0xcf, 0xff, 0xff, 0xff, 0xff, 0xff, 0xff, 0xff,
    0xff, 0xfc, 0x2c, 0xff, 0xff, 0xff, 0xff, 0xff,
    0xff, 0xff, 0xff, 0xc2, 0x0, 0x0, 0x0, 0x0,
    0x0, 0x0, 0x0, 0x0, 0x0, 0x0,

    /* U+F043 "" */
    0x0, 0x0, 0x0, 0x5, 0x10, 0x0, 0x0, 0x0,
    0x0, 0x0, 0xc, 0xfc, 0x0, 0x0, 0x0, 0x0,
    0x0, 0x9, 0xff, 0xf9, 0x0, 0x0, 0x0, 0x0,
    0x5, 0xff, 0xff, 0xf5, 0x0, 0x0, 0x0, 0x1,
    0xef, 0xff, 0xff, 0xe1, 0x0, 0x0, 0x0, 0xaf,
    0xff, 0xff, 0xff, 0xb0, 0x0, 0x0, 0x5f, 0xff,
    0xff, 0xff, 0xff, 0x50, 0x0, 0xe, 0xff, 0xff,
    0xff, 0xff, 0xfe, 0x0, 0x7, 0xff, 0xff, 0xff,
    0xff, 0xff, 0xf7, 0x0, 0xef, 0xff, 0xff, 0xff,
    0xff, 0xff, 0xe0, 0x6f, 0xff, 0xff, 0xff, 0xff,
    0xff, 0xff, 0x6b, 0xff, 0xff, 0xff, 0xff, 0xff,
    0xff, 0xfb, 0xef, 0xff, 0xff, 0xff, 0xff, 0xff,
    0xff, 0xef, 0xfa, 0x6f, 0xff, 0xff, 0xff, 0xff,
    0xff, 0xdf, 0x91, 0xff, 0xff, 0xff, 0xff, 0xff,
    0xd8, 0xfe, 0xa, 0xff, 0xff, 0xff, 0xff, 0xf8,
    0x2f, 0xf9, 0x7, 0xcf, 0xff, 0xff, 0xff, 0x20,
    0x7f, 0xfb, 0x30, 0xaf, 0xff, 0xff, 0x70, 0x0,
    0x9f, 0xff, 0xff, 0xff, 0xff, 0x90, 0x0, 0x0,
    0x5d, 0xff, 0xff, 0xfd, 0x50, 0x0, 0x0, 0x0,
    0x3, 0x67, 0x63, 0x0, 0x0, 0x0,

    /* U+F048 "" */
    0x0, 0x0, 0x0, 0x0, 0x0, 0x0, 0xa, 0xe3,
    0x0, 0x0, 0x0, 0x1b, 0xe3, 0xff, 0x70, 0x0,
    0x0, 0x2d, 0xff, 0x7f, 0xf7, 0x0, 0x0, 0x4e,
    0xff, 0xf7, 0xff, 0x70, 0x0, 0x6f, 0xff, 0xff,
    0x7f, 0xf7, 0x0, 0x9f, 0xff, 0xff, 0xf7, 0xff,
    0x71, 0xbf, 0xff, 0xff, 0xff, 0x7f, 0xfa, 0xdf,
    0xff, 0xff, 0xff, 0xf7, 0xff, 0xff, 0xff, 0xff,
    0xff, 0xff, 0x7f, 0xfa, 0xdf, 0xff, 0xff, 0xff,
    0xf7, 0xff, 0x71, 0xbf, 0xff, 0xff, 0xff, 0x7f,
    0xf7, 0x0, 0x9f, 0xff, 0xff, 0xf7, 0xff, 0x70,
    0x0, 0x6f, 0xff, 0xff, 0x7f, 0xf7, 0x0, 0x0,
    0x4e, 0xff, 0xf7, 0xff, 0x70, 0x0, 0x0, 0x2d,
    0xff, 0x7a, 0xe3, 0x0, 0x0, 0x0, 0x1b, 0xe3,
    0x0, 0x0, 0x0, 0x0, 0x0, 0x0, 0x0,

    /* U+F04B "" */
    0x2, 0x20, 0x0, 0x0, 0x0, 0x0, 0x0, 0x8,
    0xff, 0x91, 0x0, 0x0, 0x0, 0x0, 0x0, 0xff,
    0xff, 0xe5, 0x0, 0x0, 0x0, 0x0, 0xf, 0xff,
    0xff, 0xfc, 0x20, 0x0, 0x0, 0x0, 0xff, 0xff,
    0xff, 0xff, 0x80, 0x0, 0x0, 0xf, 0xff, 0xff,
    0xff, 0xff, 0xe4, 0x0, 0x0, 0xff, 0xff, 0xff,
    0xff, 0xff, 0xfb, 0x20, 0xf, 0xff, 0xff, 0xff,
    0xff, 0xff, 0xff, 0x70, 0xff, 0xff, 0xff, 0xff,
    0xff, 0xff, 0xff, 0x9f, 0xff, 0xff, 0xff, 0xff,
    0xff, 0xff, 0xfe, 0xff, 0xff, 0xff, 0xff, 0xff,
    0xff, 0xff, 0x9f, 0xff, 0xff, 0xff, 0xff, 0xff,
    0xff, 0x70, 0xff, 0xff, 0xff, 0xff, 0xff, 0xfb,
    0x10, 0xf, 0xff, 0xff, 0xff, 0xff, 0xe4, 0x0,
    0x0, 0xff, 0xff, 0xff, 0xff, 0x80, 0x0, 0x0,
    0xf, 0xff, 0xff, 0xfc, 0x20, 0x0, 0x0, 0x0,
    0xff, 0xff, 0xe5, 0x0, 0x0, 0x0, 0x0, 0x8,
    0xff, 0x91, 0x0, 0x0, 0x0, 0x0, 0x0, 0x2,
    0x20, 0x0, 0x0, 0x0, 0x0, 0x0, 0x0,

    /* U+F04C "" */
    0x5e, 0xfe, 0x50, 0x2, 0xdf, 0xf9, 0xe, 0xff,
    0xfe, 0x0, 0xaf, 0xff, 0xf3, 0xff, 0xff, 0xf0,
    0xb, 0xff, 0xff, 0x4f, 0xff, 0xff, 0x0, 0xbf,
    0xff, 0xf4, 0xff, 0xff, 0xf0, 0xb, 0xff, 0xff,
    0x4f, 0xff, 0xff, 0x0, 0xbf, 0xff, 0xf4, 0xff,
    0xff, 0xf0, 0xb, 0xff, 0xff, 0x4f, 0xff, 0xff,
    0x0, 0xbf, 0xff, 0xf4, 0xff, 0xff, 0xf0, 0xb,
    0xff, 0xff, 0x4f, 0xff, 0xff, 0x0, 0xbf, 0xff,
    0xf4, 0xff, 0xff, 0xf0, 0xb, 0xff, 0xff, 0x4f,
    0xff, 0xff, 0x0, 0xbf, 0xff, 0xf4, 0xff, 0xff,
    0xf0, 0xb, 0xff, 0xff, 0x4e, 0xff, 0xfe, 0x0,
    0xaf, 0xff, 0xf3, 0x5e, 0xfe, 0x50, 0x2, 0xdf,
    0xf9, 0x0,

    /* U+F04D "" */
    0x1b, 0xff, 0xff, 0xff, 0xff, 0xff, 0xfb, 0x1b,
    0xff, 0xff, 0xff, 0xff, 0xff, 0xff, 0xfb, 0xff,
    0xff, 0xff, 0xff, 0xff, 0xff, 0xff, 0xff, 0xff,
    0xff, 0xff, 0xff, 0xff, 0xff, 0xff, 0xff, 0xff,
    0xff, 0xff, 0xff, 0xff, 0xff, 0xff, 0xff, 0xff,
    0xff, 0xff, 0xff, 0xff, 0xff, 0xff, 0xff, 0xff,
    0xff, 0xff, 0xff, 0xff, 0xff, 0xff, 0xff, 0xff,
    0xff, 0xff, 0xff, 0xff, 0xff, 0xff, 0xff, 0xff,
    0xff, 0xff, 0xff, 0xff, 0xff, 0xff, 0xff, 0xff,
    0xff, 0xff, 0xff, 0xff, 0xff, 0xff, 0xff, 0xff,
    0xff, 0xff, 0xff, 0xff, 0xff, 0xff, 0xff, 0xff,
    0xff, 0xff, 0xff, 0xff, 0xff, 0xff, 0xff, 0xff,
    0xff, 0xfb, 0xff, 0xff, 0xff, 0xff, 0xff, 0xff,
    0xfb, 0x1b, 0xff, 0xff, 0xff, 0xff, 0xff, 0xfb,
    0x10,

    /* U+F051 "" */
    0x0, 0x0, 0x0, 0x0, 0x0, 0x0, 0xa, 0xe6,
    0x0, 0x0, 0x0, 0xa, 0xe3, 0xff, 0xf8, 0x0,
    0x0, 0x0, 0xff, 0x7f, 0xff, 0xfb, 0x0, 0x0,
    0xf, 0xf8, 0xff, 0xff, 0xfd, 0x20, 0x0, 0xff,
    0x8f, 0xff, 0xff, 0xfe, 0x30, 0xf, 0xf8, 0xff,
    0xff, 0xff, 0xff, 0x60, 0xff, 0x8f, 0xff, 0xff,
    0xff, 0xff, 0x8f, 0xf8, 0xff, 0xff, 0xff, 0xff,
    0xff, 0xff, 0x8f, 0xff, 0xff, 0xff, 0xff, 0x8f,
    0xf8, 0xff, 0xff, 0xff, 0xff, 0x50, 0xff, 0x8f,
    0xff, 0xff, 0xfe, 0x30, 0xf, 0xf8, 0xff, 0xff,
    0xfd, 0x10, 0x0, 0xff, 0x8f, 0xff, 0xfb, 0x0,
    0x0, 0xf, 0xf8, 0xff, 0xf8, 0x0, 0x0, 0x0,
    0xff, 0x79, 0xe5, 0x0, 0x0, 0x0, 0xa, 0xe3,
    0x0, 0x0, 0x0, 0x0, 0x0, 0x0, 0x0,

    /* U+F052 "" */
    0x0, 0x0, 0x0, 0x0, 0x3, 0x10, 0x0, 0x0,
    0x0, 0x0, 0x0, 0x0, 0x0, 0xb, 0xff, 0x40,
    0x0, 0x0, 0x0, 0x0, 0x0, 0x0, 0xa, 0xff,
    0xff, 0x30, 0x0, 0x0, 0x0, 0x0, 0x0, 0x9,
    0xff, 0xff, 0xfe, 0x20, 0x0, 0x0, 0x0, 0x0,
    0x8, 0xff, 0xff, 0xff, 0xfe, 0x10, 0x0, 0x0,
    0x0, 0x6, 0xff, 0xff, 0xff, 0xff, 0xfd, 0x10,
    0x0, 0x0, 0x5, 0xff, 0xff, 0xff, 0xff, 0xff,
    0xfc, 0x0, 0x0, 0x4, 0xff, 0xff, 0xff, 0xff,
    0xff, 0xff, 0xfb, 0x0, 0x3, 0xff, 0xff, 0xff,
    0xff, 0xff, 0xff, 0xff, 0xfa, 0x0, 0xdf, 0xff,
    0xff, 0xff, 0xff, 0xff, 0xff, 0xff, 0xf5, 0xe,
    0xff, 0xff, 0xff, 0xff, 0xff, 0xff, 0xff, 0xff,
    0x60, 0x5e, 0xff, 0xff, 0xff, 0xff, 0xff, 0xff,
    0xff, 0xb0, 0x0, 0x0, 0x0, 0x0, 0x0, 0x0,
    0x0, 0x0, 0x0, 0x0, 0x0, 0x0, 0x0, 0x0,
    0x0, 0x0, 0x0, 0x0, 0x0, 0x2, 0x9b, 0xbb,
    0xbb, 0xbb, 0xbb, 0xbb, 0xbb, 0xb6, 0x0, 0xcf,
    0xff, 0xff, 0xff, 0xff, 0xff, 0xff, 0xff, 0xf5,
    0xe, 0xff, 0xff, 0xff, 0xff, 0xff, 0xff, 0xff,
    0xff, 0x60, 0x5f, 0xff, 0xff, 0xff, 0xff, 0xff,
    0xff, 0xff, 0xc0, 0x0, 0x0, 0x0, 0x0, 0x0,
    0x0, 0x0, 0x0, 0x0, 0x0,

    /* U+F053 "" */
    0x0, 0x0, 0x0, 0x0, 0x42, 0x0, 0x0, 0x0,
    0xa, 0xfe, 0x0, 0x0, 0x0, 0xaf, 0xfc, 0x0,
    0x0, 0xa, 0xff, 0xd1, 0x0, 0x0, 0xaf, 0xfd,
    0x10, 0x0, 0xa, 0xff, 0xd1, 0x0, 0x0, 0xaf,
    0xfd, 0x10, 0x0, 0xa, 0xff, 0xd1, 0x0, 0x0,
    0x9f, 0xfd, 0x10, 0x0, 0x0, 0xff, 0xf4, 0x0,
    0x0, 0x0, 0x6f, 0xfe, 0x30, 0x0, 0x0, 0x6,
    0xff, 0xe3, 0x0, 0x0, 0x0, 0x6f, 0xfe, 0x30,
    0x0, 0x0, 0x6, 0xff, 0xf3, 0x0, 0x0, 0x0,
    0x6f, 0xff, 0x30, 0x0, 0x0, 0x7, 0xff, 0xf3,
    0x0, 0x0, 0x0, 0x7f, 0xfe, 0x0, 0x0, 0x0,
    0x6, 0xfc, 0x0, 0x0, 0x0, 0x0, 0x10,

    /* U+F054 "" */
    0x4, 0x20, 0x0, 0x0, 0x0, 0x6, 0xff, 0x30,
    0x0, 0x0, 0x0, 0x4f, 0xff, 0x30, 0x0, 0x0,
    0x0, 0x6f, 0xff, 0x30, 0x0, 0x0, 0x0, 0x6f,
    0xff, 0x30, 0x0, 0x0, 0x0, 0x6f, 0xff, 0x30,
    0x0, 0x0, 0x0, 0x6f, 0xff, 0x30, 0x0, 0x0,
    0x0, 0x6f, 0xff, 0x30, 0x0, 0x0, 0x0, 0x6f,
    0xff, 0x20, 0x0, 0x0, 0x0, 0xcf, 0xf7, 0x0,
    0x0, 0x0, 0x9f, 0xfd, 0x10, 0x0, 0x0, 0x9f,
    0xfd, 0x10, 0x0, 0x0, 0x9f, 0xfd, 0x10, 0x0,
    0x0, 0xaf, 0xfd, 0x10, 0x0, 0x0, 0xaf, 0xfd,
    0x10, 0x0, 0x0, 0xaf, 0xfd, 0x10, 0x0, 0x0,
    0x6f, 0xfd, 0x10, 0x0, 0x0, 0x4, 0xfd, 0x10,
    0x0, 0x0, 0x0, 0x1, 0x0, 0x0, 0x0, 0x0,
    0x0,

    /* U+F067 "" */
    0x0, 0x0, 0x0, 0x3, 0xea, 0x0, 0x0, 0x0,
    0x0, 0x0, 0x0, 0x0, 0x7f, 0xf0, 0x0, 0x0,
    0x0, 0x0, 0x0, 0x0, 0x7, 0xff, 0x0, 0x0,
    0x0, 0x0, 0x0, 0x0, 0x0, 0x7f, 0xf0, 0x0,
    0x0, 0x0, 0x0, 0x0, 0x0, 0x7, 0xff, 0x0,
    0x0, 0x0, 0x0, 0x0, 0x0, 0x0, 0x7f, 0xf0,
    0x0, 0x0, 0x0, 0x0, 0x0, 0x0, 0x7, 0xff,
    0x0, 0x0, 0x0, 0x2, 0xef, 0xff, 0xff, 0xff,
    0xff, 0xff, 0xff, 0xf8, 0x4f, 0xff, 0xff, 0xff,
    0xff, 0xff, 0xff, 0xff, 0xc0, 0x57, 0x77, 0x77,
    0xbf, 0xf7, 0x77, 0x77, 0x72, 0x0, 0x0, 0x0,
    0x7, 0xff, 0x0, 0x0, 0x0, 0x0, 0x0, 0x0,
    0x0, 0x7f, 0xf0, 0x0, 0x0, 0x0, 0x0, 0x0,
    0x0, 0x7, 0xff, 0x0, 0x0, 0x0, 0x0, 0x0,
    0x0, 0x0, 0x7f, 0xf0, 0x0, 0x0, 0x0, 0x0,
    0x0, 0x0, 0x7, 0xff, 0x0, 0x0, 0x0, 0x0,
    0x0, 0x0, 0x0, 0x3e, 0xb0, 0x0, 0x0, 0x0,

    /* U+F068 "" */
    0x5, 0x77, 0x77, 0x77, 0x77, 0x77, 0x77, 0x77,
    0x24, 0xff, 0xff, 0xff, 0xff, 0xff, 0xff, 0xff,
    0xfc, 0x2e, 0xff, 0xff, 0xff, 0xff, 0xff, 0xff,
    0xff, 0x80,

    /* U+F06E "" */
    0x0, 0x0, 0x0, 0x0, 0x0, 0x2, 0x31, 0x0,
    0x0, 0x0, 0x0, 0x0, 0x0, 0x0, 0x0, 0x1,
    0x7d, 0xff, 0xff, 0xfa, 0x40, 0x0, 0x0, 0x0,
    0x0, 0x0, 0x0, 0x7f, 0xff, 0xff, 0xff, 0xff,
    0xfb, 0x20, 0x0, 0x0, 0x0, 0x0, 0xb, 0xff,
    0xff, 0xff, 0xef, 0xff, 0xff, 0xf5, 0x0, 0x0,
    0x0, 0x0, 0xcf, 0xff, 0xf9, 0x20, 0x0, 0x6e,
    0xff, 0xff, 0x50, 0x0, 0x0, 0xb, 0xff, 0xff,
    0x50, 0x0, 0x20, 0x1, 0xcf, 0xff, 0xf4, 0x0,
    0x0, 0x7f, 0xff, 0xf8, 0x0, 0x0, 0xdf, 0x70,
    0x1e, 0xff, 0xfe, 0x10, 0x2, 0xff, 0xff, 0xf1,
    0x0, 0x0, 0xdf, 0xf6, 0x8, 0xff, 0xff, 0x90,
    0xa, 0xff, 0xff, 0xc0, 0x0, 0x5, 0xff, 0xfd,
    0x4, 0xff, 0xff, 0xf2, 0xe, 0xff, 0xff, 0xa0,
    0x48, 0xaf, 0xff, 0xff, 0x2, 0xff, 0xff, 0xf7,
    0xa, 0xff, 0xff, 0xc0, 0x5f, 0xff, 0xff, 0xfd,
    0x4, 0xff, 0xff, 0xf2, 0x2, 0xff, 0xff, 0xf1,
    0xd, 0xff, 0xff, 0xf5, 0x8, 0xff, 0xff, 0x90,
    0x0, 0x7f, 0xff, 0xf8, 0x1, 0xcf, 0xfe, 0x60,
    0x1e, 0xff, 0xfe, 0x10, 0x0, 0xb, 0xff, 0xff,
    0x50, 0x2, 0x30, 0x1, 0xcf, 0xff, 0xf4, 0x0,
    0x0, 0x0, 0xcf, 0xff, 0xfa, 0x30, 0x0, 0x6e,
    0xff, 0xff, 0x50, 0x0, 0x0, 0x0, 0xb, 0xff,
    0xff, 0xff, 0xef, 0xff, 0xff, 0xf5, 0x0, 0x0,
    0x0, 0x0, 0x0, 0x7f, 0xff, 0xff, 0xff, 0xff,
    0xfb, 0x20, 0x0, 0x0, 0x0, 0x0, 0x0, 0x1,
    0x7d, 0xff, 0xff, 0xfa, 0x40, 0x0, 0x0, 0x0,
    0x0, 0x0, 0x0, 0x0, 0x0, 0x2, 0x31, 0x0,
    0x0, 0x0, 0x0, 0x0,

    /* U+F070 "" */
    0x5, 0x40, 0x0, 0x0, 0x0, 0x0, 0x0, 0x0,
    0x0, 0x0, 0x0, 0x0, 0x0, 0x0, 0xff, 0x80,
    0x0, 0x0, 0x0, 0x2, 0x32, 0x0, 0x0, 0x0,
    0x0, 0x0, 0x0, 0x4, 0xef, 0xb1, 0x0, 0x6,
    0xcf, 0xff, 0xff, 0xb6, 0x0, 0x0, 0x0, 0x0,
    0x0, 0x2, 0xdf, 0xe3, 0x4e, 0xff, 0xff, 0xff,
    0xff, 0xfd, 0x40, 0x0, 0x0, 0x0, 0x0, 0x0,
    0xaf, 0xff, 0xff, 0xff, 0xfe, 0xff, 0xff, 0xff,
    0x80, 0x0, 0x0, 0x0, 0x0, 0x0, 0x6f, 0xff,
    0xfc, 0x40, 0x0, 0x4c, 0xff, 0xff, 0x90, 0x0,
    0x0, 0x0, 0x0, 0x0, 0x3e, 0xff, 0x20, 0x1,
    0x10, 0x9, 0xff, 0xff, 0x80, 0x0, 0x0, 0x0,
    0x3e, 0x30, 0x1c, 0xfe, 0x40, 0x9f, 0x90, 0xc,
    0xff, 0xff, 0x40, 0x0, 0x0, 0xd, 0xff, 0x60,
    0x8, 0xff, 0x79, 0xff, 0xa0, 0x4f, 0xff, 0xfd,
    0x0, 0x0, 0x5, 0xff, 0xff, 0x90, 0x5, 0xff,
    0xff, 0xff, 0x10, 0xff, 0xff, 0xf6, 0x0, 0x0,
    0xaf, 0xff, 0xfe, 0x0, 0x2, 0xdf, 0xff, 0xf3,
    0xe, 0xff, 0xff, 0xb0, 0x0, 0x5, 0xff, 0xff,
    0xf0, 0x0, 0x0, 0xbf, 0xff, 0x10, 0xff, 0xff,
    0xf6, 0x0, 0x0, 0xd, 0xff, 0xff, 0x40, 0x0,
    0x0, 0x7f, 0xf8, 0x4f, 0xff, 0xfd, 0x0, 0x0,
    0x0, 0x3f, 0xff, 0xfc, 0x0, 0x0, 0x0, 0x4e,
    0xff, 0xff, 0xff, 0x30, 0x0, 0x0, 0x0, 0x7f,
    0xff, 0xf9, 0x0, 0x0, 0x0, 0x2c, 0xff, 0xff,
    0x70, 0x0, 0x0, 0x0, 0x0, 0x9f, 0xff, 0xfc,
    0x40, 0x0, 0x20, 0x9, 0xff, 0xc0, 0x0, 0x0,
    0x0, 0x0, 0x0, 0x7f, 0xff, 0xff, 0xfe, 0xff,
    0x80, 0x6, 0xff, 0xa0, 0x0, 0x0, 0x0, 0x0,
    0x0, 0x4d, 0xff, 0xff, 0xff, 0xff, 0xb1, 0x3,
    0xef, 0xd2, 0x0, 0x0, 0x0, 0x0, 0x0, 0x6,
    0xbf, 0xff, 0xff, 0xc6, 0x0, 0x1, 0xbf, 0xe4,
    0x0, 0x0, 0x0, 0x0, 0x0, 0x0, 0x2, 0x32,
    0x0, 0x0, 0x0, 0x0, 0x8f, 0xf0, 0x0, 0x0,
    0x0, 0x0, 0x0, 0x0, 0x0, 0x0, 0x0, 0x0,
    0x0, 0x0, 0x45, 0x0,

    /* U+F071 "" */
    0x0, 0x0, 0x0, 0x0, 0x0, 0x11, 0x0, 0x0,
    0x0, 0x0, 0x0, 0x0, 0x0, 0x0, 0x0, 0x4,
    0xff, 0x50, 0x0, 0x0, 0x0, 0x0, 0x0, 0x0,
    0x0, 0x0, 0xe, 0xff, 0xe0, 0x0, 0x0, 0x0,
    0x0, 0x0, 0x0, 0x0, 0x0, 0x8f, 0xff, 0xf8,
    0x0, 0x0, 0x0, 0x0, 0x0, 0x0, 0x0, 0x2,
    0xff, 0xff, 0xff, 0x20, 0x0, 0x0, 0x0, 0x0,
    0x0, 0x0, 0xb, 0xff, 0xee, 0xff, 0xb0, 0x0,
    0x0, 0x0, 0x0, 0x0, 0x0, 0x4f, 0xff, 0x22,
    0xff, 0xf5, 0x0, 0x0, 0x0, 0x0, 0x0, 0x0,
    0xdf, 0xff, 0x11, 0xff, 0xfe, 0x0, 0x0, 0x0,
    0x0, 0x0, 0x7, 0xff, 0xff, 0x11, 0xff, 0xff,
    0x80, 0x0, 0x0, 0x0, 0x0, 0x1f, 0xff, 0xff,
    0x11, 0xff, 0xff, 0xf2, 0x0, 0x0, 0x0, 0x0,
    0xaf, 0xff, 0xff, 0x11, 0xff, 0xff, 0xfb, 0x0,
    0x0, 0x0, 0x4, 0xff, 0xff, 0xff, 0x55, 0xff,
    0xff, 0xff, 0x40, 0x0, 0x0, 0xd, 0xff, 0xff,
    0xff, 0xff, 0xff, 0xff, 0xff, 0xd0, 0x0, 0x0,
    0x7f, 0xff, 0xff, 0xff, 0x66, 0xff, 0xff, 0xff,
    0xf7, 0x0, 0x1, 0xff, 0xff, 0xff, 0xfc, 0x0,
    0xcf, 0xff, 0xff, 0xff, 0x10, 0xa, 0xff, 0xff,
    0xff, 0xff, 0x99, 0xff, 0xff, 0xff, 0xff, 0xa0,
    0xe, 0xff, 0xff, 0xff, 0xff, 0xff, 0xff, 0xff,
    0xff, 0xff, 0xf0, 0x8, 0xff, 0xff, 0xff, 0xff,
    0xff, 0xff, 0xff, 0xff, 0xff, 0x80, 0x0, 0x0,
    0x0, 0x0, 0x0, 0x0, 0x0, 0x0, 0x0, 0x0,
    0x0,

    /* U+F074 "" */
    0x0, 0x0, 0x0, 0x0, 0x0, 0x0, 0x0, 0x0,
    0x10, 0x0, 0x0, 0x0, 0x0, 0x0, 0x0, 0x0,
    0x0, 0xb, 0xf7, 0x0, 0x0, 0x0, 0x0, 0x0,
    0x0, 0x0, 0x0, 0xf, 0xff, 0x70, 0x5a, 0xaa,
    0x83, 0x0, 0x0, 0x0, 0x69, 0xaf, 0xff, 0xf6,
    0xff, 0xff, 0xff, 0x60, 0x0, 0x1d, 0xff, 0xff,
    0xff, 0xff, 0x8d, 0xdd, 0xff, 0xf4, 0x0, 0xbf,
    0xfe, 0xdf, 0xff, 0xf9, 0x0, 0x0, 0x3f, 0xfe,
    0x14, 0xff, 0xa0, 0xf, 0xff, 0xa0, 0x0, 0x0,
    0x6, 0xff, 0xb0, 0xbd, 0x0, 0xd, 0xfa, 0x0,
    0x0, 0x0, 0x0, 0xaf, 0xf7, 0x12, 0x0, 0x1,
    0x40, 0x0, 0x0, 0x0, 0x0, 0xd, 0xff, 0x30,
    0x0, 0x0, 0x0, 0x0, 0x0, 0x0, 0x0, 0x12,
    0xff, 0xe1, 0x0, 0x0, 0x10, 0x0, 0x0, 0x0,
    0x3, 0xe1, 0x6f, 0xfb, 0x0, 0xb, 0xf7, 0x0,
    0x0, 0x0, 0x1e, 0xfb, 0xa, 0xff, 0x70, 0xf,
    0xff, 0x70, 0x5a, 0xaa, 0xef, 0xf6, 0x0, 0xdf,
    0xfb, 0xaf, 0xff, 0xf6, 0xff, 0xff, 0xff, 0x90,
    0x0, 0x2e, 0xff, 0xff, 0xff, 0xff, 0x8d, 0xdd,
    0xc6, 0x0, 0x0, 0x2, 0x9d, 0xdf, 0xff, 0xf9,
    0x0, 0x0, 0x0, 0x0, 0x0, 0x0, 0x0, 0xf,
    0xff, 0xa0, 0x0, 0x0, 0x0, 0x0, 0x0, 0x0,
    0x0, 0xd, 0xfa, 0x0, 0x0, 0x0, 0x0, 0x0,
    0x0, 0x0, 0x0, 0x1, 0x40, 0x0,

    /* U+F077 "" */
    0x0, 0x0, 0x0, 0x0, 0x99, 0x0, 0x0, 0x0,
    0x0, 0x0, 0x0, 0x0, 0xc, 0xff, 0xc0, 0x0,
    0x0, 0x0, 0x0, 0x0, 0x0, 0xcf, 0xff, 0xfc,
    0x0, 0x0, 0x0, 0x0, 0x0, 0xc, 0xff, 0xbb,
    0xff, 0xc0, 0x0, 0x0, 0x0, 0x0, 0xcf, 0xfb,
    0x0, 0xbf, 0xfc, 0x0, 0x0, 0x0, 0xc, 0xff,
    0xb0, 0x0, 0xb, 0xff, 0xc0, 0x0, 0x0, 0xcf,
    0xfb, 0x0, 0x0, 0x0, 0xbf, 0xfc, 0x0, 0xc,
    0xff, 0xb0, 0x0, 0x0, 0x0, 0xb, 0xff, 0xc0,
    0x9f, 0xfb, 0x0, 0x0, 0x0, 0x0, 0x0, 0xcf,
    0xf9, 0x9f, 0xb0, 0x0, 0x0, 0x0, 0x0, 0x0,
    0xb, 0xf9, 0x3, 0x0, 0x0, 0x0, 0x0, 0x0,
    0x0, 0x0, 0x30,

    /* U+F078 "" */
    0x3, 0x0, 0x0, 0x0, 0x0, 0x0, 0x0, 0x0,
    0x30, 0x9f, 0xb0, 0x0, 0x0, 0x0, 0x0, 0x0,
    0xc, 0xf9, 0x9f, 0xfb, 0x0, 0x0, 0x0, 0x0,
    0x0, 0xcf, 0xf9, 0xc, 0xff, 0xb0, 0x0, 0x0,
    0x0, 0xc, 0xff, 0xb0, 0x0, 0xcf, 0xfb, 0x0,
    0x0, 0x0, 0xcf, 0xfb, 0x0, 0x0, 0xc, 0xff,
    0xb0, 0x0, 0xc, 0xff, 0xb0, 0x0, 0x0, 0x0,
    0xcf, 0xfb, 0x0, 0xbf, 0xfb, 0x0, 0x0, 0x0,
    0x0, 0xc, 0xff, 0xbb, 0xff, 0xb0, 0x0, 0x0,
    0x0, 0x0, 0x0, 0xcf, 0xff, 0xfb, 0x0, 0x0,
    0x0, 0x0, 0x0, 0x0, 0xc, 0xff, 0xb0, 0x0,
    0x0, 0x0, 0x0, 0x0, 0x0, 0x0, 0x99, 0x0,
    0x0, 0x0, 0x0,

    /* U+F079 "" */
    0x0, 0x2, 0xb8, 0x0, 0x0, 0x0, 0x0, 0x0,
    0x0, 0x0, 0x0, 0x0, 0x0, 0x2e, 0xff, 0x90,
    0x0, 0x0, 0x78, 0x88, 0x88, 0x50, 0x0, 0x0,
    0x2, 0xef, 0xff, 0xf9, 0x0, 0x5, 0xff, 0xff,
    0xff, 0xfc, 0x0, 0x0, 0xd, 0xff, 0xff, 0xff,
    0x50, 0x1, 0xdf, 0xff, 0xff, 0xff, 0x90, 0x0,
    0xc, 0xff, 0xff, 0xff, 0x40, 0x0, 0x0, 0x0,
    0x0, 0xbf, 0xe0, 0x0, 0x0, 0x39, 0xff, 0x31,
    0x0, 0x0, 0x0, 0x0, 0x0, 0x8f, 0xf0, 0x0,
    0x0, 0x7, 0xff, 0x0, 0x0, 0x0, 0x0, 0x0,
    0x0, 0x7f, 0xf0, 0x0, 0x0, 0x7, 0xff, 0x0,
    0x0, 0x0, 0x0, 0x0, 0x0, 0x7f, 0xf0, 0x0,
    0x0, 0x7, 0xff, 0x0, 0x0, 0x0, 0x0, 0x0,
    0x0, 0x7f, 0xf0, 0x0, 0x0, 0x7, 0xff, 0x0,
    0x0, 0x0, 0x0, 0x0, 0x0, 0x7f, 0xf0, 0x0,
    0x0, 0x6, 0xff, 0x10, 0x0, 0x0, 0x0, 0x0,
    0x6c, 0xef, 0xfc, 0xb1, 0x0, 0x3, 0xff, 0xc8,
    0x88, 0x88, 0x30, 0x0, 0xff, 0xff, 0xff, 0xf7,
    0x0, 0x0, 0xaf, 0xff, 0xff, 0xff, 0xd0, 0x0,
    0x7f, 0xff, 0xff, 0xe1, 0x0, 0x0, 0x7, 0xcf,
    0xff, 0xff, 0x80, 0x0, 0x7, 0xff, 0xfe, 0x10,
    0x0, 0x0, 0x0, 0x0, 0x0, 0x0, 0x0, 0x0,
    0x0, 0x7f, 0xd1, 0x0, 0x0, 0x0, 0x0, 0x0,
    0x0, 0x0, 0x0, 0x0, 0x0, 0x2, 0x0, 0x0,

    /* U+F07B "" */
    0x2, 0x67, 0x77, 0x76, 0x20, 0x0, 0x0, 0x0,
    0x0, 0x0, 0x6f, 0xff, 0xff, 0xff, 0xf6, 0x0,
    0x0, 0x0, 0x0, 0x0, 0xef, 0xff, 0xff, 0xff,
    0xff, 0x40, 0x0, 0x0, 0x0, 0x0, 0xff, 0xff,
    0xff, 0xff, 0xff, 0xff, 0xff, 0xff, 0xfe, 0xa1,
    0xff, 0xff, 0xff, 0xff, 0xff, 0xff, 0xff, 0xff,
    0xff, 0xfb, 0xff, 0xff, 0xff, 0xff, 0xff, 0xff,
    0xff, 0xff, 0xff, 0xff, 0xff, 0xff, 0xff, 0xff,
    0xff, 0xff, 0xff, 0xff, 0xff, 0xff, 0xff, 0xff,
    0xff, 0xff, 0xff, 0xff, 0xff, 0xff, 0xff, 0xff,
    0xff, 0xff, 0xff, 0xff, 0xff, 0xff, 0xff, 0xff,
    0xff, 0xff, 0xff, 0xff, 0xff, 0xff, 0xff, 0xff,
    0xff, 0xff, 0xff, 0xff, 0xff, 0xff, 0xff, 0xff,
    0xff, 0xff, 0xff, 0xff, 0xff, 0xff, 0xff, 0xff,
    0xff, 0xff, 0xff, 0xff, 0xff, 0xff, 0xff, 0xff,
    0xff, 0xff, 0xff, 0xff, 0xff, 0xff, 0xff, 0xff,
    0xff, 0xff, 0xff, 0xff, 0xff, 0xff, 0xff, 0xff,
    0xff, 0xff, 0xff, 0xff, 0xff, 0xff, 0xff, 0xff,
    0xff, 0xff, 0xff, 0xff, 0xff, 0xff, 0xff, 0xff,
    0xff, 0xff, 0xff, 0xff, 0xff, 0xff, 0xff, 0xff,
    0xbf, 0xff, 0xff, 0xff, 0xff, 0xff, 0xff, 0xff,
    0xff, 0xfb, 0x2c, 0xff, 0xff, 0xff, 0xff, 0xff,
    0xff, 0xff, 0xff, 0xc2, 0x0, 0x0, 0x0, 0x0,
    0x0, 0x0, 0x0, 0x0, 0x0, 0x0,

    /* U+F093 "" */
    0x0, 0x0, 0x0, 0x0, 0x2, 0x20, 0x0, 0x0,
    0x0, 0x0, 0x0, 0x0, 0x0, 0x0, 0x5f, 0xf5,
    0x0, 0x0, 0x0, 0x0, 0x0, 0x0, 0x0, 0x5,
    0xff, 0xff, 0x50, 0x0, 0x0, 0x0, 0x0, 0x0,
    0x0, 0x5f, 0xff, 0xff, 0xf5, 0x0, 0x0, 0x0,
    0x0, 0x0, 0x5, 0xff, 0xff, 0xff, 0xff, 0x50,
    0x0, 0x0, 0x0, 0x0, 0x5f, 0xff, 0x8f, 0xf8,
    0xff, 0xf5, 0x0, 0x0, 0x0, 0x2, 0xff, 0xf4,
    0x4f, 0xf4, 0x4f, 0xff, 0x20, 0x0, 0x0, 0x1,
    0xff, 0x40, 0x4f, 0xf4, 0x4, 0xff, 0x10, 0x0,
    0x0, 0x0, 0x11, 0x0, 0x4f, 0xf4, 0x0, 0x11,
    0x0, 0x0, 0x0, 0x0, 0x0, 0x0, 0x4f, 0xf4,
    0x0, 0x0, 0x0, 0x0, 0x0, 0x0, 0x0, 0x0,
    0x4f, 0xf4, 0x0, 0x0, 0x0, 0x0, 0x0, 0x0,
    0x0, 0x0, 0x4f, 0xf4, 0x0, 0x0, 0x0, 0x0,
    0x0, 0x0, 0x0, 0x0, 0x4f, 0xf4, 0x0, 0x0,
    0x0, 0x0, 0x0, 0x0, 0x0, 0x0, 0x4f, 0xf4,
    0x0, 0x0, 0x0, 0x0, 0x4, 0x88, 0x88, 0x84,
    0x3f, 0xf3, 0x48, 0x88, 0x88, 0x40, 0x7f, 0xff,
    0xff, 0xfc, 0x8, 0x90, 0xcf, 0xff, 0xff, 0xf7,
    0xef, 0xff, 0xff, 0xff, 0xa2, 0x2a, 0xff, 0xff,
    0xce, 0xfe, 0xff, 0xff, 0xff, 0xff, 0xff, 0xff,
    0xff, 0xff, 0x4, 0xff, 0xef, 0xff, 0xff, 0xff,
    0xff, 0xff, 0xff, 0xff, 0xac, 0xfe, 0x8f, 0xff,
    0xff, 0xff, 0xff, 0xff, 0xff, 0xff, 0xff, 0xf9,
    0x6, 0xab, 0xbb, 0xbb, 0xbb, 0xbb, 0xbb, 0xbb,
    0xba, 0x60,

    /* U+F095 "" */
    0x0, 0x2, 0x65, 0x0, 0x0, 0x0, 0x0, 0x0,
    0x0, 0x0, 0x2, 0x9e, 0xff, 0xf7, 0x0, 0x0,
    0x0, 0x0, 0x0, 0x0, 0x0, 0xdf, 0xff, 0xff,
    0xd0, 0x0, 0x0, 0x0, 0x0, 0x0, 0x0, 0xf,
    0xff, 0xff, 0xff, 0x40, 0x0, 0x0, 0x0, 0x0,
    0x0, 0x0, 0xef, 0xff, 0xff, 0xfb, 0x0, 0x0,
    0x0, 0x0, 0x0, 0x0, 0xc, 0xff, 0xff, 0xff,
    0xf0, 0x0, 0x0, 0x0, 0x0, 0x0, 0x0, 0x9f,
    0xff, 0xff, 0xfe, 0x0, 0x0, 0x0, 0x0, 0x0,
    0x0, 0x6, 0xff, 0xff, 0xfd, 0x20, 0x0, 0x0,
    0x0, 0x0, 0x0, 0x0, 0x1f, 0xff, 0xfd, 0x0,
    0x0, 0x0, 0x0, 0x0, 0x0, 0x0, 0x0, 0xbf,
    0xff, 0xf2, 0x0, 0x0, 0x0, 0x0, 0x0, 0x0,
    0x0, 0x4, 0xff, 0xff, 0xb0, 0x0, 0x0, 0x0,
    0x0, 0x0, 0x0, 0x0, 0xc, 0xff, 0xff, 0x80,
    0x0, 0x0, 0x0, 0x0, 0x0, 0x0, 0x0, 0x2f,
    0xff, 0xff, 0x70, 0x0, 0x2, 0x96, 0x0, 0x0,
    0x0, 0x0, 0x7f, 0xff, 0xff, 0xa0, 0x1, 0xef,
    0xff, 0x92, 0x0, 0x0, 0x0, 0xaf, 0xff, 0xff,
    0xe5, 0xcf, 0xff, 0xff, 0xf9, 0x0, 0x0, 0x0,
    0xaf, 0xff, 0xff, 0xff, 0xff, 0xff, 0xff, 0xf0,
    0x0, 0x0, 0x0, 0x9f, 0xff, 0xff, 0xff, 0xff,
    0xff, 0xfc, 0x0, 0x0, 0x0, 0x0, 0x5e, 0xff,
    0xff, 0xff, 0xff, 0xff, 0x80, 0x0, 0x0, 0x0,
    0x0, 0x18, 0xff, 0xff, 0xff, 0xff, 0xf4, 0x0,
    0x0, 0x0, 0x0, 0x0, 0x1, 0x6c, 0xff, 0xff,
    0xfe, 0x0, 0x0, 0x0, 0x0, 0x0, 0x0, 0x0,
    0x0, 0x35, 0x67, 0x20, 0x0,

    /* U+F0C4 "" */
    0x0, 0x27, 0x97, 0x10, 0x0, 0x0, 0x0, 0x0,
    0x0, 0x0, 0x7, 0xff, 0xff, 0xf4, 0x0, 0x0,
    0x0, 0x0, 0x36, 0x30, 0x5f, 0xff, 0xff, 0xff,
    0x20, 0x0, 0x0, 0x9, 0xff, 0xf7, 0xcf, 0xf4,
    0x17, 0xff, 0x80, 0x0, 0x0, 0x9f, 0xff, 0xf5,
    0xff, 0x90, 0x0, 0xdf, 0xb0, 0x0, 0x9, 0xff,
    0xff, 0x60, 0xef, 0xa0, 0x0, 0xef, 0xa0, 0x0,
    0x9f, 0xff, 0xf6, 0x0, 0x9f, 0xf8, 0x5b, 0xff,
    0xb0, 0x9, 0xff, 0xff, 0x70, 0x0, 0x1e, 0xff,
    0xff, 0xff, 0xf9, 0x9f, 0xff, 0xf7, 0x0, 0x0,
    0x1, 0xbf, 0xff, 0xff, 0xff, 0xff, 0xff, 0x70,
    0x0, 0x0, 0x0, 0x0, 0x10, 0x6f, 0xff, 0xff,
    0xf7, 0x0, 0x0, 0x0, 0x0, 0x0, 0x0, 0xb,
    0xff, 0xff, 0x70, 0x0, 0x0, 0x0, 0x0, 0x1,
    0x20, 0x6f, 0xff, 0xf7, 0x4, 0x0, 0x0, 0x0,
    0x2, 0xbf, 0xff, 0xff, 0xff, 0x70, 0xaf, 0x70,
    0x0, 0x0, 0x1e, 0xff, 0xff, 0xff, 0xf8, 0xa,
    0xff, 0xf7, 0x0, 0x0, 0xaf, 0xfa, 0x6c, 0xff,
    0xa0, 0x8, 0xff, 0xff, 0x70, 0x0, 0xef, 0xb0,
    0x0, 0xef, 0xb0, 0x0, 0x8f, 0xff, 0xf7, 0x0,
    0xff, 0x90, 0x0, 0xdf, 0xb0, 0x0, 0x8, 0xff,
    0xff, 0x70, 0xcf, 0xf4, 0x17, 0xff, 0x80, 0x0,
    0x0, 0x8f, 0xff, 0xf6, 0x4f, 0xff, 0xff, 0xfe,
    0x10, 0x0, 0x0, 0x7, 0xff, 0xf6, 0x6, 0xff,
    0xff, 0xe3, 0x0, 0x0, 0x0, 0x0, 0x14, 0x10,
    0x0, 0x16, 0x75, 0x0, 0x0, 0x0, 0x0, 0x0,
    0x0, 0x0,

    /* U+F0C5 "" */
    0x0, 0x0, 0x0, 0x2, 0x44, 0x44, 0x41, 0x0,
    0x0, 0x0, 0x0, 0x0, 0x7f, 0xff, 0xff, 0xff,
    0x50, 0x0, 0x0, 0x0, 0x0, 0xef, 0xff, 0xff,
    0xff, 0xf5, 0x0, 0x0, 0x0, 0x0, 0xef, 0xff,
    0xff, 0xff, 0xff, 0x50, 0x0, 0x0, 0x0, 0xef,
    0xff, 0xff, 0xff, 0xff, 0xf2, 0x3, 0x44, 0x40,
    0xef, 0xff, 0xff, 0xff, 0xff, 0xf5, 0x9f, 0xff,
    0xf0, 0xef, 0xff, 0xff, 0xff, 0xff, 0xf5, 0xff,
    0xff, 0xf0, 0xef, 0xff, 0xff, 0xff, 0xff, 0xf5,
    0xff, 0x93, 0x30, 0xef, 0xff, 0xff, 0xff, 0xff,
    0xf5, 0xff, 0x80, 0x0, 0xef, 0xff, 0xff, 0xff,
    0xff, 0xf5, 0xff, 0x80, 0x0, 0xef, 0xff, 0xff,
    0xff, 0xff, 0xf5, 0xff, 0x80, 0x0, 0xef, 0xff,
    0xff, 0xff, 0xff, 0xf5, 0xff, 0x80, 0x0, 0xef,
    0xff, 0xff, 0xff, 0xff, 0xf5, 0xff, 0x80, 0x0,
    0xef, 0xff, 0xff, 0xff, 0xff, 0xf5, 0xff, 0x80,
    0x0, 0xbf, 0xff, 0xff, 0xff, 0xff, 0xf2, 0xff,
    0x80, 0x0, 0x19, 0xbb, 0xbb, 0xbb, 0xba, 0x50,
    0xff, 0x80, 0x0, 0x0, 0x0, 0x44, 0x10, 0x0,
    0x0, 0xff, 0x80, 0x0, 0x0, 0x2, 0xff, 0x50,
    0x0, 0x0, 0xff, 0xff, 0xff, 0xff, 0xff, 0xff,
    0x50, 0x0, 0x0, 0xbf, 0xff, 0xff, 0xff, 0xff,
    0xff, 0x10, 0x0, 0x0, 0x6, 0x88, 0x88, 0x88,
    0x88, 0x72, 0x0, 0x0, 0x0,

    /* U+F0C7 "" */
    0x0, 0x33, 0x33, 0x33, 0x33, 0x33, 0x10, 0x0,
    0x0, 0x4e, 0xff, 0xff, 0xff, 0xff, 0xff, 0xf8,
    0x0, 0x0, 0xdf, 0xff, 0xff, 0xff, 0xff, 0xff,
    0xff, 0x90, 0x0, 0xff, 0xe4, 0x33, 0x33, 0x33,
    0x36, 0xff, 0xf9, 0x0, 0xff, 0x80, 0x0, 0x0,
    0x0, 0x0, 0xbf, 0xff, 0x80, 0xff, 0x70, 0x0,
    0x0, 0x0, 0x0, 0xbf, 0xff, 0xf2, 0xff, 0x70,
    0x0, 0x0, 0x0, 0x0, 0xbf, 0xff, 0xf4, 0xff,
    0x90, 0x0, 0x0, 0x0, 0x0, 0xcf, 0xff, 0xf4,
    0xff, 0xfa, 0x99, 0x99, 0x99, 0x9b, 0xff, 0xff,
    0xf4, 0xff, 0xff, 0xff, 0xff, 0xff, 0xff, 0xff,
    0xff, 0xf4, 0xff, 0xff, 0xff, 0xff, 0xff, 0xff,
    0xff, 0xff, 0xf4, 0xff, 0xff, 0xff, 0xe4, 0x1,
    0xaf, 0xff, 0xff, 0xf4, 0xff, 0xff, 0xff, 0x60,
    0x0, 0xe, 0xff, 0xff, 0xf4, 0xff, 0xff, 0xff,
    0x40, 0x0, 0xc, 0xff, 0xff, 0xf4, 0xff, 0xff,
    0xff, 0xb0, 0x0, 0x3f, 0xff, 0xff, 0xf4, 0xff,
    0xff, 0xff, 0xfc, 0x79, 0xff, 0xff, 0xff, 0xf4,
    0xcf, 0xff, 0xff, 0xff, 0xff, 0xff, 0xff, 0xff,
    0xf1, 0x2c, 0xff, 0xff, 0xff, 0xff, 0xff, 0xff,
    0xfe, 0x50, 0x0, 0x0, 0x0, 0x0, 0x0, 0x0,
    0x0, 0x0, 0x0,

    /* U+F0C9 "" */
    0xaf, 0xff, 0xff, 0xff, 0xff, 0xff, 0xff, 0xff,
    0xe3, 0xef, 0xff, 0xff, 0xff, 0xff, 0xff, 0xff,
    0xff, 0xf6, 0x37, 0x88, 0x88, 0x88, 0x88, 0x88,
    0x88, 0x88, 0x60, 0x0, 0x0, 0x0, 0x0, 0x0,
    0x0, 0x0, 0x0, 0x0, 0x0, 0x0, 0x0, 0x0,
    0x0, 0x0, 0x0, 0x0, 0x0, 0x0, 0x0, 0x0,
    0x0, 0x0, 0x0, 0x0, 0x0, 0x0, 0x48, 0x88,
    0x88, 0x88, 0x88, 0x88, 0x88, 0x88, 0x70, 0xff,
    0xff, 0xff, 0xff, 0xff, 0xff, 0xff, 0xff, 0xf7,
    0x9f, 0xff, 0xff, 0xff, 0xff, 0xff, 0xff, 0xff,
    0xe3, 0x0, 0x0, 0x0, 0x0, 0x0, 0x0, 0x0,
    0x0, 0x0, 0x0, 0x0, 0x0, 0x0, 0x0, 0x0,
    0x0, 0x0, 0x0, 0x0, 0x0, 0x0, 0x0, 0x0,
    0x0, 0x0, 0x0, 0x0, 0x37, 0x88, 0x88, 0x88,
    0x88, 0x88, 0x88, 0x88, 0x60, 0xef, 0xff, 0xff,
    0xff, 0xff, 0xff, 0xff, 0xff, 0xf6, 0xaf, 0xff,
    0xff, 0xff, 0xff, 0xff, 0xff, 0xff, 0xe3,

    /* U+F0E0 "" */
    0x5e, 0xff, 0xff, 0xff, 0xff, 0xff, 0xff, 0xff,
    0xff, 0xe5, 0xef, 0xff, 0xff, 0xff, 0xff, 0xff,
    0xff, 0xff, 0xff, 0xfe, 0xdf, 0xff, 0xff, 0xff,
    0xff, 0xff, 0xff, 0xff, 0xff, 0xfd, 0x2d, 0xff,
    0xff, 0xff, 0xff, 0xff, 0xff, 0xff, 0xff, 0xd2,
    0x40, 0xaf, 0xff, 0xff, 0xff, 0xff, 0xff, 0xff,
    0xfa, 0x14, 0xf8, 0x6, 0xff, 0xff, 0xff, 0xff,
    0xff, 0xff, 0x70, 0x8f, 0xff, 0xb1, 0x3d, 0xff,
    0xff, 0xff, 0xff, 0xe3, 0x1b, 0xff, 0xff, 0xfe,
    0x41, 0xaf, 0xff, 0xff, 0xfb, 0x14, 0xef, 0xff,
    0xff, 0xff, 0xf8, 0x7, 0xff, 0xff, 0x70, 0x8f,
    0xff, 0xff, 0xff, 0xff, 0xff, 0xc1, 0x3d, 0xd3,
    0x1c, 0xff, 0xff, 0xff, 0xff, 0xff, 0xff, 0xfe,
    0x40, 0x4, 0xef, 0xff, 0xff, 0xff, 0xff, 0xff,
    0xff, 0xff, 0xfd, 0xdf, 0xff, 0xff, 0xff, 0xff,
    0xff, 0xff, 0xff, 0xff, 0xff, 0xff, 0xff, 0xff,
    0xff, 0xff, 0xbf, 0xff, 0xff, 0xff, 0xff, 0xff,
    0xff, 0xff, 0xff, 0xfb, 0x1b, 0xff, 0xff, 0xff,
    0xff, 0xff, 0xff, 0xff, 0xff, 0xb1,

    /* U+F0E7 "" */
    0x0, 0x0, 0x0, 0x0, 0x0, 0x17, 0x10, 0x0,
    0x0, 0x0, 0x0, 0x0, 0x3, 0xef, 0xa0, 0x0,
    0x0, 0x0, 0x0, 0x0, 0x4f, 0xff, 0x80, 0x0,
    0x0, 0x0, 0x0, 0x6, 0xff, 0xff, 0x10, 0x0,
    0x0, 0x0, 0x0, 0x8f, 0xff, 0xfa, 0x0, 0x0,
    0x0, 0x0, 0xa, 0xff, 0xff, 0xf4, 0x0, 0x0,
    0x0, 0x1, 0xbf, 0xff, 0xff, 0xd0, 0x0, 0x0,
    0x0, 0x1d, 0xff, 0xff, 0xff, 0x60, 0x0, 0x0,
    0x3, 0xef, 0xff, 0xff, 0xff, 0x0, 0x0, 0x0,
    0x3f, 0xff, 0xff, 0xff, 0xfe, 0xbb, 0xbb, 0x80,
    0xaf, 0xff, 0xff, 0xff, 0xff, 0xff, 0xff, 0xf3,
    0x3b, 0xbb, 0xbc, 0xff, 0xff, 0xff, 0xff, 0xb0,
    0x0, 0x0, 0x7, 0xff, 0xff, 0xff, 0xf9, 0x0,
    0x0, 0x0, 0xd, 0xff, 0xff, 0xff, 0x70, 0x0,
    0x0, 0x0, 0x4f, 0xff, 0xff, 0xf5, 0x0, 0x0,
    0x0, 0x0, 0xbf, 0xff, 0xfe, 0x40, 0x0, 0x0,
    0x0, 0x2, 0xff, 0xff, 0xe2, 0x0, 0x0, 0x0,
    0x0, 0x9, 0xff, 0xfc, 0x10, 0x0, 0x0, 0x0,
    0x0, 0xf, 0xff, 0xb0, 0x0, 0x0, 0x0, 0x0,
    0x0, 0x2f, 0xf9, 0x0, 0x0, 0x0, 0x0, 0x0,
    0x0, 0x5, 0x50, 0x0, 0x0, 0x0, 0x0, 0x0,

    /* U+F0EA "" */
    0x0, 0x0, 0x5, 0x71, 0x0, 0x0, 0x0, 0x0,
    0x0, 0x0, 0x0, 0x11, 0x9f, 0xff, 0x31, 0x10,
    0x0, 0x0, 0x0, 0x0, 0x6f, 0xff, 0xfb, 0x5f,
    0xff, 0xfc, 0x10, 0x0, 0x0, 0x0, 0xef, 0xff,
    0xf7, 0x1e, 0xff, 0xff, 0x60, 0x0, 0x0, 0x0,
    0xff, 0xff, 0xff, 0xff, 0xfa, 0x76, 0x30, 0x0,
    0x0, 0x0, 0xff, 0xff, 0xff, 0xff, 0x50, 0x34,
    0x44, 0x44, 0x0, 0x0, 0xff, 0xff, 0xff, 0xfb,
    0xc, 0xff, 0xff, 0xff, 0xd2, 0x0, 0xff, 0xff,
    0xff, 0xf8, 0x3f, 0xff, 0xff, 0xff, 0xfe, 0x20,
    0xff, 0xff, 0xff, 0xf7, 0x3f, 0xff, 0xff, 0xff,
    0xff, 0xe2, 0xff, 0xff, 0xff, 0xf7, 0x3f, 0xff,
    0xff, 0xff, 0xff, 0xfc, 0xff, 0xff, 0xff, 0xf7,
    0x3f, 0xff, 0xff, 0xff, 0xff, 0xff, 0xff, 0xff,
    0xff, 0xf7, 0x3f, 0xff, 0xff, 0xff, 0xff, 0xff,
    0xff, 0xff, 0xff, 0xf7, 0x3f, 0xff, 0xff, 0xff,
    0xff, 0xff, 0xff, 0xff, 0xff, 0xf7, 0x3f, 0xff,
    0xff, 0xff, 0xff, 0xff, 0xff, 0xff, 0xff, 0xf7,
    0x3f, 0xff, 0xff, 0xff, 0xff, 0xff, 0xff, 0xff,
    0xff, 0xf7, 0x3f, 0xff, 0xff, 0xff, 0xff, 0xff,
    0xff, 0xff, 0xff, 0xf7, 0x3f, 0xff, 0xff, 0xff,
    0xff, 0xff, 0x8f, 0xff, 0xff, 0xf7, 0x3f, 0xff,
    0xff, 0xff, 0xff, 0xff, 0x2, 0x33, 0x33, 0x31,
    0x3f, 0xff, 0xff, 0xff, 0xff, 0xff, 0x0, 0x0,
    0x0, 0x0, 0x1f, 0xff, 0xff, 0xff, 0xff, 0xfd,
    0x0, 0x0, 0x0, 0x0, 0x4, 0xab, 0xbb, 0xbb,
    0xbb, 0xa2,

    /* U+F0F3 "" */
    0x0, 0x0, 0x0, 0x0, 0x3, 0x10, 0x0, 0x0,
    0x0, 0x0, 0x0, 0x0, 0x0, 0x5, 0xfd, 0x0,
    0x0, 0x0, 0x0, 0x0, 0x0, 0x0, 0x0, 0x9f,
    0xf2, 0x0, 0x0, 0x0, 0x0, 0x0, 0x0, 0x7,
    0xff, 0xff, 0xfc, 0x30, 0x0, 0x0, 0x0, 0x0,
    0xb, 0xff, 0xff, 0xff, 0xff, 0x40, 0x0, 0x0,
    0x0, 0x8, 0xff, 0xff, 0xff, 0xff, 0xfe, 0x10,
    0x0, 0x0, 0x1, 0xff, 0xff, 0xff, 0xff, 0xff,
    0xf8, 0x0, 0x0, 0x0, 0x5f, 0xff, 0xff, 0xff,
    0xff, 0xff, 0xd0, 0x0, 0x0, 0x7, 0xff, 0xff,
    0xff, 0xff, 0xff, 0xff, 0x0, 0x0, 0x0, 0x8f,
    0xff, 0xff, 0xff, 0xff, 0xff, 0xf0, 0x0, 0x0,
    0x9, 0xff, 0xff, 0xff, 0xff, 0xff, 0xff, 0x10,
    0x0, 0x0, 0xcf, 0xff, 0xff, 0xff, 0xff, 0xff,
    0xf4, 0x0, 0x0, 0x2f, 0xff, 0xff, 0xff, 0xff,
    0xff, 0xff, 0xa0, 0x0, 0xa, 0xff, 0xff, 0xff,
    0xff, 0xff, 0xff, 0xff, 0x20, 0x5, 0xff, 0xff,
    0xff, 0xff, 0xff, 0xff, 0xff, 0xfd, 0x0, 0xef,
    0xff, 0xff, 0xff, 0xff, 0xff, 0xff, 0xff, 0xf6,
    0x8, 0xff, 0xff, 0xff, 0xff, 0xff, 0xff, 0xff,
    0xfd, 0x20, 0x0, 0x0, 0x0, 0x0, 0x0, 0x0,
    0x0, 0x0, 0x0, 0x0, 0x0, 0x0, 0xa, 0xff,
    0xff, 0x20, 0x0, 0x0, 0x0, 0x0, 0x0, 0x0,
    0x3f, 0xff, 0xa0, 0x0, 0x0, 0x0, 0x0, 0x0,
    0x0, 0x0, 0x27, 0x50, 0x0, 0x0, 0x0, 0x0,

    /* U+F111 "" */
    0x0, 0x0, 0x0, 0x0, 0x23, 0x32, 0x0, 0x0,
    0x0, 0x0, 0x0, 0x0, 0x3, 0xaf, 0xff, 0xff,
    0xfa, 0x30, 0x0, 0x0, 0x0, 0x0, 0x9f, 0xff,
    0xff, 0xff, 0xff, 0xf9, 0x0, 0x0, 0x0, 0x1c,
    0xff, 0xff, 0xff, 0xff, 0xff, 0xff, 0xc1, 0x0,
    0x0, 0xcf, 0xff, 0xff, 0xff, 0xff, 0xff, 0xff,
    0xfc, 0x0, 0x8, 0xff, 0xff, 0xff, 0xff, 0xff,
    0xff, 0xff, 0xff, 0x80, 0x1f, 0xff, 0xff, 0xff,
    0xff, 0xff, 0xff, 0xff, 0xff, 0xf1, 0x7f, 0xff,
    0xff, 0xff, 0xff, 0xff, 0xff, 0xff, 0xff, 0xf7,
    0xbf, 0xff, 0xff, 0xff, 0xff, 0xff, 0xff, 0xff,
    0xff, 0xfb, 0xef, 0xff, 0xff, 0xff, 0xff, 0xff,
    0xff, 0xff, 0xff, 0xfe, 0xff, 0xff, 0xff, 0xff,
    0xff, 0xff, 0xff, 0xff, 0xff, 0xff, 0xff, 0xff,
    0xff, 0xff, 0xff, 0xff, 0xff, 0xff, 0xff, 0xff,
    0xdf, 0xff, 0xff, 0xff, 0xff, 0xff, 0xff, 0xff,
    0xff, 0xfd, 0x9f, 0xff, 0xff, 0xff, 0xff, 0xff,
    0xff, 0xff, 0xff, 0xf9, 0x3f, 0xff, 0xff, 0xff,
    0xff, 0xff, 0xff, 0xff, 0xff, 0xf3, 0xc, 0xff,
    0xff, 0xff, 0xff, 0xff, 0xff, 0xff, 0xff, 0xc0,
    0x2, 0xff, 0xff, 0xff, 0xff, 0xff, 0xff, 0xff,
    0xff, 0x20, 0x0, 0x5f, 0xff, 0xff, 0xff, 0xff,
    0xff, 0xff, 0xf5, 0x0, 0x0, 0x4, 0xff, 0xff,
    0xff, 0xff, 0xff, 0xff, 0x40, 0x0, 0x0, 0x0,
    0x1a, 0xff, 0xff, 0xff, 0xff, 0xa1, 0x0, 0x0,
    0x0, 0x0, 0x0, 0x16, 0x9a, 0xa9, 0x61, 0x0,
    0x0, 0x0,

    /* U+F11C "" */
    0x1b, 0xff, 0xff, 0xff, 0xff, 0xff, 0xff, 0xff,
    0xff, 0xff, 0xe6, 0xb, 0xff, 0xff, 0xff, 0xff,
    0xff, 0xff, 0xff, 0xff, 0xff, 0xff, 0xf3, 0xff,
    0xd8, 0x9f, 0xb7, 0xbf, 0x98, 0xdf, 0x88, 0xfd,
    0x89, 0xff, 0x7f, 0xf8, 0x0, 0xf4, 0x4, 0xf0,
    0x7, 0xc0, 0xc, 0x80, 0xf, 0xf7, 0xff, 0x90,
    0x1f, 0x50, 0x5f, 0x10, 0x9d, 0x0, 0xd9, 0x1,
    0xff, 0x7f, 0xff, 0xff, 0xff, 0xff, 0xff, 0xff,
    0xff, 0xff, 0xff, 0xff, 0xf7, 0xff, 0xb4, 0x5f,
    0x83, 0x8f, 0x54, 0xbe, 0x44, 0xeb, 0x45, 0xff,
    0x7f, 0xf7, 0x0, 0xf3, 0x3, 0xf0, 0x7, 0xc0,
    0xb, 0x70, 0xf, 0xf7, 0xff, 0xb4, 0x5f, 0x83,
    0x8f, 0x54, 0xbe, 0x44, 0xeb, 0x45, 0xff, 0x7f,
    0xff, 0xff, 0xff, 0xff, 0xff, 0xff, 0xff, 0xff,
    0xff, 0xff, 0xf7, 0xff, 0x90, 0x1f, 0x50, 0x0,
    0x0, 0x0, 0x0, 0xd9, 0x1, 0xff, 0x7f, 0xf8,
    0x0, 0xf4, 0x0, 0x0, 0x0, 0x0, 0xc, 0x80,
    0xf, 0xf7, 0xff, 0xd8, 0x9f, 0xb7, 0x77, 0x77,
    0x77, 0x78, 0xfd, 0x89, 0xff, 0x7b, 0xff, 0xff,
    0xff, 0xff, 0xff, 0xff, 0xff, 0xff, 0xff, 0xff,
    0xf3, 0x1b, 0xff, 0xff, 0xff, 0xff, 0xff, 0xff,
    0xff, 0xff, 0xff, 0xe6, 0x0,

    /* U+F124 "" */
    0x0, 0x0, 0x0, 0x0, 0x0, 0x0, 0x0, 0x49,
    0x30, 0x0, 0x0, 0x0, 0x0, 0x0, 0x1, 0x7d,
    0xff, 0xd0, 0x0, 0x0, 0x0, 0x0, 0x3, 0xaf,
    0xff, 0xff, 0xa0, 0x0, 0x0, 0x0, 0x6, 0xdf,
    0xff, 0xff, 0xff, 0x30, 0x0, 0x0, 0x39, 0xff,
    0xff, 0xff, 0xff, 0xfc, 0x0, 0x0, 0x5c, 0xff,
    0xff, 0xff, 0xff, 0xff, 0xf6, 0x0, 0x2e, 0xff,
    0xff, 0xff, 0xff, 0xff, 0xff, 0xf0, 0x0, 0x4f,
    0xff, 0xff, 0xff, 0xff, 0xff, 0xff, 0x90, 0x0,
    0x5, 0x77, 0x77, 0x77, 0x9f, 0xff, 0xff, 0x20,
    0x0, 0x0, 0x0, 0x0, 0x0, 0x3f, 0xff, 0xfc,
    0x0, 0x0, 0x0, 0x0, 0x0, 0x0, 0x3f, 0xff,
    0xf5, 0x0, 0x0, 0x0, 0x0, 0x0, 0x0, 0x3f,
    0xff, 0xe0, 0x0, 0x0, 0x0, 0x0, 0x0, 0x0,
    0x3f, 0xff, 0x80, 0x0, 0x0, 0x0, 0x0, 0x0,
    0x0, 0x3f, 0xff, 0x20, 0x0, 0x0, 0x0, 0x0,
    0x0, 0x0, 0x3f, 0xfb, 0x0, 0x0, 0x0, 0x0,
    0x0, 0x0, 0x0, 0x2f, 0xf4, 0x0, 0x0, 0x0,
    0x0, 0x0, 0x0, 0x0, 0x6, 0x70, 0x0, 0x0,
    0x0,

    /* U+F158 "" */
    0x0, 0x3e, 0xff, 0xff, 0xff, 0xe9, 0x20, 0x0,
    0x7, 0xff, 0xff, 0xff, 0xff, 0xff, 0x40, 0x0,
    0x7f, 0xf7, 0x77, 0x78, 0xbf, 0xff, 0x20, 0x7,
    0xff, 0x0, 0x0, 0x0, 0x5f, 0xf9, 0x0, 0x7f,
    0xf0, 0x0, 0x0, 0x0, 0xbf, 0xd0, 0x7, 0xff,
    0x0, 0x0, 0x0, 0x8, 0xff, 0x0, 0x7f, 0xf0,
    0x0, 0x0, 0x0, 0xbf, 0xd0, 0x7, 0xff, 0x0,
    0x0, 0x0, 0x5f, 0xf9, 0x37, 0xbf, 0xf7, 0x77,
    0x78, 0xbf, 0xff, 0x2e, 0xff, 0xff, 0xff, 0xff,
    0xff, 0xff, 0x40, 0xaf, 0xff, 0xff, 0xff, 0xff,
    0xe9, 0x20, 0x0, 0x7, 0xff, 0x0, 0x0, 0x0,
    0x0, 0x0, 0xaf, 0xff, 0xff, 0xff, 0xff, 0xfe,
    0x30, 0xe, 0xff, 0xff, 0xff, 0xff, 0xff, 0xf6,
    0x0, 0x37, 0xbf, 0xf7, 0x77, 0x77, 0x76, 0x0,
    0x0, 0x7, 0xff, 0x0, 0x0, 0x0, 0x0, 0x0,
    0x0, 0x3e, 0xa0, 0x0, 0x0, 0x0, 0x0, 0x0,

    /* U+F1EB "" */
    0x0, 0x0, 0x0, 0x0, 0x0, 0x13, 0x33, 0x10,
    0x0, 0x0, 0x0, 0x0, 0x0, 0x0, 0x0, 0x3,
    0x8c, 0xff, 0xff, 0xff, 0xfc, 0x83, 0x0, 0x0,
    0x0, 0x0, 0x0, 0x3c, 0xff, 0xff, 0xff, 0xff,
    0xff, 0xff, 0xfc, 0x30, 0x0, 0x0, 0x2, 0xbf,
    0xff, 0xfc, 0x86, 0x44, 0x46, 0x8c, 0xff, 0xff,
    0xb2, 0x0, 0x4, 0xef, 0xff, 0x82, 0x0, 0x0,
    0x0, 0x0, 0x2, 0x8f, 0xff, 0xe4, 0x6, 0xff,
    0xf9, 0x10, 0x0, 0x0, 0x0, 0x0, 0x0, 0x0,
    0x19, 0xff, 0xf6, 0xff, 0xf5, 0x0, 0x0, 0x0,
    0x0, 0x0, 0x0, 0x0, 0x0, 0x5, 0xff, 0xf6,
    0xb2, 0x0, 0x0, 0x4, 0x8c, 0xef, 0xec, 0x84,
    0x0, 0x0, 0x2, 0xb7, 0x0, 0x0, 0x0, 0x3c,
    0xff, 0xff, 0xff, 0xff, 0xfc, 0x40, 0x0, 0x0,
    0x0, 0x0, 0x0, 0x8f, 0xff, 0xfc, 0x98, 0x9c,
    0xff, 0xff, 0x80, 0x0, 0x0, 0x0, 0x0, 0x4f,
    0xff, 0x81, 0x0, 0x0, 0x1, 0x8f, 0xff, 0x40,
    0x0, 0x0, 0x0, 0x1, 0xdc, 0x20, 0x0, 0x0,
    0x0, 0x0, 0x2c, 0xd1, 0x0, 0x0, 0x0, 0x0,
    0x0, 0x0, 0x0, 0x0, 0x0, 0x0, 0x0, 0x0,
    0x0, 0x0, 0x0, 0x0, 0x0, 0x0, 0x0, 0x0,
    0x7b, 0x70, 0x0, 0x0, 0x0, 0x0, 0x0, 0x0,
    0x0, 0x0, 0x0, 0x0, 0x9f, 0xff, 0x90, 0x0,
    0x0, 0x0, 0x0, 0x0, 0x0, 0x0, 0x0, 0x0,
    0xf, 0xff, 0xff, 0x0, 0x0, 0x0, 0x0, 0x0,
    0x0, 0x0, 0x0, 0x0, 0x0, 0xdf, 0xff, 0xd0,
    0x0, 0x0, 0x0, 0x0, 0x0, 0x0, 0x0, 0x0,
    0x0, 0x4, 0xff, 0xf4, 0x0, 0x0, 0x0, 0x0,
    0x0, 0x0, 0x0, 0x0, 0x0, 0x0, 0x0, 0x30,
    0x0, 0x0, 0x0, 0x0, 0x0, 0x0,

    /* U+F240 "" */
    0x1, 0x79, 0x99, 0x99, 0x99, 0x99, 0x99, 0x99,
    0x99, 0x72, 0x0, 0x3, 0xff, 0xff, 0xff, 0xff,
    0xff, 0xff, 0xff, 0xff, 0xff, 0xf5, 0x0, 0xcf,
    0xfe, 0xee, 0xee, 0xee, 0xee, 0xee, 0xee, 0xee,
    0xff, 0xe0, 0xf, 0xf9, 0x0, 0x0, 0x0, 0x0,
    0x0, 0x0, 0x0, 0x7, 0xff, 0x10, 0xff, 0x71,
    0xff, 0xff, 0xff, 0xff, 0xff, 0xff, 0xfa, 0x6f,
    0xfe, 0x2f, 0xf7, 0x1f, 0xff, 0xff, 0xff, 0xff,
    0xff, 0xff, 0xa6, 0xff, 0xf5, 0xff, 0x71, 0xff,
    0xff, 0xff, 0xff, 0xff, 0xff, 0xfa, 0x6f, 0xff,
    0x5f, 0xf7, 0x1f, 0xff, 0xff, 0xff, 0xff, 0xff,
    0xff, 0xa6, 0xff, 0xf5, 0xff, 0x71, 0xff, 0xff,
    0xff, 0xff, 0xff, 0xff, 0xfa, 0x6f, 0xfe, 0x2f,
    0xf8, 0x0, 0x0, 0x0, 0x0, 0x0, 0x0, 0x0,
    0x6, 0xff, 0x10, 0xdf, 0xe8, 0x88, 0x88, 0x88,
    0x88, 0x88, 0x88, 0x88, 0xdf, 0xf0, 0x7, 0xff,
    0xff, 0xff, 0xff, 0xff, 0xff, 0xff, 0xff, 0xff,
    0xf8, 0x0, 0x7, 0xdf, 0xff, 0xff, 0xff, 0xff,
    0xff, 0xff, 0xff, 0xd7, 0x0, 0x0,

    /* U+F241 "" */
    0x1, 0x79, 0x99, 0x99, 0x99, 0x99, 0x99, 0x99,
    0x99, 0x72, 0x0, 0x3, 0xff, 0xff, 0xff, 0xff,
    0xff, 0xff, 0xff, 0xff, 0xff, 0xf5, 0x0, 0xcf,
    0xfe, 0xee, 0xee, 0xee, 0xee, 0xee, 0xee, 0xee,
    0xff, 0xe0, 0xf, 0xf9, 0x0, 0x0, 0x0, 0x0,
    0x0, 0x0, 0x0, 0x7, 0xff, 0x10, 0xff, 0x71,
    0xff, 0xff, 0xff, 0xff, 0xfe, 0x0, 0x0, 0x6f,
    0xfe, 0x2f, 0xf7, 0x1f, 0xff, 0xff, 0xff, 0xff,
    0xe0, 0x0, 0x6, 0xff, 0xf5, 0xff, 0x71, 0xff,
    0xff, 0xff, 0xff, 0xfe, 0x0, 0x0, 0x6f, 0xff,
    0x5f, 0xf7, 0x1f, 0xff, 0xff, 0xff, 0xff, 0xe0,
    0x0, 0x6, 0xff, 0xf5, 0xff, 0x71, 0xff, 0xff,
    0xff, 0xff, 0xfe, 0x0, 0x0, 0x6f, 0xfe, 0x2f,
    0xf8, 0x0, 0x0, 0x0, 0x0, 0x0, 0x0, 0x0,
    0x6, 0xff, 0x10, 0xdf, 0xe8, 0x88, 0x88, 0x88,
    0x88, 0x88, 0x88, 0x88, 0xdf, 0xf0, 0x7, 0xff,
    0xff, 0xff, 0xff, 0xff, 0xff, 0xff, 0xff, 0xff,
    0xf8, 0x0, 0x7, 0xdf, 0xff, 0xff, 0xff, 0xff,
    0xff, 0xff, 0xff, 0xd7, 0x0, 0x0,

    /* U+F242 "" */
    0x1, 0x79, 0x99, 0x99, 0x99, 0x99, 0x99, 0x99,
    0x99, 0x72, 0x0, 0x3, 0xff, 0xff, 0xff, 0xff,
    0xff, 0xff, 0xff, 0xff, 0xff, 0xf5, 0x0, 0xcf,
    0xfe, 0xee, 0xee, 0xee, 0xee, 0xee, 0xee, 0xee,
    0xff, 0xe0, 0xf, 0xf9, 0x0, 0x0, 0x0, 0x0,
    0x0, 0x0, 0x0, 0x7, 0xff, 0x10, 0xff, 0x71,
    0xff, 0xff, 0xff, 0xf6, 0x0, 0x0, 0x0, 0x6f,
    0xfe, 0x2f, 0xf7, 0x1f, 0xff, 0xff, 0xff, 0x60,
    0x0, 0x0, 0x6, 0xff, 0xf5, 0xff, 0x71, 0xff,
    0xff, 0xff, 0xf6, 0x0, 0x0, 0x0, 0x6f, 0xff,
    0x5f, 0xf7, 0x1f, 0xff, 0xff, 0xff, 0x60, 0x0,
    0x0, 0x6, 0xff, 0xf5, 0xff, 0x71, 0xff, 0xff,
    0xff, 0xf6, 0x0, 0x0, 0x0, 0x6f, 0xfe, 0x2f,
    0xf8, 0x0, 0x0, 0x0, 0x0, 0x0, 0x0, 0x0,
    0x6, 0xff, 0x10, 0xdf, 0xe8, 0x88, 0x88, 0x88,
    0x88, 0x88, 0x88, 0x88, 0xdf, 0xf0, 0x7, 0xff,
    0xff, 0xff, 0xff, 0xff, 0xff, 0xff, 0xff, 0xff,
    0xf8, 0x0, 0x7, 0xdf, 0xff, 0xff, 0xff, 0xff,
    0xff, 0xff, 0xff, 0xd7, 0x0, 0x0,

    /* U+F243 "" */
    0x1, 0x79, 0x99, 0x99, 0x99, 0x99, 0x99, 0x99,
    0x99, 0x72, 0x0, 0x3, 0xff, 0xff, 0xff, 0xff,
    0xff, 0xff, 0xff, 0xff, 0xff, 0xf5, 0x0, 0xcf,
    0xfe, 0xee, 0xee, 0xee, 0xee, 0xee, 0xee, 0xee,
    0xff, 0xe0, 0xf, 0xf9, 0x0, 0x0, 0x0, 0x0,
    0x0, 0x0, 0x0, 0x7, 0xff, 0x10, 0xff, 0x71,
    0xff, 0xfa, 0x0, 0x0, 0x0, 0x0, 0x0, 0x6f,
    0xfe, 0x2f, 0xf7, 0x1f, 0xff, 0xa0, 0x0, 0x0,
    0x0, 0x0, 0x6, 0xff, 0xf5, 0xff, 0x71, 0xff,
    0xfa, 0x0, 0x0, 0x0, 0x0, 0x0, 0x6f, 0xff,
    0x5f, 0xf7, 0x1f, 0xff, 0xa0, 0x0, 0x0, 0x0,
    0x0, 0x6, 0xff, 0xf5, 0xff, 0x71, 0xff, 0xfa,
    0x0, 0x0, 0x0, 0x0, 0x0, 0x6f, 0xfe, 0x2f,
    0xf8, 0x0, 0x0, 0x0, 0x0, 0x0, 0x0, 0x0,
    0x6, 0xff, 0x10, 0xdf, 0xe8, 0x88, 0x88, 0x88,
    0x88, 0x88, 0x88, 0x88, 0xdf, 0xf0, 0x7, 0xff,
    0xff, 0xff, 0xff, 0xff, 0xff, 0xff, 0xff, 0xff,
    0xf8, 0x0, 0x7, 0xdf, 0xff, 0xff, 0xff, 0xff,
    0xff, 0xff, 0xff, 0xd7, 0x0, 0x0,

    /* U+F244 "" */
    0x1, 0x79, 0x99, 0x99, 0x99, 0x99, 0x99, 0x99,
    0x99, 0x72, 0x0, 0x3, 0xff, 0xff, 0xff, 0xff,
    0xff, 0xff, 0xff, 0xff, 0xff, 0xf5, 0x0, 0xcf,
    0xfe, 0xee, 0xee, 0xee, 0xee, 0xee, 0xee, 0xee,
    0xff, 0xe0, 0xf, 0xf9, 0x0, 0x0, 0x0, 0x0,
    0x0, 0x0, 0x0, 0x7, 0xff, 0x10, 0xff, 0x80,
    0x0, 0x0, 0x0, 0x0, 0x0, 0x0, 0x0, 0x6f,
    0xfe, 0x2f, 0xf8, 0x0, 0x0, 0x0, 0x0, 0x0,
    0x0, 0x0, 0x6, 0xff, 0xf5, 0xff, 0x80, 0x0,
    0x0, 0x0, 0x0, 0x0, 0x0, 0x0, 0x6f, 0xff,
    0x5f, 0xf8, 0x0, 0x0, 0x0, 0x0, 0x0, 0x0,
    0x0, 0x6, 0xff, 0xf5, 0xff, 0x80, 0x0, 0x0,
    0x0, 0x0, 0x0, 0x0, 0x0, 0x6f, 0xfe, 0x2f,
    0xf8, 0x0, 0x0, 0x0, 0x0, 0x0, 0x0, 0x0,
    0x6, 0xff, 0x10, 0xdf, 0xe8, 0x88, 0x88, 0x88,
    0x88, 0x88, 0x88, 0x88, 0xdf, 0xf0, 0x7, 0xff,
    0xff, 0xff, 0xff, 0xff, 0xff, 0xff, 0xff, 0xff,
    0xf8, 0x0, 0x7, 0xdf, 0xff, 0xff, 0xff, 0xff,
    0xff, 0xff, 0xff, 0xd7, 0x0, 0x0,

    /* U+F2ED "" */
    0x0, 0x0, 0x4, 0xab, 0xbb, 0xb9, 0x0, 0x0,
    0x0, 0x37, 0x77, 0x7e, 0xff, 0xff, 0xff, 0xa7,
    0x77, 0x60, 0xef, 0xff, 0xff, 0xff, 0xff, 0xff,
    0xff, 0xff, 0xf6, 0xbf, 0xff, 0xff, 0xff, 0xff,
    0xff, 0xff, 0xff, 0xf3, 0x0, 0x0, 0x0, 0x0,
    0x0, 0x0, 0x0, 0x0, 0x0, 0x6, 0x88, 0x88,
    0x88, 0x88, 0x88, 0x88, 0x88, 0x20, 0xc, 0xff,
    0xff, 0xff, 0xff, 0xff, 0xff, 0xff, 0x40, 0xc,
    0xff, 0xff, 0xff, 0xff, 0xff, 0xff, 0xff, 0x40,
    0xc, 0xff, 0x77, 0xff, 0x3b, 0xfe, 0x1e, 0xff,
    0x40, 0xc, 0xff, 0x66, 0xff, 0x2a, 0xfe, 0xe,
    0xff, 0x40, 0xc, 0xff, 0x66, 0xff, 0x2a, 0xfe,
    0xe, 0xff, 0x40, 0xc, 0xff, 0x66, 0xff, 0x2a,
    0xfe, 0xe, 0xff, 0x40, 0xc, 0xff, 0x66, 0xff,
    0x2a, 0xfe, 0xe, 0xff, 0x40, 0xc, 0xff, 0x66,
    0xff, 0x2a, 0xfe, 0xe, 0xff, 0x40, 0xc, 0xff,
    0x66, 0xff, 0x2a, 0xfe, 0xe, 0xff, 0x40, 0xc,
    0xff, 0x66, 0xff, 0x2a, 0xfe, 0xe, 0xff, 0x40,
    0xc, 0xff, 0x66, 0xff, 0x2a, 0xfe, 0xe, 0xff,
    0x40, 0xc, 0xff, 0x77, 0xff, 0x3b, 0xfe, 0x1e,
    0xff, 0x40, 0xa, 0xff, 0xff, 0xff, 0xff, 0xff,
    0xff, 0xff, 0x20, 0x3, 0xff, 0xff, 0xff, 0xff,
    0xff, 0xff, 0xfa, 0x0, 0x0, 0x27, 0x88, 0x88,
    0x88, 0x88, 0x87, 0x50, 0x0,

    /* U+F304 "" */
    0x0, 0x0, 0x0, 0x0, 0x0, 0x0, 0x0, 0x1,
    0x65, 0x0, 0x0, 0x0, 0x0, 0x0, 0x0, 0x0,
    0x0, 0x2, 0xef, 0xfd, 0x10, 0x0, 0x0, 0x0,
    0x0, 0x0, 0x0, 0x2, 0xef, 0xff, 0xfd, 0x10,
    0x0, 0x0, 0x0, 0x0, 0x0, 0x0, 0x5f, 0xff,
    0xff, 0xfa, 0x0, 0x0, 0x0, 0x0, 0x0, 0x2,
    0xb1, 0x6f, 0xff, 0xff, 0xe0, 0x0, 0x0, 0x0,
    0x0, 0x2, 0xef, 0xc1, 0x6f, 0xff, 0xfb, 0x0,
    0x0, 0x0, 0x0, 0x2, 0xef, 0xff, 0xc1, 0x6f,
    0xfe, 0x20, 0x0, 0x0, 0x0, 0x2, 0xef, 0xff,
    0xff, 0xc1, 0x6e, 0x20, 0x0, 0x0, 0x0, 0x2,
    0xef, 0xff, 0xff, 0xff, 0xc1, 0x0, 0x0, 0x0,
    0x0, 0x2, 0xef, 0xff, 0xff, 0xff, 0xfe, 0x20,
    0x0, 0x0, 0x0, 0x2, 0xef, 0xff, 0xff, 0xff,
    0xfe, 0x20, 0x0, 0x0, 0x0, 0x2, 0xef, 0xff,
    0xff, 0xff, 0xfe, 0x20, 0x0, 0x0, 0x0, 0x2,
    0xef, 0xff, 0xff, 0xff, 0xfe, 0x20, 0x0, 0x0,
    0x0, 0x1, 0xef, 0xff, 0xff, 0xff, 0xfe, 0x20,
    0x0, 0x0, 0x0, 0x0, 0x8f, 0xff, 0xff, 0xff,
    0xfe, 0x20, 0x0, 0x0, 0x0, 0x0, 0xd, 0xff,
    0xff, 0xff, 0xfe, 0x20, 0x0, 0x0, 0x0, 0x0,
    0x2, 0xff, 0xff, 0xff, 0xfe, 0x20, 0x0, 0x0,
    0x0, 0x0, 0x0, 0x6f, 0xff, 0xff, 0xfe, 0x20,
    0x0, 0x0, 0x0, 0x0, 0x0, 0xb, 0xff, 0xff,
    0xfc, 0x20, 0x0, 0x0, 0x0, 0x0, 0x0, 0x0,
    0xff, 0xfc, 0x83, 0x0, 0x0, 0x0, 0x0, 0x0,
    0x0, 0x0, 0x4, 0x61, 0x0, 0x0, 0x0, 0x0,
    0x0, 0x0, 0x0, 0x0, 0x0
};


/*---------------------
 *  GLYPH DESCRIPTION
 *--------------------*/

static const lv_font_fmt_txt_glyph_dsc_t glyph_dsc[] = {
    {.bitmap_index = 0, .adv_w = 0, .box_w = 0, .box_h = 0, .ofs_x = 0, .ofs_y = 0} /* id = 0 reserved */,
    {.bitmap_index = 0, .adv_w = 78, .box_w = 0, .box_h = 0, .ofs_x = 0, .ofs_y = 0},
    {.bitmap_index = 0, .adv_w = 78, .box_w = 3, .box_h = 15, .ofs_x = 1, .ofs_y = 0},
    {.bitmap_index = 23, .adv_w = 120, .box_w = 6, .box_h = 5, .ofs_x = 1, .ofs_y = 10},
    {.bitmap_index = 38, .adv_w = 223, .box_w = 12, .box_h = 13, .ofs_x = 1, .ofs_y = 1},
    {.bitmap_index = 116, .adv_w = 198, .box_w = 12, .box_h = 19, .ofs_x = 0, .ofs_y = -2},
    {.bitmap_index = 230, .adv_w = 244, .box_w = 15, .box_h = 15, .ofs_x = 0, .ofs_y = 0},
    {.bitmap_index = 343, .adv_w = 222, .box_w = 13, .box_h = 15, .ofs_x = 1, .ofs_y = 0},
    {.bitmap_index = 441, .adv_w = 70, .box_w = 3, .box_h = 5, .ofs_x = 1, .ofs_y = 10},
    {.bitmap_index = 449, .adv_w = 108, .box_w = 6, .box_h = 20, .ofs_x = 1, .ofs_y = -3},
    {.bitmap_index = 509, .adv_w = 108, .box_w = 6, .box_h = 20, .ofs_x = 0, .ofs_y = -3},
    {.bitmap_index = 569, .adv_w = 143, .box_w = 7, .box_h = 7, .ofs_x = 1, .ofs_y = 8},
    {.bitmap_index = 594, .adv_w = 199, .box_w = 12, .box_h = 12, .ofs_x = 0, .ofs_y = 1},
    {.bitmap_index = 666, .adv_w = 80, .box_w = 3, .box_h = 5, .ofs_x = 1, .ofs_y = -2},
    {.bitmap_index = 674, .adv_w = 155, .box_w = 8, .box_h = 2, .ofs_x = 1, .ofs_y = 5},
    {.bitmap_index = 682, .adv_w = 81, .box_w = 3, .box_h = 3, .ofs_x = 1, .ofs_y = 0},
    {.bitmap_index = 687, .adv_w = 154, .box_w = 10, .box_h = 18, .ofs_x = 0, .ofs_y = -2},
    {.bitmap_index = 777, .adv_w = 203, .box_w = 11, .box_h = 15, .ofs_x = 1, .ofs_y = 0},
    {.bitmap_index = 860, .adv_w = 137, .box_w = 8, .box_h = 15, .ofs_x = 0, .ofs_y = 0},
    {.bitmap_index = 920, .adv_w = 188, .box_w = 11, .box_h = 15, .ofs_x = 0, .ofs_y = 0},
    {.bitmap_index = 1003, .adv_w = 192, .box_w = 12, .box_h = 15, .ofs_x = 0, .ofs_y = 0},
    {.bitmap_index = 1093, .adv_w = 199, .box_w = 12, .box_h = 15, .ofs_x = 0, .ofs_y = 0},
    {.bitmap_index = 1183, .adv_w = 190, .box_w = 11, .box_h = 15, .ofs_x = 0, .ofs_y = 0},
    {.bitmap_index = 1266, .adv_w = 193, .box_w = 12, .box_h = 15, .ofs_x = 0, .ofs_y = 0},
    {.bitmap_index = 1356, .adv_w = 164, .box_w = 10, .box_h = 15, .ofs_x = 0, .ofs_y = 0},
    {.bitmap_index = 1431, .adv_w = 204, .box_w = 11, .box_h = 15, .ofs_x = 1, .ofs_y = 0},
    {.bitmap_index = 1514, .adv_w = 190, .box_w = 11, .box_h = 15, .ofs_x = 0, .ofs_y = 0},
    {.bitmap_index = 1597, .adv_w = 82, .box_w = 3, .box_h = 10, .ofs_x = 1, .ofs_y = 0},
    {.bitmap_index = 1612, .adv_w = 87, .box_w = 3, .box_h = 12, .ofs_x = 1, .ofs_y = -2},
    {.bitmap_index = 1630, .adv_w = 157, .box_w = 9, .box_h = 12, .ofs_x = 0, .ofs_y = 1},
    {.bitmap_index = 1684, .adv_w = 182, .box_w = 9, .box_h = 7, .ofs_x = 1, .ofs_y = 3},
    {.bitmap_index = 1716, .adv_w = 157, .box_w = 9, .box_h = 12, .ofs_x = 1, .ofs_y = 1},
    {.bitmap_index = 1770, .adv_w = 170, .box_w = 10, .box_h = 15, .ofs_x = 0, .ofs_y = 0},
    {.bitmap_index = 1845, .adv_w = 266, .box_w = 15, .box_h = 18, .ofs_x = 1, .ofs_y = -3},
    {.bitmap_index = 1980, .adv_w = 214, .box_w = 13, .box_h = 15, .ofs_x = 0, .ofs_y = 0},
    {.bitmap_index = 2078, .adv_w = 214, .box_w = 12, .box_h = 15, .ofs_x = 1, .ofs_y = 0},
    {.bitmap_index = 2168, .adv_w = 213, .box_w = 12, .box_h = 15, .ofs_x = 1, .ofs_y = 0},
    {.bitmap_index = 2258, .adv_w = 220, .box_w = 12, .box_h = 15, .ofs_x = 1, .ofs_y = 0},
    {.bitmap_index = 2348, .adv_w = 194, .box_w = 11, .box_h = 15, .ofs_x = 1, .ofs_y = 0},
    {.bitmap_index = 2431, .adv_w = 187, .box_w = 10, .box_h = 15, .ofs_x = 1, .ofs_y = 0},
    {.bitmap_index = 2506, .adv_w = 218, .box_w = 12, .box_h = 15, .ofs_x = 1, .ofs_y = 0},
    {.bitmap_index = 2596, .adv_w = 228, .box_w = 12, .box_h = 15, .ofs_x = 1, .ofs_y = 0},
    {.bitmap_index = 2686, .adv_w = 87, .box_w = 3, .box_h = 15, .ofs_x = 1, .ofs_y = 0},
    {.bitmap_index = 2709, .adv_w = 203, .box_w = 12, .box_h = 15, .ofs_x = 0, .ofs_y = 0},
    {.bitmap_index = 2799, .adv_w = 192, .box_w = 11, .box_h = 15, .ofs_x = 1, .ofs_y = 0},
    {.bitmap_index = 2882, .adv_w = 180, .box_w = 10, .box_h = 15, .ofs_x = 1, .ofs_y = 0},
    {.bitmap_index = 2957, .adv_w = 254, .box_w = 14, .box_h = 15, .ofs_x = 1, .ofs_y = 0},
    {.bitmap_index = 3062, .adv_w = 222, .box_w = 12, .box_h = 15, .ofs_x = 1, .ofs_y = 0},
    {.bitmap_index = 3152, .adv_w = 217, .box_w = 12, .box_h = 15, .ofs_x = 1, .ofs_y = 0},
    {.bitmap_index = 3242, .adv_w = 205, .box_w = 12, .box_h = 15, .ofs_x = 1, .ofs_y = 0},
    {.bitmap_index = 3332, .adv_w = 217, .box_w = 12, .box_h = 16, .ofs_x = 1, .ofs_y = -1},
    {.bitmap_index = 3428, .adv_w = 210, .box_w = 12, .box_h = 15, .ofs_x = 1, .ofs_y = 0},
    {.bitmap_index = 3518, .adv_w = 199, .box_w = 12, .box_h = 15, .ofs_x = 0, .ofs_y = 0},
    {.bitmap_index = 3608, .adv_w = 185, .box_w = 12, .box_h = 15, .ofs_x = 0, .ofs_y = 0},
    {.bitmap_index = 3698, .adv_w = 224, .box_w = 12, .box_h = 15, .ofs_x = 1, .ofs_y = 0},
    {.bitmap_index = 3788, .adv_w = 210, .box_w = 13, .box_h = 15, .ofs_x = 0, .ofs_y = 0},
    {.bitmap_index = 3886, .adv_w = 256, .box_w = 16, .box_h = 15, .ofs_x = 0, .ofs_y = 0},
    {.bitmap_index = 4006, .adv_w = 203, .box_w = 13, .box_h = 15, .ofs_x = 0, .ofs_y = 0},
    {.bitmap_index = 4104, .adv_w = 207, .box_w = 13, .box_h = 15, .ofs_x = 0, .ofs_y = 0},
    {.bitmap_index = 4202, .adv_w = 192, .box_w = 12, .box_h = 15, .ofs_x = 0, .ofs_y = 0},
    {.bitmap_index = 4292, .adv_w = 104, .box_w = 5, .box_h = 20, .ofs_x = 1, .ofs_y = -3},
    {.bitmap_index = 4342, .adv_w = 154, .box_w = 10, .box_h = 18, .ofs_x = 0, .ofs_y = -2},
    {.bitmap_index = 4432, .adv_w = 104, .box_w = 6, .box_h = 20, .ofs_x = 0, .ofs_y = -3},
    {.bitmap_index = 4492, .adv_w = 138, .box_w = 7, .box_h = 3, .ofs_x = 1, .ofs_y = 12},
    {.bitmap_index = 4503, .adv_w = 239, .box_w = 13, .box_h = 2, .ofs_x = 1, .ofs_y = -1},
    {.bitmap_index = 4516, .adv_w = 108, .box_w = 5, .box_h = 3, .ofs_x = 1, .ofs_y = 12},
    {.bitmap_index = 4524, .adv_w = 177, .box_w = 10, .box_h = 11, .ofs_x = 0, .ofs_y = 0},
    {.bitmap_index = 4579, .adv_w = 190, .box_w = 10, .box_h = 15, .ofs_x = 1, .ofs_y = 0},
    {.bitmap_index = 4654, .adv_w = 177, .box_w = 10, .box_h = 11, .ofs_x = 1, .ofs_y = 0},
    {.bitmap_index = 4709, .adv_w = 190, .box_w = 10, .box_h = 15, .ofs_x = 1, .ofs_y = 0},
    {.bitmap_index = 4784, .adv_w = 179, .box_w = 11, .box_h = 11, .ofs_x = 0, .ofs_y = 0},
    {.bitmap_index = 4845, .adv_w = 123, .box_w = 8, .box_h = 16, .ofs_x = 0, .ofs_y = 0},
    {.bitmap_index = 4909, .adv_w = 191, .box_w = 10, .box_h = 16, .ofs_x = 1, .ofs_y = -5},
    {.bitmap_index = 4989, .adv_w = 195, .box_w = 10, .box_h = 15, .ofs_x = 1, .ofs_y = 0},
    {.bitmap_index = 5064, .adv_w = 77, .box_w = 3, .box_h = 15, .ofs_x = 1, .ofs_y = 0},
    {.bitmap_index = 5087, .adv_w = 81, .box_w = 5, .box_h = 19, .ofs_x = -1, .ofs_y = -4},
    {.bitmap_index = 5135, .adv_w = 165, .box_w = 10, .box_h = 15, .ofs_x = 1, .ofs_y = 0},
    {.bitmap_index = 5210, .adv_w = 78, .box_w = 3, .box_h = 15, .ofs_x = 1, .ofs_y = 0},
    {.bitmap_index = 5233, .adv_w = 284, .box_w = 16, .box_h = 11, .ofs_x = 1, .ofs_y = 0},
    {.bitmap_index = 5321, .adv_w = 194, .box_w = 10, .box_h = 11, .ofs_x = 1, .ofs_y = 0},
    {.bitmap_index = 5376, .adv_w = 184, .box_w = 10, .box_h = 11, .ofs_x = 1, .ofs_y = 0},
    {.bitmap_index = 5431, .adv_w = 191, .box_w = 10, .box_h = 15, .ofs_x = 1, .ofs_y = -4},
    {.bitmap_index = 5506, .adv_w = 191, .box_w = 10, .box_h = 15, .ofs_x = 1, .ofs_y = -4},
    {.bitmap_index = 5581, .adv_w = 122, .box_w = 7, .box_h = 11, .ofs_x = 1, .ofs_y = 0},
    {.bitmap_index = 5620, .adv_w = 163, .box_w = 10, .box_h = 11, .ofs_x = 0, .ofs_y = 0},
    {.bitmap_index = 5675, .adv_w = 125, .box_w = 8, .box_h = 15, .ofs_x = 0, .ofs_y = 0},
    {.bitmap_index = 5735, .adv_w = 193, .box_w = 10, .box_h = 11, .ofs_x = 1, .ofs_y = 0},
    {.bitmap_index = 5790, .adv_w = 177, .box_w = 11, .box_h = 11, .ofs_x = 0, .ofs_y = 0},
    {.bitmap_index = 5851, .adv_w = 257, .box_w = 16, .box_h = 11, .ofs_x = 0, .ofs_y = 0},
    {.bitmap_index = 5939, .adv_w = 172, .box_w = 11, .box_h = 11, .ofs_x = 0, .ofs_y = 0},
    {.bitmap_index = 6000, .adv_w = 177, .box_w = 11, .box_h = 15, .ofs_x = 0, .ofs_y = -4},
    {.bitmap_index = 6083, .adv_w = 163, .box_w = 10, .box_h = 11, .ofs_x = 0, .ofs_y = 0},
    {.bitmap_index = 6138, .adv_w = 118, .box_w = 7, .box_h = 20, .ofs_x = 0, .ofs_y = -3},
    {.bitmap_index = 6208, .adv_w = 75, .box_w = 3, .box_h = 23, .ofs_x = 1, .ofs_y = -4},
    {.bitmap_index = 6243, .adv_w = 118, .box_w = 7, .box_h = 20, .ofs_x = 0, .ofs_y = -3},
    {.bitmap_index = 6313, .adv_w = 179, .box_w = 9, .box_h = 3, .ofs_x = 1, .ofs_y = 5},
    {.bitmap_index = 6327, .adv_w = 124, .box_w = 7, .box_h = 8, .ofs_x = 0, .ofs_y = 8},
    {.bitmap_index = 6355, .adv_w = 122, .box_w = 5, .box_h = 5, .ofs_x = 1, .ofs_y = 4},
    {.bitmap_index = 6368, .adv_w = 320, .box_w = 20, .box_h = 21, .ofs_x = 0, .ofs_y = -3},
    {.bitmap_index = 6578, .adv_w = 320, .box_w = 20, .box_h = 19, .ofs_x = 0, .ofs_y = -2},
    {.bitmap_index = 6768, .adv_w = 320, .box_w = 20, .box_h = 19, .ofs_x = 0, .ofs_y = -2},
    {.bitmap_index = 6958, .adv_w = 280, .box_w = 18, .box_h = 13, .ofs_x = 0, .ofs_y = 1},
    {.bitmap_index = 7075, .adv_w = 240, .box_w = 13, .box_h = 13, .ofs_x = 1, .ofs_y = 1},
    {.bitmap_index = 7160, .adv_w = 320, .box_w = 20, .box_h = 20, .ofs_x = 0, .ofs_y = -2},
    {.bitmap_index = 7360, .adv_w = 320, .box_w = 20, .box_h = 21, .ofs_x = 0, .ofs_y = -3},
    {.bitmap_index = 7570, .adv_w = 360, .box_w = 23, .box_h = 21, .ofs_x = 0, .ofs_y = -3},
    {.bitmap_index = 7812, .adv_w = 320, .box_w = 20, .box_h = 21, .ofs_x = 0, .ofs_y = -3},
    {.bitmap_index = 8022, .adv_w = 320, .box_w = 20, .box_h = 19, .ofs_x = 0, .ofs_y = -2},
    {.bitmap_index = 8212, .adv_w = 320, .box_w = 20, .box_h = 19, .ofs_x = 0, .ofs_y = -2},
    {.bitmap_index = 8402, .adv_w = 200, .box_w = 13, .box_h = 19, .ofs_x = 0, .ofs_y = -2},
    {.bitmap_index = 8526, .adv_w = 280, .box_w = 18, .box_h = 19, .ofs_x = 0, .ofs_y = -2},
    {.bitmap_index = 8697, .adv_w = 400, .box_w = 25, .box_h = 19, .ofs_x = 0, .ofs_y = -2},
    {.bitmap_index = 8935, .adv_w = 320, .box_w = 20, .box_h = 19, .ofs_x = 0, .ofs_y = -2},
    {.bitmap_index = 9125, .adv_w = 240, .box_w = 15, .box_h = 21, .ofs_x = 0, .ofs_y = -3},
    {.bitmap_index = 9283, .adv_w = 200, .box_w = 13, .box_h = 17, .ofs_x = 0, .ofs_y = -1},
    {.bitmap_index = 9394, .adv_w = 240, .box_w = 15, .box_h = 19, .ofs_x = 0, .ofs_y = -2},
    {.bitmap_index = 9537, .adv_w = 200, .box_w = 13, .box_h = 15, .ofs_x = 0, .ofs_y = 0},
    {.bitmap_index = 9635, .adv_w = 240, .box_w = 15, .box_h = 15, .ofs_x = 0, .ofs_y = 0},
    {.bitmap_index = 9748, .adv_w = 200, .box_w = 13, .box_h = 17, .ofs_x = 0, .ofs_y = -1},
    {.bitmap_index = 9859, .adv_w = 280, .box_w = 19, .box_h = 19, .ofs_x = -1, .ofs_y = -2},
    {.bitmap_index = 10040, .adv_w = 200, .box_w = 10, .box_h = 19, .ofs_x = 0, .ofs_y = -2},
    {.bitmap_index = 10135, .adv_w = 200, .box_w = 11, .box_h = 19, .ofs_x = 2, .ofs_y = -2},
    {.bitmap_index = 10240, .adv_w = 280, .box_w = 17, .box_h = 16, .ofs_x = 0, .ofs_y = -1},
    {.bitmap_index = 10376, .adv_w = 280, .box_w = 17, .box_h = 3, .ofs_x = 0, .ofs_y = 6},
    {.bitmap_index = 10402, .adv_w = 360, .box_w = 24, .box_h = 19, .ofs_x = -1, .ofs_y = -2},
    {.bitmap_index = 10630, .adv_w = 400, .box_w = 27, .box_h = 21, .ofs_x = -1, .ofs_y = -3},
    {.bitmap_index = 10914, .adv_w = 320, .box_w = 22, .box_h = 19, .ofs_x = -1, .ofs_y = -2},
    {.bitmap_index = 11123, .adv_w = 320, .box_w = 20, .box_h = 19, .ofs_x = 0, .ofs_y = -2},
    {.bitmap_index = 11313, .adv_w = 320, .box_w = 18, .box_h = 11, .ofs_x = 1, .ofs_y = 3},
    {.bitmap_index = 11412, .adv_w = 320, .box_w = 18, .box_h = 11, .ofs_x = 1, .ofs_y = 1},
    {.bitmap_index = 11511, .adv_w = 360, .box_w = 24, .box_h = 16, .ofs_x = -1, .ofs_y = -1},
    {.bitmap_index = 11703, .adv_w = 320, .box_w = 20, .box_h = 19, .ofs_x = 0, .ofs_y = -2},
    {.bitmap_index = 11893, .adv_w = 320, .box_w = 20, .box_h = 21, .ofs_x = 0, .ofs_y = -3},
    {.bitmap_index = 12103, .adv_w = 320, .box_w = 21, .box_h = 21, .ofs_x = 0, .ofs_y = -3},
    {.bitmap_index = 12324, .adv_w = 320, .box_w = 20, .box_h = 21, .ofs_x = 0, .ofs_y = -3},
    {.bitmap_index = 12534, .adv_w = 280, .box_w = 18, .box_h = 21, .ofs_x = 0, .ofs_y = -3},
    {.bitmap_index = 12723, .adv_w = 280, .box_w = 18, .box_h = 19, .ofs_x = 0, .ofs_y = -2},
    {.bitmap_index = 12894, .adv_w = 280, .box_w = 18, .box_h = 15, .ofs_x = 0, .ofs_y = 0},
    {.bitmap_index = 13029, .adv_w = 320, .box_w = 20, .box_h = 15, .ofs_x = 0, .ofs_y = 0},
    {.bitmap_index = 13179, .adv_w = 280, .box_w = 16, .box_h = 21, .ofs_x = 1, .ofs_y = -3},
    {.bitmap_index = 13347, .adv_w = 320, .box_w = 20, .box_h = 21, .ofs_x = 0, .ofs_y = -3},
    {.bitmap_index = 13557, .adv_w = 280, .box_w = 19, .box_h = 21, .ofs_x = -1, .ofs_y = -3},
    {.bitmap_index = 13757, .adv_w = 320, .box_w = 20, .box_h = 21, .ofs_x = 0, .ofs_y = -3},
    {.bitmap_index = 13967, .adv_w = 360, .box_w = 23, .box_h = 15, .ofs_x = 0, .ofs_y = 0},
    {.bitmap_index = 14140, .adv_w = 280, .box_w = 18, .box_h = 17, .ofs_x = 0, .ofs_y = -1},
    {.bitmap_index = 14293, .adv_w = 240, .box_w = 15, .box_h = 17, .ofs_x = 0, .ofs_y = -1},
    {.bitmap_index = 14421, .adv_w = 400, .box_w = 25, .box_h = 19, .ofs_x = 0, .ofs_y = -2},
    {.bitmap_index = 14659, .adv_w = 360, .box_w = 23, .box_h = 13, .ofs_x = 0, .ofs_y = 1},
    {.bitmap_index = 14809, .adv_w = 360, .box_w = 23, .box_h = 13, .ofs_x = 0, .ofs_y = 1},
    {.bitmap_index = 14959, .adv_w = 360, .box_w = 23, .box_h = 13, .ofs_x = 0, .ofs_y = 1},
    {.bitmap_index = 15109, .adv_w = 360, .box_w = 23, .box_h = 13, .ofs_x = 0, .ofs_y = 1},
    {.bitmap_index = 15259, .adv_w = 360, .box_w = 23, .box_h = 13, .ofs_x = 0, .ofs_y = 1},
    {.bitmap_index = 15409, .adv_w = 280, .box_w = 18, .box_h = 21, .ofs_x = 0, .ofs_y = -3},
    {.bitmap_index = 15598, .adv_w = 320, .box_w = 21, .box_h = 21, .ofs_x = -1, .ofs_y = -3}
};

/*---------------------
 *  CHARACTER MAPPING
 *--------------------*/

static const uint16_t unicode_list_1[] = {
    0x0, 0x1f72, 0xef51, 0xef58, 0xef5b, 0xef5c, 0xef5d, 0xef61,
    0xef63, 0xef65, 0xef69, 0xef6c, 0xef71, 0xef76, 0xef77, 0xef78,
    0xef8e, 0xef93, 0xef98, 0xef9b, 0xef9c, 0xef9d, 0xefa1, 0xefa2,
    0xefa3, 0xefa4, 0xefb7, 0xefb8, 0xefbe, 0xefc0, 0xefc1, 0xefc4,
    0xefc7, 0xefc8, 0xefc9, 0xefcb, 0xefe3, 0xefe5, 0xf014, 0xf015,
    0xf017, 0xf019, 0xf030, 0xf037, 0xf03a, 0xf043, 0xf061, 0xf06c,
    0xf074, 0xf0a8, 0xf13b, 0xf190, 0xf191, 0xf192, 0xf193, 0xf194,
    0xf23d, 0xf254
};

/*Collect the unicode lists and glyph_id offsets*/
static const lv_font_fmt_txt_cmap_t cmaps[] =
{
    {
        .range_start = 32, .range_length = 95, .glyph_id_start = 1,
        .unicode_list = NULL, .glyph_id_ofs_list = NULL, .list_length = 0, .type = LV_FONT_FMT_TXT_CMAP_FORMAT0_TINY
    },
    {
        .range_start = 176, .range_length = 62037, .glyph_id_start = 96,
        .unicode_list = unicode_list_1, .glyph_id_ofs_list = NULL, .list_length = 58, .type = LV_FONT_FMT_TXT_CMAP_SPARSE_TINY
    }
};

/*-----------------
 *    KERNING
 *----------------*/


/*Pair left and right glyphs for kerning*/
static const uint8_t kern_pair_glyph_ids[] =
{
    3, 7,
    3, 13,
    3, 14,
    3, 15,
    3, 16,
    3, 21,
    3, 23,
    3, 27,
    3, 28,
    3, 33,
    4, 24,
    7, 3,
    7, 8,
    8, 7,
    8, 13,
    8, 14,
    8, 15,
    8, 16,
    8, 21,
    8, 23,
    8, 27,
    8, 28,
    8, 33,
    9, 9,
    9, 17,
    9, 18,
    9, 19,
    9, 21,
    9, 22,
    9, 23,
    9, 25,
    9, 26,
    9, 92,
    10, 10,
    10, 62,
    10, 94,
    12, 18,
    12, 19,
    12, 20,
    12, 24,
    13, 3,
    13, 8,
    13, 14,
    13, 17,
    13, 18,
    13, 21,
    13, 23,
    13, 24,
    13, 25,
    13, 26,
    14, 3,
    14, 8,
    14, 18,
    14, 19,
    14, 20,
    14, 22,
    14, 24,
    14, 26,
    15, 3,
    15, 8,
    15, 14,
    15, 17,
    15, 18,
    15, 21,
    15, 23,
    15, 24,
    15, 25,
    15, 26,
    16, 16,
    16, 17,
    16, 18,
    16, 19,
    16, 21,
    16, 22,
    16, 23,
    16, 25,
    16, 26,
    17, 10,
    17, 13,
    17, 15,
    17, 16,
    17, 61,
    17, 62,
    17, 94,
    19, 10,
    19, 12,
    19, 14,
    19, 21,
    19, 61,
    19, 62,
    19, 94,
    20, 16,
    20, 18,
    20, 61,
    21, 3,
    21, 8,
    21, 10,
    21, 13,
    21, 15,
    21, 16,
    21, 18,
    21, 24,
    21, 26,
    21, 61,
    21, 62,
    21, 94,
    22, 13,
    22, 15,
    22, 16,
    22, 18,
    22, 61,
    23, 3,
    23, 8,
    23, 10,
    23, 16,
    23, 18,
    23, 24,
    23, 61,
    23, 62,
    23, 94,
    24, 4,
    24, 12,
    24, 13,
    24, 14,
    24, 15,
    24, 16,
    24, 21,
    24, 23,
    24, 30,
    25, 10,
    25, 13,
    25, 15,
    25, 16,
    25, 61,
    25, 62,
    25, 94,
    26, 10,
    26, 13,
    26, 14,
    26, 15,
    26, 16,
    26, 20,
    26, 21,
    26, 23,
    26, 61,
    26, 62,
    26, 94,
    27, 3,
    27, 8,
    28, 3,
    28, 8,
    30, 24,
    33, 3,
    33, 8,
    60, 9,
    60, 17,
    60, 18,
    60, 19,
    60, 21,
    60, 22,
    60, 23,
    60, 25,
    60, 26,
    60, 92,
    61, 3,
    61, 8,
    61, 17,
    61, 18,
    61, 20,
    61, 21,
    61, 22,
    61, 23,
    61, 24,
    61, 25,
    61, 26,
    61, 61,
    92, 9,
    92, 17,
    92, 18,
    92, 19,
    92, 21,
    92, 22,
    92, 23,
    92, 25,
    92, 26,
    92, 92,
    94, 10,
    94, 62,
    94, 94,
    96, 21,
    96, 23
};

/* Kerning between the respective left and right glyphs
 * 4.4 format which needs to scaled with `kern_scale`*/
static const int8_t kern_pair_values[] =
{
    -5, -32, -20, -32, -21, -17, -12, -3,
    -3, -5, -5, -12, -12, -5, -32, -20,
    -32, -21, -17, -12, -3, -3, -5, -1,
    -9, -11, -5, -13, -4, -14, -8, -6,
    -7, -1, -1, -1, -8, -8, -4, -17,
    -32, -32, -16, -5, -21, -5, -4, -10,
    -3, -14, -20, -20, -12, -12, -7, -3,
    -19, -4, -32, -32, -16, -5, -21, -5,
    -4, -10, -3, -14, -66, -6, -1, -4,
    -18, -2, -17, -6, -1, -9, -5, -5,
    -6, -6, -7, -8, -5, -5, -8, -3,
    -4, -4, -4, -1, -6, -1, -7, -7,
    -8, -5, -5, -1, -6, -6, -3, -10,
    -7, -7, -3, -3, -1, -5, -1, -12,
    -12, -11, -1, -8, -10, -12, -9, -9,
    -3, -10, -21, -11, -21, -21, -11, -10,
    -4, -9, -3, -3, -1, -6, -7, -7,
    -9, -20, -5, -20, -17, -5, -5, -3,
    -4, -7, -7, -3, -3, -3, -3, -7,
    -3, -3, -1, -7, -9, -5, -10, -4,
    -11, -7, -5, -6, -21, -21, -6, -19,
    -1, -3, -1, -4, -8, -1, -12, -65,
    -1, -8, -9, -4, -11, -4, -12, -7,
    -5, -7, -7, -6, -7, -14, -10
};

/*Collect the kern pair's data in one place*/
static const lv_font_fmt_txt_kern_pair_t kern_pairs =
{
    .glyph_ids = kern_pair_glyph_ids,
    .values = kern_pair_values,
    .pair_cnt = 191,
    .glyph_ids_size = 0
};

/*--------------------
 *  ALL CUSTOM DATA
 *--------------------*/

#if LVGL_VERSION_MAJOR == 8
/*Store all the custom data of the font*/
static  lv_font_fmt_txt_glyph_cache_t cache;
#endif

#if LVGL_VERSION_MAJOR >= 8
static const lv_font_fmt_txt_dsc_t font_dsc = {
#else
static lv_font_fmt_txt_dsc_t font_dsc = {
#endif
    .glyph_bitmap = glyph_bitmap,
    .glyph_dsc = glyph_dsc,
    .cmaps = cmaps,
    .kern_dsc = &kern_pairs,
    .kern_scale = 16,
    .cmap_num = 2,
    .bpp = 4,
    .kern_classes = 0,
    .bitmap_format = 0,
#if LVGL_VERSION_MAJOR == 8
    .cache = &cache
#endif
};



/*-----------------
 *  PUBLIC FONT
 *----------------*/

/*Initialize a public general font descriptor*/
#if LVGL_VERSION_MAJOR >= 8
const lv_font_t lv_font_rubik_20 = {
#else
lv_font_t lv_font_rubik_20 = {
#endif
    .get_glyph_dsc = lv_font_get_glyph_dsc_fmt_txt,    /*Function pointer to get glyph's data*/
    .get_glyph_bitmap = lv_font_get_bitmap_fmt_txt,    /*Function pointer to get glyph's bitmap*/
    .line_height = 24,          /*The maximum line height required by the font*/
    .base_line = 5,             /*Baseline measured from the bottom of the line*/
#if !(LVGL_VERSION_MAJOR == 6 && LVGL_VERSION_MINOR == 0)
    .subpx = LV_FONT_SUBPX_NONE,
#endif
#if LV_VERSION_CHECK(7, 4, 0) || LVGL_VERSION_MAJOR >= 8
    .underline_position = -1,
    .underline_thickness = 1,
#endif
    .dsc = &font_dsc,          /*The custom font data. Will be accessed by `get_glyph_bitmap/dsc` */
#if LV_VERSION_CHECK(8, 2, 0) || LVGL_VERSION_MAJOR >= 9
    .fallback = NULL,
#endif
    .user_data = NULL,
};



#endif /*#if LV_FONT_RUBIK_20*/

