/*******************************************************************************
 * Size: 20 px
 * Bpp: 4
 * Opts: --font SpaceGrotesk-Regular.ttf -r 0x20-0x7F,0x2022,0xB0 --font FontAwesome-Solid.ttf -r 0xF001,0xF008,0xF00B,0xF00C,0xF00D,0xF011,0xF013,0xF015,0xF019,0xF01C,0xF021,0xF026,0xF027,0xF028,0xF03E,0xF043,0xF048,0xF04B,0xF04C,0xF04D,0xF051,0xF052,0xF053,0xF054,0xF067,0xF068,0xF06E,0xF070,0xF071,0xF074,0xF077,0xF078,0xF079,0xF07B,0xF093,0xF095,0xF0C4,0xF0C5,0xF0C7,0xF0C9,0xF0E0,0xF0E7,0xF0EA,0xF0F3,0xF111,0xF11C,0xF124,0xF158,0xF1EB,0xF240,0xF241,0xF242,0xF243,0xF244,0xF2DB,0xF2ED,0xF304 --size 20 --format lvgl --bpp 4 --no-compress --no-prefilter --output lv_font_sg_20.c --lv-include lvgl.h
 ******************************************************************************/

#ifdef LV_LVGL_H_INCLUDE_SIMPLE
#include "lvgl.h"
#else
#include "lvgl.h"
#endif

#ifndef LV_FONT_SG_20
#define LV_FONT_SG_20 1
#endif

#if LV_FONT_SG_20

/*-----------------
 *    BITMAPS
 *----------------*/

/*Store the image of the glyphs*/
static LV_ATTRIBUTE_LARGE_CONST const uint8_t glyph_bitmap[] = {
    /* U+0020 " " */

    /* U+0021 "!" */
    0x4f, 0x54, 0xf5, 0x4f, 0x54, 0xf5, 0x4f, 0x54,
    0xf5, 0x4f, 0x54, 0xf5, 0x4f, 0x54, 0xf5, 0x3,
    0x14, 0xa4, 0xcf, 0xd7, 0xf8,

    /* U+0022 "\"" */
    0x7f, 0x71, 0xdd, 0x1c, 0xfd, 0x4f, 0xf4, 0x29,
    0xd0, 0x6e, 0x50, 0x5d, 0x0, 0xd4, 0x8f, 0x60,
    0xfc, 0x0,

    /* U+0023 "#" */
    0x0, 0xa, 0xd0, 0x4, 0xf2, 0x0, 0x0, 0xa,
    0xd0, 0x4, 0xf2, 0x0, 0x0, 0xa, 0xd0, 0x4,
    0xf2, 0x0, 0x0, 0xa, 0xd0, 0x4, 0xf2, 0x0,
    0x2f, 0xff, 0xff, 0xff, 0xff, 0xfb, 0x6, 0x6c,
    0xe6, 0x68, 0xf7, 0x64, 0x0, 0xa, 0xd0, 0x4,
    0xf2, 0x0, 0x0, 0xa, 0xd0, 0x4, 0xf2, 0x0,
    0x1, 0x1a, 0xd1, 0x15, 0xf3, 0x11, 0x2f, 0xff,
    0xff, 0xff, 0xff, 0xfb, 0x4, 0x4b, 0xe4, 0x47,
    0xf6, 0x43, 0x0, 0xa, 0xd0, 0x4, 0xf2, 0x0,
    0x0, 0xa, 0xd0, 0x4, 0xf2, 0x0, 0x0, 0xa,
    0xd0, 0x4, 0xf2, 0x0,

    /* U+0024 "$" */
    0x0, 0x0, 0x4, 0x80, 0x0, 0x0, 0x0, 0x0,
    0x8, 0xf0, 0x0, 0x0, 0x0, 0x0, 0x4b, 0xf5,
    0x10, 0x0, 0x0, 0x5e, 0xff, 0xff, 0xf6, 0x0,
    0x4, 0xfc, 0x38, 0xf3, 0xbf, 0x60, 0x9, 0xf2,
    0x8, 0xf0, 0xe, 0xd0, 0xa, 0xf0, 0x8, 0xf0,
    0xa, 0xf0, 0x7, 0xf8, 0x8, 0xf0, 0x5, 0x80,
    0x0, 0xbf, 0xed, 0xf1, 0x0, 0x0, 0x0, 0x5,
    0xbf, 0xff, 0xa3, 0x0, 0x0, 0x0, 0x8, 0xf9,
    0xef, 0x60, 0x8, 0x50, 0x8, 0xf0, 0x1d, 0xf1,
    0xf, 0xb0, 0x8, 0xf0, 0x7, 0xf3, 0xd, 0xe0,
    0x8, 0xf0, 0x8, 0xf3, 0x7, 0xf9, 0x8, 0xf0,
    0x3f, 0xe0, 0x0, 0xaf, 0xed, 0xfc, 0xfe, 0x30,
    0x0, 0x5, 0xae, 0xfc, 0x81, 0x0, 0x0, 0x0,
    0x8, 0xf0, 0x0, 0x0, 0x0, 0x0, 0x8, 0xf0,
    0x0, 0x0,

    /* U+0025 "%" */
    0x0, 0x0, 0x0, 0x0, 0x0, 0x0, 0x0, 0x0,
    0x2b, 0xfe, 0x90, 0x0, 0x0, 0xa, 0x60, 0xd,
    0xb3, 0x4d, 0xa0, 0x0, 0x7, 0xf4, 0x3, 0xf2,
    0x0, 0x5f, 0x0, 0x4, 0xf7, 0x0, 0x3f, 0x10,
    0x5, 0xf0, 0x2, 0xfa, 0x0, 0x0, 0xe9, 0x1,
    0xcb, 0x1, 0xdc, 0x0, 0x0, 0x4, 0xef, 0xfc,
    0x10, 0xbe, 0x10, 0x0, 0x0, 0x0, 0x11, 0x0,
    0x9f, 0x30, 0x0, 0x0, 0x0, 0x0, 0x0, 0x6f,
    0x50, 0x0, 0x0, 0x0, 0x0, 0x0, 0x3f, 0x80,
    0x5c, 0xfd, 0x60, 0x0, 0x0, 0x1e, 0xb0, 0x3f,
    0x83, 0x6f, 0x50, 0x0, 0xc, 0xd1, 0x8, 0xd0,
    0x0, 0xaa, 0x0, 0xa, 0xf2, 0x0, 0x8c, 0x0,
    0xa, 0xa0, 0x7, 0xf4, 0x0, 0x3, 0xf7, 0x36,
    0xf5, 0x2, 0xf7, 0x0, 0x0, 0x5, 0xdf, 0xd6,
    0x0, 0x3, 0x0, 0x0, 0x0, 0x0, 0x0, 0x0,

    /* U+0026 "&" */
    0x0, 0x4b, 0xff, 0xf9, 0x0, 0x0, 0x4, 0xfd,
    0x75, 0x53, 0x0, 0x0, 0xd, 0xe0, 0x0, 0x0,
    0x0, 0x0, 0xf, 0xa0, 0x0, 0x0, 0x0, 0x0,
    0xd, 0xd0, 0x0, 0x0, 0xfa, 0x0, 0x4, 0xfa,
    0x31, 0x11, 0xfa, 0x10, 0x0, 0x2e, 0xff, 0xff,
    0xff, 0xf9, 0x1, 0xdc, 0x64, 0x44, 0xfb, 0x42,
    0xb, 0xd0, 0x0, 0x0, 0xfa, 0x0, 0xf, 0x80,
    0x0, 0x0, 0xfa, 0x0, 0x1f, 0x90, 0x0, 0x0,
    0xfa, 0x0, 0xe, 0xe0, 0x0, 0x0, 0xfa, 0x0,
    0x5, 0xfd, 0x76, 0x66, 0xfa, 0x0, 0x0, 0x4c,
    0xff, 0xff, 0xfa, 0x0,

    /* U+0027 "'" */
    0x7f, 0x7c, 0xfd, 0x29, 0xd0, 0x5d, 0x8f, 0x60,

    /* U+0028 "(" */
    0x0, 0x0, 0x0, 0x0, 0x1, 0x8d, 0xf6, 0x3,
    0xef, 0x95, 0x10, 0xdd, 0x10, 0x0, 0x5f, 0x40,
    0x0, 0x9, 0xf0, 0x0, 0x0, 0xbc, 0x0, 0x0,
    0xc, 0xb0, 0x0, 0x0, 0xcb, 0x0, 0x0, 0xc,
    0xb0, 0x0, 0x0, 0xcb, 0x0, 0x0, 0xc, 0xb0,
    0x0, 0x0, 0xcb, 0x0, 0x0, 0xc, 0xb0, 0x0,
    0x0, 0xbc, 0x0, 0x0, 0xa, 0xe0, 0x0, 0x0,
    0x6f, 0x30, 0x0, 0x1, 0xfc, 0x0, 0x0, 0x5,
    0xfd, 0x52, 0x0, 0x3, 0xcf, 0xf6, 0x0, 0x0,
    0x13, 0x10,

    /* U+0029 ")" */
    0x0, 0x0, 0x0, 0xd, 0xfb, 0x50, 0x0, 0x46,
    0xcf, 0xa0, 0x0, 0x0, 0x7f, 0x60, 0x0, 0x0,
    0xcd, 0x0, 0x0, 0x6, 0xf2, 0x0, 0x0, 0x4f,
    0x40, 0x0, 0x3, 0xf5, 0x0, 0x0, 0x3f, 0x50,
    0x0, 0x3, 0xf5, 0x0, 0x0, 0x3f, 0x50, 0x0,
    0x3, 0xf5, 0x0, 0x0, 0x3f, 0x50, 0x0, 0x3,
    0xf5, 0x0, 0x0, 0x3f, 0x40, 0x0, 0x6, 0xf3,
    0x0, 0x0, 0xae, 0x0, 0x0, 0x4f, 0x80, 0x13,
    0x8f, 0xc0, 0xd, 0xfe, 0x80, 0x0, 0x32, 0x0,
    0x0, 0x0,

    /* U+002A "*" */
    0x0, 0x0, 0x5b, 0x0, 0x0, 0x0, 0xc2, 0x5b,
    0xa, 0x40, 0x0, 0x8d, 0x5a, 0x8d, 0x10, 0x0,
    0x8, 0xdd, 0xc1, 0x0, 0xf, 0xed, 0xff, 0xde,
    0xf6, 0x2, 0x17, 0xdd, 0xb2, 0x20, 0x0, 0x9c,
    0x5a, 0x7d, 0x20, 0x0, 0x70, 0x5b, 0x5, 0x20,
    0x0, 0x0, 0x25, 0x0, 0x0,

    /* U+002B "+" */
    0x0, 0x3, 0x50, 0x0, 0x0, 0x0, 0x9f, 0x0,
    0x0, 0x0, 0x9, 0xf0, 0x0, 0x2, 0x22, 0x9f,
    0x22, 0x20, 0xff, 0xff, 0xff, 0xff, 0x65, 0x55,
    0xbf, 0x55, 0x52, 0x0, 0x9, 0xf0, 0x0, 0x0,
    0x0, 0x9f, 0x0, 0x0, 0x0, 0x9, 0xf0, 0x0,
    0x0,

    /* U+002C "," */
    0x28, 0x2c, 0xfc, 0x7f, 0xd0, 0x4d, 0x8f, 0x60,

    /* U+002D "-" */
    0x2, 0x22, 0x22, 0x16, 0xff, 0xff, 0xf8, 0x25,
    0x55, 0x55, 0x20,

    /* U+002E "." */
    0x4a, 0x4c, 0xfd, 0x7f, 0x80,

    /* U+002F "/" */
    0x0, 0x0, 0x4, 0xf4, 0x0, 0x0, 0x9, 0xf0,
    0x0, 0x0, 0xe, 0xa0, 0x0, 0x0, 0x4f, 0x40,
    0x0, 0x0, 0x9f, 0x0, 0x0, 0x0, 0xea, 0x0,
    0x0, 0x3, 0xf5, 0x0, 0x0, 0x9, 0xf0, 0x0,
    0x0, 0xe, 0xa0, 0x0, 0x0, 0x3f, 0x50, 0x0,
    0x0, 0x8f, 0x0, 0x0, 0x0, 0xeb, 0x0, 0x0,
    0x3, 0xf5, 0x0, 0x0, 0x8, 0xf1, 0x0, 0x0,
    0xd, 0xb0, 0x0, 0x0, 0x2f, 0x60, 0x0, 0x0,
    0x8f, 0x10, 0x0, 0x0, 0xdb, 0x0, 0x0, 0x0,

    /* U+0030 "0" */
    0x0, 0x4b, 0xef, 0xea, 0x20, 0x0, 0x7f, 0xd8,
    0x79, 0xef, 0x40, 0x3f, 0xb0, 0x0, 0x1, 0xef,
    0x8, 0xf2, 0x0, 0x0, 0x5, 0xf6, 0xbe, 0x0,
    0x0, 0x0, 0x1f, 0x8c, 0xd0, 0x0, 0x0, 0x0,
    0xf9, 0xcd, 0x0, 0x0, 0x0, 0xf, 0xac, 0xd0,
    0x0, 0x0, 0x0, 0xfa, 0xcd, 0x0, 0x0, 0x0,
    0xf, 0x9b, 0xe0, 0x0, 0x0, 0x1, 0xf8, 0x8f,
    0x20, 0x0, 0x0, 0x5f, 0x63, 0xfb, 0x0, 0x0,
    0x1d, 0xf0, 0x7, 0xfd, 0x87, 0x9e, 0xf5, 0x0,
    0x4, 0xbe, 0xfe, 0xa2, 0x0,

    /* U+0031 "1" */
    0x0, 0x9, 0xff, 0xc0, 0x2, 0xf9, 0xdc, 0x0,
    0xaf, 0x1d, 0xc0, 0x3f, 0x80, 0xdc, 0xc, 0xe0,
    0xd, 0xc5, 0xf6, 0x0, 0xdc, 0x0, 0x0, 0xd,
    0xc0, 0x0, 0x0, 0xdc, 0x0, 0x0, 0xd, 0xc0,
    0x0, 0x0, 0xdc, 0x0, 0x0, 0xd, 0xc0, 0x0,
    0x0, 0xdc, 0x0, 0x0, 0xd, 0xc0, 0x0, 0x0,
    0xdc,

    /* U+0032 "2" */
    0x0, 0x5c, 0xef, 0xd8, 0x10, 0x0, 0xaf, 0xd8,
    0x8b, 0xfe, 0x10, 0x5f, 0x80, 0x0, 0x4, 0xfa,
    0xb, 0xe0, 0x0, 0x0, 0xb, 0xf0, 0xcb, 0x0,
    0x0, 0x0, 0x9f, 0x0, 0x0, 0x0, 0x0, 0xc,
    0xe0, 0x0, 0x0, 0x0, 0x8, 0xf8, 0x0, 0x0,
    0x2, 0x7d, 0xfa, 0x0, 0x0, 0x6d, 0xff, 0xa4,
    0x0, 0x0, 0xcf, 0xb5, 0x0, 0x0, 0x0, 0x8f,
    0x50, 0x0, 0x0, 0x0, 0xd, 0xc0, 0x0, 0x0,
    0x0, 0x0, 0xed, 0x77, 0x77, 0x77, 0x76, 0xf,
    0xff, 0xff, 0xff, 0xff, 0xf0,

    /* U+0033 "3" */
    0xc, 0xff, 0xff, 0xff, 0xff, 0xf0, 0x5, 0x77,
    0x77, 0x77, 0x7e, 0xf0, 0x0, 0x0, 0x0, 0x3,
    0xdf, 0x80, 0x0, 0x0, 0x0, 0x8f, 0xd3, 0x0,
    0x0, 0x0, 0x3d, 0xf8, 0x0, 0x0, 0x0, 0x1,
    0xfe, 0x30, 0x0, 0x0, 0x0, 0x2, 0xff, 0xff,
    0xb4, 0x0, 0x0, 0x0, 0x33, 0x47, 0xdf, 0x50,
    0x0, 0x0, 0x0, 0x0, 0xd, 0xd0, 0x1e, 0x80,
    0x0, 0x0, 0x9, 0xf0, 0xf, 0xc0, 0x0, 0x0,
    0xb, 0xf0, 0xa, 0xf6, 0x0, 0x0, 0x4f, 0xa0,
    0x1, 0xdf, 0xc8, 0x8b, 0xfe, 0x10, 0x0, 0x7,
    0xcf, 0xfd, 0x81, 0x0,

    /* U+0034 "4" */
    0x0, 0x0, 0x0, 0xcf, 0xf9, 0x0, 0x0, 0x0,
    0x6, 0xf6, 0xf9, 0x0, 0x0, 0x0, 0x1f, 0xb1,
    0xf9, 0x0, 0x0, 0x0, 0xaf, 0x11, 0xf9, 0x0,
    0x0, 0x4, 0xf7, 0x1, 0xf9, 0x0, 0x0, 0xe,
    0xd0, 0x1, 0xf9, 0x0, 0x0, 0x8f, 0x30, 0x1,
    0xf9, 0x0, 0x2, 0xf9, 0x0, 0x1, 0xf9, 0x0,
    0xc, 0xe0, 0x0, 0x1, 0xf9, 0x0, 0x4f, 0x72,
    0x22, 0x22, 0xf9, 0x21, 0x5f, 0xff, 0xff, 0xff,
    0xff, 0xff, 0x15, 0x55, 0x55, 0x55, 0xfb, 0x54,
    0x0, 0x0, 0x0, 0x1, 0xf9, 0x0, 0x0, 0x0,
    0x0, 0x1, 0xf9, 0x0,

    /* U+0035 "5" */
    0x9f, 0xff, 0xff, 0xff, 0xfa, 0x9, 0xf7, 0x77,
    0x77, 0x77, 0x40, 0x9f, 0x10, 0x0, 0x0, 0x0,
    0x9, 0xf1, 0x0, 0x0, 0x0, 0x0, 0x9f, 0x15,
    0xdf, 0xe8, 0x0, 0x9, 0xf6, 0xe8, 0x6a, 0xfd,
    0x0, 0x9f, 0xf2, 0x0, 0x6, 0xf8, 0x2, 0x32,
    0x0, 0x0, 0xd, 0xd0, 0x0, 0x0, 0x0, 0x0,
    0xaf, 0xe, 0xa0, 0x0, 0x0, 0xa, 0xf0, 0xde,
    0x0, 0x0, 0x0, 0xdc, 0x7, 0xf7, 0x0, 0x0,
    0x8f, 0x60, 0xb, 0xfc, 0x88, 0xcf, 0xb0, 0x0,
    0x7, 0xcf, 0xfc, 0x60, 0x0,

    /* U+0036 "6" */
    0x0, 0x5c, 0xff, 0xd9, 0x10, 0x0, 0xaf, 0xd9,
    0x7a, 0xff, 0x20, 0x5f, 0x90, 0x0, 0x2, 0xfc,
    0xa, 0xf0, 0x0, 0x0, 0xa, 0xf0, 0xcd, 0x0,
    0x0, 0x0, 0x1, 0xc, 0xd1, 0xaf, 0xff, 0xb2,
    0x0, 0xce, 0xda, 0x65, 0x8f, 0xf3, 0xc, 0xf7,
    0x0, 0x0, 0x2f, 0xd0, 0xcf, 0x0, 0x0, 0x0,
    0x9f, 0x1c, 0xd0, 0x0, 0x0, 0x7, 0xf3, 0xaf,
    0x0, 0x0, 0x0, 0x9f, 0x15, 0xf9, 0x0, 0x0,
    0x3f, 0xb0, 0x9, 0xfd, 0x88, 0xaf, 0xe2, 0x0,
    0x5, 0xce, 0xfd, 0x81, 0x0,

    /* U+0037 "7" */
    0x5f, 0xff, 0xff, 0xff, 0xff, 0xa2, 0x77, 0x77,
    0x77, 0x77, 0xfa, 0x0, 0x0, 0x0, 0x0, 0x8f,
    0x50, 0x0, 0x0, 0x0, 0x1f, 0xc0, 0x0, 0x0,
    0x0, 0xa, 0xf3, 0x0, 0x0, 0x0, 0x3, 0xfa,
    0x0, 0x0, 0x0, 0x0, 0xcf, 0x10, 0x0, 0x0,
    0x0, 0x5f, 0x80, 0x0, 0x0, 0x0, 0xd, 0xe0,
    0x0, 0x0, 0x0, 0x6, 0xf6, 0x0, 0x0, 0x0,
    0x1, 0xed, 0x0, 0x0, 0x0, 0x0, 0x8f, 0x50,
    0x0, 0x0, 0x0, 0xd, 0xd0, 0x0, 0x0, 0x0,
    0x0, 0xfa, 0x0, 0x0, 0x0,

    /* U+0038 "8" */
    0x0, 0x18, 0xcf, 0xfe, 0xa3, 0x0, 0x2, 0xef,
    0xb8, 0x79, 0xef, 0x70, 0xa, 0xf4, 0x0, 0x0,
    0xc, 0xf1, 0xc, 0xd0, 0x0, 0x0, 0x6, 0xf3,
    0xa, 0xf1, 0x0, 0x0, 0x9, 0xf1, 0x1, 0xdd,
    0x63, 0x24, 0x9f, 0x60, 0x0, 0xb, 0xff, 0xff,
    0xf3, 0x0, 0x2, 0xdf, 0x96, 0x57, 0xcf, 0x70,
    0xc, 0xe2, 0x0, 0x0, 0x9, 0xf3, 0xf, 0xa0,
    0x0, 0x0, 0x2, 0xf7, 0xf, 0xa0, 0x0, 0x0,
    0x3, 0xf7, 0xc, 0xf3, 0x0, 0x0, 0xb, 0xf3,
    0x2, 0xef, 0xb8, 0x79, 0xef, 0x80, 0x0, 0x18,
    0xdf, 0xfe, 0xa4, 0x0,

    /* U+0039 "9" */
    0x0, 0x6c, 0xff, 0xd7, 0x0, 0x0, 0xbf, 0xc8,
    0x8c, 0xfd, 0x0, 0x7f, 0x70, 0x0, 0x6, 0xf9,
    0xd, 0xd0, 0x0, 0x0, 0xc, 0xe0, 0xfb, 0x0,
    0x0, 0x0, 0x9f, 0xe, 0xc0, 0x0, 0x0, 0xb,
    0xf0, 0xaf, 0x30, 0x0, 0x2, 0xff, 0x2, 0xfe,
    0x62, 0x26, 0xed, 0xf0, 0x2, 0xcf, 0xff, 0xe5,
    0x9f, 0x0, 0x0, 0x13, 0x20, 0x9, 0xf0, 0xcd,
    0x0, 0x0, 0x0, 0xce, 0x8, 0xf5, 0x0, 0x0,
    0x5f, 0x80, 0x1d, 0xfb, 0x88, 0xbf, 0xd0, 0x0,
    0x8, 0xdf, 0xfd, 0x70, 0x0,

    /* U+003A ":" */
    0x7f, 0x8c, 0xfd, 0x4a, 0x40, 0x0, 0x0, 0x0,
    0x0, 0x0, 0x4, 0xa4, 0xcf, 0xd7, 0xf8,

    /* U+003B ";" */
    0x7f, 0x8c, 0xfd, 0x4a, 0x40, 0x0, 0x0, 0x0,
    0x0, 0x0, 0x2, 0x82, 0xbf, 0xd7, 0xfe, 0x4,
    0xd7, 0xf7,

    /* U+003C "<" */
    0x0, 0x0, 0x0, 0x0, 0x10, 0x0, 0x0, 0x29,
    0xe6, 0x0, 0x5, 0xcf, 0xfb, 0x22, 0x9e, 0xfd,
    0x71, 0x0, 0xff, 0x93, 0x0, 0x0, 0xf, 0xe8,
    0x20, 0x0, 0x0, 0x4a, 0xff, 0xb5, 0x0, 0x0,
    0x1, 0x7d, 0xff, 0x92, 0x0, 0x0, 0x4, 0xaf,
    0x60, 0x0, 0x0, 0x0, 0x12,

    /* U+003D "=" */
    0x11, 0x11, 0x11, 0x11, 0xf, 0xff, 0xff, 0xff,
    0xf6, 0x44, 0x44, 0x44, 0x44, 0x12, 0x22, 0x22,
    0x22, 0x20, 0xff, 0xff, 0xff, 0xff, 0x65, 0x55,
    0x55, 0x55, 0x52,

    /* U+003E ">" */
    0x20, 0x0, 0x0, 0x0, 0xf, 0xb5, 0x0, 0x0,
    0x0, 0x8e, 0xfe, 0x82, 0x0, 0x0, 0x4, 0xaf,
    0xfb, 0x50, 0x0, 0x0, 0x16, 0xdf, 0x60, 0x0,
    0x0, 0x5c, 0xf6, 0x0, 0x39, 0xff, 0xd6, 0x7,
    0xdf, 0xfa, 0x30, 0x0, 0xfd, 0x61, 0x0, 0x0,
    0x3, 0x0, 0x0, 0x0, 0x0,

    /* U+003F "?" */
    0x0, 0x19, 0xdf, 0xfc, 0x60, 0x0, 0x3f, 0xf9,
    0x77, 0xbf, 0xb0, 0xc, 0xf2, 0x0, 0x0, 0x7f,
    0x60, 0xf9, 0x0, 0x0, 0x0, 0xfa, 0x1c, 0x50,
    0x0, 0x0, 0x1f, 0x90, 0x0, 0x0, 0x0, 0xa,
    0xf4, 0x0, 0x0, 0x0, 0x6d, 0xf7, 0x0, 0x0,
    0x0, 0xcf, 0xa2, 0x0, 0x0, 0x0, 0x3f, 0x80,
    0x0, 0x0, 0x0, 0x4, 0xf6, 0x0, 0x0, 0x0,
    0x0, 0x1, 0x0, 0x0, 0x0, 0x0, 0x3, 0xa5,
    0x0, 0x0, 0x0, 0x0, 0xbf, 0xe0, 0x0, 0x0,
    0x0, 0x6, 0xf9, 0x0, 0x0,

    /* U+0040 "@" */
    0x0, 0x0, 0x4, 0xad, 0xff, 0xfd, 0x93, 0x0,
    0x0, 0x0, 0x0, 0x2c, 0xfe, 0x98, 0x68, 0xae,
    0xfa, 0x0, 0x0, 0x0, 0x3f, 0xe5, 0x0, 0x0,
    0x0, 0x6, 0xfd, 0x10, 0x0, 0x1e, 0xe1, 0x0,
    0x0, 0x0, 0x0, 0x3, 0xfb, 0x0, 0x9, 0xf3,
    0x0, 0x2b, 0xfe, 0x80, 0xea, 0x7, 0xf4, 0x0,
    0xfb, 0x0, 0x2f, 0xf8, 0x7c, 0x8e, 0xa0, 0xf,
    0xa0, 0x3f, 0x60, 0xb, 0xf2, 0x0, 0xa, 0xfa,
    0x0, 0xbe, 0x6, 0xf4, 0x0, 0xf9, 0x0, 0x0,
    0x2f, 0xa0, 0x9, 0xf0, 0x7f, 0x20, 0x2f, 0x60,
    0x0, 0x0, 0xfa, 0x0, 0x8f, 0x7, 0xf2, 0x2,
    0xf6, 0x0, 0x0, 0xf, 0xa0, 0x8, 0xf0, 0x6f,
    0x40, 0xf, 0x90, 0x0, 0x2, 0xfa, 0x0, 0xaf,
    0x3, 0xf6, 0x0, 0xbf, 0x20, 0x0, 0xaf, 0xa0,
    0xe, 0xb0, 0xe, 0xc0, 0x2, 0xee, 0x87, 0xbe,
    0xed, 0x6c, 0xf4, 0x0, 0x8f, 0x40, 0x2, 0xbf,
    0xfc, 0x27, 0xff, 0xd5, 0x0, 0x0, 0xde, 0x20,
    0x0, 0x0, 0x0, 0x0, 0x0, 0x0, 0x0, 0x2,
    0xef, 0x60, 0x0, 0x0, 0x0, 0x0, 0x0, 0x0,
    0x0, 0x1, 0xaf, 0xfa, 0x86, 0x66, 0x64, 0x0,
    0x0, 0x0, 0x0, 0x0, 0x39, 0xcf, 0xff, 0xff,
    0xa0, 0x0, 0x0,

    /* U+0041 "A" */
    0x0, 0x0, 0x5f, 0xfe, 0x0, 0x0, 0x0, 0x0,
    0xa, 0xf7, 0xf3, 0x0, 0x0, 0x0, 0x0, 0xeb,
    0x1f, 0x80, 0x0, 0x0, 0x0, 0x4f, 0x60, 0xdd,
    0x0, 0x0, 0x0, 0x9, 0xf1, 0x8, 0xf2, 0x0,
    0x0, 0x0, 0xec, 0x0, 0x3f, 0x70, 0x0, 0x0,
    0x3f, 0x80, 0x0, 0xec, 0x0, 0x0, 0x8, 0xf3,
    0x0, 0x9, 0xf1, 0x0, 0x0, 0xce, 0x0, 0x0,
    0x4f, 0x60, 0x0, 0x1f, 0xff, 0xff, 0xff, 0xfb,
    0x0, 0x6, 0xfa, 0x88, 0x88, 0x8d, 0xf0, 0x0,
    0xbf, 0x0, 0x0, 0x0, 0x6f, 0x50, 0xf, 0xb0,
    0x0, 0x0, 0x1, 0xfa, 0x5, 0xf6, 0x0, 0x0,
    0x0, 0xc, 0xe0,

    /* U+0042 "B" */
    0x1f, 0xff, 0xff, 0xff, 0xfc, 0x50, 0x0, 0x78,
    0xfc, 0x77, 0x79, 0xef, 0x70, 0x0, 0x1f, 0x90,
    0x0, 0x1, 0xef, 0x0, 0x1, 0xf9, 0x0, 0x0,
    0x9, 0xf1, 0x0, 0x1f, 0x90, 0x0, 0x0, 0xbf,
    0x0, 0x1, 0xf9, 0x0, 0x1, 0x7f, 0x60, 0x0,
    0x1f, 0xff, 0xff, 0xff, 0x40, 0x0, 0x1, 0xfc,
    0x88, 0x89, 0xed, 0x20, 0x0, 0x1f, 0x90, 0x0,
    0x1, 0xec, 0x0, 0x1, 0xf9, 0x0, 0x0, 0x9,
    0xf1, 0x0, 0x1f, 0x90, 0x0, 0x0, 0x9f, 0x10,
    0x1, 0xf9, 0x0, 0x0, 0x1e, 0xe0, 0x7, 0x8f,
    0xc7, 0x77, 0x9e, 0xf6, 0x1, 0xff, 0xff, 0xff,
    0xff, 0xc4, 0x0,

    /* U+0043 "C" */
    0x0, 0x3a, 0xef, 0xeb, 0x50, 0x0, 0x6f, 0xfa,
    0x89, 0xef, 0x90, 0x2f, 0xd1, 0x0, 0x0, 0xbf,
    0x48, 0xf4, 0x0, 0x0, 0x2, 0xf9, 0xbf, 0x0,
    0x0, 0x0, 0xe, 0xcc, 0xe0, 0x0, 0x0, 0x0,
    0x0, 0xce, 0x0, 0x0, 0x0, 0x0, 0xc, 0xe0,
    0x0, 0x0, 0x0, 0x0, 0xce, 0x0, 0x0, 0x0,
    0x3, 0x2b, 0xf0, 0x0, 0x0, 0x0, 0xec, 0x8f,
    0x40, 0x0, 0x0, 0x2f, 0x92, 0xfd, 0x10, 0x0,
    0xb, 0xf4, 0x6, 0xff, 0xa8, 0xae, 0xf9, 0x0,
    0x3, 0xae, 0xff, 0xc5, 0x0,

    /* U+0044 "D" */
    0x1f, 0xff, 0xff, 0xfe, 0xb5, 0x0, 0x0, 0x78,
    0xfc, 0x78, 0xae, 0xfb, 0x0, 0x0, 0x1f, 0x90,
    0x0, 0x9, 0xf7, 0x0, 0x1, 0xf9, 0x0, 0x0,
    0xd, 0xe0, 0x0, 0x1f, 0x90, 0x0, 0x0, 0x9f,
    0x10, 0x1, 0xf9, 0x0, 0x0, 0x7, 0xf2, 0x0,
    0x1f, 0x90, 0x0, 0x0, 0x7f, 0x30, 0x1, 0xf9,
    0x0, 0x0, 0x7, 0xf3, 0x0, 0x1f, 0x90, 0x0,
    0x0, 0x7f, 0x20, 0x1, 0xf9, 0x0, 0x0, 0x9,
    0xf1, 0x0, 0x1f, 0x90, 0x0, 0x0, 0xde, 0x0,
    0x1, 0xf9, 0x0, 0x0, 0x9f, 0x70, 0x7, 0x8f,
    0xc7, 0x8a, 0xef, 0xb0, 0x1, 0xff, 0xff, 0xff,
    0xeb, 0x50, 0x0,

    /* U+0045 "E" */
    0x6f, 0xff, 0xff, 0xff, 0xf3, 0x6f, 0xa8, 0x88,
    0x88, 0x81, 0x6f, 0x40, 0x0, 0x0, 0x0, 0x6f,
    0x40, 0x0, 0x0, 0x0, 0x6f, 0x40, 0x0, 0x0,
    0x0, 0x6f, 0x40, 0x0, 0x0, 0x0, 0x6f, 0xa8,
    0x88, 0x88, 0x50, 0x6f, 0xff, 0xff, 0xff, 0xa0,
    0x6f, 0x40, 0x0, 0x0, 0x0, 0x6f, 0x40, 0x0,
    0x0, 0x0, 0x6f, 0x40, 0x0, 0x0, 0x0, 0x6f,
    0x40, 0x0, 0x0, 0x0, 0x6f, 0xa8, 0x88, 0x88,
    0x82, 0x6f, 0xff, 0xff, 0xff, 0xf5,

    /* U+0046 "F" */
    0x6f, 0xff, 0xff, 0xff, 0xf1, 0x6f, 0xa8, 0x88,
    0x88, 0x80, 0x6f, 0x40, 0x0, 0x0, 0x0, 0x6f,
    0x40, 0x0, 0x0, 0x0, 0x6f, 0x40, 0x0, 0x0,
    0x0, 0x6f, 0x40, 0x0, 0x0, 0x0, 0x6f, 0xa8,
    0x88, 0x88, 0x40, 0x6f, 0xff, 0xff, 0xff, 0x80,
    0x6f, 0x40, 0x0, 0x0, 0x0, 0x6f, 0x40, 0x0,
    0x0, 0x0, 0x6f, 0x40, 0x0, 0x0, 0x0, 0x6f,
    0x40, 0x0, 0x0, 0x0, 0x6f, 0x40, 0x0, 0x0,
    0x0, 0x6f, 0x40, 0x0, 0x0, 0x0,

    /* U+0047 "G" */
    0x0, 0x3a, 0xef, 0xec, 0x50, 0x0, 0x6f, 0xfa,
    0x89, 0xdf, 0x90, 0x2f, 0xd1, 0x0, 0x0, 0xbf,
    0x48, 0xf4, 0x0, 0x0, 0x1, 0xf9, 0xbf, 0x0,
    0x0, 0x0, 0x9, 0x7c, 0xe0, 0x0, 0x0, 0x0,
    0x0, 0xce, 0x0, 0x2, 0x22, 0x22, 0x1c, 0xe0,
    0x2, 0xff, 0xff, 0xfb, 0xce, 0x0, 0x5, 0x55,
    0x5f, 0xbb, 0xf0, 0x0, 0x0, 0x0, 0xfb, 0x8f,
    0x40, 0x0, 0x0, 0x4f, 0xb2, 0xfd, 0x10, 0x0,
    0xc, 0xfb, 0x5, 0xff, 0xa8, 0x9e, 0xbd, 0xb0,
    0x3, 0xae, 0xfe, 0x91, 0xcb,

    /* U+0048 "H" */
    0x6f, 0x40, 0x0, 0x0, 0x2f, 0x86, 0xf4, 0x0,
    0x0, 0x2, 0xf8, 0x6f, 0x40, 0x0, 0x0, 0x2f,
    0x86, 0xf4, 0x0, 0x0, 0x2, 0xf8, 0x6f, 0x40,
    0x0, 0x0, 0x2f, 0x86, 0xf4, 0x0, 0x0, 0x2,
    0xf8, 0x6f, 0xa8, 0x88, 0x88, 0x9f, 0x86, 0xff,
    0xff, 0xff, 0xff, 0xf8, 0x6f, 0x40, 0x0, 0x0,
    0x2f, 0x86, 0xf4, 0x0, 0x0, 0x2, 0xf8, 0x6f,
    0x40, 0x0, 0x0, 0x2f, 0x86, 0xf4, 0x0, 0x0,
    0x2, 0xf8, 0x6f, 0x40, 0x0, 0x0, 0x2f, 0x86,
    0xf4, 0x0, 0x0, 0x2, 0xf8,

    /* U+0049 "I" */
    0x6f, 0x46, 0xf4, 0x6f, 0x46, 0xf4, 0x6f, 0x46,
    0xf4, 0x6f, 0x46, 0xf4, 0x6f, 0x46, 0xf4, 0x6f,
    0x46, 0xf4, 0x6f, 0x46, 0xf4,

    /* U+004A "J" */
    0x0, 0x0, 0xa, 0xff, 0xff, 0xf0, 0x0, 0x0,
    0x58, 0x9f, 0xb8, 0x0, 0x0, 0x0, 0x3, 0xf7,
    0x0, 0x0, 0x0, 0x0, 0x3f, 0x70, 0x0, 0x0,
    0x0, 0x3, 0xf7, 0x0, 0x0, 0x0, 0x0, 0x3f,
    0x70, 0x0, 0x0, 0x0, 0x3, 0xf7, 0x0, 0x0,
    0x0, 0x0, 0x3f, 0x70, 0x17, 0x30, 0x0, 0x3,
    0xf7, 0x2, 0xf7, 0x0, 0x0, 0x3f, 0x70, 0x1f,
    0xa0, 0x0, 0x5, 0xf6, 0x0, 0xdf, 0x20, 0x0,
    0xbf, 0x20, 0x4, 0xff, 0xa9, 0xdf, 0xa0, 0x0,
    0x3, 0xbf, 0xfd, 0x80, 0x0,

    /* U+004B "K" */
    0x6f, 0x40, 0x0, 0x2, 0xef, 0x46, 0xf4, 0x0,
    0x1, 0xdf, 0x40, 0x6f, 0x40, 0x1, 0xdf, 0x40,
    0x6, 0xf4, 0x1, 0xdf, 0x40, 0x0, 0x6f, 0x41,
    0xdf, 0x40, 0x0, 0x6, 0xf6, 0xdf, 0x40, 0x0,
    0x0, 0x6f, 0xff, 0x40, 0x0, 0x0, 0x6, 0xfd,
    0xf9, 0x0, 0x0, 0x0, 0x6f, 0x49, 0xf8, 0x0,
    0x0, 0x6, 0xf4, 0xa, 0xf8, 0x0, 0x0, 0x6f,
    0x40, 0xb, 0xf8, 0x0, 0x6, 0xf4, 0x0, 0xb,
    0xf8, 0x0, 0x6f, 0x40, 0x0, 0xb, 0xf7, 0x6,
    0xf4, 0x0, 0x0, 0xc, 0xf7,

    /* U+004C "L" */
    0x6f, 0x40, 0x0, 0x0, 0x0, 0x6f, 0x40, 0x0,
    0x0, 0x0, 0x6f, 0x40, 0x0, 0x0, 0x0, 0x6f,
    0x40, 0x0, 0x0, 0x0, 0x6f, 0x40, 0x0, 0x0,
    0x0, 0x6f, 0x40, 0x0, 0x0, 0x0, 0x6f, 0x40,
    0x0, 0x0, 0x0, 0x6f, 0x40, 0x0, 0x0, 0x0,
    0x6f, 0x40, 0x0, 0x0, 0x0, 0x6f, 0x40, 0x0,
    0x0, 0x0, 0x6f, 0x40, 0x0, 0x0, 0x0, 0x6f,
    0x40, 0x0, 0x0, 0x0, 0x6f, 0xa8, 0x88, 0x88,
    0x82, 0x6f, 0xff, 0xff, 0xff, 0xf5,

    /* U+004D "M" */
    0x6f, 0xfe, 0x0, 0x0, 0x0, 0xa, 0xff, 0xb6,
    0xfa, 0xf3, 0x0, 0x0, 0x0, 0xeb, 0xeb, 0x6f,
    0x5f, 0x80, 0x0, 0x0, 0x3f, 0x6e, 0xb6, 0xf3,
    0xcc, 0x0, 0x0, 0x8, 0xf1, 0xeb, 0x6f, 0x38,
    0xf1, 0x0, 0x0, 0xcd, 0xe, 0xb6, 0xf3, 0x3f,
    0x50, 0x0, 0x1f, 0x80, 0xeb, 0x6f, 0x30, 0xea,
    0x0, 0x5, 0xf3, 0xe, 0xb6, 0xf3, 0xa, 0xe0,
    0x0, 0xaf, 0x0, 0xeb, 0x6f, 0x30, 0x6f, 0x30,
    0xe, 0xa0, 0xe, 0xb6, 0xf3, 0x1, 0xf8, 0x3,
    0xf6, 0x0, 0xeb, 0x6f, 0x30, 0xc, 0xc0, 0x8f,
    0x10, 0xe, 0xb6, 0xf3, 0x0, 0x8f, 0x1c, 0xc0,
    0x0, 0xeb, 0x6f, 0x30, 0x3, 0xf7, 0xf8, 0x0,
    0xe, 0xb6, 0xf3, 0x0, 0xe, 0xff, 0x30, 0x0,
    0xeb,

    /* U+004E "N" */
    0x6f, 0xff, 0x10, 0x0, 0xf, 0xa6, 0xf8, 0xf6,
    0x0, 0x0, 0xfa, 0x6f, 0x4e, 0xc0, 0x0, 0xf,
    0xa6, 0xf4, 0x8f, 0x20, 0x0, 0xfa, 0x6f, 0x42,
    0xf8, 0x0, 0xf, 0xa6, 0xf4, 0xc, 0xe0, 0x0,
    0xfa, 0x6f, 0x40, 0x6f, 0x40, 0xf, 0xa6, 0xf4,
    0x1, 0xfa, 0x0, 0xfa, 0x6f, 0x40, 0xa, 0xf1,
    0xf, 0xa6, 0xf4, 0x0, 0x4f, 0x60, 0xfa, 0x6f,
    0x40, 0x0, 0xec, 0xf, 0xa6, 0xf4, 0x0, 0x8,
    0xf2, 0xfa, 0x6f, 0x40, 0x0, 0x2f, 0x9f, 0xa6,
    0xf4, 0x0, 0x0, 0xcf, 0xfa,

    /* U+004F "O" */
    0x0, 0x3a, 0xef, 0xec, 0x60, 0x0, 0x6, 0xff,
    0xa8, 0x9d, 0xfb, 0x0, 0x2f, 0xd1, 0x0, 0x0,
    0x9f, 0x80, 0x8f, 0x40, 0x0, 0x0, 0xe, 0xe0,
    0xbf, 0x0, 0x0, 0x0, 0xa, 0xf1, 0xce, 0x0,
    0x0, 0x0, 0x8, 0xf2, 0xce, 0x0, 0x0, 0x0,
    0x8, 0xf3, 0xce, 0x0, 0x0, 0x0, 0x8, 0xf3,
    0xce, 0x0, 0x0, 0x0, 0x8, 0xf2, 0xbf, 0x0,
    0x0, 0x0, 0xa, 0xf1, 0x8f, 0x40, 0x0, 0x0,
    0xe, 0xe0, 0x2f, 0xd1, 0x0, 0x0, 0x9f, 0x80,
    0x6, 0xff, 0xa8, 0x9d, 0xfb, 0x0, 0x0, 0x3a,
    0xef, 0xfc, 0x60, 0x0,

    /* U+0050 "P" */
    0x6f, 0xff, 0xff, 0xfc, 0x40, 0x6, 0xfa, 0x88,
    0x89, 0xef, 0x70, 0x6f, 0x40, 0x0, 0x0, 0xdf,
    0x16, 0xf4, 0x0, 0x0, 0x6, 0xf4, 0x6f, 0x40,
    0x0, 0x0, 0x5f, 0x56, 0xf4, 0x0, 0x0, 0x9,
    0xf3, 0x6f, 0x40, 0x0, 0x17, 0xfc, 0x6, 0xff,
    0xff, 0xff, 0xfc, 0x10, 0x6f, 0xa8, 0x87, 0x74,
    0x0, 0x6, 0xf4, 0x0, 0x0, 0x0, 0x0, 0x6f,
    0x40, 0x0, 0x0, 0x0, 0x6, 0xf4, 0x0, 0x0,
    0x0, 0x0, 0x6f, 0x40, 0x0, 0x0, 0x0, 0x6,
    0xf4, 0x0, 0x0, 0x0, 0x0,

    /* U+0051 "Q" */
    0x0, 0x2a, 0xef, 0xec, 0x50, 0x0, 0x5, 0xff,
    0xa8, 0x9d, 0xfa, 0x0, 0x1f, 0xe2, 0x0, 0x0,
    0x9f, 0x70, 0x8f, 0x50, 0x0, 0x0, 0xe, 0xe0,
    0xbf, 0x0, 0x0, 0x0, 0xa, 0xf1, 0xce, 0x0,
    0x0, 0x0, 0x8, 0xf2, 0xce, 0x0, 0x0, 0x0,
    0x8, 0xf3, 0xce, 0x0, 0x0, 0x0, 0x8, 0xf3,
    0xce, 0x0, 0x0, 0x0, 0x8, 0xf2, 0xbf, 0x0,
    0x0, 0x0, 0x9, 0xf2, 0x9f, 0x20, 0x0, 0x0,
    0xc, 0xf0, 0x4f, 0xb0, 0x0, 0x0, 0x5f, 0xa0,
    0xa, 0xfb, 0x42, 0x38, 0xfe, 0x10, 0x0, 0x8f,
    0xff, 0xff, 0xb2, 0x0, 0x0, 0x0, 0x5f, 0xa1,
    0x0, 0x0, 0x0, 0x0, 0x2f, 0xa1, 0x0, 0x0,
    0x0, 0x0, 0xd, 0xff, 0x60, 0x0, 0x0, 0x0,
    0x0, 0x44, 0x10, 0x0,

    /* U+0052 "R" */
    0x6f, 0xff, 0xff, 0xfd, 0x80, 0x6, 0xfa, 0x88,
    0x88, 0xcf, 0xd0, 0x6f, 0x40, 0x0, 0x0, 0x9f,
    0x66, 0xf4, 0x0, 0x0, 0x2, 0xf9, 0x6f, 0x40,
    0x0, 0x0, 0xf, 0x96, 0xf4, 0x0, 0x0, 0x4,
    0xf5, 0x6f, 0x40, 0x0, 0x4, 0xeb, 0x6, 0xff,
    0xff, 0xff, 0xfc, 0x20, 0x6f, 0xa8, 0x88, 0x89,
    0xfe, 0x6, 0xf4, 0x0, 0x0, 0x9, 0xf1, 0x6f,
    0x40, 0x0, 0x0, 0x9f, 0x16, 0xf4, 0x0, 0x0,
    0x9, 0xf1, 0x6f, 0x40, 0x0, 0x0, 0x9f, 0x16,
    0xf4, 0x0, 0x0, 0x9, 0xf1,

    /* U+0053 "S" */
    0x0, 0x8, 0xdf, 0xfd, 0x81, 0x0, 0x0, 0xdf,
    0xb8, 0x8b, 0xfe, 0x10, 0x7, 0xf6, 0x0, 0x0,
    0x4f, 0xa0, 0xa, 0xf0, 0x0, 0x0, 0xc, 0xe0,
    0x9, 0xf2, 0x0, 0x0, 0xa, 0xf0, 0x2, 0xfe,
    0x61, 0x0, 0x0, 0x0, 0x0, 0x3c, 0xff, 0xd8,
    0x30, 0x0, 0x0, 0x0, 0x26, 0xaf, 0xfc, 0x20,
    0x2, 0x10, 0x0, 0x0, 0x5f, 0xd0, 0xf, 0xa0,
    0x0, 0x0, 0x7, 0xf3, 0xe, 0xd0, 0x0, 0x0,
    0x7, 0xf3, 0x8, 0xf7, 0x0, 0x0, 0x1e, 0xe0,
    0x0, 0xcf, 0xc8, 0x79, 0xff, 0x50, 0x0, 0x6,
    0xce, 0xfe, 0xa2, 0x0,

    /* U+0054 "T" */
    0x7f, 0xff, 0xff, 0xff, 0xff, 0xf3, 0x38, 0x88,
    0x8f, 0xd8, 0x88, 0x81, 0x0, 0x0, 0xf, 0xb0,
    0x0, 0x0, 0x0, 0x0, 0xf, 0xb0, 0x0, 0x0,
    0x0, 0x0, 0xf, 0xb0, 0x0, 0x0, 0x0, 0x0,
    0xf, 0xb0, 0x0, 0x0, 0x0, 0x0, 0xf, 0xb0,
    0x0, 0x0, 0x0, 0x0, 0xf, 0xb0, 0x0, 0x0,
    0x0, 0x0, 0xf, 0xb0, 0x0, 0x0, 0x0, 0x0,
    0xf, 0xb0, 0x0, 0x0, 0x0, 0x0, 0xf, 0xb0,
    0x0, 0x0, 0x0, 0x0, 0xf, 0xb0, 0x0, 0x0,
    0x0, 0x0, 0xf, 0xb0, 0x0, 0x0, 0x0, 0x0,
    0xf, 0xb0, 0x0, 0x0,

    /* U+0055 "U" */
    0x8f, 0x30, 0x0, 0x0, 0xd, 0xd8, 0xf3, 0x0,
    0x0, 0x0, 0xdd, 0x8f, 0x30, 0x0, 0x0, 0xd,
    0xd8, 0xf3, 0x0, 0x0, 0x0, 0xdd, 0x8f, 0x30,
    0x0, 0x0, 0xd, 0xd8, 0xf3, 0x0, 0x0, 0x0,
    0xdd, 0x8f, 0x30, 0x0, 0x0, 0xd, 0xd8, 0xf3,
    0x0, 0x0, 0x0, 0xdd, 0x8f, 0x30, 0x0, 0x0,
    0xd, 0xd7, 0xf3, 0x0, 0x0, 0x0, 0xed, 0x5f,
    0x60, 0x0, 0x0, 0x1f, 0xa1, 0xfe, 0x20, 0x0,
    0xa, 0xf5, 0x5, 0xff, 0xa8, 0x9e, 0xfa, 0x0,
    0x3, 0xae, 0xff, 0xc5, 0x0,

    /* U+0056 "V" */
    0x5f, 0x60, 0x0, 0x0, 0x0, 0xfb, 0x1f, 0xa0,
    0x0, 0x0, 0x4, 0xf6, 0xb, 0xf0, 0x0, 0x0,
    0x9, 0xf1, 0x7, 0xf4, 0x0, 0x0, 0xe, 0xd0,
    0x2, 0xf8, 0x0, 0x0, 0x3f, 0x80, 0x0, 0xdd,
    0x0, 0x0, 0x7f, 0x30, 0x0, 0x8f, 0x20, 0x0,
    0xce, 0x0, 0x0, 0x3f, 0x70, 0x1, 0xf9, 0x0,
    0x0, 0xe, 0xb0, 0x5, 0xf4, 0x0, 0x0, 0xa,
    0xf0, 0xa, 0xf0, 0x0, 0x0, 0x5, 0xf5, 0xe,
    0xb0, 0x0, 0x0, 0x0, 0xf9, 0x4f, 0x60, 0x0,
    0x0, 0x0, 0xbe, 0x8f, 0x10, 0x0, 0x0, 0x0,
    0x6f, 0xfc, 0x0, 0x0,

    /* U+0057 "W" */
    0x3f, 0x70, 0x0, 0xd, 0xff, 0x50, 0x0, 0xf,
    0xa0, 0xfa, 0x0, 0x0, 0xf8, 0xf8, 0x0, 0x2,
    0xf8, 0xd, 0xc0, 0x0, 0x3f, 0x5c, 0xc0, 0x0,
    0x4f, 0x50, 0xbf, 0x0, 0x6, 0xf2, 0x9f, 0x0,
    0x7, 0xf3, 0x8, 0xf1, 0x0, 0xae, 0x6, 0xf2,
    0x0, 0x9f, 0x0, 0x5f, 0x40, 0xd, 0xb0, 0x3f,
    0x50, 0xc, 0xd0, 0x3, 0xf6, 0x0, 0xf8, 0x0,
    0xf8, 0x0, 0xeb, 0x0, 0xf, 0x90, 0x3f, 0x50,
    0xc, 0xb0, 0x1f, 0x80, 0x0, 0xeb, 0x6, 0xf2,
    0x0, 0x9e, 0x3, 0xf6, 0x0, 0xb, 0xe0, 0xae,
    0x0, 0x6, 0xf2, 0x6f, 0x30, 0x0, 0x8f, 0xd,
    0xb0, 0x0, 0x3f, 0x58, 0xf0, 0x0, 0x6, 0xf3,
    0xf8, 0x0, 0x0, 0xf8, 0xbe, 0x0, 0x0, 0x3f,
    0x9f, 0x50, 0x0, 0xd, 0xbd, 0xb0, 0x0, 0x1,
    0xff, 0xf2, 0x0, 0x0, 0x9f, 0xf9, 0x0,

    /* U+0058 "X" */
    0x1e, 0xe1, 0x0, 0x0, 0x3, 0xfb, 0x0, 0x5f,
    0xa0, 0x0, 0x0, 0xdf, 0x10, 0x0, 0xaf, 0x40,
    0x0, 0x8f, 0x60, 0x0, 0x1, 0xed, 0x0, 0x2f,
    0xc0, 0x0, 0x0, 0x5, 0xf8, 0xc, 0xf2, 0x0,
    0x0, 0x0, 0xb, 0xf9, 0xf7, 0x0, 0x0, 0x0,
    0x0, 0x1f, 0xfd, 0x0, 0x0, 0x0, 0x0, 0x4,
    0xff, 0xe1, 0x0, 0x0, 0x0, 0x0, 0xde, 0x4f,
    0xa0, 0x0, 0x0, 0x0, 0x8f, 0x50, 0x9f, 0x40,
    0x0, 0x0, 0x2f, 0xb0, 0x1, 0xed, 0x0, 0x0,
    0xc, 0xf2, 0x0, 0x5, 0xf8, 0x0, 0x6, 0xf8,
    0x0, 0x0, 0xc, 0xf3, 0x1, 0xfd, 0x0, 0x0,
    0x0, 0x2f, 0xc0,

    /* U+0059 "Y" */
    0x6f, 0x70, 0x0, 0x0, 0x4, 0xfa, 0xd, 0xf1,
    0x0, 0x0, 0xd, 0xf1, 0x4, 0xf9, 0x0, 0x0,
    0x6f, 0x70, 0x0, 0xbf, 0x20, 0x0, 0xee, 0x0,
    0x0, 0x2f, 0xb0, 0x8, 0xf5, 0x0, 0x0, 0x9,
    0xf4, 0x1f, 0xc0, 0x0, 0x0, 0x1, 0xec, 0xaf,
    0x30, 0x0, 0x0, 0x0, 0x6f, 0xfa, 0x0, 0x0,
    0x0, 0x0, 0xd, 0xf1, 0x0, 0x0, 0x0, 0x0,
    0xb, 0xf0, 0x0, 0x0, 0x0, 0x0, 0xb, 0xf0,
    0x0, 0x0, 0x0, 0x0, 0xb, 0xf0, 0x0, 0x0,
    0x0, 0x0, 0xb, 0xf0, 0x0, 0x0, 0x0, 0x0,
    0xb, 0xf0, 0x0, 0x0,

    /* U+005A "Z" */
    0xcf, 0xff, 0xff, 0xff, 0xf7, 0x57, 0x77, 0x77,
    0x79, 0xf7, 0x0, 0x0, 0x0, 0xc, 0xf3, 0x0,
    0x0, 0x0, 0x9f, 0x70, 0x0, 0x0, 0x5, 0xfa,
    0x0, 0x0, 0x0, 0x2f, 0xd0, 0x0, 0x0, 0x0,
    0xdf, 0x20, 0x0, 0x0, 0xa, 0xf5, 0x0, 0x0,
    0x0, 0x7f, 0x90, 0x0, 0x0, 0x3, 0xfc, 0x0,
    0x0, 0x0, 0x1e, 0xe1, 0x0, 0x0, 0x0, 0xcf,
    0x40, 0x0, 0x0, 0x0, 0xfd, 0x77, 0x77, 0x77,
    0x74, 0xff, 0xff, 0xff, 0xff, 0xfa,

    /* U+005B "[" */
    0x0, 0x11, 0x10, 0x1d, 0xff, 0xf5, 0x5f, 0x74,
    0x41, 0x5f, 0x30, 0x0, 0x5f, 0x30, 0x0, 0x5f,
    0x30, 0x0, 0x5f, 0x30, 0x0, 0x5f, 0x30, 0x0,
    0x5f, 0x30, 0x0, 0x5f, 0x30, 0x0, 0x5f, 0x30,
    0x0, 0x5f, 0x30, 0x0, 0x5f, 0x30, 0x0, 0x5f,
    0x30, 0x0, 0x5f, 0x30, 0x0, 0x5f, 0x30, 0x0,
    0x5f, 0x30, 0x0, 0x5f, 0x30, 0x0, 0x5f, 0x51,
    0x10, 0x2f, 0xff, 0xf5, 0x1, 0x44, 0x41,

    /* U+005C "\\" */
    0xe, 0xb0, 0x0, 0x0, 0x0, 0x9f, 0x0, 0x0,
    0x0, 0x3, 0xf5, 0x0, 0x0, 0x0, 0xe, 0xb0,
    0x0, 0x0, 0x0, 0x9f, 0x0, 0x0, 0x0, 0x4,
    0xf5, 0x0, 0x0, 0x0, 0xe, 0xa0, 0x0, 0x0,
    0x0, 0x9f, 0x0, 0x0, 0x0, 0x4, 0xf5, 0x0,
    0x0, 0x0, 0xf, 0xa0, 0x0, 0x0, 0x0, 0xaf,
    0x0, 0x0, 0x0, 0x4, 0xf4, 0x0, 0x0, 0x0,
    0xf, 0xa0, 0x0, 0x0, 0x0, 0xae, 0x0, 0x0,
    0x0, 0x5, 0xf4, 0x0, 0x0, 0x0, 0xf, 0x90,
    0x0, 0x0, 0x0, 0xae, 0x0, 0x0, 0x0, 0x5,
    0xf4,

    /* U+005D "]" */
    0x1, 0x11, 0x0, 0xaf, 0xff, 0xa0, 0x24, 0x4b,
    0xf0, 0x0, 0x7, 0xf1, 0x0, 0x7, 0xf1, 0x0,
    0x7, 0xf1, 0x0, 0x7, 0xf1, 0x0, 0x7, 0xf1,
    0x0, 0x7, 0xf1, 0x0, 0x7, 0xf1, 0x0, 0x7,
    0xf1, 0x0, 0x7, 0xf1, 0x0, 0x7, 0xf1, 0x0,
    0x7, 0xf1, 0x0, 0x7, 0xf1, 0x0, 0x7, 0xf1,
    0x0, 0x7, 0xf1, 0x0, 0x7, 0xf1, 0x1, 0x19,
    0xf0, 0xaf, 0xff, 0xc0, 0x24, 0x44, 0x0,

    /* U+005E "^" */
    0x0, 0x5, 0xff, 0xa0, 0x0, 0x0, 0xe, 0xd7,
    0xf5, 0x0, 0x0, 0x9f, 0x40, 0xde, 0x0, 0x3,
    0xfa, 0x0, 0x3f, 0x90, 0xc, 0xf1, 0x0, 0xa,
    0xf3, 0x3a, 0x50, 0x0, 0x1, 0x97,

    /* U+005F "_" */
    0x12, 0x22, 0x22, 0x22, 0x21, 0x7f, 0xff, 0xff,
    0xff, 0xfd, 0x25, 0x55, 0x55, 0x55, 0x54,

    /* U+0060 "`" */
    0x58, 0x10, 0x3f, 0x90, 0x6, 0xf3,

    /* U+0061 "a" */
    0x1, 0x9e, 0xfd, 0x91, 0x0, 0x1d, 0xe8, 0x68,
    0xed, 0x0, 0x7f, 0x30, 0x0, 0x3f, 0x60, 0x1,
    0x0, 0x0, 0xf, 0x80, 0x8, 0xef, 0xff, 0xff,
    0x80, 0x9f, 0x84, 0x33, 0x4f, 0x80, 0xfa, 0x0,
    0x0, 0x3f, 0x80, 0xeb, 0x0, 0x0, 0xaf, 0x80,
    0x8f, 0xa6, 0x7c, 0xde, 0xc5, 0x7, 0xdf, 0xea,
    0x27, 0xff,

    /* U+0062 "b" */
    0x5f, 0x30, 0x0, 0x0, 0x0, 0x5, 0xf3, 0x0,
    0x0, 0x0, 0x0, 0x5f, 0x30, 0x0, 0x0, 0x0,
    0x5, 0xf3, 0x0, 0x0, 0x0, 0x0, 0x5f, 0x36,
    0xcf, 0xfc, 0x40, 0x5, 0xfc, 0xf9, 0x78, 0xef,
    0x70, 0x5f, 0xf2, 0x0, 0x0, 0xcf, 0x25, 0xf7,
    0x0, 0x0, 0x3, 0xf8, 0x5f, 0x40, 0x0, 0x0,
    0xf, 0xa5, 0xf4, 0x0, 0x0, 0x0, 0xfa, 0x5f,
    0x70, 0x0, 0x0, 0x3f, 0x85, 0xff, 0x20, 0x0,
    0xc, 0xf2, 0x5f, 0x6e, 0x96, 0x8e, 0xf7, 0x5,
    0xf3, 0x3b, 0xff, 0xc4, 0x0,

    /* U+0063 "c" */
    0x0, 0x4b, 0xef, 0xd7, 0x0, 0x8, 0xfd, 0x77,
    0xaf, 0xc0, 0x3f, 0xa0, 0x0, 0x5, 0xf7, 0x9f,
    0x10, 0x0, 0x0, 0xb8, 0xcc, 0x0, 0x0, 0x0,
    0x0, 0xcc, 0x0, 0x0, 0x0, 0x0, 0x9f, 0x0,
    0x0, 0x0, 0xb9, 0x3f, 0xa0, 0x0, 0x5, 0xf7,
    0x8, 0xfd, 0x87, 0xaf, 0xc0, 0x0, 0x4b, 0xef,
    0xd7, 0x0,

    /* U+0064 "d" */
    0x0, 0x0, 0x0, 0x0, 0x5f, 0x30, 0x0, 0x0,
    0x0, 0x5, 0xf3, 0x0, 0x0, 0x0, 0x0, 0x5f,
    0x30, 0x0, 0x0, 0x0, 0x5, 0xf3, 0x0, 0x6c,
    0xff, 0xc5, 0x5f, 0x30, 0x9f, 0xd8, 0x7a, 0xfc,
    0xf3, 0x4f, 0xa0, 0x0, 0x4, 0xff, 0x3a, 0xf1,
    0x0, 0x0, 0xa, 0xf3, 0xcd, 0x0, 0x0, 0x0,
    0x6f, 0x3c, 0xd0, 0x0, 0x0, 0x6, 0xf3, 0xaf,
    0x10, 0x0, 0x0, 0xaf, 0x34, 0xfa, 0x0, 0x0,
    0x4f, 0xf3, 0x9, 0xfd, 0x87, 0xae, 0x6f, 0x30,
    0x6, 0xcf, 0xea, 0x25, 0xf3,

    /* U+0065 "e" */
    0x0, 0x5c, 0xef, 0xc6, 0x0, 0x8, 0xfb, 0x77,
    0xbf, 0x90, 0x4f, 0x70, 0x0, 0x7, 0xf4, 0x9f,
    0x10, 0x0, 0x1, 0xf9, 0xcf, 0xff, 0xff, 0xff,
    0xfb, 0xce, 0x33, 0x33, 0x33, 0x32, 0xaf, 0x0,
    0x0, 0x0, 0x20, 0x4f, 0xa0, 0x0, 0x6, 0xf4,
    0x8, 0xfd, 0x86, 0xaf, 0xb0, 0x0, 0x5b, 0xef,
    0xd7, 0x0,

    /* U+0066 "f" */
    0x0, 0x1, 0xcf, 0xfc, 0x0, 0x0, 0x6f, 0x85,
    0x40, 0x0, 0x6, 0xf2, 0x0, 0x0, 0x0, 0x6f,
    0x20, 0x0, 0x6f, 0xff, 0xff, 0xff, 0x32, 0x66,
    0xaf, 0x76, 0x61, 0x0, 0x6, 0xf2, 0x0, 0x0,
    0x0, 0x6f, 0x20, 0x0, 0x0, 0x6, 0xf2, 0x0,
    0x0, 0x0, 0x6f, 0x20, 0x0, 0x0, 0x6, 0xf2,
    0x0, 0x0, 0x0, 0x6f, 0x20, 0x0, 0x0, 0x6,
    0xf2, 0x0, 0x0, 0x0, 0x6f, 0x20, 0x0,

    /* U+0067 "g" */
    0x0, 0x6c, 0xfe, 0xa2, 0x5f, 0x30, 0x9f, 0xd8,
    0x7a, 0xe6, 0xf3, 0x4f, 0xa0, 0x0, 0x4, 0xff,
    0x3a, 0xf1, 0x0, 0x0, 0xa, 0xf3, 0xcd, 0x0,
    0x0, 0x0, 0x6f, 0x3c, 0xd0, 0x0, 0x0, 0x6,
    0xf3, 0xaf, 0x10, 0x0, 0x0, 0xaf, 0x34, 0xfa,
    0x0, 0x0, 0x4f, 0xf3, 0x9, 0xfd, 0x87, 0xaf,
    0xbf, 0x30, 0x6, 0xcf, 0xfc, 0x45, 0xf3, 0x0,
    0x0, 0x0, 0x0, 0x5f, 0x30, 0x0, 0x0, 0x0,
    0x5, 0xf3, 0x1, 0x66, 0x66, 0x66, 0xbf, 0x20,
    0x3f, 0xff, 0xff, 0xff, 0xa0,

    /* U+0068 "h" */
    0x5f, 0x30, 0x0, 0x0, 0x0, 0x5f, 0x30, 0x0,
    0x0, 0x0, 0x5f, 0x30, 0x0, 0x0, 0x0, 0x5f,
    0x30, 0x0, 0x0, 0x0, 0x5f, 0x34, 0xcf, 0xea,
    0x10, 0x5f, 0x9f, 0x86, 0x9f, 0xd1, 0x5f, 0xf2,
    0x0, 0x4, 0xf7, 0x5f, 0x80, 0x0, 0x0, 0xfa,
    0x5f, 0x40, 0x0, 0x0, 0xdb, 0x5f, 0x30, 0x0,
    0x0, 0xdb, 0x5f, 0x30, 0x0, 0x0, 0xdb, 0x5f,
    0x30, 0x0, 0x0, 0xdb, 0x5f, 0x30, 0x0, 0x0,
    0xdb, 0x5f, 0x30, 0x0, 0x0, 0xdb,

    /* U+0069 "i" */
    0x7f, 0x5a, 0xf9, 0x15, 0x0, 0x0, 0x5f, 0x35,
    0xf3, 0x5f, 0x35, 0xf3, 0x5f, 0x35, 0xf3, 0x5f,
    0x35, 0xf3, 0x5f, 0x35, 0xf3,

    /* U+006A "j" */
    0x0, 0x6f, 0x60, 0xa, 0xf9, 0x0, 0x15, 0x10,
    0x0, 0x0, 0x0, 0x4f, 0x40, 0x4, 0xf4, 0x0,
    0x4f, 0x40, 0x4, 0xf4, 0x0, 0x4f, 0x40, 0x4,
    0xf4, 0x0, 0x4f, 0x40, 0x4, 0xf4, 0x0, 0x4f,
    0x40, 0x4, 0xf4, 0x0, 0x4f, 0x40, 0x4, 0xf4,
    0x16, 0xaf, 0x34, 0xff, 0xb0,

    /* U+006B "k" */
    0x5f, 0x30, 0x0, 0x0, 0x0, 0x5f, 0x30, 0x0,
    0x0, 0x0, 0x5f, 0x30, 0x0, 0x0, 0x0, 0x5f,
    0x30, 0x0, 0x0, 0x0, 0x5f, 0x30, 0x0, 0x9f,
    0x90, 0x5f, 0x30, 0xb, 0xf7, 0x0, 0x5f, 0x31,
    0xcf, 0x40, 0x0, 0x5f, 0x7e, 0xe2, 0x0, 0x0,
    0x5f, 0xff, 0x10, 0x0, 0x0, 0x5f, 0x9f, 0xb0,
    0x0, 0x0, 0x5f, 0x35, 0xfb, 0x0, 0x0, 0x5f,
    0x30, 0x5f, 0xb0, 0x0, 0x5f, 0x30, 0x5, 0xfc,
    0x0, 0x5f, 0x30, 0x0, 0x5f, 0xc0,

    /* U+006C "l" */
    0x5f, 0x35, 0xf3, 0x5f, 0x35, 0xf3, 0x5f, 0x35,
    0xf3, 0x5f, 0x35, 0xf3, 0x5f, 0x35, 0xf3, 0x5f,
    0x35, 0xf3, 0x5f, 0x35, 0xf3,

    /* U+006D "m" */
    0x5f, 0x49, 0xef, 0xb2, 0x7, 0xef, 0xc3, 0x5,
    0xfe, 0x83, 0x5e, 0xd8, 0xa3, 0x4c, 0xf2, 0x5f,
    0x90, 0x0, 0x5f, 0xc0, 0x0, 0x1f, 0x75, 0xf4,
    0x0, 0x2, 0xf8, 0x0, 0x0, 0xfa, 0x5f, 0x30,
    0x0, 0x2f, 0x70, 0x0, 0xf, 0xa5, 0xf3, 0x0,
    0x2, 0xf7, 0x0, 0x0, 0xfa, 0x5f, 0x30, 0x0,
    0x2f, 0x70, 0x0, 0xf, 0xa5, 0xf3, 0x0, 0x2,
    0xf7, 0x0, 0x0, 0xfa, 0x5f, 0x30, 0x0, 0x2f,
    0x70, 0x0, 0xf, 0xa5, 0xf3, 0x0, 0x2, 0xf7,
    0x0, 0x0, 0xfa,

    /* U+006E "n" */
    0x5f, 0x36, 0xdf, 0xea, 0x10, 0x5f, 0xad, 0x53,
    0x6e, 0xd1, 0x5f, 0xe0, 0x0, 0x3, 0xf7, 0x5f,
    0x70, 0x0, 0x0, 0xea, 0x5f, 0x40, 0x0, 0x0,
    0xdb, 0x5f, 0x30, 0x0, 0x0, 0xdb, 0x5f, 0x30,
    0x0, 0x0, 0xdb, 0x5f, 0x30, 0x0, 0x0, 0xdb,
    0x5f, 0x30, 0x0, 0x0, 0xdb, 0x5f, 0x30, 0x0,
    0x0, 0xdb,

    /* U+006F "o" */
    0x0, 0x4b, 0xef, 0xd7, 0x0, 0x0, 0x8f, 0xd8,
    0x7a, 0xfd, 0x0, 0x3f, 0xa0, 0x0, 0x5, 0xf9,
    0x9, 0xf1, 0x0, 0x0, 0xa, 0xf0, 0xcd, 0x0,
    0x0, 0x0, 0x7f, 0x2c, 0xd0, 0x0, 0x0, 0x7,
    0xf2, 0x9f, 0x10, 0x0, 0x0, 0xaf, 0x4, 0xfa,
    0x0, 0x0, 0x5f, 0x90, 0x8, 0xfd, 0x87, 0xbf,
    0xd1, 0x0, 0x5, 0xbe, 0xfd, 0x80, 0x0,

    /* U+0070 "p" */
    0x5f, 0x33, 0xbe, 0xfc, 0x40, 0x5, 0xf6, 0xf9,
    0x78, 0xef, 0x70, 0x5f, 0xf2, 0x0, 0x0, 0xcf,
    0x25, 0xf7, 0x0, 0x0, 0x3, 0xf8, 0x5f, 0x40,
    0x0, 0x0, 0xf, 0xa5, 0xf4, 0x0, 0x0, 0x0,
    0xfa, 0x5f, 0x70, 0x0, 0x0, 0x3f, 0x85, 0xff,
    0x20, 0x0, 0xc, 0xf2, 0x5f, 0xcf, 0x96, 0x8e,
    0xf7, 0x5, 0xf3, 0x6c, 0xff, 0xc4, 0x0, 0x5f,
    0x30, 0x0, 0x0, 0x0, 0x5, 0xf3, 0x0, 0x0,
    0x0, 0x0, 0x5f, 0x30, 0x0, 0x0, 0x0, 0x5,
    0xf3, 0x0, 0x0, 0x0, 0x0,

    /* U+0071 "q" */
    0x0, 0x6c, 0xfe, 0xa2, 0x5f, 0x30, 0x9f, 0xd8,
    0x7a, 0xe6, 0xf3, 0x4f, 0xa0, 0x0, 0x4, 0xff,
    0x3a, 0xf1, 0x0, 0x0, 0xa, 0xf3, 0xcd, 0x0,
    0x0, 0x0, 0x6f, 0x3c, 0xd0, 0x0, 0x0, 0x6,
    0xf3, 0xaf, 0x10, 0x0, 0x0, 0xaf, 0x34, 0xfa,
    0x0, 0x0, 0x4f, 0xf3, 0x9, 0xfd, 0x87, 0xaf,
    0xcf, 0x30, 0x6, 0xcf, 0xfc, 0x55, 0xf3, 0x0,
    0x0, 0x0, 0x0, 0x5f, 0x30, 0x0, 0x0, 0x0,
    0x5, 0xf3, 0x0, 0x0, 0x0, 0x0, 0x5f, 0x30,
    0x0, 0x0, 0x0, 0x5, 0xf3,

    /* U+0072 "r" */
    0x5f, 0x5c, 0xfd, 0x5f, 0xea, 0x65, 0x5f, 0x90,
    0x0, 0x5f, 0x40, 0x0, 0x5f, 0x30, 0x0, 0x5f,
    0x30, 0x0, 0x5f, 0x30, 0x0, 0x5f, 0x30, 0x0,
    0x5f, 0x30, 0x0, 0x5f, 0x30, 0x0,

    /* U+0073 "s" */
    0x4, 0xbe, 0xfd, 0x60, 0x3, 0xfc, 0x65, 0x9f,
    0x90, 0x8f, 0x10, 0x0, 0x8e, 0x6, 0xf6, 0x0,
    0x0, 0x0, 0x9, 0xfe, 0xb8, 0x40, 0x0, 0x1,
    0x59, 0xcf, 0xc0, 0x76, 0x0, 0x0, 0x4f, 0x6a,
    0xe1, 0x0, 0x2, 0xf7, 0x2f, 0xe7, 0x56, 0xdf,
    0x20, 0x29, 0xdf, 0xea, 0x30,

    /* U+0074 "t" */
    0x0, 0x7, 0xf1, 0x0, 0x0, 0x0, 0x7f, 0x10,
    0x0, 0x0, 0x7, 0xf1, 0x0, 0x6, 0xff, 0xff,
    0xff, 0xf4, 0x26, 0x6a, 0xf6, 0x66, 0x10, 0x0,
    0x7f, 0x10, 0x0, 0x0, 0x7, 0xf1, 0x0, 0x0,
    0x0, 0x7f, 0x10, 0x0, 0x0, 0x7, 0xf1, 0x0,
    0x0, 0x0, 0x7f, 0x10, 0x0, 0x0, 0x7, 0xf1,
    0x0, 0x0, 0x0, 0x7f, 0x86, 0x50, 0x0, 0x1,
    0xdf, 0xfd, 0x0,

    /* U+0075 "u" */
    0x7f, 0x20, 0x0, 0x0, 0xf9, 0x7f, 0x20, 0x0,
    0x0, 0xf9, 0x7f, 0x20, 0x0, 0x0, 0xf9, 0x7f,
    0x20, 0x0, 0x0, 0xf9, 0x7f, 0x20, 0x0, 0x0,
    0xf9, 0x7f, 0x20, 0x0, 0x0, 0xf9, 0x6f, 0x30,
    0x0, 0x3, 0xf9, 0x3f, 0x80, 0x0, 0xc, 0xf9,
    0xb, 0xfa, 0x67, 0xd9, 0xf9, 0x0, 0x8e, 0xfd,
    0x70, 0xf9,

    /* U+0076 "v" */
    0x3f, 0x70, 0x0, 0x0, 0xaf, 0x0, 0xdd, 0x0,
    0x0, 0xf, 0xa0, 0x7, 0xf2, 0x0, 0x5, 0xf4,
    0x0, 0x2f, 0x70, 0x0, 0xae, 0x0, 0x0, 0xcd,
    0x0, 0xf, 0x90, 0x0, 0x7, 0xf2, 0x5, 0xf3,
    0x0, 0x0, 0x1f, 0x70, 0xae, 0x0, 0x0, 0x0,
    0xbd, 0xf, 0x80, 0x0, 0x0, 0x6, 0xf8, 0xf2,
    0x0, 0x0, 0x0, 0x1f, 0xfd, 0x0, 0x0,

    /* U+0077 "w" */
    0xdb, 0x0, 0x6, 0xff, 0x60, 0x0, 0xbd, 0xae,
    0x0, 0xa, 0xcc, 0xa0, 0x0, 0xea, 0x7f, 0x10,
    0xe, 0x88, 0xe0, 0x1, 0xf7, 0x4f, 0x40, 0x2f,
    0x44, 0xf2, 0x4, 0xf4, 0x1f, 0x70, 0x6f, 0x0,
    0xf6, 0x7, 0xf1, 0xd, 0xa0, 0x9c, 0x0, 0xca,
    0xa, 0xe0, 0xa, 0xd0, 0xd8, 0x0, 0x8d, 0xd,
    0xa0, 0x7, 0xf1, 0xf5, 0x0, 0x4f, 0x2f, 0x70,
    0x4, 0xf8, 0xf1, 0x0, 0x1f, 0x8f, 0x40, 0x1,
    0xff, 0xd0, 0x0, 0xd, 0xff, 0x10,

    /* U+0078 "x" */
    0xa, 0xf3, 0x0, 0x0, 0x6f, 0x80, 0xd, 0xe1,
    0x0, 0x2f, 0xc0, 0x0, 0x2f, 0xb0, 0xc, 0xe1,
    0x0, 0x0, 0x6f, 0x68, 0xf4, 0x0, 0x0, 0x0,
    0x9f, 0xf7, 0x0, 0x0, 0x0, 0x9, 0xff, 0x70,
    0x0, 0x0, 0x6, 0xf7, 0x9f, 0x40, 0x0, 0x3,
    0xfb, 0x0, 0xce, 0x10, 0x1, 0xee, 0x10, 0x2,
    0xfc, 0x0, 0xbf, 0x30, 0x0, 0x4, 0xf9,

    /* U+0079 "y" */
    0x7f, 0x20, 0x0, 0x0, 0xf9, 0x7f, 0x20, 0x0,
    0x0, 0xf9, 0x7f, 0x20, 0x0, 0x0, 0xf9, 0x7f,
    0x20, 0x0, 0x0, 0xf9, 0x7f, 0x20, 0x0, 0x0,
    0xf9, 0x7f, 0x20, 0x0, 0x0, 0xf9, 0x6f, 0x30,
    0x0, 0x3, 0xf9, 0x3f, 0x80, 0x0, 0xc, 0xf9,
    0xb, 0xfa, 0x67, 0xd9, 0xf9, 0x0, 0x8e, 0xfe,
    0x70, 0xf9, 0x0, 0x0, 0x0, 0x0, 0xf9, 0x0,
    0x0, 0x0, 0x0, 0xf9, 0x0, 0x66, 0x66, 0x67,
    0xf8, 0x2, 0xff, 0xff, 0xff, 0xd2,

    /* U+007A "z" */
    0x9f, 0xff, 0xff, 0xff, 0x13, 0x66, 0x66, 0x6c,
    0xf1, 0x0, 0x0, 0x7, 0xfa, 0x0, 0x0, 0x6,
    0xfa, 0x0, 0x0, 0x6, 0xfa, 0x0, 0x0, 0x6,
    0xfa, 0x0, 0x0, 0x6, 0xfb, 0x0, 0x0, 0x5,
    0xfb, 0x0, 0x0, 0x0, 0xcf, 0x66, 0x66, 0x66,
    0x1c, 0xff, 0xff, 0xff, 0xf4,

    /* U+007B "{" */
    0x0, 0x0, 0x1, 0x11, 0x0, 0x0, 0x1e, 0xff,
    0xf4, 0x0, 0x6, 0xf7, 0x44, 0x10, 0x0, 0x6f,
    0x20, 0x0, 0x0, 0x6, 0xf2, 0x0, 0x0, 0x0,
    0x6f, 0x20, 0x0, 0x0, 0x6, 0xf2, 0x0, 0x0,
    0x0, 0x6f, 0x20, 0x0, 0x0, 0x6, 0xf2, 0x0,
    0x0, 0x0, 0x9f, 0x0, 0x0, 0x3f, 0xfd, 0x50,
    0x0, 0x1, 0x88, 0xec, 0x0, 0x0, 0x0, 0x7,
    0xf1, 0x0, 0x0, 0x0, 0x6f, 0x20, 0x0, 0x0,
    0x6, 0xf2, 0x0, 0x0, 0x0, 0x6f, 0x20, 0x0,
    0x0, 0x6, 0xf2, 0x0, 0x0, 0x0, 0x6f, 0x20,
    0x0, 0x0, 0x6, 0xf4, 0x11, 0x0, 0x0, 0x3f,
    0xff, 0xf4, 0x0, 0x0, 0x24, 0x44, 0x10,

    /* U+007C "|" */
    0x6f, 0x36, 0xf3, 0x6f, 0x36, 0xf3, 0x6f, 0x36,
    0xf3, 0x6f, 0x36, 0xf3, 0x6f, 0x36, 0xf3, 0x6f,
    0x36, 0xf3, 0x6f, 0x36, 0xf3, 0x6f, 0x36, 0xf3,
    0x6f, 0x36, 0xf3, 0x6f, 0x36, 0xf3, 0x6f, 0x30,

    /* U+007D "}" */
    0x1, 0x11, 0x0, 0x0, 0xaf, 0xff, 0xa0, 0x0,
    0x24, 0x4b, 0xf0, 0x0, 0x0, 0x7, 0xf1, 0x0,
    0x0, 0x7, 0xf1, 0x0, 0x0, 0x7, 0xf1, 0x0,
    0x0, 0x7, 0xf1, 0x0, 0x0, 0x7, 0xf1, 0x0,
    0x0, 0x7, 0xf1, 0x0, 0x0, 0x6, 0xf4, 0x0,
    0x0, 0x0, 0x8f, 0xfd, 0x0, 0x3, 0xfb, 0x87,
    0x0, 0x7, 0xf1, 0x0, 0x0, 0x7, 0xf1, 0x0,
    0x0, 0x7, 0xf1, 0x0, 0x0, 0x7, 0xf1, 0x0,
    0x0, 0x7, 0xf1, 0x0, 0x0, 0x7, 0xf1, 0x0,
    0x1, 0x19, 0xf0, 0x0, 0xaf, 0xff, 0xc0, 0x0,
    0x24, 0x44, 0x0, 0x0,

    /* U+007E "~" */
    0x0, 0x7, 0x90, 0x0, 0x40, 0x1, 0xcf, 0xfa,
    0x5, 0xf7, 0x1e, 0xf4, 0x7f, 0xcf, 0x90, 0x9,
    0x20, 0xb, 0xe7, 0x0,

    /* U+00B0 "°" */
    0x0, 0x0, 0x0, 0x0, 0x2c, 0xff, 0x80, 0xd,
    0xd5, 0x7f, 0x73, 0xf3, 0x0, 0x9d, 0x3f, 0x20,
    0x8, 0xd0, 0xeb, 0x24, 0xe9, 0x4, 0xef, 0xfb,
    0x0, 0x0, 0x32, 0x0,

    /* U+2022 "•" */
    0x6, 0xa7, 0x7, 0xff, 0xfa, 0xbf, 0xff, 0xf9,
    0xff, 0xfc, 0x1b, 0xfc, 0x20,

    /* U+F001 "" */
    0x0, 0x0, 0x0, 0x0, 0x0, 0x0, 0x0, 0x0,
    0x5, 0x95, 0x0, 0x0, 0x0, 0x0, 0x0, 0x0,
    0x2, 0x6b, 0xff, 0xff, 0x0, 0x0, 0x0, 0x0,
    0x0, 0x38, 0xdf, 0xff, 0xff, 0xff, 0x0, 0x0,
    0x0, 0x5, 0xae, 0xff, 0xff, 0xff, 0xff, 0xff,
    0x0, 0x0, 0x8, 0xff, 0xff, 0xff, 0xff, 0xff,
    0xff, 0xff, 0x0, 0x0, 0xf, 0xff, 0xff, 0xff,
    0xff, 0xff, 0xff, 0xff, 0x0, 0x0, 0xf, 0xff,
    0xff, 0xff, 0xff, 0xfb, 0x69, 0xff, 0x0, 0x0,
    0xf, 0xff, 0xff, 0xfe, 0x94, 0x0, 0x8, 0xff,
    0x0, 0x0, 0xf, 0xff, 0xc8, 0x30, 0x0, 0x0,
    0x8, 0xff, 0x0, 0x0, 0xf, 0xf8, 0x0, 0x0,
    0x0, 0x0, 0x8, 0xff, 0x0, 0x0, 0xf, 0xf8,
    0x0, 0x0, 0x0, 0x0, 0x8, 0xff, 0x0, 0x0,
    0xf, 0xf8, 0x0, 0x0, 0x0, 0x4, 0x59, 0xff,
    0x0, 0x0, 0xf, 0xf8, 0x0, 0x0, 0x5, 0xef,
    0xff, 0xff, 0x0, 0x0, 0xf, 0xf8, 0x0, 0x0,
    0x2f, 0xff, 0xff, 0xff, 0x3, 0xad, 0xcf, 0xf8,
    0x0, 0x0, 0x6f, 0xff, 0xff, 0xff, 0x4f, 0xff,
    0xff, 0xf8, 0x0, 0x0, 0x5f, 0xff, 0xff, 0xfd,
    0xdf, 0xff, 0xff, 0xf8, 0x0, 0x0, 0xb, 0xff,
    0xff, 0xf5, 0xef, 0xff, 0xff, 0xf7, 0x0, 0x0,
    0x0, 0x7b, 0xca, 0x20, 0x9f, 0xff, 0xff, 0xf2,
    0x0, 0x0, 0x0, 0x0, 0x0, 0x0, 0xb, 0xff,
    0xfe, 0x50, 0x0, 0x0, 0x0, 0x0, 0x0, 0x0,
    0x0, 0x24, 0x30, 0x0, 0x0, 0x0, 0x0, 0x0,
    0x0, 0x0,

    /* U+F008 "" */
    0x0, 0x1, 0x11, 0x11, 0x11, 0x11, 0x11, 0x11,
    0x10, 0x0, 0x2c, 0xff, 0xff, 0xff, 0xff, 0xff,
    0xff, 0xff, 0xff, 0xc2, 0xcf, 0xff, 0xff, 0xff,
    0xff, 0xff, 0xff, 0xff, 0xff, 0xfc, 0xff, 0x77,
    0xff, 0xc6, 0x66, 0x66, 0x6c, 0xff, 0x77, 0xff,
    0xfe, 0x0, 0xcf, 0x20, 0x0, 0x0, 0x1, 0xfc,
    0x0, 0xef, 0xff, 0x22, 0xef, 0x10, 0x0, 0x0,
    0x1, 0xfe, 0x22, 0xff, 0xff, 0xff, 0xff, 0x10,
    0x0, 0x0, 0x1, 0xff, 0xff, 0xff, 0xff, 0xff,
    0xff, 0x30, 0x0, 0x0, 0x2, 0xff, 0xff, 0xff,
    0xff, 0x66, 0xff, 0xea, 0xaa, 0xaa, 0xae, 0xff,
    0x66, 0xff, 0xfe, 0x0, 0xcf, 0xff, 0xff, 0xff,
    0xff, 0xfc, 0x0, 0xef, 0xff, 0x32, 0xef, 0xfd,
    0xdd, 0xdd, 0xdf, 0xfe, 0x22, 0xff, 0xff, 0xff,
    0xff, 0x40, 0x0, 0x0, 0x4, 0xff, 0xff, 0xff,
    0xff, 0xff, 0xff, 0x10, 0x0, 0x0, 0x1, 0xff,
    0xff, 0xff, 0xff, 0x66, 0xef, 0x10, 0x0, 0x0,
    0x1, 0xfe, 0x66, 0xff, 0xfe, 0x0, 0xcf, 0x10,
    0x0, 0x0, 0x1, 0xfc, 0x0, 0xef, 0xff, 0x77,
    0xff, 0xc7, 0x77, 0x77, 0x7c, 0xff, 0x77, 0xff,
    0xcf, 0xff, 0xff, 0xff, 0xff, 0xff, 0xff, 0xff,
    0xff, 0xfc, 0x2c, 0xff, 0xff, 0xff, 0xff, 0xff,
    0xff, 0xff, 0xff, 0xc2, 0x0, 0x0, 0x0, 0x0,
    0x0, 0x0, 0x0, 0x0, 0x0, 0x0,

    /* U+F00B "" */
    0x0, 0x34, 0x44, 0x44, 0x44, 0x44, 0x44, 0x44,
    0x43, 0x0, 0x3e, 0xff, 0xff, 0xff, 0xff, 0xff,
    0xff, 0xff, 0xff, 0xe4, 0xdf, 0xff, 0xff, 0xff,
    0xff, 0xff, 0xff, 0xff, 0xff, 0xfd, 0xff, 0xa4,
    0x4f, 0xfa, 0x44, 0x44, 0x44, 0x44, 0x4a, 0xff,
    0xff, 0x80, 0xf, 0xf8, 0x0, 0x0, 0x0, 0x0,
    0x8, 0xff, 0xff, 0xb7, 0x7f, 0xfb, 0x77, 0x77,
    0x77, 0x77, 0x7b, 0xff, 0xff, 0xff, 0xff, 0xff,
    0xff, 0xff, 0xff, 0xff, 0xff, 0xff, 0xff, 0xff,
    0xff, 0xff, 0xff, 0xff, 0xff, 0xff, 0xff, 0xff,
    0xff, 0x80, 0xf, 0xf8, 0x0, 0x0, 0x0, 0x0,
    0x8, 0xff, 0xff, 0x80, 0xf, 0xf8, 0x0, 0x0,
    0x0, 0x0, 0x8, 0xff, 0xff, 0xb7, 0x7f, 0xfb,
    0x77, 0x77, 0x77, 0x77, 0x7b, 0xff, 0xff, 0xff,
    0xff, 0xff, 0xff, 0xff, 0xff, 0xff, 0xff, 0xff,
    0xff, 0xff, 0xff, 0xff, 0xff, 0xff, 0xff, 0xff,
    0xff, 0xff, 0xff, 0x80, 0xf, 0xf8, 0x0, 0x0,
    0x0, 0x0, 0x8, 0xff, 0xff, 0x80, 0xf, 0xf8,
    0x0, 0x0, 0x0, 0x0, 0x8, 0xff, 0xff, 0xb7,
    0x7f, 0xfb, 0x77, 0x77, 0x77, 0x77, 0x7b, 0xff,
    0xbf, 0xff, 0xff, 0xff, 0xff, 0xff, 0xff, 0xff,
    0xff, 0xfc, 0x2c, 0xff, 0xff, 0xff, 0xff, 0xff,
    0xff, 0xff, 0xff, 0xc2, 0x0, 0x0, 0x0, 0x0,
    0x0, 0x0, 0x0, 0x0, 0x0, 0x0,

    /* U+F00C "" */
    0x0, 0x0, 0x0, 0x0, 0x0, 0x0, 0x0, 0x7,
    0xa1, 0x0, 0x0, 0x0, 0x0, 0x0, 0x0, 0x0,
    0x8f, 0xf7, 0x0, 0x0, 0x0, 0x0, 0x0, 0x0,
    0x8, 0xff, 0xe1, 0x0, 0x0, 0x0, 0x0, 0x0,
    0x0, 0x8f, 0xfe, 0x20, 0x0, 0x0, 0x0, 0x0,
    0x0, 0x8, 0xff, 0xe2, 0x0, 0x6a, 0x20, 0x0,
    0x0, 0x0, 0x8f, 0xfe, 0x20, 0x0, 0xff, 0xe2,
    0x0, 0x0, 0x8, 0xff, 0xe2, 0x0, 0x0, 0x8f,
    0xfe, 0x20, 0x0, 0x8f, 0xfe, 0x20, 0x0, 0x0,
    0x8, 0xff, 0xe2, 0x8, 0xff, 0xe2, 0x0, 0x0,
    0x0, 0x0, 0x8f, 0xfe, 0x9f, 0xfe, 0x20, 0x0,
    0x0, 0x0, 0x0, 0x8, 0xff, 0xff, 0xe2, 0x0,
    0x0, 0x0, 0x0, 0x0, 0x0, 0x8f, 0xfe, 0x20,
    0x0, 0x0, 0x0, 0x0, 0x0, 0x0, 0x7, 0xa2,
    0x0, 0x0, 0x0, 0x0, 0x0,

    /* U+F00D "" */
    0x4, 0x0, 0x0, 0x0, 0x0, 0x4, 0x9, 0xfc,
    0x10, 0x0, 0x0, 0xc, 0xf9, 0x8f, 0xfc, 0x10,
    0x0, 0x1c, 0xff, 0x80, 0xaf, 0xfc, 0x10, 0x1c,
    0xff, 0xa0, 0x0, 0xaf, 0xfc, 0x2c, 0xff, 0xa0,
    0x0, 0x0, 0x9f, 0xff, 0xff, 0xa0, 0x0, 0x0,
    0x0, 0x9f, 0xff, 0xa0, 0x0, 0x0, 0x0, 0x1d,
    0xff, 0xfd, 0x10, 0x0, 0x0, 0x1d, 0xff, 0xdf,
    0xfd, 0x10, 0x0, 0x1d, 0xff, 0x90, 0x9f, 0xfd,
    0x10, 0x1d, 0xff, 0x90, 0x0, 0x9f, 0xfd, 0x2a,
    0xff, 0x90, 0x0, 0x0, 0x8f, 0xfa, 0x6f, 0x80,
    0x0, 0x0, 0x0, 0x8f, 0x70,

    /* U+F011 "" */
    0x0, 0x0, 0x0, 0x0, 0x2, 0x40, 0x0, 0x0,
    0x0, 0x0, 0x0, 0x0, 0x0, 0x0, 0xf, 0xf5,
    0x0, 0x0, 0x0, 0x0, 0x0, 0x0, 0x0, 0x0,
    0x1f, 0xf6, 0x0, 0x0, 0x0, 0x0, 0x0, 0x4,
    0xeb, 0x0, 0x1f, 0xf6, 0x0, 0x6f, 0x90, 0x0,
    0x0, 0x3f, 0xff, 0x0, 0x1f, 0xf6, 0x0, 0x9f,
    0xf8, 0x0, 0x0, 0xdf, 0xf5, 0x0, 0x1f, 0xf6,
    0x0, 0x1d, 0xff, 0x40, 0x7, 0xff, 0x60, 0x0,
    0x1f, 0xf6, 0x0, 0x1, 0xff, 0xd0, 0xd, 0xfd,
    0x0, 0x0, 0x1f, 0xf6, 0x0, 0x0, 0x7f, 0xf3,
    0x2f, 0xf7, 0x0, 0x0, 0x1f, 0xf6, 0x0, 0x0,
    0x1f, 0xf8, 0x4f, 0xf3, 0x0, 0x0, 0x1f, 0xf6,
    0x0, 0x0, 0xd, 0xfa, 0x5f, 0xf2, 0x0, 0x0,
    0x1f, 0xf6, 0x0, 0x0, 0xc, 0xfb, 0x4f, 0xf3,
    0x0, 0x0, 0x9, 0xc1, 0x0, 0x0, 0xd, 0xfa,
    0x1f, 0xf7, 0x0, 0x0, 0x0, 0x0, 0x0, 0x0,
    0x1f, 0xf8, 0xd, 0xfd, 0x0, 0x0, 0x0, 0x0,
    0x0, 0x0, 0x8f, 0xf3, 0x6, 0xff, 0x70, 0x0,
    0x0, 0x0, 0x0, 0x2, 0xff, 0xc0, 0x0, 0xcf,
    0xf6, 0x0, 0x0, 0x0, 0x0, 0x2e, 0xff, 0x30,
    0x0, 0x1e, 0xff, 0xa3, 0x0, 0x0, 0x17, 0xff,
    0xf6, 0x0, 0x0, 0x2, 0xdf, 0xff, 0xeb, 0xac,
    0xff, 0xff, 0x70, 0x0, 0x0, 0x0, 0x9, 0xff,
    0xff, 0xff, 0xff, 0xd3, 0x0, 0x0, 0x0, 0x0,
    0x0, 0x27, 0xbc, 0xdc, 0x94, 0x0, 0x0, 0x0,

    /* U+F013 "" */
    0x0, 0x0, 0x0, 0x2, 0x9a, 0xa7, 0x0, 0x0,
    0x0, 0x0, 0x0, 0x0, 0x0, 0xa, 0xff, 0xff,
    0x40, 0x0, 0x0, 0x0, 0x0, 0x0, 0x0, 0xe,
    0xff, 0xff, 0x70, 0x0, 0x0, 0x0, 0x0, 0x43,
    0x0, 0x6f, 0xff, 0xff, 0xd2, 0x0, 0x41, 0x0,
    0x5, 0xff, 0xed, 0xff, 0xff, 0xff, 0xff, 0xcf,
    0xfd, 0x0, 0xe, 0xff, 0xff, 0xff, 0xff, 0xff,
    0xff, 0xff, 0xff, 0x80, 0x6f, 0xff, 0xff, 0xff,
    0xff, 0xff, 0xff, 0xff, 0xff, 0xe0, 0x8f, 0xff,
    0xff, 0xff, 0x93, 0x39, 0xff, 0xff, 0xff, 0xf1,
    0xa, 0xff, 0xff, 0xf8, 0x0, 0x0, 0x8f, 0xff,
    0xff, 0x40, 0x0, 0xcf, 0xff, 0xf1, 0x0, 0x0,
    0x1f, 0xff, 0xf5, 0x0, 0x0, 0xbf, 0xff, 0xe0,
    0x0, 0x0, 0xe, 0xff, 0xf4, 0x0, 0x0, 0xcf,
    0xff, 0xf1, 0x0, 0x0, 0x1f, 0xff, 0xf5, 0x0,
    0xa, 0xff, 0xff, 0xf8, 0x0, 0x0, 0x8f, 0xff,
    0xff, 0x40, 0x8f, 0xff, 0xff, 0xff, 0x93, 0x39,
    0xff, 0xff, 0xff, 0xf1, 0x6f, 0xff, 0xff, 0xff,
    0xff, 0xff, 0xff, 0xff, 0xff, 0xe0, 0xe, 0xff,
    0xff, 0xff, 0xff, 0xff, 0xff, 0xff, 0xff, 0x80,
    0x4, 0xff, 0xed, 0xff, 0xff, 0xff, 0xff, 0xcf,
    0xfd, 0x0, 0x0, 0x43, 0x0, 0x6f, 0xff, 0xff,
    0xd3, 0x0, 0x51, 0x0, 0x0, 0x0, 0x0, 0xe,
    0xff, 0xff, 0x70, 0x0, 0x0, 0x0, 0x0, 0x0,
    0x0, 0xa, 0xff, 0xff, 0x40, 0x0, 0x0, 0x0,
    0x0, 0x0, 0x0, 0x2, 0x9b, 0xa7, 0x0, 0x0,
    0x0, 0x0,

    /* U+F015 "" */
    0x0, 0x0, 0x0, 0x0, 0x0, 0x5a, 0x30, 0x0,
    0x0, 0x0, 0x0, 0x0, 0x0, 0x0, 0x0, 0x0,
    0x7f, 0xff, 0x50, 0x0, 0x0, 0x0, 0x0, 0x0,
    0x0, 0x0, 0x0, 0x9f, 0xff, 0xff, 0x70, 0x0,
    0x0, 0x0, 0x0, 0x0, 0x0, 0x0, 0xbf, 0xff,
    0xff, 0xff, 0x90, 0x0, 0x0, 0x0, 0x0, 0x0,
    0x1, 0xcf, 0xff, 0xff, 0xff, 0xff, 0xa0, 0x0,
    0x0, 0x0, 0x0, 0x2, 0xef, 0xff, 0xff, 0xff,
    0xff, 0xff, 0xc1, 0x0, 0x0, 0x0, 0x4, 0xff,
    0xff, 0xff, 0xff, 0xff, 0xff, 0xff, 0xd2, 0x0,
    0x0, 0x6, 0xff, 0xff, 0xff, 0xff, 0xff, 0xff,
    0xff, 0xff, 0xe3, 0x0, 0x8, 0xff, 0xff, 0xff,
    0xff, 0xff, 0xff, 0xff, 0xff, 0xff, 0xf4, 0x8,
    0xff, 0xff, 0xff, 0xff, 0xff, 0xff, 0xff, 0xff,
    0xff, 0xff, 0xf5, 0xcf, 0xff, 0xff, 0xff, 0xff,
    0xff, 0xff, 0xff, 0xff, 0xff, 0xff, 0x92, 0x8b,
    0xff, 0xff, 0xff, 0xff, 0xff, 0xff, 0xff, 0xff,
    0xf9, 0x81, 0x0, 0x5f, 0xff, 0xff, 0xff, 0xff,
    0xff, 0xff, 0xff, 0xff, 0x20, 0x0, 0x5, 0xff,
    0xff, 0xff, 0xff, 0xff, 0xff, 0xff, 0xff, 0xf2,
    0x0, 0x0, 0x5f, 0xff, 0xff, 0xf4, 0x0, 0x7,
    0xff, 0xff, 0xff, 0x30, 0x0, 0x5, 0xff, 0xff,
    0xfe, 0x0, 0x0, 0x1f, 0xff, 0xff, 0xf3, 0x0,
    0x0, 0x5f, 0xff, 0xff, 0xe0, 0x0, 0x1, 0xff,
    0xff, 0xff, 0x30, 0x0, 0x5, 0xff, 0xff, 0xfe,
    0x0, 0x0, 0x1f, 0xff, 0xff, 0xf3, 0x0, 0x0,
    0x5f, 0xff, 0xff, 0xe0, 0x0, 0x1, 0xff, 0xff,
    0xff, 0x20, 0x0, 0x1, 0xff, 0xff, 0xfa, 0x0,
    0x0, 0xc, 0xff, 0xff, 0xd0, 0x0, 0x0, 0x1,
    0x44, 0x44, 0x0, 0x0, 0x0, 0x4, 0x44, 0x41,
    0x0, 0x0,

    /* U+F019 "" */
    0x0, 0x0, 0x0, 0x0, 0x2, 0x20, 0x0, 0x0,
    0x0, 0x0, 0x0, 0x0, 0x0, 0x0, 0x2f, 0xf2,
    0x0, 0x0, 0x0, 0x0, 0x0, 0x0, 0x0, 0x0,
    0x3f, 0xf3, 0x0, 0x0, 0x0, 0x0, 0x0, 0x0,
    0x0, 0x0, 0x3f, 0xf3, 0x0, 0x0, 0x0, 0x0,
    0x0, 0x0, 0x0, 0x0, 0x3f, 0xf3, 0x0, 0x0,
    0x0, 0x0, 0x0, 0x0, 0x0, 0x0, 0x3f, 0xf3,
    0x0, 0x0, 0x0, 0x0, 0x0, 0x0, 0x0, 0x0,
    0x3f, 0xf3, 0x0, 0x0, 0x0, 0x0, 0x0, 0x0,
    0x0, 0x0, 0x3f, 0xf3, 0x0, 0x0, 0x0, 0x0,
    0x0, 0x0, 0xaa, 0x0, 0x3f, 0xf3, 0x0, 0xaa,
    0x0, 0x0, 0x0, 0x3, 0xff, 0xc0, 0x3f, 0xf3,
    0xc, 0xff, 0x30, 0x0, 0x0, 0x0, 0xbf, 0xfc,
    0x4f, 0xf4, 0xcf, 0xfb, 0x0, 0x0, 0x0, 0x0,
    0xb, 0xff, 0xef, 0xfe, 0xff, 0xb0, 0x0, 0x0,
    0x0, 0x0, 0x0, 0xbf, 0xff, 0xff, 0xfb, 0x0,
    0x0, 0x0, 0x0, 0x0, 0x0, 0xb, 0xff, 0xff,
    0xb0, 0x0, 0x0, 0x0, 0x4, 0x88, 0x88, 0x60,
    0xbf, 0xfb, 0x6, 0x88, 0x88, 0x40, 0x7f, 0xff,
    0xff, 0xf8, 0x8, 0x90, 0x8f, 0xff, 0xff, 0xf7,
    0xef, 0xff, 0xff, 0xff, 0xa2, 0x29, 0xff, 0xff,
    0xce, 0xfe, 0xff, 0xff, 0xff, 0xff, 0xff, 0xff,
    0xff, 0xff, 0x4, 0xff, 0xef, 0xff, 0xff, 0xff,
    0xff, 0xff, 0xff, 0xff, 0xac, 0xfe, 0x8f, 0xff,
    0xff, 0xff, 0xff, 0xff, 0xff, 0xff, 0xff, 0xf9,
    0x6, 0xab, 0xbb, 0xbb, 0xbb, 0xbb, 0xbb, 0xbb,
    0xba, 0x60,

    /* U+F01C "" */
    0x0, 0x1, 0x67, 0x77, 0x77, 0x77, 0x77, 0x76,
    0x10, 0x0, 0x0, 0x3f, 0xff, 0xff, 0xff, 0xff,
    0xff, 0xff, 0xf3, 0x0, 0x0, 0xaf, 0xff, 0xff,
    0xff, 0xff, 0xff, 0xff, 0xfb, 0x0, 0x0, 0xff,
    0xa0, 0x0, 0x0, 0x0, 0x0, 0x9, 0xff, 0x0,
    0x3, 0xff, 0x50, 0x0, 0x0, 0x0, 0x0, 0x5,
    0xff, 0x30, 0x7, 0xff, 0x10, 0x0, 0x0, 0x0,
    0x0, 0x1, 0xff, 0x70, 0xb, 0xfd, 0x0, 0x0,
    0x0, 0x0, 0x0, 0x0, 0xdf, 0xb0, 0xf, 0xf9,
    0x0, 0x0, 0x0, 0x0, 0x0, 0x0, 0x9f, 0xf0,
    0x3f, 0xf5, 0x0, 0x0, 0x0, 0x0, 0x0, 0x0,
    0x5f, 0xf3, 0x7f, 0xf1, 0x0, 0x0, 0x0, 0x0,
    0x0, 0x0, 0x1f, 0xf7, 0xbf, 0xf7, 0x73, 0x0,
    0x0, 0x0, 0x0, 0x37, 0x7f, 0xfb, 0xef, 0xff,
    0xff, 0x20, 0x0, 0x0, 0x1, 0xff, 0xff, 0xfe,
    0xff, 0xff, 0xff, 0xb0, 0x0, 0x0, 0xa, 0xff,
    0xff, 0xff, 0xff, 0xff, 0xff, 0xff, 0xff, 0xff,
    0xff, 0xff, 0xff, 0xff, 0xff, 0xff, 0xff, 0xff,
    0xff, 0xff, 0xff, 0xff, 0xff, 0xff, 0xff, 0xff,
    0xff, 0xff, 0xff, 0xff, 0xff, 0xff, 0xff, 0xff,
    0xbf, 0xff, 0xff, 0xff, 0xff, 0xff, 0xff, 0xff,
    0xff, 0xfb, 0x2c, 0xff, 0xff, 0xff, 0xff, 0xff,
    0xff, 0xff, 0xff, 0xc2, 0x0, 0x0, 0x0, 0x0,
    0x0, 0x0, 0x0, 0x0, 0x0, 0x0,

    /* U+F021 "" */
    0x0, 0x0, 0x0, 0x1, 0x46, 0x65, 0x10, 0x0,
    0x0, 0x0, 0x0, 0x0, 0x2, 0xbf, 0xff, 0xff,
    0xfb, 0x30, 0x9, 0xb1, 0x0, 0x0, 0x6f, 0xff,
    0xff, 0xff, 0xff, 0xf7, 0x1f, 0xf6, 0x0, 0x6,
    0xff, 0xf9, 0x41, 0x13, 0x9f, 0xff, 0xaf, 0xf6,
    0x0, 0x3f, 0xfe, 0x30, 0x0, 0x0, 0x2, 0xdf,
    0xff, 0xf6, 0x0, 0xcf, 0xf2, 0x0, 0x0, 0x0,
    0x6, 0x8f, 0xff, 0xf6, 0x2, 0xff, 0x80, 0x0,
    0x0, 0x0, 0x5f, 0xff, 0xff, 0xf6, 0x1, 0xdd,
    0x0, 0x0, 0x0, 0x0, 0x3f, 0xff, 0xff, 0xf3,
    0x0, 0x0, 0x0, 0x0, 0x0, 0x0, 0x0, 0x0,
    0x0, 0x0, 0x0, 0x0, 0x0, 0x0, 0x0, 0x0,
    0x0, 0x0, 0x0, 0x0, 0x5, 0x77, 0x77, 0x60,
    0x0, 0x0, 0x0, 0x0, 0x44, 0x0, 0x5f, 0xff,
    0xff, 0xf5, 0x0, 0x0, 0x0, 0x3, 0xff, 0x20,
    0x6f, 0xff, 0xff, 0xf3, 0x0, 0x0, 0x0, 0xb,
    0xff, 0x10, 0x6f, 0xff, 0xf6, 0x0, 0x0, 0x0,
    0x0, 0x7f, 0xf9, 0x0, 0x6f, 0xff, 0xff, 0x80,
    0x0, 0x0, 0x19, 0xff, 0xd0, 0x0, 0x6f, 0xf5,
    0xef, 0xfe, 0xa7, 0x8a, 0xff, 0xfe, 0x20, 0x0,
    0x5f, 0xf0, 0x2c, 0xff, 0xff, 0xff, 0xff, 0xb1,
    0x0, 0x0, 0x5, 0x30, 0x0, 0x5b, 0xef, 0xfe,
    0xa4, 0x0, 0x0, 0x0, 0x0, 0x0, 0x0, 0x0,
    0x0, 0x0, 0x0, 0x0, 0x0, 0x0,

    /* U+F026 "" */
    0x0, 0x0, 0x0, 0x0, 0x0, 0x2, 0x0, 0x0,
    0x0, 0x0, 0x0, 0x2e, 0xf4, 0x0, 0x0, 0x0,
    0x0, 0x3e, 0xff, 0x70, 0x0, 0x0, 0x0, 0x5f,
    0xff, 0xf7, 0x0, 0x0, 0x0, 0x7f, 0xff, 0xff,
    0x70, 0x3, 0x33, 0x9f, 0xff, 0xff, 0xf7, 0x3e,
    0xff, 0xff, 0xff, 0xff, 0xff, 0x7d, 0xff, 0xff,
    0xff, 0xff, 0xff, 0xf7, 0xff, 0xff, 0xff, 0xff,
    0xff, 0xff, 0x7f, 0xff, 0xff, 0xff, 0xff, 0xff,
    0xf7, 0xff, 0xff, 0xff, 0xff, 0xff, 0xff, 0x7d,
    0xff, 0xff, 0xff, 0xff, 0xff, 0xf7, 0x3e, 0xff,
    0xff, 0xff, 0xff, 0xff, 0x70, 0x3, 0x33, 0x9f,
    0xff, 0xff, 0xf7, 0x0, 0x0, 0x0, 0x7f, 0xff,
    0xff, 0x70, 0x0, 0x0, 0x0, 0x5f, 0xff, 0xf7,
    0x0, 0x0, 0x0, 0x0, 0x3e, 0xff, 0x70, 0x0,
    0x0, 0x0, 0x0, 0x2e, 0xf4, 0x0, 0x0, 0x0,
    0x0, 0x0, 0x2, 0x0,

    /* U+F027 "" */
    0x0, 0x0, 0x0, 0x0, 0x0, 0x2, 0x0, 0x0,
    0x0, 0x0, 0x0, 0x0, 0x0, 0x2, 0xef, 0x40,
    0x0, 0x0, 0x0, 0x0, 0x0, 0x0, 0x3e, 0xff,
    0x80, 0x0, 0x0, 0x0, 0x0, 0x0, 0x5, 0xff,
    0xff, 0x80, 0x0, 0x0, 0x0, 0x0, 0x0, 0x7f,
    0xff, 0xff, 0x80, 0x0, 0x0, 0x0, 0x34, 0x49,
    0xff, 0xff, 0xff, 0x80, 0x0, 0x0, 0x3e, 0xff,
    0xff, 0xff, 0xff, 0xff, 0x80, 0x8, 0x30, 0xdf,
    0xff, 0xff, 0xff, 0xff, 0xff, 0x80, 0x2f, 0xf1,
    0xff, 0xff, 0xff, 0xff, 0xff, 0xff, 0x80, 0x9,
    0xf7, 0xff, 0xff, 0xff, 0xff, 0xff, 0xff, 0x80,
    0x4, 0xfa, 0xff, 0xff, 0xff, 0xff, 0xff, 0xff,
    0x80, 0x9, 0xf7, 0xdf, 0xff, 0xff, 0xff, 0xff,
    0xff, 0x80, 0x2f, 0xf1, 0x3e, 0xff, 0xff, 0xff,
    0xff, 0xff, 0x80, 0x8, 0x30, 0x0, 0x34, 0x49,
    0xff, 0xff, 0xff, 0x80, 0x0, 0x0, 0x0, 0x0,
    0x0, 0x7f, 0xff, 0xff, 0x80, 0x0, 0x0, 0x0,
    0x0, 0x0, 0x5, 0xff, 0xff, 0x80, 0x0, 0x0,
    0x0, 0x0, 0x0, 0x0, 0x3e, 0xff, 0x80, 0x0,
    0x0, 0x0, 0x0, 0x0, 0x0, 0x2, 0xef, 0x40,
    0x0, 0x0, 0x0, 0x0, 0x0, 0x0, 0x0, 0x2,
    0x0, 0x0, 0x0,

    /* U+F028 "" */
    0x0, 0x0, 0x0, 0x0, 0x0, 0x2, 0x0, 0x0,
    0x0, 0x2, 0x50, 0x0, 0x0, 0x0, 0x0, 0x0,
    0x0, 0x2e, 0xf4, 0x0, 0x0, 0x0, 0x9f, 0x90,
    0x0, 0x0, 0x0, 0x0, 0x0, 0x3e, 0xff, 0x80,
    0x0, 0x0, 0x2, 0xef, 0x80, 0x0, 0x0, 0x0,
    0x0, 0x5f, 0xff, 0xf8, 0x0, 0x0, 0x64, 0x2,
    0xef, 0x30, 0x0, 0x0, 0x0, 0x7f, 0xff, 0xff,
    0x80, 0x0, 0xf, 0xf4, 0x6, 0xfc, 0x0, 0x3,
    0x44, 0x9f, 0xff, 0xff, 0xf8, 0x0, 0x0, 0x5f,
    0xf1, 0xc, 0xf4, 0x3e, 0xff, 0xff, 0xff, 0xff,
    0xff, 0x80, 0x8, 0x30, 0x8f, 0x90, 0x6f, 0x9d,
    0xff, 0xff, 0xff, 0xff, 0xff, 0xf8, 0x2, 0xff,
    0x11, 0xfe, 0x1, 0xfc, 0xff, 0xff, 0xff, 0xff,
    0xff, 0xff, 0x80, 0x9, 0xf7, 0xc, 0xf2, 0xf,
    0xef, 0xff, 0xff, 0xff, 0xff, 0xff, 0xf8, 0x0,
    0x4f, 0xa0, 0xaf, 0x30, 0xef, 0xff, 0xff, 0xff,
    0xff, 0xff, 0xff, 0x80, 0x9, 0xf7, 0xc, 0xf2,
    0xf, 0xed, 0xff, 0xff, 0xff, 0xff, 0xff, 0xf8,
    0x2, 0xff, 0x11, 0xfe, 0x1, 0xfc, 0x3e, 0xff,
    0xff, 0xff, 0xff, 0xff, 0x80, 0x8, 0x30, 0x8f,
    0x90, 0x6f, 0x90, 0x3, 0x44, 0x9f, 0xff, 0xff,
    0xf8, 0x0, 0x0, 0x5f, 0xf1, 0xc, 0xf4, 0x0,
    0x0, 0x0, 0x7f, 0xff, 0xff, 0x80, 0x0, 0xf,
    0xf4, 0x6, 0xfc, 0x0, 0x0, 0x0, 0x0, 0x5f,
    0xff, 0xf8, 0x0, 0x0, 0x63, 0x2, 0xef, 0x30,
    0x0, 0x0, 0x0, 0x0, 0x3e, 0xff, 0x80, 0x0,
    0x0, 0x2, 0xef, 0x80, 0x0, 0x0, 0x0, 0x0,
    0x0, 0x2e, 0xf4, 0x0, 0x0, 0x0, 0x9f, 0x90,
    0x0, 0x0, 0x0, 0x0, 0x0, 0x0, 0x2, 0x0,
    0x0, 0x0, 0x2, 0x50, 0x0, 0x0,

    /* U+F03E "" */
    0x0, 0x1, 0x11, 0x11, 0x11, 0x11, 0x11, 0x11,
    0x10, 0x0, 0x2c, 0xff, 0xff, 0xff, 0xff, 0xff,
    0xff, 0xff, 0xff, 0xc2, 0xcf, 0xff, 0xff, 0xff,
    0xff, 0xff, 0xff, 0xff, 0xff, 0xfc, 0xff, 0xfb,
    0x7c, 0xff, 0xff, 0xff, 0xff, 0xff, 0xff, 0xff,
    0xff, 0xb0, 0x0, 0xef, 0xff, 0xff, 0xff, 0xff,
    0xff, 0xff, 0xff, 0x90, 0x0, 0xdf, 0xff, 0xff,
    0xff, 0xff, 0xff, 0xff, 0xff, 0xf7, 0x4a, 0xff,
    0xff, 0xff, 0xff, 0xff, 0xff, 0xff, 0xff, 0xff,
    0xff, 0xff, 0xff, 0xf5, 0x8f, 0xff, 0xff, 0xff,
    0xff, 0xff, 0xff, 0xff, 0xff, 0x70, 0xa, 0xff,
    0xff, 0xff, 0xff, 0xff, 0xff, 0xff, 0xfb, 0x0,
    0x1, 0xef, 0xff, 0xff, 0xff, 0xff, 0xff, 0xff,
    0xf1, 0x0, 0x0, 0x4f, 0xff, 0xff, 0xff, 0xff,
    0xe1, 0x2e, 0x50, 0x0, 0x0, 0x8, 0xff, 0xff,
    0xff, 0xff, 0x20, 0x2, 0x0, 0x0, 0x0, 0x0,
    0xcf, 0xff, 0xff, 0xf4, 0x0, 0x0, 0x0, 0x0,
    0x0, 0x0, 0x2f, 0xff, 0xff, 0x90, 0x0, 0x0,
    0x0, 0x0, 0x0, 0x0, 0x9, 0xff, 0xff, 0xe7,
    0x77, 0x77, 0x77, 0x77, 0x77, 0x77, 0x7e, 0xff,
    0xcf, 0xff, 0xff, 0xff, 0xff, 0xff, 0xff, 0xff,
    0xff, 0xfc, 0x2c, 0xff, 0xff, 0xff, 0xff, 0xff,
    0xff, 0xff, 0xff, 0xc2, 0x0, 0x0, 0x0, 0x0,
    0x0, 0x0, 0x0, 0x0, 0x0, 0x0,

    /* U+F043 "" */
    0x0, 0x0, 0x0, 0x5, 0x10, 0x0, 0x0, 0x0,
    0x0, 0x0, 0xc, 0xfc, 0x0, 0x0, 0x0, 0x0,
    0x0, 0x9, 0xff, 0xf9, 0x0, 0x0, 0x0, 0x0,
    0x5, 0xff, 0xff, 0xf5, 0x0, 0x0, 0x0, 0x1,
    0xef, 0xff, 0xff, 0xe1, 0x0, 0x0, 0x0, 0xaf,
    0xff, 0xff, 0xff, 0xb0, 0x0, 0x0, 0x5f, 0xff,
    0xff, 0xff, 0xff, 0x50, 0x0, 0xe, 0xff, 0xff,
    0xff, 0xff, 0xfe, 0x0, 0x7, 0xff, 0xff, 0xff,
    0xff, 0xff, 0xf7, 0x0, 0xef, 0xff, 0xff, 0xff,
    0xff, 0xff, 0xe0, 0x6f, 0xff, 0xff, 0xff, 0xff,
    0xff, 0xff, 0x6b, 0xff, 0xff, 0xff, 0xff, 0xff,
    0xff, 0xfb, 0xef, 0xff, 0xff, 0xff, 0xff, 0xff,
    0xff, 0xef, 0xfa, 0x6f, 0xff, 0xff, 0xff, 0xff,
    0xff, 0xdf, 0x91, 0xff, 0xff, 0xff, 0xff, 0xff,
    0xd8, 0xfe, 0xa, 0xff, 0xff, 0xff, 0xff, 0xf8,
    0x2f, 0xf9, 0x7, 0xcf, 0xff, 0xff, 0xff, 0x20,
    0x7f, 0xfb, 0x30, 0xaf, 0xff, 0xff, 0x70, 0x0,
    0x9f, 0xff, 0xff, 0xff, 0xff, 0x90, 0x0, 0x0,
    0x5d, 0xff, 0xff, 0xfd, 0x50, 0x0, 0x0, 0x0,
    0x3, 0x67, 0x63, 0x0, 0x0, 0x0,

    /* U+F048 "" */
    0x0, 0x0, 0x0, 0x0, 0x0, 0x0, 0xa, 0xe3,
    0x0, 0x0, 0x0, 0x1b, 0xe3, 0xff, 0x70, 0x0,
    0x0, 0x2d, 0xff, 0x7f, 0xf7, 0x0, 0x0, 0x4e,
    0xff, 0xf7, 0xff, 0x70, 0x0, 0x6f, 0xff, 0xff,
    0x7f, 0xf7, 0x0, 0x9f, 0xff, 0xff, 0xf7, 0xff,
    0x71, 0xbf, 0xff, 0xff, 0xff, 0x7f, 0xfa, 0xdf,
    0xff, 0xff, 0xff, 0xf7, 0xff, 0xff, 0xff, 0xff,
    0xff, 0xff, 0x7f, 0xfa, 0xdf, 0xff, 0xff, 0xff,
    0xf7, 0xff, 0x71, 0xbf, 0xff, 0xff, 0xff, 0x7f,
    0xf7, 0x0, 0x9f, 0xff, 0xff, 0xf7, 0xff, 0x70,
    0x0, 0x6f, 0xff, 0xff, 0x7f, 0xf7, 0x0, 0x0,
    0x4e, 0xff, 0xf7, 0xff, 0x70, 0x0, 0x0, 0x2d,
    0xff, 0x7a, 0xe3, 0x0, 0x0, 0x0, 0x1b, 0xe3,
    0x0, 0x0, 0x0, 0x0, 0x0, 0x0, 0x0,

    /* U+F04B "" */
    0x2, 0x20, 0x0, 0x0, 0x0, 0x0, 0x0, 0x8,
    0xff, 0x91, 0x0, 0x0, 0x0, 0x0, 0x0, 0xff,
    0xff, 0xe5, 0x0, 0x0, 0x0, 0x0, 0xf, 0xff,
    0xff, 0xfc, 0x20, 0x0, 0x0, 0x0, 0xff, 0xff,
    0xff, 0xff, 0x80, 0x0, 0x0, 0xf, 0xff, 0xff,
    0xff, 0xff, 0xe4, 0x0, 0x0, 0xff, 0xff, 0xff,
    0xff, 0xff, 0xfb, 0x20, 0xf, 0xff, 0xff, 0xff,
    0xff, 0xff, 0xff, 0x70, 0xff, 0xff, 0xff, 0xff,
    0xff, 0xff, 0xff, 0x9f, 0xff, 0xff, 0xff, 0xff,
    0xff, 0xff, 0xfe, 0xff, 0xff, 0xff, 0xff, 0xff,
    0xff, 0xff, 0x9f, 0xff, 0xff, 0xff, 0xff, 0xff,
    0xff, 0x70, 0xff, 0xff, 0xff, 0xff, 0xff, 0xfb,
    0x10, 0xf, 0xff, 0xff, 0xff, 0xff, 0xe4, 0x0,
    0x0, 0xff, 0xff, 0xff, 0xff, 0x80, 0x0, 0x0,
    0xf, 0xff, 0xff, 0xfc, 0x20, 0x0, 0x0, 0x0,
    0xff, 0xff, 0xe5, 0x0, 0x0, 0x0, 0x0, 0x8,
    0xff, 0x91, 0x0, 0x0, 0x0, 0x0, 0x0, 0x2,
    0x20, 0x0, 0x0, 0x0, 0x0, 0x0, 0x0,

    /* U+F04C "" */
    0x5e, 0xfe, 0x50, 0x2, 0xdf, 0xf9, 0xe, 0xff,
    0xfe, 0x0, 0xaf, 0xff, 0xf3, 0xff, 0xff, 0xf0,
    0xb, 0xff, 0xff, 0x4f, 0xff, 0xff, 0x0, 0xbf,
    0xff, 0xf4, 0xff, 0xff, 0xf0, 0xb, 0xff, 0xff,
    0x4f, 0xff, 0xff, 0x0, 0xbf, 0xff, 0xf4, 0xff,
    0xff, 0xf0, 0xb, 0xff, 0xff, 0x4f, 0xff, 0xff,
    0x0, 0xbf, 0xff, 0xf4, 0xff, 0xff, 0xf0, 0xb,
    0xff, 0xff, 0x4f, 0xff, 0xff, 0x0, 0xbf, 0xff,
    0xf4, 0xff, 0xff, 0xf0, 0xb, 0xff, 0xff, 0x4f,
    0xff, 0xff, 0x0, 0xbf, 0xff, 0xf4, 0xff, 0xff,
    0xf0, 0xb, 0xff, 0xff, 0x4e, 0xff, 0xfe, 0x0,
    0xaf, 0xff, 0xf3, 0x5e, 0xfe, 0x50, 0x2, 0xdf,
    0xf9, 0x0,

    /* U+F04D "" */
    0x1b, 0xff, 0xff, 0xff, 0xff, 0xff, 0xfb, 0x1b,
    0xff, 0xff, 0xff, 0xff, 0xff, 0xff, 0xfb, 0xff,
    0xff, 0xff, 0xff, 0xff, 0xff, 0xff, 0xff, 0xff,
    0xff, 0xff, 0xff, 0xff, 0xff, 0xff, 0xff, 0xff,
    0xff, 0xff, 0xff, 0xff, 0xff, 0xff, 0xff, 0xff,
    0xff, 0xff, 0xff, 0xff, 0xff, 0xff, 0xff, 0xff,
    0xff, 0xff, 0xff, 0xff, 0xff, 0xff, 0xff, 0xff,
    0xff, 0xff, 0xff, 0xff, 0xff, 0xff, 0xff, 0xff,
    0xff, 0xff, 0xff, 0xff, 0xff, 0xff, 0xff, 0xff,
    0xff, 0xff, 0xff, 0xff, 0xff, 0xff, 0xff, 0xff,
    0xff, 0xff, 0xff, 0xff, 0xff, 0xff, 0xff, 0xff,
    0xff, 0xff, 0xff, 0xff, 0xff, 0xff, 0xff, 0xff,
    0xff, 0xfb, 0xff, 0xff, 0xff, 0xff, 0xff, 0xff,
    0xfb, 0x1b, 0xff, 0xff, 0xff, 0xff, 0xff, 0xfb,
    0x10,

    /* U+F051 "" */
    0x0, 0x0, 0x0, 0x0, 0x0, 0x0, 0xa, 0xe6,
    0x0, 0x0, 0x0, 0xa, 0xe3, 0xff, 0xf8, 0x0,
    0x0, 0x0, 0xff, 0x7f, 0xff, 0xfb, 0x0, 0x0,
    0xf, 0xf8, 0xff, 0xff, 0xfd, 0x20, 0x0, 0xff,
    0x8f, 0xff, 0xff, 0xfe, 0x30, 0xf, 0xf8, 0xff,
    0xff, 0xff, 0xff, 0x60, 0xff, 0x8f, 0xff, 0xff,
    0xff, 0xff, 0x8f, 0xf8, 0xff, 0xff, 0xff, 0xff,
    0xff, 0xff, 0x8f, 0xff, 0xff, 0xff, 0xff, 0x8f,
    0xf8, 0xff, 0xff, 0xff, 0xff, 0x50, 0xff, 0x8f,
    0xff, 0xff, 0xfe, 0x30, 0xf, 0xf8, 0xff, 0xff,
    0xfd, 0x10, 0x0, 0xff, 0x8f, 0xff, 0xfb, 0x0,
    0x0, 0xf, 0xf8, 0xff, 0xf8, 0x0, 0x0, 0x0,
    0xff, 0x79, 0xe5, 0x0, 0x0, 0x0, 0xa, 0xe3,
    0x0, 0x0, 0x0, 0x0, 0x0, 0x0, 0x0,

    /* U+F052 "" */
    0x0, 0x0, 0x0, 0x0, 0x3, 0x10, 0x0, 0x0,
    0x0, 0x0, 0x0, 0x0, 0x0, 0xb, 0xff, 0x40,
    0x0, 0x0, 0x0, 0x0, 0x0, 0x0, 0xa, 0xff,
    0xff, 0x30, 0x0, 0x0, 0x0, 0x0, 0x0, 0x9,
    0xff, 0xff, 0xfe, 0x20, 0x0, 0x0, 0x0, 0x0,
    0x8, 0xff, 0xff, 0xff, 0xfe, 0x10, 0x0, 0x0,
    0x0, 0x6, 0xff, 0xff, 0xff, 0xff, 0xfd, 0x10,
    0x0, 0x0, 0x5, 0xff, 0xff, 0xff, 0xff, 0xff,
    0xfc, 0x0, 0x0, 0x4, 0xff, 0xff, 0xff, 0xff,
    0xff, 0xff, 0xfb, 0x0, 0x3, 0xff, 0xff, 0xff,
    0xff, 0xff, 0xff, 0xff, 0xfa, 0x0, 0xdf, 0xff,
    0xff, 0xff, 0xff, 0xff, 0xff, 0xff, 0xf5, 0xe,
    0xff, 0xff, 0xff, 0xff, 0xff, 0xff, 0xff, 0xff,
    0x60, 0x5e, 0xff, 0xff, 0xff, 0xff, 0xff, 0xff,
    0xff, 0xb0, 0x0, 0x0, 0x0, 0x0, 0x0, 0x0,
    0x0, 0x0, 0x0, 0x0, 0x0, 0x0, 0x0, 0x0,
    0x0, 0x0, 0x0, 0x0, 0x0, 0x2, 0x9b, 0xbb,
    0xbb, 0xbb, 0xbb, 0xbb, 0xbb, 0xb6, 0x0, 0xcf,
    0xff, 0xff, 0xff, 0xff, 0xff, 0xff, 0xff, 0xf5,
    0xe, 0xff, 0xff, 0xff, 0xff, 0xff, 0xff, 0xff,
    0xff, 0x60, 0x5f, 0xff, 0xff, 0xff, 0xff, 0xff,
    0xff, 0xff, 0xc0, 0x0, 0x0, 0x0, 0x0, 0x0,
    0x0, 0x0, 0x0, 0x0, 0x0,

    /* U+F053 "" */
    0x0, 0x0, 0x0, 0x0, 0x42, 0x0, 0x0, 0x0,
    0xa, 0xfe, 0x0, 0x0, 0x0, 0xaf, 0xfc, 0x0,
    0x0, 0xa, 0xff, 0xd1, 0x0, 0x0, 0xaf, 0xfd,
    0x10, 0x0, 0xa, 0xff, 0xd1, 0x0, 0x0, 0xaf,
    0xfd, 0x10, 0x0, 0xa, 0xff, 0xd1, 0x0, 0x0,
    0x9f, 0xfd, 0x10, 0x0, 0x0, 0xff, 0xf4, 0x0,
    0x0, 0x0, 0x6f, 0xfe, 0x30, 0x0, 0x0, 0x6,
    0xff, 0xe3, 0x0, 0x0, 0x0, 0x6f, 0xfe, 0x30,
    0x0, 0x0, 0x6, 0xff, 0xf3, 0x0, 0x0, 0x0,
    0x6f, 0xff, 0x30, 0x0, 0x0, 0x7, 0xff, 0xf3,
    0x0, 0x0, 0x0, 0x7f, 0xfe, 0x0, 0x0, 0x0,
    0x6, 0xfc, 0x0, 0x0, 0x0, 0x0, 0x10,

    /* U+F054 "" */
    0x4, 0x20, 0x0, 0x0, 0x0, 0x6, 0xff, 0x30,
    0x0, 0x0, 0x0, 0x4f, 0xff, 0x30, 0x0, 0x0,
    0x0, 0x6f, 0xff, 0x30, 0x0, 0x0, 0x0, 0x6f,
    0xff, 0x30, 0x0, 0x0, 0x0, 0x6f, 0xff, 0x30,
    0x0, 0x0, 0x0, 0x6f, 0xff, 0x30, 0x0, 0x0,
    0x0, 0x6f, 0xff, 0x30, 0x0, 0x0, 0x0, 0x6f,
    0xff, 0x20, 0x0, 0x0, 0x0, 0xcf, 0xf7, 0x0,
    0x0, 0x0, 0x9f, 0xfd, 0x10, 0x0, 0x0, 0x9f,
    0xfd, 0x10, 0x0, 0x0, 0x9f, 0xfd, 0x10, 0x0,
    0x0, 0xaf, 0xfd, 0x10, 0x0, 0x0, 0xaf, 0xfd,
    0x10, 0x0, 0x0, 0xaf, 0xfd, 0x10, 0x0, 0x0,
    0x6f, 0xfd, 0x10, 0x0, 0x0, 0x4, 0xfd, 0x10,
    0x0, 0x0, 0x0, 0x1, 0x0, 0x0, 0x0, 0x0,
    0x0,

    /* U+F067 "" */
    0x0, 0x0, 0x0, 0x3, 0xea, 0x0, 0x0, 0x0,
    0x0, 0x0, 0x0, 0x0, 0x7f, 0xf0, 0x0, 0x0,
    0x0, 0x0, 0x0, 0x0, 0x7, 0xff, 0x0, 0x0,
    0x0, 0x0, 0x0, 0x0, 0x0, 0x7f, 0xf0, 0x0,
    0x0, 0x0, 0x0, 0x0, 0x0, 0x7, 0xff, 0x0,
    0x0, 0x0, 0x0, 0x0, 0x0, 0x0, 0x7f, 0xf0,
    0x0, 0x0, 0x0, 0x0, 0x0, 0x0, 0x7, 0xff,
    0x0, 0x0, 0x0, 0x2, 0xef, 0xff, 0xff, 0xff,
    0xff, 0xff, 0xff, 0xf8, 0x4f, 0xff, 0xff, 0xff,
    0xff, 0xff, 0xff, 0xff, 0xc0, 0x57, 0x77, 0x77,
    0xbf, 0xf7, 0x77, 0x77, 0x72, 0x0, 0x0, 0x0,
    0x7, 0xff, 0x0, 0x0, 0x0, 0x0, 0x0, 0x0,
    0x0, 0x7f, 0xf0, 0x0, 0x0, 0x0, 0x0, 0x0,
    0x0, 0x7, 0xff, 0x0, 0x0, 0x0, 0x0, 0x0,
    0x0, 0x0, 0x7f, 0xf0, 0x0, 0x0, 0x0, 0x0,
    0x0, 0x0, 0x7, 0xff, 0x0, 0x0, 0x0, 0x0,
    0x0, 0x0, 0x0, 0x3e, 0xb0, 0x0, 0x0, 0x0,

    /* U+F068 "" */
    0x5, 0x77, 0x77, 0x77, 0x77, 0x77, 0x77, 0x77,
    0x24, 0xff, 0xff, 0xff, 0xff, 0xff, 0xff, 0xff,
    0xfc, 0x2e, 0xff, 0xff, 0xff, 0xff, 0xff, 0xff,
    0xff, 0x80,

    /* U+F06E "" */
    0x0, 0x0, 0x0, 0x0, 0x0, 0x2, 0x31, 0x0,
    0x0, 0x0, 0x0, 0x0, 0x0, 0x0, 0x0, 0x1,
    0x7d, 0xff, 0xff, 0xfa, 0x40, 0x0, 0x0, 0x0,
    0x0, 0x0, 0x0, 0x7f, 0xff, 0xff, 0xff, 0xff,
    0xfb, 0x20, 0x0, 0x0, 0x0, 0x0, 0xb, 0xff,
    0xff, 0xff, 0xef, 0xff, 0xff, 0xf5, 0x0, 0x0,
    0x0, 0x0, 0xcf, 0xff, 0xf9, 0x20, 0x0, 0x6e,
    0xff, 0xff, 0x50, 0x0, 0x0, 0xb, 0xff, 0xff,
    0x50, 0x0, 0x20, 0x1, 0xcf, 0xff, 0xf4, 0x0,
    0x0, 0x7f, 0xff, 0xf8, 0x0, 0x0, 0xdf, 0x70,
    0x1e, 0xff, 0xfe, 0x10, 0x2, 0xff, 0xff, 0xf1,
    0x0, 0x0, 0xdf, 0xf6, 0x8, 0xff, 0xff, 0x90,
    0xa, 0xff, 0xff, 0xc0, 0x0, 0x5, 0xff, 0xfd,
    0x4, 0xff, 0xff, 0xf2, 0xe, 0xff, 0xff, 0xa0,
    0x48, 0xaf, 0xff, 0xff, 0x2, 0xff, 0xff, 0xf7,
    0xa, 0xff, 0xff, 0xc0, 0x5f, 0xff, 0xff, 0xfd,
    0x4, 0xff, 0xff, 0xf2, 0x2, 0xff, 0xff, 0xf1,
    0xd, 0xff, 0xff, 0xf5, 0x8, 0xff, 0xff, 0x90,
    0x0, 0x7f, 0xff, 0xf8, 0x1, 0xcf, 0xfe, 0x60,
    0x1e, 0xff, 0xfe, 0x10, 0x0, 0xb, 0xff, 0xff,
    0x50, 0x2, 0x30, 0x1, 0xcf, 0xff, 0xf4, 0x0,
    0x0, 0x0, 0xcf, 0xff, 0xfa, 0x30, 0x0, 0x6e,
    0xff, 0xff, 0x50, 0x0, 0x0, 0x0, 0xb, 0xff,
    0xff, 0xff, 0xef, 0xff, 0xff, 0xf5, 0x0, 0x0,
    0x0, 0x0, 0x0, 0x7f, 0xff, 0xff, 0xff, 0xff,
    0xfb, 0x20, 0x0, 0x0, 0x0, 0x0, 0x0, 0x1,
    0x7d, 0xff, 0xff, 0xfa, 0x40, 0x0, 0x0, 0x0,
    0x0, 0x0, 0x0, 0x0, 0x0, 0x2, 0x31, 0x0,
    0x0, 0x0, 0x0, 0x0,

    /* U+F070 "" */
    0x5, 0x40, 0x0, 0x0, 0x0, 0x0, 0x0, 0x0,
    0x0, 0x0, 0x0, 0x0, 0x0, 0x0, 0xff, 0x80,
    0x0, 0x0, 0x0, 0x2, 0x32, 0x0, 0x0, 0x0,
    0x0, 0x0, 0x0, 0x4, 0xef, 0xb1, 0x0, 0x6,
    0xcf, 0xff, 0xff, 0xb6, 0x0, 0x0, 0x0, 0x0,
    0x0, 0x2, 0xdf, 0xe3, 0x4e, 0xff, 0xff, 0xff,
    0xff, 0xfd, 0x40, 0x0, 0x0, 0x0, 0x0, 0x0,
    0xaf, 0xff, 0xff, 0xff, 0xfe, 0xff, 0xff, 0xff,
    0x80, 0x0, 0x0, 0x0, 0x0, 0x0, 0x6f, 0xff,
    0xfc, 0x40, 0x0, 0x4c, 0xff, 0xff, 0x90, 0x0,
    0x0, 0x0, 0x0, 0x0, 0x3e, 0xff, 0x20, 0x1,
    0x10, 0x9, 0xff, 0xff, 0x80, 0x0, 0x0, 0x0,
    0x3e, 0x30, 0x1c, 0xfe, 0x40, 0x9f, 0x90, 0xc,
    0xff, 0xff, 0x40, 0x0, 0x0, 0xd, 0xff, 0x60,
    0x8, 0xff, 0x79, 0xff, 0xa0, 0x4f, 0xff, 0xfd,
    0x0, 0x0, 0x5, 0xff, 0xff, 0x90, 0x5, 0xff,
    0xff, 0xff, 0x10, 0xff, 0xff, 0xf6, 0x0, 0x0,
    0xaf, 0xff, 0xfe, 0x0, 0x2, 0xdf, 0xff, 0xf3,
    0xe, 0xff, 0xff, 0xb0, 0x0, 0x5, 0xff, 0xff,
    0xf0, 0x0, 0x0, 0xbf, 0xff, 0x10, 0xff, 0xff,
    0xf6, 0x0, 0x0, 0xd, 0xff, 0xff, 0x40, 0x0,
    0x0, 0x7f, 0xf8, 0x4f, 0xff, 0xfd, 0x0, 0x0,
    0x0, 0x3f, 0xff, 0xfc, 0x0, 0x0, 0x0, 0x4e,
    0xff, 0xff, 0xff, 0x30, 0x0, 0x0, 0x0, 0x7f,
    0xff, 0xf9, 0x0, 0x0, 0x0, 0x2c, 0xff, 0xff,
    0x70, 0x0, 0x0, 0x0, 0x0, 0x9f, 0xff, 0xfc,
    0x40, 0x0, 0x20, 0x9, 0xff, 0xc0, 0x0, 0x0,
    0x0, 0x0, 0x0, 0x7f, 0xff, 0xff, 0xfe, 0xff,
    0x80, 0x6, 0xff, 0xa0, 0x0, 0x0, 0x0, 0x0,
    0x0, 0x4d, 0xff, 0xff, 0xff, 0xff, 0xb1, 0x3,
    0xef, 0xd2, 0x0, 0x0, 0x0, 0x0, 0x0, 0x6,
    0xbf, 0xff, 0xff, 0xc6, 0x0, 0x1, 0xbf, 0xe4,
    0x0, 0x0, 0x0, 0x0, 0x0, 0x0, 0x2, 0x32,
    0x0, 0x0, 0x0, 0x0, 0x8f, 0xf0, 0x0, 0x0,
    0x0, 0x0, 0x0, 0x0, 0x0, 0x0, 0x0, 0x0,
    0x0, 0x0, 0x45, 0x0,

    /* U+F071 "" */
    0x0, 0x0, 0x0, 0x0, 0x0, 0x11, 0x0, 0x0,
    0x0, 0x0, 0x0, 0x0, 0x0, 0x0, 0x0, 0x4,
    0xff, 0x50, 0x0, 0x0, 0x0, 0x0, 0x0, 0x0,
    0x0, 0x0, 0xe, 0xff, 0xe0, 0x0, 0x0, 0x0,
    0x0, 0x0, 0x0, 0x0, 0x0, 0x8f, 0xff, 0xf8,
    0x0, 0x0, 0x0, 0x0, 0x0, 0x0, 0x0, 0x2,
    0xff, 0xff, 0xff, 0x20, 0x0, 0x0, 0x0, 0x0,
    0x0, 0x0, 0xb, 0xff, 0xee, 0xff, 0xb0, 0x0,
    0x0, 0x0, 0x0, 0x0, 0x0, 0x4f, 0xff, 0x22,
    0xff, 0xf5, 0x0, 0x0, 0x0, 0x0, 0x0, 0x0,
    0xdf, 0xff, 0x11, 0xff, 0xfe, 0x0, 0x0, 0x0,
    0x0, 0x0, 0x7, 0xff, 0xff, 0x11, 0xff, 0xff,
    0x80, 0x0, 0x0, 0x0, 0x0, 0x1f, 0xff, 0xff,
    0x11, 0xff, 0xff, 0xf2, 0x0, 0x0, 0x0, 0x0,
    0xaf, 0xff, 0xff, 0x11, 0xff, 0xff, 0xfb, 0x0,
    0x0, 0x0, 0x4, 0xff, 0xff, 0xff, 0x55, 0xff,
    0xff, 0xff, 0x40, 0x0, 0x0, 0xd, 0xff, 0xff,
    0xff, 0xff, 0xff, 0xff, 0xff, 0xd0, 0x0, 0x0,
    0x7f, 0xff, 0xff, 0xff, 0x66, 0xff, 0xff, 0xff,
    0xf7, 0x0, 0x1, 0xff, 0xff, 0xff, 0xfc, 0x0,
    0xcf, 0xff, 0xff, 0xff, 0x10, 0xa, 0xff, 0xff,
    0xff, 0xff, 0x99, 0xff, 0xff, 0xff, 0xff, 0xa0,
    0xe, 0xff, 0xff, 0xff, 0xff, 0xff, 0xff, 0xff,
    0xff, 0xff, 0xf0, 0x8, 0xff, 0xff, 0xff, 0xff,
    0xff, 0xff, 0xff, 0xff, 0xff, 0x80, 0x0, 0x0,
    0x0, 0x0, 0x0, 0x0, 0x0, 0x0, 0x0, 0x0,
    0x0,

    /* U+F074 "" */
    0x0, 0x0, 0x0, 0x0, 0x0, 0x0, 0x0, 0x0,
    0x10, 0x0, 0x0, 0x0, 0x0, 0x0, 0x0, 0x0,
    0x0, 0xb, 0xf7, 0x0, 0x0, 0x0, 0x0, 0x0,
    0x0, 0x0, 0x0, 0xf, 0xff, 0x70, 0x5a, 0xaa,
    0x83, 0x0, 0x0, 0x0, 0x69, 0xaf, 0xff, 0xf6,
    0xff, 0xff, 0xff, 0x60, 0x0, 0x1d, 0xff, 0xff,
    0xff, 0xff, 0x8d, 0xdd, 0xff, 0xf4, 0x0, 0xbf,
    0xfe, 0xdf, 0xff, 0xf9, 0x0, 0x0, 0x3f, 0xfe,
    0x14, 0xff, 0xa0, 0xf, 0xff, 0xa0, 0x0, 0x0,
    0x6, 0xff, 0xb0, 0xbd, 0x0, 0xd, 0xfa, 0x0,
    0x0, 0x0, 0x0, 0xaf, 0xf7, 0x12, 0x0, 0x1,
    0x40, 0x0, 0x0, 0x0, 0x0, 0xd, 0xff, 0x30,
    0x0, 0x0, 0x0, 0x0, 0x0, 0x0, 0x0, 0x12,
    0xff, 0xe1, 0x0, 0x0, 0x10, 0x0, 0x0, 0x0,
    0x3, 0xe1, 0x6f, 0xfb, 0x0, 0xb, 0xf7, 0x0,
    0x0, 0x0, 0x1e, 0xfb, 0xa, 0xff, 0x70, 0xf,
    0xff, 0x70, 0x5a, 0xaa, 0xef, 0xf6, 0x0, 0xdf,
    0xfb, 0xaf, 0xff, 0xf6, 0xff, 0xff, 0xff, 0x90,
    0x0, 0x2e, 0xff, 0xff, 0xff, 0xff, 0x8d, 0xdd,
    0xc6, 0x0, 0x0, 0x2, 0x9d, 0xdf, 0xff, 0xf9,
    0x0, 0x0, 0x0, 0x0, 0x0, 0x0, 0x0, 0xf,
    0xff, 0xa0, 0x0, 0x0, 0x0, 0x0, 0x0, 0x0,
    0x0, 0xd, 0xfa, 0x0, 0x0, 0x0, 0x0, 0x0,
    0x0, 0x0, 0x0, 0x1, 0x40, 0x0,

    /* U+F077 "" */
    0x0, 0x0, 0x0, 0x0, 0x99, 0x0, 0x0, 0x0,
    0x0, 0x0, 0x0, 0x0, 0xc, 0xff, 0xc0, 0x0,
    0x0, 0x0, 0x0, 0x0, 0x0, 0xcf, 0xff, 0xfc,
    0x0, 0x0, 0x0, 0x0, 0x0, 0xc, 0xff, 0xbb,
    0xff, 0xc0, 0x0, 0x0, 0x0, 0x0, 0xcf, 0xfb,
    0x0, 0xbf, 0xfc, 0x0, 0x0, 0x0, 0xc, 0xff,
    0xb0, 0x0, 0xb, 0xff, 0xc0, 0x0, 0x0, 0xcf,
    0xfb, 0x0, 0x0, 0x0, 0xbf, 0xfc, 0x0, 0xc,
    0xff, 0xb0, 0x0, 0x0, 0x0, 0xb, 0xff, 0xc0,
    0x9f, 0xfb, 0x0, 0x0, 0x0, 0x0, 0x0, 0xcf,
    0xf9, 0x9f, 0xb0, 0x0, 0x0, 0x0, 0x0, 0x0,
    0xb, 0xf9, 0x3, 0x0, 0x0, 0x0, 0x0, 0x0,
    0x0, 0x0, 0x30,

    /* U+F078 "" */
    0x3, 0x0, 0x0, 0x0, 0x0, 0x0, 0x0, 0x0,
    0x30, 0x9f, 0xb0, 0x0, 0x0, 0x0, 0x0, 0x0,
    0xc, 0xf9, 0x9f, 0xfb, 0x0, 0x0, 0x0, 0x0,
    0x0, 0xcf, 0xf9, 0xc, 0xff, 0xb0, 0x0, 0x0,
    0x0, 0xc, 0xff, 0xb0, 0x0, 0xcf, 0xfb, 0x0,
    0x0, 0x0, 0xcf, 0xfb, 0x0, 0x0, 0xc, 0xff,
    0xb0, 0x0, 0xc, 0xff, 0xb0, 0x0, 0x0, 0x0,
    0xcf, 0xfb, 0x0, 0xbf, 0xfb, 0x0, 0x0, 0x0,
    0x0, 0xc, 0xff, 0xbb, 0xff, 0xb0, 0x0, 0x0,
    0x0, 0x0, 0x0, 0xcf, 0xff, 0xfb, 0x0, 0x0,
    0x0, 0x0, 0x0, 0x0, 0xc, 0xff, 0xb0, 0x0,
    0x0, 0x0, 0x0, 0x0, 0x0, 0x0, 0x99, 0x0,
    0x0, 0x0, 0x0,

    /* U+F079 "" */
    0x0, 0x2, 0xb8, 0x0, 0x0, 0x0, 0x0, 0x0,
    0x0, 0x0, 0x0, 0x0, 0x0, 0x2e, 0xff, 0x90,
    0x0, 0x0, 0x78, 0x88, 0x88, 0x50, 0x0, 0x0,
    0x2, 0xef, 0xff, 0xf9, 0x0, 0x5, 0xff, 0xff,
    0xff, 0xfc, 0x0, 0x0, 0xd, 0xff, 0xff, 0xff,
    0x50, 0x1, 0xdf, 0xff, 0xff, 0xff, 0x90, 0x0,
    0xc, 0xff, 0xff, 0xff, 0x40, 0x0, 0x0, 0x0,
    0x0, 0xbf, 0xe0, 0x0, 0x0, 0x39, 0xff, 0x31,
    0x0, 0x0, 0x0, 0x0, 0x0, 0x8f, 0xf0, 0x0,
    0x0, 0x7, 0xff, 0x0, 0x0, 0x0, 0x0, 0x0,
    0x0, 0x7f, 0xf0, 0x0, 0x0, 0x7, 0xff, 0x0,
    0x0, 0x0, 0x0, 0x0, 0x0, 0x7f, 0xf0, 0x0,
    0x0, 0x7, 0xff, 0x0, 0x0, 0x0, 0x0, 0x0,
    0x0, 0x7f, 0xf0, 0x0, 0x0, 0x7, 0xff, 0x0,
    0x0, 0x0, 0x0, 0x0, 0x0, 0x7f, 0xf0, 0x0,
    0x0, 0x6, 0xff, 0x10, 0x0, 0x0, 0x0, 0x0,
    0x6c, 0xef, 0xfc, 0xb1, 0x0, 0x3, 0xff, 0xc8,
    0x88, 0x88, 0x30, 0x0, 0xff, 0xff, 0xff, 0xf7,
    0x0, 0x0, 0xaf, 0xff, 0xff, 0xff, 0xd0, 0x0,
    0x7f, 0xff, 0xff, 0xe1, 0x0, 0x0, 0x7, 0xcf,
    0xff, 0xff, 0x80, 0x0, 0x7, 0xff, 0xfe, 0x10,
    0x0, 0x0, 0x0, 0x0, 0x0, 0x0, 0x0, 0x0,
    0x0, 0x7f, 0xd1, 0x0, 0x0, 0x0, 0x0, 0x0,
    0x0, 0x0, 0x0, 0x0, 0x0, 0x2, 0x0, 0x0,

    /* U+F07B "" */
    0x2, 0x67, 0x77, 0x76, 0x20, 0x0, 0x0, 0x0,
    0x0, 0x0, 0x6f, 0xff, 0xff, 0xff, 0xf6, 0x0,
    0x0, 0x0, 0x0, 0x0, 0xef, 0xff, 0xff, 0xff,
    0xff, 0x40, 0x0, 0x0, 0x0, 0x0, 0xff, 0xff,
    0xff, 0xff, 0xff, 0xff, 0xff, 0xff, 0xfe, 0xa1,
    0xff, 0xff, 0xff, 0xff, 0xff, 0xff, 0xff, 0xff,
    0xff, 0xfb, 0xff, 0xff, 0xff, 0xff, 0xff, 0xff,
    0xff, 0xff, 0xff, 0xff, 0xff, 0xff, 0xff, 0xff,
    0xff, 0xff, 0xff, 0xff, 0xff, 0xff, 0xff, 0xff,
    0xff, 0xff, 0xff, 0xff, 0xff, 0xff, 0xff, 0xff,
    0xff, 0xff, 0xff, 0xff, 0xff, 0xff, 0xff, 0xff,
    0xff, 0xff, 0xff, 0xff, 0xff, 0xff, 0xff, 0xff,
    0xff, 0xff, 0xff, 0xff, 0xff, 0xff, 0xff, 0xff,
    0xff, 0xff, 0xff, 0xff, 0xff, 0xff, 0xff, 0xff,
    0xff, 0xff, 0xff, 0xff, 0xff, 0xff, 0xff, 0xff,
    0xff, 0xff, 0xff, 0xff, 0xff, 0xff, 0xff, 0xff,
    0xff, 0xff, 0xff, 0xff, 0xff, 0xff, 0xff, 0xff,
    0xff, 0xff, 0xff, 0xff, 0xff, 0xff, 0xff, 0xff,
    0xff, 0xff, 0xff, 0xff, 0xff, 0xff, 0xff, 0xff,
    0xff, 0xff, 0xff, 0xff, 0xff, 0xff, 0xff, 0xff,
    0xbf, 0xff, 0xff, 0xff, 0xff, 0xff, 0xff, 0xff,
    0xff, 0xfb, 0x2c, 0xff, 0xff, 0xff, 0xff, 0xff,
    0xff, 0xff, 0xff, 0xc2, 0x0, 0x0, 0x0, 0x0,
    0x0, 0x0, 0x0, 0x0, 0x0, 0x0,

    /* U+F093 "" */
    0x0, 0x0, 0x0, 0x0, 0x2, 0x20, 0x0, 0x0,
    0x0, 0x0, 0x0, 0x0, 0x0, 0x0, 0x5f, 0xf5,
    0x0, 0x0, 0x0, 0x0, 0x0, 0x0, 0x0, 0x5,
    0xff, 0xff, 0x50, 0x0, 0x0, 0x0, 0x0, 0x0,
    0x0, 0x5f, 0xff, 0xff, 0xf5, 0x0, 0x0, 0x0,
    0x0, 0x0, 0x5, 0xff, 0xff, 0xff, 0xff, 0x50,
    0x0, 0x0, 0x0, 0x0, 0x5f, 0xff, 0x8f, 0xf8,
    0xff, 0xf5, 0x0, 0x0, 0x0, 0x2, 0xff, 0xf4,
    0x4f, 0xf4, 0x4f, 0xff, 0x20, 0x0, 0x0, 0x1,
    0xff, 0x40, 0x4f, 0xf4, 0x4, 0xff, 0x10, 0x0,
    0x0, 0x0, 0x11, 0x0, 0x4f, 0xf4, 0x0, 0x11,
    0x0, 0x0, 0x0, 0x0, 0x0, 0x0, 0x4f, 0xf4,
    0x0, 0x0, 0x0, 0x0, 0x0, 0x0, 0x0, 0x0,
    0x4f, 0xf4, 0x0, 0x0, 0x0, 0x0, 0x0, 0x0,
    0x0, 0x0, 0x4f, 0xf4, 0x0, 0x0, 0x0, 0x0,
    0x0, 0x0, 0x0, 0x0, 0x4f, 0xf4, 0x0, 0x0,
    0x0, 0x0, 0x0, 0x0, 0x0, 0x0, 0x4f, 0xf4,
    0x0, 0x0, 0x0, 0x0, 0x4, 0x88, 0x88, 0x84,
    0x3f, 0xf3, 0x48, 0x88, 0x88, 0x40, 0x7f, 0xff,
    0xff, 0xfc, 0x8, 0x90, 0xcf, 0xff, 0xff, 0xf7,
    0xef, 0xff, 0xff, 0xff, 0xa2, 0x2a, 0xff, 0xff,
    0xce, 0xfe, 0xff, 0xff, 0xff, 0xff, 0xff, 0xff,
    0xff, 0xff, 0x4, 0xff, 0xef, 0xff, 0xff, 0xff,
    0xff, 0xff, 0xff, 0xff, 0xac, 0xfe, 0x8f, 0xff,
    0xff, 0xff, 0xff, 0xff, 0xff, 0xff, 0xff, 0xf9,
    0x6, 0xab, 0xbb, 0xbb, 0xbb, 0xbb, 0xbb, 0xbb,
    0xba, 0x60,

    /* U+F095 "" */
    0x0, 0x2, 0x65, 0x0, 0x0, 0x0, 0x0, 0x0,
    0x0, 0x0, 0x2, 0x9e, 0xff, 0xf7, 0x0, 0x0,
    0x0, 0x0, 0x0, 0x0, 0x0, 0xdf, 0xff, 0xff,
    0xd0, 0x0, 0x0, 0x0, 0x0, 0x0, 0x0, 0xf,
    0xff, 0xff, 0xff, 0x40, 0x0, 0x0, 0x0, 0x0,
    0x0, 0x0, 0xef, 0xff, 0xff, 0xfb, 0x0, 0x0,
    0x0, 0x0, 0x0, 0x0, 0xc, 0xff, 0xff, 0xff,
    0xf0, 0x0, 0x0, 0x0, 0x0, 0x0, 0x0, 0x9f,
    0xff, 0xff, 0xfe, 0x0, 0x0, 0x0, 0x0, 0x0,
    0x0, 0x6, 0xff, 0xff, 0xfd, 0x20, 0x0, 0x0,
    0x0, 0x0, 0x0, 0x0, 0x1f, 0xff, 0xfd, 0x0,
    0x0, 0x0, 0x0, 0x0, 0x0, 0x0, 0x0, 0xbf,
    0xff, 0xf2, 0x0, 0x0, 0x0, 0x0, 0x0, 0x0,
    0x0, 0x4, 0xff, 0xff, 0xb0, 0x0, 0x0, 0x0,
    0x0, 0x0, 0x0, 0x0, 0xc, 0xff, 0xff, 0x80,
    0x0, 0x0, 0x0, 0x0, 0x0, 0x0, 0x0, 0x2f,
    0xff, 0xff, 0x70, 0x0, 0x2, 0x96, 0x0, 0x0,
    0x0, 0x0, 0x7f, 0xff, 0xff, 0xa0, 0x1, 0xef,
    0xff, 0x92, 0x0, 0x0, 0x0, 0xaf, 0xff, 0xff,
    0xe5, 0xcf, 0xff, 0xff, 0xf9, 0x0, 0x0, 0x0,
    0xaf, 0xff, 0xff, 0xff, 0xff, 0xff, 0xff, 0xf0,
    0x0, 0x0, 0x0, 0x9f, 0xff, 0xff, 0xff, 0xff,
    0xff, 0xfc, 0x0, 0x0, 0x0, 0x0, 0x5e, 0xff,
    0xff, 0xff, 0xff, 0xff, 0x80, 0x0, 0x0, 0x0,
    0x0, 0x18, 0xff, 0xff, 0xff, 0xff, 0xf4, 0x0,
    0x0, 0x0, 0x0, 0x0, 0x1, 0x6c, 0xff, 0xff,
    0xfe, 0x0, 0x0, 0x0, 0x0, 0x0, 0x0, 0x0,
    0x0, 0x35, 0x67, 0x20, 0x0,

    /* U+F0C4 "" */
    0x0, 0x27, 0x97, 0x10, 0x0, 0x0, 0x0, 0x0,
    0x0, 0x0, 0x7, 0xff, 0xff, 0xf4, 0x0, 0x0,
    0x0, 0x0, 0x36, 0x30, 0x5f, 0xff, 0xff, 0xff,
    0x20, 0x0, 0x0, 0x9, 0xff, 0xf7, 0xcf, 0xf4,
    0x17, 0xff, 0x80, 0x0, 0x0, 0x9f, 0xff, 0xf5,
    0xff, 0x90, 0x0, 0xdf, 0xb0, 0x0, 0x9, 0xff,
    0xff, 0x60, 0xef, 0xa0, 0x0, 0xef, 0xa0, 0x0,
    0x9f, 0xff, 0xf6, 0x0, 0x9f, 0xf8, 0x5b, 0xff,
    0xb0, 0x9, 0xff, 0xff, 0x70, 0x0, 0x1e, 0xff,
    0xff, 0xff, 0xf9, 0x9f, 0xff, 0xf7, 0x0, 0x0,
    0x1, 0xbf, 0xff, 0xff, 0xff, 0xff, 0xff, 0x70,
    0x0, 0x0, 0x0, 0x0, 0x10, 0x6f, 0xff, 0xff,
    0xf7, 0x0, 0x0, 0x0, 0x0, 0x0, 0x0, 0xb,
    0xff, 0xff, 0x70, 0x0, 0x0, 0x0, 0x0, 0x1,
    0x20, 0x6f, 0xff, 0xf7, 0x4, 0x0, 0x0, 0x0,
    0x2, 0xbf, 0xff, 0xff, 0xff, 0x70, 0xaf, 0x70,
    0x0, 0x0, 0x1e, 0xff, 0xff, 0xff, 0xf8, 0xa,
    0xff, 0xf7, 0x0, 0x0, 0xaf, 0xfa, 0x6c, 0xff,
    0xa0, 0x8, 0xff, 0xff, 0x70, 0x0, 0xef, 0xb0,
    0x0, 0xef, 0xb0, 0x0, 0x8f, 0xff, 0xf7, 0x0,
    0xff, 0x90, 0x0, 0xdf, 0xb0, 0x0, 0x8, 0xff,
    0xff, 0x70, 0xcf, 0xf4, 0x17, 0xff, 0x80, 0x0,
    0x0, 0x8f, 0xff, 0xf6, 0x4f, 0xff, 0xff, 0xfe,
    0x10, 0x0, 0x0, 0x7, 0xff, 0xf6, 0x6, 0xff,
    0xff, 0xe3, 0x0, 0x0, 0x0, 0x0, 0x14, 0x10,
    0x0, 0x16, 0x75, 0x0, 0x0, 0x0, 0x0, 0x0,
    0x0, 0x0,

    /* U+F0C5 "" */
    0x0, 0x0, 0x0, 0x2, 0x44, 0x44, 0x41, 0x0,
    0x0, 0x0, 0x0, 0x0, 0x7f, 0xff, 0xff, 0xff,
    0x50, 0x0, 0x0, 0x0, 0x0, 0xef, 0xff, 0xff,
    0xff, 0xf5, 0x0, 0x0, 0x0, 0x0, 0xef, 0xff,
    0xff, 0xff, 0xff, 0x50, 0x0, 0x0, 0x0, 0xef,
    0xff, 0xff, 0xff, 0xff, 0xf2, 0x3, 0x44, 0x40,
    0xef, 0xff, 0xff, 0xff, 0xff, 0xf5, 0x9f, 0xff,
    0xf0, 0xef, 0xff, 0xff, 0xff, 0xff, 0xf5, 0xff,
    0xff, 0xf0, 0xef, 0xff, 0xff, 0xff, 0xff, 0xf5,
    0xff, 0x93, 0x30, 0xef, 0xff, 0xff, 0xff, 0xff,
    0xf5, 0xff, 0x80, 0x0, 0xef, 0xff, 0xff, 0xff,
    0xff, 0xf5, 0xff, 0x80, 0x0, 0xef, 0xff, 0xff,
    0xff, 0xff, 0xf5, 0xff, 0x80, 0x0, 0xef, 0xff,
    0xff, 0xff, 0xff, 0xf5, 0xff, 0x80, 0x0, 0xef,
    0xff, 0xff, 0xff, 0xff, 0xf5, 0xff, 0x80, 0x0,
    0xef, 0xff, 0xff, 0xff, 0xff, 0xf5, 0xff, 0x80,
    0x0, 0xbf, 0xff, 0xff, 0xff, 0xff, 0xf2, 0xff,
    0x80, 0x0, 0x19, 0xbb, 0xbb, 0xbb, 0xba, 0x50,
    0xff, 0x80, 0x0, 0x0, 0x0, 0x44, 0x10, 0x0,
    0x0, 0xff, 0x80, 0x0, 0x0, 0x2, 0xff, 0x50,
    0x0, 0x0, 0xff, 0xff, 0xff, 0xff, 0xff, 0xff,
    0x50, 0x0, 0x0, 0xbf, 0xff, 0xff, 0xff, 0xff,
    0xff, 0x10, 0x0, 0x0, 0x6, 0x88, 0x88, 0x88,
    0x88, 0x72, 0x0, 0x0, 0x0,

    /* U+F0C7 "" */
    0x0, 0x33, 0x33, 0x33, 0x33, 0x33, 0x10, 0x0,
    0x0, 0x4e, 0xff, 0xff, 0xff, 0xff, 0xff, 0xf8,
    0x0, 0x0, 0xdf, 0xff, 0xff, 0xff, 0xff, 0xff,
    0xff, 0x90, 0x0, 0xff, 0xe4, 0x33, 0x33, 0x33,
    0x36, 0xff, 0xf9, 0x0, 0xff, 0x80, 0x0, 0x0,
    0x0, 0x0, 0xbf, 0xff, 0x80, 0xff, 0x70, 0x0,
    0x0, 0x0, 0x0, 0xbf, 0xff, 0xf2, 0xff, 0x70,
    0x0, 0x0, 0x0, 0x0, 0xbf, 0xff, 0xf4, 0xff,
    0x90, 0x0, 0x0, 0x0, 0x0, 0xcf, 0xff, 0xf4,
    0xff, 0xfa, 0x99, 0x99, 0x99, 0x9b, 0xff, 0xff,
    0xf4, 0xff, 0xff, 0xff, 0xff, 0xff, 0xff, 0xff,
    0xff, 0xf4, 0xff, 0xff, 0xff, 0xff, 0xff, 0xff,
    0xff, 0xff, 0xf4, 0xff, 0xff, 0xff, 0xe4, 0x1,
    0xaf, 0xff, 0xff, 0xf4, 0xff, 0xff, 0xff, 0x60,
    0x0, 0xe, 0xff, 0xff, 0xf4, 0xff, 0xff, 0xff,
    0x40, 0x0, 0xc, 0xff, 0xff, 0xf4, 0xff, 0xff,
    0xff, 0xb0, 0x0, 0x3f, 0xff, 0xff, 0xf4, 0xff,
    0xff, 0xff, 0xfc, 0x79, 0xff, 0xff, 0xff, 0xf4,
    0xcf, 0xff, 0xff, 0xff, 0xff, 0xff, 0xff, 0xff,
    0xf1, 0x2c, 0xff, 0xff, 0xff, 0xff, 0xff, 0xff,
    0xfe, 0x50, 0x0, 0x0, 0x0, 0x0, 0x0, 0x0,
    0x0, 0x0, 0x0,

    /* U+F0C9 "" */
    0xaf, 0xff, 0xff, 0xff, 0xff, 0xff, 0xff, 0xff,
    0xe3, 0xef, 0xff, 0xff, 0xff, 0xff, 0xff, 0xff,
    0xff, 0xf6, 0x37, 0x88, 0x88, 0x88, 0x88, 0x88,
    0x88, 0x88, 0x60, 0x0, 0x0, 0x0, 0x0, 0x0,
    0x0, 0x0, 0x0, 0x0, 0x0, 0x0, 0x0, 0x0,
    0x0, 0x0, 0x0, 0x0, 0x0, 0x0, 0x0, 0x0,
    0x0, 0x0, 0x0, 0x0, 0x0, 0x0, 0x48, 0x88,
    0x88, 0x88, 0x88, 0x88, 0x88, 0x88, 0x70, 0xff,
    0xff, 0xff, 0xff, 0xff, 0xff, 0xff, 0xff, 0xf7,
    0x9f, 0xff, 0xff, 0xff, 0xff, 0xff, 0xff, 0xff,
    0xe3, 0x0, 0x0, 0x0, 0x0, 0x0, 0x0, 0x0,
    0x0, 0x0, 0x0, 0x0, 0x0, 0x0, 0x0, 0x0,
    0x0, 0x0, 0x0, 0x0, 0x0, 0x0, 0x0, 0x0,
    0x0, 0x0, 0x0, 0x0, 0x37, 0x88, 0x88, 0x88,
    0x88, 0x88, 0x88, 0x88, 0x60, 0xef, 0xff, 0xff,
    0xff, 0xff, 0xff, 0xff, 0xff, 0xf6, 0xaf, 0xff,
    0xff, 0xff, 0xff, 0xff, 0xff, 0xff, 0xe3,

    /* U+F0E0 "" */
    0x5e, 0xff, 0xff, 0xff, 0xff, 0xff, 0xff, 0xff,
    0xff, 0xe5, 0xef, 0xff, 0xff, 0xff, 0xff, 0xff,
    0xff, 0xff, 0xff, 0xfe, 0xdf, 0xff, 0xff, 0xff,
    0xff, 0xff, 0xff, 0xff, 0xff, 0xfd, 0x2d, 0xff,
    0xff, 0xff, 0xff, 0xff, 0xff, 0xff, 0xff, 0xd2,
    0x40, 0xaf, 0xff, 0xff, 0xff, 0xff, 0xff, 0xff,
    0xfa, 0x14, 0xf8, 0x6, 0xff, 0xff, 0xff, 0xff,
    0xff, 0xff, 0x70, 0x8f, 0xff, 0xb1, 0x3d, 0xff,
    0xff, 0xff, 0xff, 0xe3, 0x1b, 0xff, 0xff, 0xfe,
    0x41, 0xaf, 0xff, 0xff, 0xfb, 0x14, 0xef, 0xff,
    0xff, 0xff, 0xf8, 0x7, 0xff, 0xff, 0x70, 0x8f,
    0xff, 0xff, 0xff, 0xff, 0xff, 0xc1, 0x3d, 0xd3,
    0x1c, 0xff, 0xff, 0xff, 0xff, 0xff, 0xff, 0xfe,
    0x40, 0x4, 0xef, 0xff, 0xff, 0xff, 0xff, 0xff,
    0xff, 0xff, 0xfd, 0xdf, 0xff, 0xff, 0xff, 0xff,
    0xff, 0xff, 0xff, 0xff, 0xff, 0xff, 0xff, 0xff,
    0xff, 0xff, 0xbf, 0xff, 0xff, 0xff, 0xff, 0xff,
    0xff, 0xff, 0xff, 0xfb, 0x1b, 0xff, 0xff, 0xff,
    0xff, 0xff, 0xff, 0xff, 0xff, 0xb1,

    /* U+F0E7 "" */
    0x0, 0x0, 0x0, 0x0, 0x0, 0x17, 0x10, 0x0,
    0x0, 0x0, 0x0, 0x0, 0x3, 0xef, 0xa0, 0x0,
    0x0, 0x0, 0x0, 0x0, 0x4f, 0xff, 0x80, 0x0,
    0x0, 0x0, 0x0, 0x6, 0xff, 0xff, 0x10, 0x0,
    0x0, 0x0, 0x0, 0x8f, 0xff, 0xfa, 0x0, 0x0,
    0x0, 0x0, 0xa, 0xff, 0xff, 0xf4, 0x0, 0x0,
    0x0, 0x1, 0xbf, 0xff, 0xff, 0xd0, 0x0, 0x0,
    0x0, 0x1d, 0xff, 0xff, 0xff, 0x60, 0x0, 0x0,
    0x3, 0xef, 0xff, 0xff, 0xff, 0x0, 0x0, 0x0,
    0x3f, 0xff, 0xff, 0xff, 0xfe, 0xbb, 0xbb, 0x80,
    0xaf, 0xff, 0xff, 0xff, 0xff, 0xff, 0xff, 0xf3,
    0x3b, 0xbb, 0xbc, 0xff, 0xff, 0xff, 0xff, 0xb0,
    0x0, 0x0, 0x7, 0xff, 0xff, 0xff, 0xf9, 0x0,
    0x0, 0x0, 0xd, 0xff, 0xff, 0xff, 0x70, 0x0,
    0x0, 0x0, 0x4f, 0xff, 0xff, 0xf5, 0x0, 0x0,
    0x0, 0x0, 0xbf, 0xff, 0xfe, 0x40, 0x0, 0x0,
    0x0, 0x2, 0xff, 0xff, 0xe2, 0x0, 0x0, 0x0,
    0x0, 0x9, 0xff, 0xfc, 0x10, 0x0, 0x0, 0x0,
    0x0, 0xf, 0xff, 0xb0, 0x0, 0x0, 0x0, 0x0,
    0x0, 0x2f, 0xf9, 0x0, 0x0, 0x0, 0x0, 0x0,
    0x0, 0x5, 0x50, 0x0, 0x0, 0x0, 0x0, 0x0,

    /* U+F0EA "" */
    0x0, 0x0, 0x5, 0x71, 0x0, 0x0, 0x0, 0x0,
    0x0, 0x0, 0x0, 0x11, 0x9f, 0xff, 0x31, 0x10,
    0x0, 0x0, 0x0, 0x0, 0x6f, 0xff, 0xfb, 0x5f,
    0xff, 0xfc, 0x10, 0x0, 0x0, 0x0, 0xef, 0xff,
    0xf7, 0x1e, 0xff, 0xff, 0x60, 0x0, 0x0, 0x0,
    0xff, 0xff, 0xff, 0xff, 0xfa, 0x76, 0x30, 0x0,
    0x0, 0x0, 0xff, 0xff, 0xff, 0xff, 0x50, 0x34,
    0x44, 0x44, 0x0, 0x0, 0xff, 0xff, 0xff, 0xfb,
    0xc, 0xff, 0xff, 0xff, 0xd2, 0x0, 0xff, 0xff,
    0xff, 0xf8, 0x3f, 0xff, 0xff, 0xff, 0xfe, 0x20,
    0xff, 0xff, 0xff, 0xf7, 0x3f, 0xff, 0xff, 0xff,
    0xff, 0xe2, 0xff, 0xff, 0xff, 0xf7, 0x3f, 0xff,
    0xff, 0xff, 0xff, 0xfc, 0xff, 0xff, 0xff, 0xf7,
    0x3f, 0xff, 0xff, 0xff, 0xff, 0xff, 0xff, 0xff,
    0xff, 0xf7, 0x3f, 0xff, 0xff, 0xff, 0xff, 0xff,
    0xff, 0xff, 0xff, 0xf7, 0x3f, 0xff, 0xff, 0xff,
    0xff, 0xff, 0xff, 0xff, 0xff, 0xf7, 0x3f, 0xff,
    0xff, 0xff, 0xff, 0xff, 0xff, 0xff, 0xff, 0xf7,
    0x3f, 0xff, 0xff, 0xff, 0xff, 0xff, 0xff, 0xff,
    0xff, 0xf7, 0x3f, 0xff, 0xff, 0xff, 0xff, 0xff,
    0xff, 0xff, 0xff, 0xf7, 0x3f, 0xff, 0xff, 0xff,
    0xff, 0xff, 0x8f, 0xff, 0xff, 0xf7, 0x3f, 0xff,
    0xff, 0xff, 0xff, 0xff, 0x2, 0x33, 0x33, 0x31,
    0x3f, 0xff, 0xff, 0xff, 0xff, 0xff, 0x0, 0x0,
    0x0, 0x0, 0x1f, 0xff, 0xff, 0xff, 0xff, 0xfd,
    0x0, 0x0, 0x0, 0x0, 0x4, 0xab, 0xbb, 0xbb,
    0xbb, 0xa2,

    /* U+F0F3 "" */
    0x0, 0x0, 0x0, 0x0, 0x3, 0x10, 0x0, 0x0,
    0x0, 0x0, 0x0, 0x0, 0x0, 0x5, 0xfd, 0x0,
    0x0, 0x0, 0x0, 0x0, 0x0, 0x0, 0x0, 0x9f,
    0xf2, 0x0, 0x0, 0x0, 0x0, 0x0, 0x0, 0x7,
    0xff, 0xff, 0xfc, 0x30, 0x0, 0x0, 0x0, 0x0,
    0xb, 0xff, 0xff, 0xff, 0xff, 0x40, 0x0, 0x0,
    0x0, 0x8, 0xff, 0xff, 0xff, 0xff, 0xfe, 0x10,
    0x0, 0x0, 0x1, 0xff, 0xff, 0xff, 0xff, 0xff,
    0xf8, 0x0, 0x0, 0x0, 0x5f, 0xff, 0xff, 0xff,
    0xff, 0xff, 0xd0, 0x0, 0x0, 0x7, 0xff, 0xff,
    0xff, 0xff, 0xff, 0xff, 0x0, 0x0, 0x0, 0x8f,
    0xff, 0xff, 0xff, 0xff, 0xff, 0xf0, 0x0, 0x0,
    0x9, 0xff, 0xff, 0xff, 0xff, 0xff, 0xff, 0x10,
    0x0, 0x0, 0xcf, 0xff, 0xff, 0xff, 0xff, 0xff,
    0xf4, 0x0, 0x0, 0x2f, 0xff, 0xff, 0xff, 0xff,
    0xff, 0xff, 0xa0, 0x0, 0xa, 0xff, 0xff, 0xff,
    0xff, 0xff, 0xff, 0xff, 0x20, 0x5, 0xff, 0xff,
    0xff, 0xff, 0xff, 0xff, 0xff, 0xfd, 0x0, 0xef,
    0xff, 0xff, 0xff, 0xff, 0xff, 0xff, 0xff, 0xf6,
    0x8, 0xff, 0xff, 0xff, 0xff, 0xff, 0xff, 0xff,
    0xfd, 0x20, 0x0, 0x0, 0x0, 0x0, 0x0, 0x0,
    0x0, 0x0, 0x0, 0x0, 0x0, 0x0, 0xa, 0xff,
    0xff, 0x20, 0x0, 0x0, 0x0, 0x0, 0x0, 0x0,
    0x3f, 0xff, 0xa0, 0x0, 0x0, 0x0, 0x0, 0x0,
    0x0, 0x0, 0x27, 0x50, 0x0, 0x0, 0x0, 0x0,

    /* U+F111 "" */
    0x0, 0x0, 0x0, 0x0, 0x23, 0x32, 0x0, 0x0,
    0x0, 0x0, 0x0, 0x0, 0x3, 0xaf, 0xff, 0xff,
    0xfa, 0x30, 0x0, 0x0, 0x0, 0x0, 0x9f, 0xff,
    0xff, 0xff, 0xff, 0xf9, 0x0, 0x0, 0x0, 0x1c,
    0xff, 0xff, 0xff, 0xff, 0xff, 0xff, 0xc1, 0x0,
    0x0, 0xcf, 0xff, 0xff, 0xff, 0xff, 0xff, 0xff,
    0xfc, 0x0, 0x8, 0xff, 0xff, 0xff, 0xff, 0xff,
    0xff, 0xff, 0xff, 0x80, 0x1f, 0xff, 0xff, 0xff,
    0xff, 0xff, 0xff, 0xff, 0xff, 0xf1, 0x7f, 0xff,
    0xff, 0xff, 0xff, 0xff, 0xff, 0xff, 0xff, 0xf7,
    0xbf, 0xff, 0xff, 0xff, 0xff, 0xff, 0xff, 0xff,
    0xff, 0xfb, 0xef, 0xff, 0xff, 0xff, 0xff, 0xff,
    0xff, 0xff, 0xff, 0xfe, 0xff, 0xff, 0xff, 0xff,
    0xff, 0xff, 0xff, 0xff, 0xff, 0xff, 0xff, 0xff,
    0xff, 0xff, 0xff, 0xff, 0xff, 0xff, 0xff, 0xff,
    0xdf, 0xff, 0xff, 0xff, 0xff, 0xff, 0xff, 0xff,
    0xff, 0xfd, 0x9f, 0xff, 0xff, 0xff, 0xff, 0xff,
    0xff, 0xff, 0xff, 0xf9, 0x3f, 0xff, 0xff, 0xff,
    0xff, 0xff, 0xff, 0xff, 0xff, 0xf3, 0xc, 0xff,
    0xff, 0xff, 0xff, 0xff, 0xff, 0xff, 0xff, 0xc0,
    0x2, 0xff, 0xff, 0xff, 0xff, 0xff, 0xff, 0xff,
    0xff, 0x20, 0x0, 0x5f, 0xff, 0xff, 0xff, 0xff,
    0xff, 0xff, 0xf5, 0x0, 0x0, 0x4, 0xff, 0xff,
    0xff, 0xff, 0xff, 0xff, 0x40, 0x0, 0x0, 0x0,
    0x1a, 0xff, 0xff, 0xff, 0xff, 0xa1, 0x0, 0x0,
    0x0, 0x0, 0x0, 0x16, 0x9a, 0xa9, 0x61, 0x0,
    0x0, 0x0,

    /* U+F11C "" */
    0x1b, 0xff, 0xff, 0xff, 0xff, 0xff, 0xff, 0xff,
    0xff, 0xff, 0xe6, 0xb, 0xff, 0xff, 0xff, 0xff,
    0xff, 0xff, 0xff, 0xff, 0xff, 0xff, 0xf3, 0xff,
    0xd8, 0x9f, 0xb7, 0xbf, 0x98, 0xdf, 0x88, 0xfd,
    0x89, 0xff, 0x7f, 0xf8, 0x0, 0xf4, 0x4, 0xf0,
    0x7, 0xc0, 0xc, 0x80, 0xf, 0xf7, 0xff, 0x90,
    0x1f, 0x50, 0x5f, 0x10, 0x9d, 0x0, 0xd9, 0x1,
    0xff, 0x7f, 0xff, 0xff, 0xff, 0xff, 0xff, 0xff,
    0xff, 0xff, 0xff, 0xff, 0xf7, 0xff, 0xb4, 0x5f,
    0x83, 0x8f, 0x54, 0xbe, 0x44, 0xeb, 0x45, 0xff,
    0x7f, 0xf7, 0x0, 0xf3, 0x3, 0xf0, 0x7, 0xc0,
    0xb, 0x70, 0xf, 0xf7, 0xff, 0xb4, 0x5f, 0x83,
    0x8f, 0x54, 0xbe, 0x44, 0xeb, 0x45, 0xff, 0x7f,
    0xff, 0xff, 0xff, 0xff, 0xff, 0xff, 0xff, 0xff,
    0xff, 0xff, 0xf7, 0xff, 0x90, 0x1f, 0x50, 0x0,
    0x0, 0x0, 0x0, 0xd9, 0x1, 0xff, 0x7f, 0xf8,
    0x0, 0xf4, 0x0, 0x0, 0x0, 0x0, 0xc, 0x80,
    0xf, 0xf7, 0xff, 0xd8, 0x9f, 0xb7, 0x77, 0x77,
    0x77, 0x78, 0xfd, 0x89, 0xff, 0x7b, 0xff, 0xff,
    0xff, 0xff, 0xff, 0xff, 0xff, 0xff, 0xff, 0xff,
    0xf3, 0x1b, 0xff, 0xff, 0xff, 0xff, 0xff, 0xff,
    0xff, 0xff, 0xff, 0xe6, 0x0,

    /* U+F124 "" */
    0x0, 0x0, 0x0, 0x0, 0x0, 0x0, 0x0, 0x49,
    0x30, 0x0, 0x0, 0x0, 0x0, 0x0, 0x1, 0x7d,
    0xff, 0xd0, 0x0, 0x0, 0x0, 0x0, 0x3, 0xaf,
    0xff, 0xff, 0xa0, 0x0, 0x0, 0x0, 0x6, 0xdf,
    0xff, 0xff, 0xff, 0x30, 0x0, 0x0, 0x39, 0xff,
    0xff, 0xff, 0xff, 0xfc, 0x0, 0x0, 0x5c, 0xff,
    0xff, 0xff, 0xff, 0xff, 0xf6, 0x0, 0x2e, 0xff,
    0xff, 0xff, 0xff, 0xff, 0xff, 0xf0, 0x0, 0x4f,
    0xff, 0xff, 0xff, 0xff, 0xff, 0xff, 0x90, 0x0,
    0x5, 0x77, 0x77, 0x77, 0x9f, 0xff, 0xff, 0x20,
    0x0, 0x0, 0x0, 0x0, 0x0, 0x3f, 0xff, 0xfc,
    0x0, 0x0, 0x0, 0x0, 0x0, 0x0, 0x3f, 0xff,
    0xf5, 0x0, 0x0, 0x0, 0x0, 0x0, 0x0, 0x3f,
    0xff, 0xe0, 0x0, 0x0, 0x0, 0x0, 0x0, 0x0,
    0x3f, 0xff, 0x80, 0x0, 0x0, 0x0, 0x0, 0x0,
    0x0, 0x3f, 0xff, 0x20, 0x0, 0x0, 0x0, 0x0,
    0x0, 0x0, 0x3f, 0xfb, 0x0, 0x0, 0x0, 0x0,
    0x0, 0x0, 0x0, 0x2f, 0xf4, 0x0, 0x0, 0x0,
    0x0, 0x0, 0x0, 0x0, 0x6, 0x70, 0x0, 0x0,
    0x0,

    /* U+F158 "" */
    0x0, 0x3e, 0xff, 0xff, 0xff, 0xe9, 0x20, 0x0,
    0x7, 0xff, 0xff, 0xff, 0xff, 0xff, 0x40, 0x0,
    0x7f, 0xf7, 0x77, 0x78, 0xbf, 0xff, 0x20, 0x7,
    0xff, 0x0, 0x0, 0x0, 0x5f, 0xf9, 0x0, 0x7f,
    0xf0, 0x0, 0x0, 0x0, 0xbf, 0xd0, 0x7, 0xff,
    0x0, 0x0, 0x0, 0x8, 0xff, 0x0, 0x7f, 0xf0,
    0x0, 0x0, 0x0, 0xbf, 0xd0, 0x7, 0xff, 0x0,
    0x0, 0x0, 0x5f, 0xf9, 0x37, 0xbf, 0xf7, 0x77,
    0x78, 0xbf, 0xff, 0x2e, 0xff, 0xff, 0xff, 0xff,
    0xff, 0xff, 0x40, 0xaf, 0xff, 0xff, 0xff, 0xff,
    0xe9, 0x20, 0x0, 0x7, 0xff, 0x0, 0x0, 0x0,
    0x0, 0x0, 0xaf, 0xff, 0xff, 0xff, 0xff, 0xfe,
    0x30, 0xe, 0xff, 0xff, 0xff, 0xff, 0xff, 0xf6,
    0x0, 0x37, 0xbf, 0xf7, 0x77, 0x77, 0x76, 0x0,
    0x0, 0x7, 0xff, 0x0, 0x0, 0x0, 0x0, 0x0,
    0x0, 0x3e, 0xa0, 0x0, 0x0, 0x0, 0x0, 0x0,

    /* U+F1EB "" */
    0x0, 0x0, 0x0, 0x0, 0x0, 0x13, 0x33, 0x10,
    0x0, 0x0, 0x0, 0x0, 0x0, 0x0, 0x0, 0x3,
    0x8c, 0xff, 0xff, 0xff, 0xfc, 0x83, 0x0, 0x0,
    0x0, 0x0, 0x0, 0x3c, 0xff, 0xff, 0xff, 0xff,
    0xff, 0xff, 0xfc, 0x30, 0x0, 0x0, 0x2, 0xbf,
    0xff, 0xfc, 0x86, 0x44, 0x46, 0x8c, 0xff, 0xff,
    0xb2, 0x0, 0x4, 0xef, 0xff, 0x82, 0x0, 0x0,
    0x0, 0x0, 0x2, 0x8f, 0xff, 0xe4, 0x6, 0xff,
    0xf9, 0x10, 0x0, 0x0, 0x0, 0x0, 0x0, 0x0,
    0x19, 0xff, 0xf6, 0xff, 0xf5, 0x0, 0x0, 0x0,
    0x0, 0x0, 0x0, 0x0, 0x0, 0x5, 0xff, 0xf6,
    0xb2, 0x0, 0x0, 0x4, 0x8c, 0xef, 0xec, 0x84,
    0x0, 0x0, 0x2, 0xb7, 0x0, 0x0, 0x0, 0x3c,
    0xff, 0xff, 0xff, 0xff, 0xfc, 0x40, 0x0, 0x0,
    0x0, 0x0, 0x0, 0x8f, 0xff, 0xfc, 0x98, 0x9c,
    0xff, 0xff, 0x80, 0x0, 0x0, 0x0, 0x0, 0x4f,
    0xff, 0x81, 0x0, 0x0, 0x1, 0x8f, 0xff, 0x40,
    0x0, 0x0, 0x0, 0x1, 0xdc, 0x20, 0x0, 0x0,
    0x0, 0x0, 0x2c, 0xd1, 0x0, 0x0, 0x0, 0x0,
    0x0, 0x0, 0x0, 0x0, 0x0, 0x0, 0x0, 0x0,
    0x0, 0x0, 0x0, 0x0, 0x0, 0x0, 0x0, 0x0,
    0x7b, 0x70, 0x0, 0x0, 0x0, 0x0, 0x0, 0x0,
    0x0, 0x0, 0x0, 0x0, 0x9f, 0xff, 0x90, 0x0,
    0x0, 0x0, 0x0, 0x0, 0x0, 0x0, 0x0, 0x0,
    0xf, 0xff, 0xff, 0x0, 0x0, 0x0, 0x0, 0x0,
    0x0, 0x0, 0x0, 0x0, 0x0, 0xdf, 0xff, 0xd0,
    0x0, 0x0, 0x0, 0x0, 0x0, 0x0, 0x0, 0x0,
    0x0, 0x4, 0xff, 0xf4, 0x0, 0x0, 0x0, 0x0,
    0x0, 0x0, 0x0, 0x0, 0x0, 0x0, 0x0, 0x30,
    0x0, 0x0, 0x0, 0x0, 0x0, 0x0,

    /* U+F240 "" */
    0x1, 0x79, 0x99, 0x99, 0x99, 0x99, 0x99, 0x99,
    0x99, 0x72, 0x0, 0x3, 0xff, 0xff, 0xff, 0xff,
    0xff, 0xff, 0xff, 0xff, 0xff, 0xf5, 0x0, 0xcf,
    0xfe, 0xee, 0xee, 0xee, 0xee, 0xee, 0xee, 0xee,
    0xff, 0xe0, 0xf, 0xf9, 0x0, 0x0, 0x0, 0x0,
    0x0, 0x0, 0x0, 0x7, 0xff, 0x10, 0xff, 0x71,
    0xff, 0xff, 0xff, 0xff, 0xff, 0xff, 0xfa, 0x6f,
    0xfe, 0x2f, 0xf7, 0x1f, 0xff, 0xff, 0xff, 0xff,
    0xff, 0xff, 0xa6, 0xff, 0xf5, 0xff, 0x71, 0xff,
    0xff, 0xff, 0xff, 0xff, 0xff, 0xfa, 0x6f, 0xff,
    0x5f, 0xf7, 0x1f, 0xff, 0xff, 0xff, 0xff, 0xff,
    0xff, 0xa6, 0xff, 0xf5, 0xff, 0x71, 0xff, 0xff,
    0xff, 0xff, 0xff, 0xff, 0xfa, 0x6f, 0xfe, 0x2f,
    0xf8, 0x0, 0x0, 0x0, 0x0, 0x0, 0x0, 0x0,
    0x6, 0xff, 0x10, 0xdf, 0xe8, 0x88, 0x88, 0x88,
    0x88, 0x88, 0x88, 0x88, 0xdf, 0xf0, 0x7, 0xff,
    0xff, 0xff, 0xff, 0xff, 0xff, 0xff, 0xff, 0xff,
    0xf8, 0x0, 0x7, 0xdf, 0xff, 0xff, 0xff, 0xff,
    0xff, 0xff, 0xff, 0xd7, 0x0, 0x0,

    /* U+F241 "" */
    0x1, 0x79, 0x99, 0x99, 0x99, 0x99, 0x99, 0x99,
    0x99, 0x72, 0x0, 0x3, 0xff, 0xff, 0xff, 0xff,
    0xff, 0xff, 0xff, 0xff, 0xff, 0xf5, 0x0, 0xcf,
    0xfe, 0xee, 0xee, 0xee, 0xee, 0xee, 0xee, 0xee,
    0xff, 0xe0, 0xf, 0xf9, 0x0, 0x0, 0x0, 0x0,
    0x0, 0x0, 0x0, 0x7, 0xff, 0x10, 0xff, 0x71,
    0xff, 0xff, 0xff, 0xff, 0xfe, 0x0, 0x0, 0x6f,
    0xfe, 0x2f, 0xf7, 0x1f, 0xff, 0xff, 0xff, 0xff,
    0xe0, 0x0, 0x6, 0xff, 0xf5, 0xff, 0x71, 0xff,
    0xff, 0xff, 0xff, 0xfe, 0x0, 0x0, 0x6f, 0xff,
    0x5f, 0xf7, 0x1f, 0xff, 0xff, 0xff, 0xff, 0xe0,
    0x0, 0x6, 0xff, 0xf5, 0xff, 0x71, 0xff, 0xff,
    0xff, 0xff, 0xfe, 0x0, 0x0, 0x6f, 0xfe, 0x2f,
    0xf8, 0x0, 0x0, 0x0, 0x0, 0x0, 0x0, 0x0,
    0x6, 0xff, 0x10, 0xdf, 0xe8, 0x88, 0x88, 0x88,
    0x88, 0x88, 0x88, 0x88, 0xdf, 0xf0, 0x7, 0xff,
    0xff, 0xff, 0xff, 0xff, 0xff, 0xff, 0xff, 0xff,
    0xf8, 0x0, 0x7, 0xdf, 0xff, 0xff, 0xff, 0xff,
    0xff, 0xff, 0xff, 0xd7, 0x0, 0x0,

    /* U+F242 "" */
    0x1, 0x79, 0x99, 0x99, 0x99, 0x99, 0x99, 0x99,
    0x99, 0x72, 0x0, 0x3, 0xff, 0xff, 0xff, 0xff,
    0xff, 0xff, 0xff, 0xff, 0xff, 0xf5, 0x0, 0xcf,
    0xfe, 0xee, 0xee, 0xee, 0xee, 0xee, 0xee, 0xee,
    0xff, 0xe0, 0xf, 0xf9, 0x0, 0x0, 0x0, 0x0,
    0x0, 0x0, 0x0, 0x7, 0xff, 0x10, 0xff, 0x71,
    0xff, 0xff, 0xff, 0xf6, 0x0, 0x0, 0x0, 0x6f,
    0xfe, 0x2f, 0xf7, 0x1f, 0xff, 0xff, 0xff, 0x60,
    0x0, 0x0, 0x6, 0xff, 0xf5, 0xff, 0x71, 0xff,
    0xff, 0xff, 0xf6, 0x0, 0x0, 0x0, 0x6f, 0xff,
    0x5f, 0xf7, 0x1f, 0xff, 0xff, 0xff, 0x60, 0x0,
    0x0, 0x6, 0xff, 0xf5, 0xff, 0x71, 0xff, 0xff,
    0xff, 0xf6, 0x0, 0x0, 0x0, 0x6f, 0xfe, 0x2f,
    0xf8, 0x0, 0x0, 0x0, 0x0, 0x0, 0x0, 0x0,
    0x6, 0xff, 0x10, 0xdf, 0xe8, 0x88, 0x88, 0x88,
    0x88, 0x88, 0x88, 0x88, 0xdf, 0xf0, 0x7, 0xff,
    0xff, 0xff, 0xff, 0xff, 0xff, 0xff, 0xff, 0xff,
    0xf8, 0x0, 0x7, 0xdf, 0xff, 0xff, 0xff, 0xff,
    0xff, 0xff, 0xff, 0xd7, 0x0, 0x0,

    /* U+F243 "" */
    0x1, 0x79, 0x99, 0x99, 0x99, 0x99, 0x99, 0x99,
    0x99, 0x72, 0x0, 0x3, 0xff, 0xff, 0xff, 0xff,
    0xff, 0xff, 0xff, 0xff, 0xff, 0xf5, 0x0, 0xcf,
    0xfe, 0xee, 0xee, 0xee, 0xee, 0xee, 0xee, 0xee,
    0xff, 0xe0, 0xf, 0xf9, 0x0, 0x0, 0x0, 0x0,
    0x0, 0x0, 0x0, 0x7, 0xff, 0x10, 0xff, 0x71,
    0xff, 0xfa, 0x0, 0x0, 0x0, 0x0, 0x0, 0x6f,
    0xfe, 0x2f, 0xf7, 0x1f, 0xff, 0xa0, 0x0, 0x0,
    0x0, 0x0, 0x6, 0xff, 0xf5, 0xff, 0x71, 0xff,
    0xfa, 0x0, 0x0, 0x0, 0x0, 0x0, 0x6f, 0xff,
    0x5f, 0xf7, 0x1f, 0xff, 0xa0, 0x0, 0x0, 0x0,
    0x0, 0x6, 0xff, 0xf5, 0xff, 0x71, 0xff, 0xfa,
    0x0, 0x0, 0x0, 0x0, 0x0, 0x6f, 0xfe, 0x2f,
    0xf8, 0x0, 0x0, 0x0, 0x0, 0x0, 0x0, 0x0,
    0x6, 0xff, 0x10, 0xdf, 0xe8, 0x88, 0x88, 0x88,
    0x88, 0x88, 0x88, 0x88, 0xdf, 0xf0, 0x7, 0xff,
    0xff, 0xff, 0xff, 0xff, 0xff, 0xff, 0xff, 0xff,
    0xf8, 0x0, 0x7, 0xdf, 0xff, 0xff, 0xff, 0xff,
    0xff, 0xff, 0xff, 0xd7, 0x0, 0x0,

    /* U+F244 "" */
    0x1, 0x79, 0x99, 0x99, 0x99, 0x99, 0x99, 0x99,
    0x99, 0x72, 0x0, 0x3, 0xff, 0xff, 0xff, 0xff,
    0xff, 0xff, 0xff, 0xff, 0xff, 0xf5, 0x0, 0xcf,
    0xfe, 0xee, 0xee, 0xee, 0xee, 0xee, 0xee, 0xee,
    0xff, 0xe0, 0xf, 0xf9, 0x0, 0x0, 0x0, 0x0,
    0x0, 0x0, 0x0, 0x7, 0xff, 0x10, 0xff, 0x80,
    0x0, 0x0, 0x0, 0x0, 0x0, 0x0, 0x0, 0x6f,
    0xfe, 0x2f, 0xf8, 0x0, 0x0, 0x0, 0x0, 0x0,
    0x0, 0x0, 0x6, 0xff, 0xf5, 0xff, 0x80, 0x0,
    0x0, 0x0, 0x0, 0x0, 0x0, 0x0, 0x6f, 0xff,
    0x5f, 0xf8, 0x0, 0x0, 0x0, 0x0, 0x0, 0x0,
    0x0, 0x6, 0xff, 0xf5, 0xff, 0x80, 0x0, 0x0,
    0x0, 0x0, 0x0, 0x0, 0x0, 0x6f, 0xfe, 0x2f,
    0xf8, 0x0, 0x0, 0x0, 0x0, 0x0, 0x0, 0x0,
    0x6, 0xff, 0x10, 0xdf, 0xe8, 0x88, 0x88, 0x88,
    0x88, 0x88, 0x88, 0x88, 0xdf, 0xf0, 0x7, 0xff,
    0xff, 0xff, 0xff, 0xff, 0xff, 0xff, 0xff, 0xff,
    0xf8, 0x0, 0x7, 0xdf, 0xff, 0xff, 0xff, 0xff,
    0xff, 0xff, 0xff, 0xd7, 0x0, 0x0,

    /* U+F2DB "" */
    0x0, 0x0, 0x0, 0x52, 0x0, 0x52, 0x0, 0x52,
    0x0, 0x0, 0x0, 0x0, 0x0, 0x2f, 0x90, 0x1f,
    0xa0, 0x1f, 0xb0, 0x0, 0x0, 0x0, 0x0, 0x3,
    0xfa, 0x2, 0xfb, 0x1, 0xfc, 0x0, 0x0, 0x0,
    0x0, 0x9, 0xef, 0xff, 0xff, 0xff, 0xff, 0xfd,
    0x40, 0x0, 0x0, 0x7, 0xff, 0xff, 0xff, 0xff,
    0xff, 0xff, 0xff, 0x10, 0x0, 0x67, 0xdf, 0xfa,
    0x87, 0x77, 0x77, 0x78, 0xdf, 0xf9, 0x72, 0x1f,
    0xff, 0xfd, 0x3, 0x33, 0x33, 0x33, 0x24, 0xff,
    0xff, 0xa0, 0x45, 0xdf, 0xc0, 0xff, 0xff, 0xff,
    0xf8, 0x3f, 0xf8, 0x51, 0x0, 0xb, 0xfc, 0xf,
    0xff, 0xff, 0xff, 0x83, 0xff, 0x40, 0x0, 0x56,
    0xdf, 0xc0, 0xff, 0xff, 0xff, 0xf8, 0x3f, 0xf9,
    0x62, 0x1f, 0xff, 0xfc, 0xf, 0xff, 0xff, 0xff,
    0x83, 0xff, 0xff, 0xa0, 0x56, 0xdf, 0xc0, 0xff,
    0xff, 0xff, 0xf8, 0x3f, 0xf9, 0x62, 0x0, 0xb,
    0xfc, 0xf, 0xff, 0xff, 0xff, 0x83, 0xff, 0x40,
    0x0, 0x45, 0xdf, 0xc0, 0xff, 0xff, 0xff, 0xf8,
    0x3f, 0xf8, 0x51, 0x1f, 0xff, 0xfd, 0x3, 0x33,
    0x33, 0x33, 0x24, 0xff, 0xff, 0xa0, 0x67, 0xdf,
    0xfa, 0x87, 0x77, 0x77, 0x78, 0xdf, 0xf9, 0x72,
    0x0, 0x6, 0xff, 0xff, 0xff, 0xff, 0xff, 0xff,
    0xff, 0x10, 0x0, 0x0, 0x9, 0xef, 0xff, 0xff,
    0xff, 0xff, 0xfd, 0x40, 0x0, 0x0, 0x0, 0x3,
    0xfa, 0x2, 0xfb, 0x1, 0xfc, 0x0, 0x0, 0x0,
    0x0, 0x0, 0x2f, 0x90, 0x1f, 0xa0, 0x1f, 0xb0,
    0x0, 0x0, 0x0, 0x0, 0x0, 0x52, 0x0, 0x52,
    0x0, 0x52, 0x0, 0x0, 0x0,

    /* U+F2ED "" */
    0x0, 0x0, 0x4, 0xab, 0xbb, 0xb9, 0x0, 0x0,
    0x0, 0x37, 0x77, 0x7e, 0xff, 0xff, 0xff, 0xa7,
    0x77, 0x60, 0xef, 0xff, 0xff, 0xff, 0xff, 0xff,
    0xff, 0xff, 0xf6, 0xbf, 0xff, 0xff, 0xff, 0xff,
    0xff, 0xff, 0xff, 0xf3, 0x0, 0x0, 0x0, 0x0,
    0x0, 0x0, 0x0, 0x0, 0x0, 0x6, 0x88, 0x88,
    0x88, 0x88, 0x88, 0x88, 0x88, 0x20, 0xc, 0xff,
    0xff, 0xff, 0xff, 0xff, 0xff, 0xff, 0x40, 0xc,
    0xff, 0xff, 0xff, 0xff, 0xff, 0xff, 0xff, 0x40,
    0xc, 0xff, 0x77, 0xff, 0x3b, 0xfe, 0x1e, 0xff,
    0x40, 0xc, 0xff, 0x66, 0xff, 0x2a, 0xfe, 0xe,
    0xff, 0x40, 0xc, 0xff, 0x66, 0xff, 0x2a, 0xfe,
    0xe, 0xff, 0x40, 0xc, 0xff, 0x66, 0xff, 0x2a,
    0xfe, 0xe, 0xff, 0x40, 0xc, 0xff, 0x66, 0xff,
    0x2a, 0xfe, 0xe, 0xff, 0x40, 0xc, 0xff, 0x66,
    0xff, 0x2a, 0xfe, 0xe, 0xff, 0x40, 0xc, 0xff,
    0x66, 0xff, 0x2a, 0xfe, 0xe, 0xff, 0x40, 0xc,
    0xff, 0x66, 0xff, 0x2a, 0xfe, 0xe, 0xff, 0x40,
    0xc, 0xff, 0x66, 0xff, 0x2a, 0xfe, 0xe, 0xff,
    0x40, 0xc, 0xff, 0x77, 0xff, 0x3b, 0xfe, 0x1e,
    0xff, 0x40, 0xa, 0xff, 0xff, 0xff, 0xff, 0xff,
    0xff, 0xff, 0x20, 0x3, 0xff, 0xff, 0xff, 0xff,
    0xff, 0xff, 0xfa, 0x0, 0x0, 0x27, 0x88, 0x88,
    0x88, 0x88, 0x87, 0x50, 0x0,

    /* U+F304 "" */
    0x0, 0x0, 0x0, 0x0, 0x0, 0x0, 0x0, 0x1,
    0x65, 0x0, 0x0, 0x0, 0x0, 0x0, 0x0, 0x0,
    0x0, 0x2, 0xef, 0xfd, 0x10, 0x0, 0x0, 0x0,
    0x0, 0x0, 0x0, 0x2, 0xef, 0xff, 0xfd, 0x10,
    0x0, 0x0, 0x0, 0x0, 0x0, 0x0, 0x5f, 0xff,
    0xff, 0xfa, 0x0, 0x0, 0x0, 0x0, 0x0, 0x2,
    0xb1, 0x6f, 0xff, 0xff, 0xe0, 0x0, 0x0, 0x0,
    0x0, 0x2, 0xef, 0xc1, 0x6f, 0xff, 0xfb, 0x0,
    0x0, 0x0, 0x0, 0x2, 0xef, 0xff, 0xc1, 0x6f,
    0xfe, 0x20, 0x0, 0x0, 0x0, 0x2, 0xef, 0xff,
    0xff, 0xc1, 0x6e, 0x20, 0x0, 0x0, 0x0, 0x2,
    0xef, 0xff, 0xff, 0xff, 0xc1, 0x0, 0x0, 0x0,
    0x0, 0x2, 0xef, 0xff, 0xff, 0xff, 0xfe, 0x20,
    0x0, 0x0, 0x0, 0x2, 0xef, 0xff, 0xff, 0xff,
    0xfe, 0x20, 0x0, 0x0, 0x0, 0x2, 0xef, 0xff,
    0xff, 0xff, 0xfe, 0x20, 0x0, 0x0, 0x0, 0x2,
    0xef, 0xff, 0xff, 0xff, 0xfe, 0x20, 0x0, 0x0,
    0x0, 0x1, 0xef, 0xff, 0xff, 0xff, 0xfe, 0x20,
    0x0, 0x0, 0x0, 0x0, 0x8f, 0xff, 0xff, 0xff,
    0xfe, 0x20, 0x0, 0x0, 0x0, 0x0, 0xd, 0xff,
    0xff, 0xff, 0xfe, 0x20, 0x0, 0x0, 0x0, 0x0,
    0x2, 0xff, 0xff, 0xff, 0xfe, 0x20, 0x0, 0x0,
    0x0, 0x0, 0x0, 0x6f, 0xff, 0xff, 0xfe, 0x20,
    0x0, 0x0, 0x0, 0x0, 0x0, 0xb, 0xff, 0xff,
    0xfc, 0x20, 0x0, 0x0, 0x0, 0x0, 0x0, 0x0,
    0xff, 0xfc, 0x83, 0x0, 0x0, 0x0, 0x0, 0x0,
    0x0, 0x0, 0x4, 0x61, 0x0, 0x0, 0x0, 0x0,
    0x0, 0x0, 0x0, 0x0, 0x0
};


/*---------------------
 *  GLYPH DESCRIPTION
 *--------------------*/

static const lv_font_fmt_txt_glyph_dsc_t glyph_dsc[] = {
    {.bitmap_index = 0, .adv_w = 0, .box_w = 0, .box_h = 0, .ofs_x = 0, .ofs_y = 0} /* id = 0 reserved */,
    {.bitmap_index = 0, .adv_w = 82, .box_w = 0, .box_h = 0, .ofs_x = 0, .ofs_y = 0},
    {.bitmap_index = 0, .adv_w = 81, .box_w = 3, .box_h = 14, .ofs_x = 1, .ofs_y = 0},
    {.bitmap_index = 21, .adv_w = 136, .box_w = 7, .box_h = 5, .ofs_x = 1, .ofs_y = 9},
    {.bitmap_index = 39, .adv_w = 201, .box_w = 12, .box_h = 14, .ofs_x = 0, .ofs_y = 0},
    {.bitmap_index = 123, .adv_w = 196, .box_w = 12, .box_h = 19, .ofs_x = 0, .ofs_y = -2},
    {.bitmap_index = 237, .adv_w = 247, .box_w = 15, .box_h = 16, .ofs_x = 0, .ofs_y = -1},
    {.bitmap_index = 357, .adv_w = 193, .box_w = 12, .box_h = 14, .ofs_x = 0, .ofs_y = 0},
    {.bitmap_index = 441, .adv_w = 80, .box_w = 3, .box_h = 5, .ofs_x = 1, .ofs_y = 9},
    {.bitmap_index = 449, .adv_w = 121, .box_w = 7, .box_h = 21, .ofs_x = 1, .ofs_y = -5},
    {.bitmap_index = 523, .adv_w = 121, .box_w = 7, .box_h = 21, .ofs_x = 0, .ofs_y = -5},
    {.bitmap_index = 597, .adv_w = 166, .box_w = 10, .box_h = 9, .ofs_x = 0, .ofs_y = 5},
    {.bitmap_index = 642, .adv_w = 198, .box_w = 9, .box_h = 9, .ofs_x = 2, .ofs_y = 3},
    {.bitmap_index = 683, .adv_w = 80, .box_w = 3, .box_h = 5, .ofs_x = 1, .ofs_y = -2},
    {.bitmap_index = 691, .adv_w = 146, .box_w = 7, .box_h = 3, .ofs_x = 1, .ofs_y = 4},
    {.bitmap_index = 702, .adv_w = 81, .box_w = 3, .box_h = 3, .ofs_x = 1, .ofs_y = 0},
    {.bitmap_index = 707, .adv_w = 118, .box_w = 8, .box_h = 18, .ofs_x = 0, .ofs_y = -4},
    {.bitmap_index = 779, .adv_w = 205, .box_w = 11, .box_h = 14, .ofs_x = 1, .ofs_y = 0},
    {.bitmap_index = 856, .adv_w = 134, .box_w = 7, .box_h = 14, .ofs_x = 0, .ofs_y = 0},
    {.bitmap_index = 905, .adv_w = 193, .box_w = 11, .box_h = 14, .ofs_x = 1, .ofs_y = 0},
    {.bitmap_index = 982, .adv_w = 193, .box_w = 12, .box_h = 14, .ofs_x = 0, .ofs_y = 0},
    {.bitmap_index = 1066, .adv_w = 200, .box_w = 12, .box_h = 14, .ofs_x = 0, .ofs_y = 0},
    {.bitmap_index = 1150, .adv_w = 192, .box_w = 11, .box_h = 14, .ofs_x = 1, .ofs_y = 0},
    {.bitmap_index = 1227, .adv_w = 196, .box_w = 11, .box_h = 14, .ofs_x = 1, .ofs_y = 0},
    {.bitmap_index = 1304, .adv_w = 180, .box_w = 11, .box_h = 14, .ofs_x = 0, .ofs_y = 0},
    {.bitmap_index = 1381, .adv_w = 199, .box_w = 12, .box_h = 14, .ofs_x = 0, .ofs_y = 0},
    {.bitmap_index = 1465, .adv_w = 196, .box_w = 11, .box_h = 14, .ofs_x = 1, .ofs_y = 0},
    {.bitmap_index = 1542, .adv_w = 81, .box_w = 3, .box_h = 10, .ofs_x = 1, .ofs_y = 0},
    {.bitmap_index = 1557, .adv_w = 81, .box_w = 3, .box_h = 12, .ofs_x = 1, .ofs_y = -2},
    {.bitmap_index = 1575, .adv_w = 198, .box_w = 9, .box_h = 10, .ofs_x = 2, .ofs_y = 2},
    {.bitmap_index = 1620, .adv_w = 198, .box_w = 9, .box_h = 6, .ofs_x = 2, .ofs_y = 4},
    {.bitmap_index = 1647, .adv_w = 198, .box_w = 9, .box_h = 10, .ofs_x = 2, .ofs_y = 2},
    {.bitmap_index = 1692, .adv_w = 186, .box_w = 11, .box_h = 14, .ofs_x = 0, .ofs_y = 0},
    {.bitmap_index = 1769, .adv_w = 328, .box_w = 19, .box_h = 18, .ofs_x = 1, .ofs_y = -4},
    {.bitmap_index = 1940, .adv_w = 202, .box_w = 13, .box_h = 14, .ofs_x = 0, .ofs_y = 0},
    {.bitmap_index = 2031, .adv_w = 212, .box_w = 13, .box_h = 14, .ofs_x = 0, .ofs_y = 0},
    {.bitmap_index = 2122, .adv_w = 205, .box_w = 11, .box_h = 14, .ofs_x = 1, .ofs_y = 0},
    {.bitmap_index = 2199, .adv_w = 212, .box_w = 13, .box_h = 14, .ofs_x = 0, .ofs_y = 0},
    {.bitmap_index = 2290, .adv_w = 180, .box_w = 10, .box_h = 14, .ofs_x = 1, .ofs_y = 0},
    {.bitmap_index = 2360, .adv_w = 173, .box_w = 10, .box_h = 14, .ofs_x = 1, .ofs_y = 0},
    {.bitmap_index = 2430, .adv_w = 211, .box_w = 11, .box_h = 14, .ofs_x = 1, .ofs_y = 0},
    {.bitmap_index = 2507, .adv_w = 210, .box_w = 11, .box_h = 14, .ofs_x = 1, .ofs_y = 0},
    {.bitmap_index = 2584, .adv_w = 78, .box_w = 3, .box_h = 14, .ofs_x = 1, .ofs_y = 0},
    {.bitmap_index = 2605, .adv_w = 190, .box_w = 11, .box_h = 14, .ofs_x = 0, .ofs_y = 0},
    {.bitmap_index = 2682, .adv_w = 195, .box_w = 11, .box_h = 14, .ofs_x = 1, .ofs_y = 0},
    {.bitmap_index = 2759, .adv_w = 175, .box_w = 10, .box_h = 14, .ofs_x = 1, .ofs_y = 0},
    {.bitmap_index = 2829, .adv_w = 277, .box_w = 15, .box_h = 14, .ofs_x = 1, .ofs_y = 0},
    {.bitmap_index = 2934, .adv_w = 212, .box_w = 11, .box_h = 14, .ofs_x = 1, .ofs_y = 0},
    {.bitmap_index = 3011, .adv_w = 214, .box_w = 12, .box_h = 14, .ofs_x = 1, .ofs_y = 0},
    {.bitmap_index = 3095, .adv_w = 192, .box_w = 11, .box_h = 14, .ofs_x = 1, .ofs_y = 0},
    {.bitmap_index = 3172, .adv_w = 214, .box_w = 12, .box_h = 18, .ofs_x = 1, .ofs_y = -4},
    {.bitmap_index = 3280, .adv_w = 202, .box_w = 11, .box_h = 14, .ofs_x = 1, .ofs_y = 0},
    {.bitmap_index = 3357, .adv_w = 196, .box_w = 12, .box_h = 14, .ofs_x = 0, .ofs_y = 0},
    {.bitmap_index = 3441, .adv_w = 188, .box_w = 12, .box_h = 14, .ofs_x = 0, .ofs_y = 0},
    {.bitmap_index = 3525, .adv_w = 213, .box_w = 11, .box_h = 14, .ofs_x = 1, .ofs_y = 0},
    {.bitmap_index = 3602, .adv_w = 198, .box_w = 12, .box_h = 14, .ofs_x = 0, .ofs_y = 0},
    {.bitmap_index = 3686, .adv_w = 280, .box_w = 17, .box_h = 14, .ofs_x = 0, .ofs_y = 0},
    {.bitmap_index = 3805, .adv_w = 204, .box_w = 13, .box_h = 14, .ofs_x = 0, .ofs_y = 0},
    {.bitmap_index = 3896, .adv_w = 195, .box_w = 12, .box_h = 14, .ofs_x = 0, .ofs_y = 0},
    {.bitmap_index = 3980, .adv_w = 185, .box_w = 10, .box_h = 14, .ofs_x = 1, .ofs_y = 0},
    {.bitmap_index = 4050, .adv_w = 107, .box_w = 6, .box_h = 21, .ofs_x = 1, .ofs_y = -5},
    {.bitmap_index = 4113, .adv_w = 118, .box_w = 9, .box_h = 18, .ofs_x = -1, .ofs_y = -4},
    {.bitmap_index = 4194, .adv_w = 107, .box_w = 6, .box_h = 21, .ofs_x = 0, .ofs_y = -5},
    {.bitmap_index = 4257, .adv_w = 198, .box_w = 10, .box_h = 6, .ofs_x = 1, .ofs_y = 8},
    {.bitmap_index = 4287, .adv_w = 198, .box_w = 10, .box_h = 3, .ofs_x = 1, .ofs_y = -3},
    {.bitmap_index = 4302, .adv_w = 90, .box_w = 4, .box_h = 3, .ofs_x = 1, .ofs_y = 11},
    {.bitmap_index = 4308, .adv_w = 184, .box_w = 10, .box_h = 10, .ofs_x = 1, .ofs_y = 0},
    {.bitmap_index = 4358, .adv_w = 206, .box_w = 11, .box_h = 14, .ofs_x = 1, .ofs_y = 0},
    {.bitmap_index = 4435, .adv_w = 191, .box_w = 10, .box_h = 10, .ofs_x = 1, .ofs_y = 0},
    {.bitmap_index = 4485, .adv_w = 206, .box_w = 11, .box_h = 14, .ofs_x = 1, .ofs_y = 0},
    {.bitmap_index = 4562, .adv_w = 189, .box_w = 10, .box_h = 10, .ofs_x = 1, .ofs_y = 0},
    {.bitmap_index = 4612, .adv_w = 141, .box_w = 9, .box_h = 14, .ofs_x = 0, .ofs_y = 0},
    {.bitmap_index = 4675, .adv_w = 205, .box_w = 11, .box_h = 14, .ofs_x = 1, .ofs_y = -4},
    {.bitmap_index = 4752, .adv_w = 196, .box_w = 10, .box_h = 14, .ofs_x = 1, .ofs_y = 0},
    {.bitmap_index = 4822, .adv_w = 78, .box_w = 3, .box_h = 14, .ofs_x = 1, .ofs_y = 0},
    {.bitmap_index = 4843, .adv_w = 79, .box_w = 5, .box_h = 18, .ofs_x = -1, .ofs_y = -4},
    {.bitmap_index = 4888, .adv_w = 172, .box_w = 10, .box_h = 14, .ofs_x = 1, .ofs_y = 0},
    {.bitmap_index = 4958, .adv_w = 78, .box_w = 3, .box_h = 14, .ofs_x = 1, .ofs_y = 0},
    {.bitmap_index = 4979, .adv_w = 275, .box_w = 15, .box_h = 10, .ofs_x = 1, .ofs_y = 0},
    {.bitmap_index = 5054, .adv_w = 196, .box_w = 10, .box_h = 10, .ofs_x = 1, .ofs_y = 0},
    {.bitmap_index = 5104, .adv_w = 198, .box_w = 11, .box_h = 10, .ofs_x = 1, .ofs_y = 0},
    {.bitmap_index = 5159, .adv_w = 206, .box_w = 11, .box_h = 14, .ofs_x = 1, .ofs_y = -4},
    {.bitmap_index = 5236, .adv_w = 206, .box_w = 11, .box_h = 14, .ofs_x = 1, .ofs_y = -4},
    {.bitmap_index = 5313, .adv_w = 121, .box_w = 6, .box_h = 10, .ofs_x = 1, .ofs_y = 0},
    {.bitmap_index = 5343, .adv_w = 169, .box_w = 9, .box_h = 10, .ofs_x = 1, .ofs_y = 0},
    {.bitmap_index = 5388, .adv_w = 147, .box_w = 9, .box_h = 13, .ofs_x = 0, .ofs_y = 0},
    {.bitmap_index = 5447, .adv_w = 196, .box_w = 10, .box_h = 10, .ofs_x = 1, .ofs_y = 0},
    {.bitmap_index = 5497, .adv_w = 172, .box_w = 11, .box_h = 10, .ofs_x = 0, .ofs_y = 0},
    {.bitmap_index = 5552, .adv_w = 256, .box_w = 14, .box_h = 10, .ofs_x = 1, .ofs_y = 0},
    {.bitmap_index = 5622, .adv_w = 190, .box_w = 11, .box_h = 10, .ofs_x = 0, .ofs_y = 0},
    {.bitmap_index = 5677, .adv_w = 196, .box_w = 10, .box_h = 14, .ofs_x = 1, .ofs_y = -4},
    {.bitmap_index = 5747, .adv_w = 167, .box_w = 9, .box_h = 10, .ofs_x = 1, .ofs_y = 0},
    {.bitmap_index = 5792, .adv_w = 138, .box_w = 9, .box_h = 21, .ofs_x = 0, .ofs_y = -5},
    {.bitmap_index = 5887, .adv_w = 77, .box_w = 3, .box_h = 21, .ofs_x = 1, .ofs_y = -5},
    {.bitmap_index = 5919, .adv_w = 138, .box_w = 8, .box_h = 21, .ofs_x = 0, .ofs_y = -5},
    {.bitmap_index = 6003, .adv_w = 198, .box_w = 10, .box_h = 4, .ofs_x = 1, .ofs_y = 5},
    {.bitmap_index = 6023, .adv_w = 122, .box_w = 7, .box_h = 8, .ofs_x = 0, .ofs_y = 7},
    {.bitmap_index = 6051, .adv_w = 115, .box_w = 5, .box_h = 5, .ofs_x = 1, .ofs_y = 3},
    {.bitmap_index = 6064, .adv_w = 320, .box_w = 20, .box_h = 21, .ofs_x = 0, .ofs_y = -3},
    {.bitmap_index = 6274, .adv_w = 320, .box_w = 20, .box_h = 19, .ofs_x = 0, .ofs_y = -2},
    {.bitmap_index = 6464, .adv_w = 320, .box_w = 20, .box_h = 19, .ofs_x = 0, .ofs_y = -2},
    {.bitmap_index = 6654, .adv_w = 280, .box_w = 18, .box_h = 13, .ofs_x = 0, .ofs_y = 1},
    {.bitmap_index = 6771, .adv_w = 240, .box_w = 13, .box_h = 13, .ofs_x = 1, .ofs_y = 1},
    {.bitmap_index = 6856, .adv_w = 320, .box_w = 20, .box_h = 20, .ofs_x = 0, .ofs_y = -2},
    {.bitmap_index = 7056, .adv_w = 320, .box_w = 20, .box_h = 21, .ofs_x = 0, .ofs_y = -3},
    {.bitmap_index = 7266, .adv_w = 360, .box_w = 23, .box_h = 21, .ofs_x = 0, .ofs_y = -3},
    {.bitmap_index = 7508, .adv_w = 320, .box_w = 20, .box_h = 21, .ofs_x = 0, .ofs_y = -3},
    {.bitmap_index = 7718, .adv_w = 320, .box_w = 20, .box_h = 19, .ofs_x = 0, .ofs_y = -2},
    {.bitmap_index = 7908, .adv_w = 320, .box_w = 20, .box_h = 19, .ofs_x = 0, .ofs_y = -2},
    {.bitmap_index = 8098, .adv_w = 200, .box_w = 13, .box_h = 19, .ofs_x = 0, .ofs_y = -2},
    {.bitmap_index = 8222, .adv_w = 280, .box_w = 18, .box_h = 19, .ofs_x = 0, .ofs_y = -2},
    {.bitmap_index = 8393, .adv_w = 400, .box_w = 25, .box_h = 19, .ofs_x = 0, .ofs_y = -2},
    {.bitmap_index = 8631, .adv_w = 320, .box_w = 20, .box_h = 19, .ofs_x = 0, .ofs_y = -2},
    {.bitmap_index = 8821, .adv_w = 240, .box_w = 15, .box_h = 21, .ofs_x = 0, .ofs_y = -3},
    {.bitmap_index = 8979, .adv_w = 200, .box_w = 13, .box_h = 17, .ofs_x = 0, .ofs_y = -1},
    {.bitmap_index = 9090, .adv_w = 240, .box_w = 15, .box_h = 19, .ofs_x = 0, .ofs_y = -2},
    {.bitmap_index = 9233, .adv_w = 200, .box_w = 13, .box_h = 15, .ofs_x = 0, .ofs_y = 0},
    {.bitmap_index = 9331, .adv_w = 240, .box_w = 15, .box_h = 15, .ofs_x = 0, .ofs_y = 0},
    {.bitmap_index = 9444, .adv_w = 200, .box_w = 13, .box_h = 17, .ofs_x = 0, .ofs_y = -1},
    {.bitmap_index = 9555, .adv_w = 280, .box_w = 19, .box_h = 19, .ofs_x = -1, .ofs_y = -2},
    {.bitmap_index = 9736, .adv_w = 200, .box_w = 10, .box_h = 19, .ofs_x = 0, .ofs_y = -2},
    {.bitmap_index = 9831, .adv_w = 200, .box_w = 11, .box_h = 19, .ofs_x = 2, .ofs_y = -2},
    {.bitmap_index = 9936, .adv_w = 280, .box_w = 17, .box_h = 16, .ofs_x = 0, .ofs_y = -1},
    {.bitmap_index = 10072, .adv_w = 280, .box_w = 17, .box_h = 3, .ofs_x = 0, .ofs_y = 6},
    {.bitmap_index = 10098, .adv_w = 360, .box_w = 24, .box_h = 19, .ofs_x = -1, .ofs_y = -2},
    {.bitmap_index = 10326, .adv_w = 400, .box_w = 27, .box_h = 21, .ofs_x = -1, .ofs_y = -3},
    {.bitmap_index = 10610, .adv_w = 320, .box_w = 22, .box_h = 19, .ofs_x = -1, .ofs_y = -2},
    {.bitmap_index = 10819, .adv_w = 320, .box_w = 20, .box_h = 19, .ofs_x = 0, .ofs_y = -2},
    {.bitmap_index = 11009, .adv_w = 320, .box_w = 18, .box_h = 11, .ofs_x = 1, .ofs_y = 3},
    {.bitmap_index = 11108, .adv_w = 320, .box_w = 18, .box_h = 11, .ofs_x = 1, .ofs_y = 1},
    {.bitmap_index = 11207, .adv_w = 360, .box_w = 24, .box_h = 16, .ofs_x = -1, .ofs_y = -1},
    {.bitmap_index = 11399, .adv_w = 320, .box_w = 20, .box_h = 19, .ofs_x = 0, .ofs_y = -2},
    {.bitmap_index = 11589, .adv_w = 320, .box_w = 20, .box_h = 21, .ofs_x = 0, .ofs_y = -3},
    {.bitmap_index = 11799, .adv_w = 320, .box_w = 21, .box_h = 21, .ofs_x = 0, .ofs_y = -3},
    {.bitmap_index = 12020, .adv_w = 320, .box_w = 20, .box_h = 21, .ofs_x = 0, .ofs_y = -3},
    {.bitmap_index = 12230, .adv_w = 280, .box_w = 18, .box_h = 21, .ofs_x = 0, .ofs_y = -3},
    {.bitmap_index = 12419, .adv_w = 280, .box_w = 18, .box_h = 19, .ofs_x = 0, .ofs_y = -2},
    {.bitmap_index = 12590, .adv_w = 280, .box_w = 18, .box_h = 15, .ofs_x = 0, .ofs_y = 0},
    {.bitmap_index = 12725, .adv_w = 320, .box_w = 20, .box_h = 15, .ofs_x = 0, .ofs_y = 0},
    {.bitmap_index = 12875, .adv_w = 280, .box_w = 16, .box_h = 21, .ofs_x = 1, .ofs_y = -3},
    {.bitmap_index = 13043, .adv_w = 320, .box_w = 20, .box_h = 21, .ofs_x = 0, .ofs_y = -3},
    {.bitmap_index = 13253, .adv_w = 280, .box_w = 19, .box_h = 21, .ofs_x = -1, .ofs_y = -3},
    {.bitmap_index = 13453, .adv_w = 320, .box_w = 20, .box_h = 21, .ofs_x = 0, .ofs_y = -3},
    {.bitmap_index = 13663, .adv_w = 360, .box_w = 23, .box_h = 15, .ofs_x = 0, .ofs_y = 0},
    {.bitmap_index = 13836, .adv_w = 280, .box_w = 18, .box_h = 17, .ofs_x = 0, .ofs_y = -1},
    {.bitmap_index = 13989, .adv_w = 240, .box_w = 15, .box_h = 17, .ofs_x = 0, .ofs_y = -1},
    {.bitmap_index = 14117, .adv_w = 400, .box_w = 25, .box_h = 19, .ofs_x = 0, .ofs_y = -2},
    {.bitmap_index = 14355, .adv_w = 360, .box_w = 23, .box_h = 13, .ofs_x = 0, .ofs_y = 1},
    {.bitmap_index = 14505, .adv_w = 360, .box_w = 23, .box_h = 13, .ofs_x = 0, .ofs_y = 1},
    {.bitmap_index = 14655, .adv_w = 360, .box_w = 23, .box_h = 13, .ofs_x = 0, .ofs_y = 1},
    {.bitmap_index = 14805, .adv_w = 360, .box_w = 23, .box_h = 13, .ofs_x = 0, .ofs_y = 1},
    {.bitmap_index = 14955, .adv_w = 360, .box_w = 23, .box_h = 13, .ofs_x = 0, .ofs_y = 1},
    {.bitmap_index = 15105, .adv_w = 320, .box_w = 21, .box_h = 21, .ofs_x = -1, .ofs_y = -3},
    {.bitmap_index = 15326, .adv_w = 280, .box_w = 18, .box_h = 21, .ofs_x = 0, .ofs_y = -3},
    {.bitmap_index = 15515, .adv_w = 320, .box_w = 21, .box_h = 21, .ofs_x = -1, .ofs_y = -3}
};

/*---------------------
 *  CHARACTER MAPPING
 *--------------------*/

static const uint16_t unicode_list_1[] = {
    0x0, 0x1f72, 0xef51, 0xef58, 0xef5b, 0xef5c, 0xef5d, 0xef61,
    0xef63, 0xef65, 0xef69, 0xef6c, 0xef71, 0xef76, 0xef77, 0xef78,
    0xef8e, 0xef93, 0xef98, 0xef9b, 0xef9c, 0xef9d, 0xefa1, 0xefa2,
    0xefa3, 0xefa4, 0xefb7, 0xefb8, 0xefbe, 0xefc0, 0xefc1, 0xefc4,
    0xefc7, 0xefc8, 0xefc9, 0xefcb, 0xefe3, 0xefe5, 0xf014, 0xf015,
    0xf017, 0xf019, 0xf030, 0xf037, 0xf03a, 0xf043, 0xf061, 0xf06c,
    0xf074, 0xf0a8, 0xf13b, 0xf190, 0xf191, 0xf192, 0xf193, 0xf194,
    0xf22b, 0xf23d, 0xf254
};

/*Collect the unicode lists and glyph_id offsets*/
static const lv_font_fmt_txt_cmap_t cmaps[] =
{
    {
        .range_start = 32, .range_length = 95, .glyph_id_start = 1,
        .unicode_list = NULL, .glyph_id_ofs_list = NULL, .list_length = 0, .type = LV_FONT_FMT_TXT_CMAP_FORMAT0_TINY
    },
    {
        .range_start = 176, .range_length = 62037, .glyph_id_start = 96,
        .unicode_list = unicode_list_1, .glyph_id_ofs_list = NULL, .list_length = 59, .type = LV_FONT_FMT_TXT_CMAP_SPARSE_TINY
    }
};

/*-----------------
 *    KERNING
 *----------------*/


/*Map glyph_ids to kern left classes*/
static const uint8_t kern_left_class_mapping[] =
{
    0, 1, 0, 2, 0, 0, 0, 0,
    2, 3, 0, 0, 0, 4, 5, 6,
    7, 8, 0, 9, 10, 11, 12, 13,
    14, 15, 16, 0, 0, 0, 0, 0,
    0, 0, 17, 18, 19, 20, 21, 22,
    23, 0, 0, 24, 25, 26, 0, 0,
    20, 27, 20, 28, 29, 30, 31, 32,
    33, 34, 35, 36, 37, 38, 0, 0,
    0, 0, 39, 40, 40, 0, 40, 41,
    0, 42, 43, 43, 44, 0, 42, 42,
    40, 40, 0, 45, 46, 47, 0, 48,
    49, 50, 0, 51, 37, 0, 52, 0,
    0, 0, 0, 0, 0, 0, 0, 0,
    0, 0, 0, 0, 0, 0, 0, 0,
    0, 0, 0, 0, 0, 0, 0, 0,
    0, 0, 0, 0, 0, 0, 0, 0,
    0, 0, 0, 0, 0, 0, 0, 0,
    0, 0, 0, 0, 0, 0, 0, 0,
    0, 0, 0, 0, 0, 0, 0, 0,
    0, 0, 0
};

/*Map glyph_ids to kern right classes*/
static const uint8_t kern_right_class_mapping[] =
{
    0, 1, 0, 2, 0, 0, 0, 0,
    2, 0, 3, 0, 0, 4, 5, 4,
    6, 7, 8, 9, 10, 11, 0, 12,
    13, 14, 15, 0, 0, 0, 0, 0,
    16, 0, 17, 18, 19, 18, 0, 0,
    19, 0, 0, 20, 0, 0, 0, 0,
    19, 0, 19, 0, 21, 22, 23, 24,
    25, 26, 27, 28, 0, 29, 30, 0,
    0, 0, 31, 0, 32, 32, 32, 33,
    32, 0, 34, 35, 0, 36, 37, 37,
    32, 37, 32, 37, 38, 39, 40, 41,
    42, 43, 40, 44, 45, 0, 30, 0,
    0, 0, 0, 0, 0, 0, 0, 0,
    0, 0, 0, 0, 0, 0, 0, 0,
    0, 0, 0, 0, 0, 0, 0, 0,
    0, 0, 0, 0, 0, 0, 0, 0,
    0, 0, 0, 0, 0, 0, 0, 0,
    0, 0, 0, 0, 0, 0, 0, 0,
    0, 0, 0, 0, 0, 0, 0, 0,
    0, 0, 0
};

/*Kern values between classes*/
static const int8_t kern_class_values[] =
{
    0, 0, 0, -11, -9, 0, 0, 0,
    0, 0, 0, 0, 0, 0, 0, 0,
    -4, 0, 0, 0, 0, -8, 0, -4,
    -2, 0, -4, 0, 0, 0, 0, 0,
    0, 0, 0, 0, 0, 0, 0, 0,
    0, 0, 0, 0, -9, 0, 0, 0,
    0, 0, 0, 0, 0, 0, 0, -13,
    0, 0, 0, 0, 0, -28, 0, -3,
    -28, 0, 0, 0, 0, 0, 0, 0,
    0, 0, 0, -7, -11, 1, 0, 0,
    0, 0, -1, 1, 0, 0, 0, 0,
    0, 0, 0, 0, 6, 0, 0, 0,
    -3, -11, -2, 0, -11, -3, 0, -3,
    -3, 0, -3, 0, -4, -9, -1, 0,
    0, 0, 0, 0, 0, 0, 0, 0,
    -1, -4, -1, 0, 11, 0, 0, -1,
    -1, -1, -2, -2, 0, 0, 0, -11,
    0, 0, 0, 0, 0, -5, -13, 0,
    0, 0, -3, -11, 0, 0, 0, 0,
    0, -7, 0, 0, -31, -5, -25, -14,
    0, -32, 0, 0, 0, 0, -2, -17,
    0, 3, 0, 0, 0, -17, 0, -14,
    -9, 0, 0, 0, -9, 0, 0, 0,
    0, 0, 0, 0, 0, 0, 0, 0,
    -18, 0, 0, 0, -4, 0, 0, 0,
    0, -27, 0, -17, -6, -14, -28, -9,
    0, 0, 0, 0, -9, 0, 0, 0,
    0, 0, -9, 0, -5, -4, -12, -9,
    0, -11, 0, 0, 0, 0, 0, -5,
    -13, 0, 0, 0, -3, -11, 0, 0,
    0, 0, 0, -7, 0, 0, -31, -5,
    -25, -14, 0, -32, 0, 0, 0, 0,
    -2, -17, 0, 0, 0, 0, 0, -17,
    0, -14, -9, 0, 0, 0, 0, 0,
    0, 0, 0, 0, 0, 0, 0, 0,
    0, 0, 0, 0, 0, 0, -3, 0,
    0, -12, 0, 3, 0, 3, 0, 0,
    0, 0, 0, 0, -5, -6, 0, 6,
    6, 0, 0, -1, 0, 0, 0, 0,
    0, 0, 0, 0, 0, -3, -5, 0,
    0, 0, 0, 0, 0, 0, 0, -6,
    0, 0, 0, 0, 0, 0, 0, 0,
    0, 0, 0, 0, 0, 0, 0, 0,
    -3, 0, 0, 0, 0, 0, 0, 0,
    0, 0, 0, 0, 0, 0, 0, 0,
    0, 0, 0, 0, -2, 0, 0, 0,
    0, -1, -9, 0, -3, 0, -1, 0,
    0, 0, 0, 0, 0, 0, 0, 0,
    0, 0, 0, 0, 0, 0, 0, 0,
    0, 0, 0, 0, 0, 0, 0, 0,
    0, 0, 0, 0, 0, 0, 0, 0,
    0, 0, 0, 0, -4, 0, 0, 0,
    0, 0, 0, 0, 0, 0, 0, 0,
    0, 0, 0, 0, 0, 0, 0, 0,
    0, 0, 0, 0, 0, 0, 0, 0,
    0, 0, 0, 0, 0, 0, 0, 0,
    0, 0, 0, -12, 0, 0, 0, 0,
    0, -8, 0, 0, 0, 0, -10, 0,
    0, 0, 0, 0, 0, 0, 0, 0,
    0, 0, 0, 0, 0, 0, 0, 0,
    0, 0, 0, 0, 0, 0, 0, 0,
    0, 0, 0, 0, 0, 0, 0, 0,
    0, 0, 0, 0, 0, 0, -4, -3,
    0, 0, 0, -4, 0, 0, 0, 0,
    0, 0, 0, 0, 0, 0, 0, 0,
    0, 0, 0, 0, 0, 0, 0, 0,
    0, 0, 0, 0, 0, 0, 0, 0,
    0, 0, 0, 0, 0, 0, -3, 0,
    0, 0, 0, -1, -1, 0, 0, 0,
    -5, 0, 0, 0, 0, 0, 0, 0,
    0, 0, 0, 0, 0, 0, 0, 0,
    0, -3, 0, 0, 0, 0, 0, 0,
    0, 0, 0, 0, 0, 0, 0, 0,
    0, 0, 0, 0, -21, -19, 0, -3,
    -3, -3, 0, -19, -3, 0, -1, 0,
    0, 0, 0, 0, 0, 0, 0, 0,
    0, 0, 0, 0, 0, 0, 0, 0,
    0, 0, 0, 0, 0, 0, 0, 0,
    0, 0, 0, 0, 0, 0, 0, 0,
    -3, 0, 0, 0, 0, 0, 0, 0,
    0, 0, -4, 0, 0, 0, 0, 0,
    0, 0, 0, 0, 0, 0, 0, 0,
    0, 0, 0, -3, 0, 0, 0, 0,
    0, 0, 0, 0, 0, 0, 0, 0,
    0, 0, 0, 0, 0, -3, -3, 0,
    0, 0, 0, 0, 0, 0, 0, -6,
    0, 0, 0, 0, 0, 0, 0, 0,
    0, 0, 0, 0, 0, 0, 0, 0,
    -3, 0, 0, 0, 0, 0, 0, 0,
    0, 0, 0, 0, 0, 0, 0, 0,
    -4, -28, -3, 0, -4, 0, 0, 0,
    0, 0, 0, 0, 0, 0, 0, -5,
    0, 0, -3, 0, -1, -24, -4, -17,
    -8, 0, -24, 0, -3, 0, 0, 0,
    -6, 0, 0, 0, 0, 0, -6, 0,
    -6, -3, 0, 0, 0, 0, 0, -2,
    0, 0, -3, 0, 0, 0, 0, 0,
    0, 0, 0, 0, 0, -2, 0, 0,
    0, 0, -5, 0, -5, 0, -4, -5,
    0, 0, 0, 0, 0, 0, 0, 0,
    0, 0, 0, 0, 0, 0, 0, 0,
    0, 0, 0, 0, 0, 0, 0, 0,
    0, 0, 0, 0, 0, 0, 0, 0,
    0, 0, -2, 0, 0, 0, 0, -5,
    0, -2, 0, -2, -5, -2, 0, 0,
    0, 0, 0, 0, 0, 0, 0, 0,
    0, 0, 0, 0, 0, 0, 0, 0,
    -3, -4, -7, 0, -7, 0, 0, 0,
    0, 0, 0, 0, 0, 0, 0, -3,
    -8, 0, 0, 0, -10, 0, -5, -2,
    -8, -9, -5, 0, 0, 0, 0, 0,
    0, 0, 0, 0, 0, 0, 0, 0,
    0, 0, 0, 0, 0, 0, 0, 0,
    -2, 0, 0, 0, 0, 0, 0, 0,
    0, 0, 0, 0, 0, 0, 0, 0,
    0, 0, 0, 0, 0, 0, 0, 0,
    0, 0, 0, 0, 0, 0, 0, 0,
    0, 0, 0, 0, 0, 0, 0, 0,
    0, 0, 0, 0, -25, -3, -15, 0,
    0, 0, 0, 0, 0, 0, 0, 0,
    0, -14, 0, -2, 0, 0, 0, 0,
    0, 0, 0, 0, 0, 0, 0, -2,
    -2, 0, 0, 0, 0, 0, -2, 0,
    0, 0, 0, 0, 0, 0, 0, -7,
    0, 0, 0, 0, 0, 0, 0, 0,
    0, 0, 0, 0, 0, 0, 0, 0,
    0, 0, 0, -8, 0, -5, -1, 0,
    -10, 0, 0, 0, 0, 0, 0, 0,
    0, 0, 0, 0, 0, 0, 0, 0,
    0, 0, 0, 0, 0, 0, -18, -14,
    -14, 0, 0, 0, 0, 0, 0, 0,
    0, 0, 0, -10, 0, -4, -8, 0,
    0, 0, 0, 0, 0, 0, 0, 2,
    0, -8, -9, 0, 0, 0, 0, -8,
    0, 0, -8, 0, 0, 0, 0, 0,
    0, 0, 0, 0, -14, 0, 0, 0,
    0, 0, 0, 0, 0, 0, 0, 0,
    0, 0, -10, 0, -1, 0, 0, 0,
    0, 0, 0, 0, 0, 0, 0, -6,
    -7, 0, 0, 0, 0, -4, -7, -3,
    -10, -7, 0, 0, 0, -8, -34, -3,
    0, -14, 0, 0, 0, 0, 0, 0,
    0, 0, 0, 0, 0, 0, 0, -6,
    0, 0, -28, -5, -25, -12, 0, -39,
    0, -16, 0, 0, -1, -14, 0, 0,
    0, 0, 0, -14, -1, -11, -4, 0,
    0, 0, 0, 0, -3, -35, -11, -25,
    0, 0, 0, 0, 0, 0, 0, 0,
    0, 0, -18, -1, 0, -18, 0, -1,
    0, -2, 0, -6, -2, -6, 0, 0,
    -4, -5, 0, 0, 0, 0, 0, -4,
    0, 0, 0, 0, 0, 0, 0, 0,
    0, -2, 0, 0, 0, 0, 0, 0,
    0, 0, 0, 0, 0, 0, 0, 0,
    0, 0, 0, 0, -4, 0, -4, 0,
    0, -4, 0, 0, 0, 0, 0, 0,
    0, 0, 0, 0, 0, 0, 0, 0,
    0, 0, 0, 0, 0, -1, -1, 0,
    0, -3, 0, 0, 0, 0, 0, 0,
    0, 0, 0, 0, -1, -1, 0, 0,
    0, -10, 0, -4, 0, -2, -7, -1,
    0, 0, 0, 0, 0, 0, 0, 0,
    0, 0, 0, 0, 0, 0, 0, 0,
    0, -8, 0, 0, -31, -27, -27, 0,
    0, 0, 0, 0, 0, 0, 0, 0,
    0, -24, 0, -10, -28, -6, 0, 0,
    0, 0, 0, 0, 0, 3, 0, -28,
    -32, -14, -3, -3, 0, -24, -28, -14,
    -25, -22, -24, -26, -25, 0, 0, 0,
    0, -5, 0, -5, 0, 0, 0, 0,
    0, 0, 0, 0, 0, 0, -4, 0,
    0, 0, 0, 0, 0, 0, 0, 0,
    0, 0, 0, 0, 0, 0, 0, 0,
    0, 0, 0, 0, 0, 0, 0, 0,
    0, 0, 0, -4, 0, 0, -25, -17,
    -22, 0, 0, 0, 0, 0, 0, 0,
    0, 0, 0, -17, 0, -5, 0, -4,
    0, 0, 0, 0, 0, 0, 0, 3,
    0, -12, -12, -2, 0, 0, 0, -3,
    -11, -2, -3, -5, -4, -9, -2, 0,
    -2, 0, 0, -14, -6, -13, 0, 0,
    0, 0, 0, 0, 0, 0, 0, 0,
    -8, 0, -2, 0, 0, 0, 0, 0,
    0, 0, 0, 0, 0, 0, -3, -4,
    -1, 0, 0, 0, -1, 0, -1, -1,
    0, 0, 0, 0, 0, 0, 0, 0,
    0, -14, 0, 0, 0, 0, 0, 0,
    0, 0, 0, 0, 0, 0, 0, -8,
    -3, -2, 0, 0, 0, 0, 0, 0,
    0, 0, 0, -2, -6, -7, 0, 0,
    0, 0, -3, -7, -4, -9, -5, 0,
    0, 0, -4, 0, 0, -32, -28, -28,
    0, 0, 0, 0, 0, 0, 0, 0,
    0, 0, -24, 0, -9, -28, -6, 0,
    0, 0, 0, 0, 0, 0, 0, 0,
    -26, -28, -13, 0, 0, 0, -22, -26,
    -13, -24, -20, -22, -24, -21, 0, 0,
    0, 0, 0, -16, 0, 0, 0, 0,
    0, 0, 0, 0, 0, 0, 0, 0,
    0, -5, 0, -2, 0, 0, 0, 0,
    0, 0, 0, 0, 0, 0, -5, -7,
    0, 0, 0, 0, 0, -7, -2, -5,
    -3, 0, 0, 0, 0, 0, 0, 0,
    0, 0, -3, -8, -1, 0, -8, -3,
    0, -3, -3, 0, 0, 0, 0, 0,
    0, 0, 0, 0, 0, 0, 0, 0,
    0, 0, 0, -2, 0, 0, 9, 0,
    0, 0, 0, 0, -2, -1, -1, 0,
    0, 0, 0, 0, 0, 0, 0, 0,
    0, 0, 0, 0, 0, 0, 0, 0,
    0, 0, 0, -7, -3, -3, -27, -5,
    -22, -13, 0, -28, 0, 0, 0, -4,
    -6, -19, 0, 19, 0, 0, -1, -19,
    -7, -8, -4, 0, 0, 0, 0, -9,
    -4, 0, -3, 0, 0, 0, 0, 0,
    0, 0, 0, 0, 0, -3, 0, 0,
    0, 0, 0, 0, 0, 0, 0, 0,
    0, 0, -8, 0, 0, -4, -10, 0,
    0, 0, 0, -1, -10, -4, -9, -3,
    0, 0, 0, 0, -11, -4, -2, 0,
    -6, 0, 0, 0, 0, 0, 0, 0,
    0, 0, 0, 0, 0, 0, 0, 0,
    0, 0, 0, 0, 0, 0, 0, -6,
    -2, 0, 0, -6, 0, 0, 0, 0,
    0, -6, 0, -6, -3, -11, -6, 0,
    0, 5, 0, -18, -6, -10, 0, 0,
    0, 0, 0, 0, 0, 0, 0, 0,
    0, 0, 0, 0, 0, 0, 0, 0,
    0, 0, 0, 0, 6, 0, -3, -8,
    -38, -8, -8, -8, 0, -3, -5, 0,
    0, 0, 0, 0, 0, 0, -9, -1,
    0, 0, 0, 0, 0, 0, 0, 0,
    0, 0, 0, 0, 0, 0, 0, 0,
    0, 0, 0, 0, 0, 0, 0, 0,
    0, -7, -1, 0, 0, -4, 0, 0,
    0, 0, 0, -4, -3, -5, -2, 0,
    0, 0, 0, 0, 0, 0, 0, 0,
    0, 0, 0, 0, 0, 0, 0, 0,
    0, 0, 0, 0, 0, 0, 0, 0,
    0, 0, 0, 0, 0, 0, 6, 0,
    0, 0, 0, 0, 0, 0, 0, 0,
    0, 0, 0, 0, 0, 0, 0, 0,
    0, 0, 0, -10, 0, 0, 0, 0,
    0, 0, 0, 0, 0, 0, 0, 0,
    0, 0, 0, 0, 0, 0, 0, 0,
    0, 0, 0, 0, 0, -4, -8, 0,
    0, 0, 0, 0, -4, 0, 0, 0,
    0, 0, 0, 0, 0, 0, 0, -20,
    -7, -11, 0, 0, 0, 0, 0, 0,
    0, 0, 0, 0, 0, 0, 0, 0,
    0, 0, 0, 0, 0, 0, 0, 0,
    0, 0, -5, -6, 0, 0, 0, 0,
    0, -3, 0, 0, 0, 0, 0, 0,
    0, 0, -2, -1, 0, 0, -1, 0,
    0, 0, 0, 0, 0, 0, 0, 0,
    0, 0, 0, 0, 0, 0, 0, 0,
    0, 0, 0, 0, 0, -1, 0, -1,
    0, -4, 0, 0, 0, 0, 0, -4,
    0, -6, -3, -2, 0, 0, 0, 1,
    0, 0, -5, 0, 0, 0, 0, 0,
    0, 0, 0, 0, 0, 0, 0, 0,
    0, 0, 0, 0, 0, 0, 0, 0,
    0, 0, 0, 0, -1, -6, -10, 0,
    0, 0, 0, 0, -44, 0, 0, 0,
    0, 0, 0, 0, 0, -2, -14, -5,
    -8, 0, 0, 0, 0, 0, 0, 0,
    0, 0, 0, 0, 0, 0, 0, 0,
    0, 0, 0, 0, 0, 0, 0, 0,
    -2, -5, -6, 0, 0, 0, 0, 0,
    -5, 0, 0, 0, 0, 0, 0, 0,
    0, 0, -2, -9, -4, -4, 0, 0,
    0, 0, 0, 0, 0, 0, 0, 0,
    0, 0, 0, 0, 0, 0, 0, 0,
    0, 0, 0, 0, 0, -1, -3, -3,
    0, 0, 0, 0, 0, -2, 0, 0,
    0, 0, 0, 0, 0, 0, 0, 0,
    0, -12, 0, 0, 0, 0, 0, 0,
    0, 0, 0, 0, 0, 0, 0, 0,
    0, 0, 0, 0, 0, 0, 0, 0,
    0, 0, -1, -4, -11, 0, 0, 0,
    0, 0, -4, 0, 0, 0, 0, 0,
    0, 0, 0, 0, 0, 0, -9, 0,
    0, 0, 0, 0, 0, 0, 0, 0,
    0, 0, 0, 0, 0, 0, 0, 0,
    0, 0, 0, 0, 0, 0, 0, 0,
    -1, -6, 0, 0, 0, 0, 0, 0,
    0, 0, 0, 0, 0, 0, 0, -9,
    0, 0, 0, 0, 0, 0, 0, 0,
    0, 0, 0, 0, 0, 0, 0, 0,
    0, 0, 0, 0, 0, 0, 0, 0,
    0, 0, 0, 0, 0, 0, 0, 0,
    0, 0, 0, 0, 0, 0, 0, 0,
    0, 0, 0, 0
};


/*Collect the kern class' data in one place*/
static const lv_font_fmt_txt_kern_classes_t kern_classes =
{
    .class_pair_values   = kern_class_values,
    .left_class_mapping  = kern_left_class_mapping,
    .right_class_mapping = kern_right_class_mapping,
    .left_class_cnt      = 52,
    .right_class_cnt     = 45,
};

/*--------------------
 *  ALL CUSTOM DATA
 *--------------------*/

#if LVGL_VERSION_MAJOR == 8
/*Store all the custom data of the font*/
static  lv_font_fmt_txt_glyph_cache_t cache;
#endif

#if LVGL_VERSION_MAJOR >= 8
static const lv_font_fmt_txt_dsc_t font_dsc = {
#else
static lv_font_fmt_txt_dsc_t font_dsc = {
#endif
    .glyph_bitmap = glyph_bitmap,
    .glyph_dsc = glyph_dsc,
    .cmaps = cmaps,
    .kern_dsc = &kern_classes,
    .kern_scale = 16,
    .cmap_num = 2,
    .bpp = 4,
    .kern_classes = 1,
    .bitmap_format = 0,
#if LVGL_VERSION_MAJOR == 8
    .cache = &cache
#endif
};



/*-----------------
 *  PUBLIC FONT
 *----------------*/

/*Initialize a public general font descriptor*/
#if LVGL_VERSION_MAJOR >= 8
const lv_font_t lv_font_sg_20 = {
#else
lv_font_t lv_font_sg_20 = {
#endif
    .get_glyph_dsc = lv_font_get_glyph_dsc_fmt_txt,    /*Function pointer to get glyph's data*/
    .get_glyph_bitmap = lv_font_get_bitmap_fmt_txt,    /*Function pointer to get glyph's bitmap*/
    .line_height = 23,          /*The maximum line height required by the font*/
    .base_line = 5,             /*Baseline measured from the bottom of the line*/
#if !(LVGL_VERSION_MAJOR == 6 && LVGL_VERSION_MINOR == 0)
    .subpx = LV_FONT_SUBPX_NONE,
#endif
#if LV_VERSION_CHECK(7, 4, 0) || LVGL_VERSION_MAJOR >= 8
    .underline_position = -2,
    .underline_thickness = 1,
#endif
    .dsc = &font_dsc,          /*The custom font data. Will be accessed by `get_glyph_bitmap/dsc` */
#if LV_VERSION_CHECK(8, 2, 0) || LVGL_VERSION_MAJOR >= 9
    .fallback = NULL,
#endif
    .user_data = NULL,
};



#endif /*#if LV_FONT_SG_20*/

