/* Auto-generated by tools/gen_pills.py — do not edit */
#pragma once
#include <lvgl.h>

static const uint8_t pill_chip_fps_data[] = {
    0x00, 0x00, 0x00, 0x00, 0x00, 0x00, 0x00, 0x00, 0x00, 0x00, 0x00, 0x00, 0x00, 0x00, 0x00, 0x00,
    0x00, 0x00, 0x00, 0x00, 0x00, 0x00, 0x00, 0x00, 0x00, 0x00, 0x00, 0x00, 0x00, 0x00, 0x00, 0x00,
    0xaa, 0xc6, 0xd3, 0x04, 0xaa, 0xc6, 0xd3, 0x0a, 0xaa, 0xc6, 0xd3, 0x0f, 0xaa, 0xc6, 0xd3, 0x12,
    0xaa, 0xc6, 0xd3, 0x13, 0xaa, 0xc6, 0xd3, 0x14, 0xaa, 0xc6, 0xd3, 0x14, 0xaa, 0xc6, 0xd3, 0x14,
    0xaa, 0xc6, 0xd3, 0x14, 0xaa, 0xc6, 0xd3, 0x14, 0xaa, 0xc6, 0xd3, 0x14, 0xaa, 0xc6, 0xd3, 0x14,
    0xaa, 0xc6, 0xd3, 0x14, 0xaa, 0xc6, 0xd3, 0x14, 0xaa, 0xc6, 0xd3, 0x14, 0xaa, 0xc6, 0xd3, 0x14,
    0xaa, 0xc6, 0xd3, 0x14, 0xaa, 0xc6, 0xd3, 0x14, 0xaa, 0xc6, 0xd3, 0x14, 0xaa, 0xc6, 0xd3, 0x14,
    0xaa, 0xc6, 0xd3, 0x14, 0xaa, 0xc6, 0xd3, 0x14, 0xaa, 0xc6, 0xd3, 0x14, 0xaa, 0xc6, 0xd3, 0x14,
    0xaa, 0xc6, 0xd3, 0x14, 0xaa, 0xc6, 0xd3, 0x14, 0xaa, 0xc6, 0xd3, 0x14, 0xaa, 0xc6, 0xd3, 0x14,
    0xaa, 0xc6, 0xd3, 0x14, 0xaa, 0xc6, 0xd3, 0x14, 0xaa, 0xc6, 0xd3, 0x14, 0xaa, 0xc6, 0xd3, 0x14,
    0xaa, 0xc6, 0xd3, 0x14, 0xaa, 0xc6, 0xd3, 0x14, 0xaa, 0xc6, 0xd3, 0x14, 0xaa, 0xc6, 0xd3, 0x14,
    0xaa, 0xc6, 0xd3, 0x14, 0xaa, 0xc6, 0xd3, 0x14, 0xaa, 0xc6, 0xd3, 0x14, 0xaa, 0xc6, 0xd3, 0x14,
    0xaa, 0xc6, 0xd3, 0x14, 0xaa, 0xc6, 0xd3, 0x14, 0xaa, 0xc6, 0xd3, 0x14, 0xaa, 0xc6, 0xd3, 0x14,
    0xaa, 0xc6, 0xd3, 0x14, 0xaa, 0xc6, 0xd3, 0x14, 0xaa, 0xc6, 0xd3, 0x14, 0xaa, 0xc6, 0xd3, 0x14,
    0xaa, 0xc6, 0xd3, 0x14, 0xaa, 0xc6, 0xd3, 0x14, 0xaa, 0xc6, 0xd3, 0x14, 0xaa, 0xc6, 0xd3, 0x14,
    0xaa, 0xc6, 0xd3, 0x14, 0xaa, 0xc6, 0xd3, 0x14, 0xaa, 0xc6, 0xd3, 0x13, 0xaa, 0xc6, 0xd3, 0x12,
    0xaa, 0xc6, 0xd3, 0x0f, 0xaa, 0xc6, 0xd3, 0x0a, 0xaa, 0xc6, 0xd3, 0x04, 0x00, 0x00, 0x00, 0x00,
    0x00, 0x00, 0x00, 0x00, 0x00, 0x00, 0x00, 0x00, 0x00, 0x00, 0x00, 0x00, 0x00, 0x00, 0x00, 0x00,
    0x00, 0x00, 0x00, 0x00, 0x00, 0x00, 0x00, 0x00, 0x00, 0x00, 0x00, 0x00, 0x00, 0x00, 0x00, 0x00,
    0x00, 0x00, 0x00, 0x00, 0x00, 0x00, 0x00, 0x00, 0x00, 0x00, 0x00, 0x00, 0x00, 0x00, 0x00, 0x00,
    0x00, 0x00, 0x00, 0x00, 0xaa, 0xc6, 0xd3, 0x05, 0xaa, 0xc6, 0xd3, 0x0f, 0xaa, 0xc6, 0xd3, 0x14,
    0xaa, 0xc6, 0xd3, 0x14, 0x3c, 0x38, 0x2e, 0x8c, 0x3c, 0x38, 0x2e, 0x8c, 0x3c, 0x38, 0x2e, 0x8c,
    0x3c, 0x38, 0x2e, 0x8c, 0x3c, 0x38, 0x2e, 0x8c, 0x3c, 0x38, 0x2e, 0x8c, 0x3c, 0x38, 0x2e, 0x8c,
    0x3c, 0x38, 0x2e, 0x8c, 0x3c, 0x38, 0x2e, 0x8c, 0x3c, 0x38, 0x2e, 0x8c, 0x3c, 0x38, 0x2e, 0x8c,
    0x3c, 0x38, 0x2e, 0x8c, 0x3c, 0x38, 0x2e, 0x8c, 0x3c, 0x38, 0x2e, 0x8c, 0x3c, 0x38, 0x2e, 0x8c,
    0x3c, 0x38, 0x2e, 0x8c, 0x3c, 0x38, 0x2e, 0x8c, 0x3c, 0x38, 0x2e, 0x8c, 0x3c, 0x38, 0x2e, 0x8c,
    0x3c, 0x38, 0x2e, 0x8c, 0x3c, 0x38, 0x2e, 0x8c, 0x3c, 0x38, 0x2e, 0x8c, 0x3c, 0x38, 0x2e, 0x8c,
    0x3c, 0x38, 0x2e, 0x8c, 0x3c, 0x38, 0x2e, 0x8c, 0x3c, 0x38, 0x2e, 0x8c, 0x3c, 0x38, 0x2e, 0x8c,
    0x3c, 0x38, 0x2e, 0x8c, 0x3c, 0x38, 0x2e, 0x8c, 0x3c, 0x38, 0x2e, 0x8c, 0x3c, 0x38, 0x2e, 0x8c,
    0x3c, 0x38, 0x2e, 0x8c, 0x3c, 0x38, 0x2e, 0x8c, 0x3c, 0x38, 0x2e, 0x8c, 0x3c, 0x38, 0x2e, 0x8c,
    0x3c, 0x38, 0x2e, 0x8c, 0x3c, 0x38, 0x2e, 0x8c, 0x3c, 0x38, 0x2e, 0x8c, 0x3c, 0x38, 0x2e, 0x8c,
    0x3c, 0x38, 0x2e, 0x8c, 0x3c, 0x38, 0x2e, 0x8c, 0x3c, 0x38, 0x2e, 0x8c, 0x3c, 0x38, 0x2e, 0x8c,
    0x3c, 0x38, 0x2e, 0x8c, 0x3c, 0x38, 0x2e, 0x8c, 0x3c, 0x38, 0x2e, 0x8c, 0x3c, 0x38, 0x2e, 0x8c,
    0x3c, 0x38, 0x2e, 0x8c, 0x3c, 0x38, 0x2e, 0x8c, 0x3c, 0x38, 0x2e, 0x8c, 0x3c, 0x38, 0x2e, 0x8c,
    0x3c, 0x38, 0x2e, 0x8c, 0x3c, 0x38, 0x2e, 0x8c, 0x3c, 0x38, 0x2e, 0x8c, 0x3c, 0x38, 0x2e, 0x8c,
    0xaa, 0xc6, 0xd3, 0x14, 0xaa, 0xc6, 0xd3, 0x14, 0xaa, 0xc6, 0xd3, 0x0f, 0xaa, 0xc6, 0xd3, 0x05,
    0x00, 0x00, 0x00, 0x00, 0x00, 0x00, 0x00, 0x00, 0x00, 0x00, 0x00, 0x00, 0x00, 0x00, 0x00, 0x00,
    0x00, 0x00, 0x00, 0x00, 0x00, 0x00, 0x00, 0x00, 0x00, 0x00, 0x00, 0x00, 0x00, 0x00, 0x00, 0x00,
    0x00, 0x00, 0x00, 0x00, 0x00, 0x00, 0x00, 0x00, 0x00, 0x00, 0x00, 0x00, 0xaa, 0xc6, 0xd3, 0x0b,
    0xaa, 0xc6, 0xd3, 0x14, 0x3c, 0x38, 0x2e, 0x8c, 0x3c, 0x38, 0x2e, 0x8c, 0x3c, 0x38, 0x2e, 0x8c,
    0x3c, 0x38, 0x2e, 0x8c, 0x3c, 0x38, 0x2e, 0x8c, 0x3c, 0x38, 0x2e, 0x8c, 0x3c, 0x38, 0x2e, 0x8c,
    0x3c, 0x38, 0x2e, 0x8c, 0x3c, 0x38, 0x2e, 0x8c, 0x3c, 0x38, 0x2e, 0x8c, 0x3c, 0x38, 0x2e, 0x8c,
    0x3c, 0x38, 0x2e, 0x8c, 0x3c, 0x38, 0x2e, 0x8c, 0x3c, 0x38, 0x2e, 0x8c, 0x3c, 0x38, 0x2e, 0x8c,
    0x3c, 0x38, 0x2e, 0x8c, 0x3c, 0x38, 0x2e, 0x8c, 0x3c, 0x38, 0x2e, 0x8c, 0x3c, 0x38, 0x2e, 0x8c,
    0x3c, 0x38, 0x2e, 0x8c, 0x3c, 0x38, 0x2e, 0x8c, 0x3c, 0x38, 0x2e, 0x8c, 0x3c, 0x38, 0x2e, 0x8c,
    0x3c, 0x38, 0x2e, 0x8c, 0x3c, 0x38, 0x2e, 0x8c, 0x3c, 0x38, 0x2e, 0x8c, 0x3c, 0x38, 0x2e, 0x8c,
    0x3c, 0x38, 0x2e, 0x8c, 0x3c, 0x38, 0x2e, 0x8c, 0x3c, 0x38, 0x2e, 0x8c, 0x3c, 0x38, 0x2e, 0x8c,
    0x3c, 0x38, 0x2e, 0x8c, 0x3c, 0x38, 0x2e, 0x8c, 0x3c, 0x38, 0x2e, 0x8c, 0x3c, 0x38, 0x2e, 0x8c,
    0x3c, 0x38, 0x2e, 0x8c, 0x3c, 0x38, 0x2e, 0x8c, 0x3c, 0x38, 0x2e, 0x8c, 0x3c, 0x38, 0x2e, 0x8c,
    0x3c, 0x38, 0x2e, 0x8c, 0x3c, 0x38, 0x2e, 0x8c, 0x3c, 0x38, 0x2e, 0x8c, 0x3c, 0x38, 0x2e, 0x8c,
    0x3c, 0x38, 0x2e, 0x8c, 0x3c, 0x38, 0x2e, 0x8c, 0x3c, 0x38, 0x2e, 0x8c, 0x3c, 0x38, 0x2e, 0x8c,
    0x3c, 0x38, 0x2e, 0x8c, 0x3c, 0x38, 0x2e, 0x8c, 0x3c, 0x38, 0x2e, 0x8c, 0x3c, 0x38, 0x2e, 0x8c,
    0x3c, 0x38, 0x2e, 0x8c, 0x3c, 0x38, 0x2e, 0x8c, 0x3c, 0x38, 0x2e, 0x8c, 0x3c, 0x38, 0x2e, 0x8c,
    0x3c, 0x38, 0x2e, 0x8c, 0x3c, 0x38, 0x2e, 0x8c, 0x3c, 0x38, 0x2e, 0x8c, 0x3c, 0x38, 0x2e, 0x8c,
    0x3c, 0x38, 0x2e, 0x8c, 0x3c, 0x38, 0x2e, 0x8c, 0xaa, 0xc6, 0xd3, 0x14, 0xaa, 0xc6, 0xd3, 0x0b,
    0x00, 0x00, 0x00, 0x00, 0x00, 0x00, 0x00, 0x00, 0x00, 0x00, 0x00, 0x00, 0x00, 0x00, 0x00, 0x00,
    0x00, 0x00, 0x00, 0x00, 0x00, 0x00, 0x00, 0x00, 0x00, 0x00, 0x00, 0x00, 0x00, 0x00, 0x00, 0x00,
    0xaa, 0xc6, 0xd3, 0x01, 0xaa, 0xc6, 0xd3, 0x0f, 0xaa, 0xc6, 0xd3, 0x14, 0x3c, 0x38, 0x2e, 0x8c,
    0x3c, 0x38, 0x2e, 0x8c, 0x3c, 0x38, 0x2e, 0x8c, 0x3c, 0x38, 0x2e, 0x8c, 0x3c, 0x38, 0x2e, 0x8c,
    0x3c, 0x38, 0x2e, 0x8c, 0x3c, 0x38, 0x2e, 0x8c, 0x3c, 0x38, 0x2e, 0x8c, 0x3c, 0x38, 0x2e, 0x8c,
    0x3c, 0x38, 0x2e, 0x8c, 0x3c, 0x38, 0x2e, 0x8c, 0x3c, 0x38, 0x2e, 0x8c, 0x3c, 0x38, 0x2e, 0x8c,
    0x3c, 0x38, 0x2e, 0x8c, 0x3c, 0x38, 0x2e, 0x8c, 0x3c, 0x38, 0x2e, 0x8c, 0x3c, 0x38, 0x2e, 0x8c,
    0x3c, 0x38, 0x2e, 0x8c, 0x3c, 0x38, 0x2e, 0x8c, 0x3c, 0x38, 0x2e, 0x8c, 0x3c, 0x38, 0x2e, 0x8c,
    0x3c, 0x38, 0x2e, 0x8c, 0x3c, 0x38, 0x2e, 0x8c, 0x3c, 0x38, 0x2e, 0x8c, 0x3c, 0x38, 0x2e, 0x8c,
    0x3c, 0x38, 0x2e, 0x8c, 0x3c, 0x38, 0x2e, 0x8c, 0x3c, 0x38, 0x2e, 0x8c, 0x3c, 0x38, 0x2e, 0x8c,
    0x3c, 0x38, 0x2e, 0x8c, 0x3c, 0x38, 0x2e, 0x8c, 0x3c, 0x38, 0x2e, 0x8c, 0x3c, 0x38, 0x2e, 0x8c,
    0x3c, 0x38, 0x2e, 0x8c, 0x3c, 0x38, 0x2e, 0x8c, 0x3c, 0x38, 0x2e, 0x8c, 0x3c, 0x38, 0x2e, 0x8c,
    0x3c, 0x38, 0x2e, 0x8c, 0x3c, 0x38, 0x2e, 0x8c, 0x3c, 0x38, 0x2e, 0x8c, 0x3c, 0x38, 0x2e, 0x8c,
    0x3c, 0x38, 0x2e, 0x8c, 0x3c, 0x38, 0x2e, 0x8c, 0x3c, 0x38, 0x2e, 0x8c, 0x3c, 0x38, 0x2e, 0x8c,
    0x3c, 0x38, 0x2e, 0x8c, 0x3c, 0x38, 0x2e, 0x8c, 0x3c, 0x38, 0x2e, 0x8c, 0x3c, 0x38, 0x2e, 0x8c,
    0x3c, 0x38, 0x2e, 0x8c, 0x3c, 0x38, 0x2e, 0x8c, 0x3c, 0x38, 0x2e, 0x8c, 0x3c, 0x38, 0x2e, 0x8c,
    0x3c, 0x38, 0x2e, 0x8c, 0x3c, 0x38, 0x2e, 0x8c, 0x3c, 0x38, 0x2e, 0x8c, 0x3c, 0x38, 0x2e, 0x8c,
    0x3c, 0x38, 0x2e, 0x8c, 0x3c, 0x38, 0x2e, 0x8c, 0x3c, 0x38, 0x2e, 0x8c, 0x3c, 0x38, 0x2e, 0x8c,
    0x3c, 0x38, 0x2e, 0x8c, 0x3c, 0x38, 0x2e, 0x8c, 0xaa, 0xc6, 0xd3, 0x14, 0xaa, 0xc6, 0xd3, 0x0f,
    0xaa, 0xc6, 0xd3, 0x01, 0x00, 0x00, 0x00, 0x00, 0x00, 0x00, 0x00, 0x00, 0x00, 0x00, 0x00, 0x00,
    0x00, 0x00, 0x00, 0x00, 0x00, 0x00, 0x00, 0x00, 0x00, 0x00, 0x00, 0x00, 0xaa, 0xc6, 0xd3, 0x0f,
    0xaa, 0xc6, 0xd3, 0x14, 0x3c, 0x38, 0x2e, 0x8c, 0x3c, 0x38, 0x2e, 0x8c, 0x3c, 0x38, 0x2e, 0x8c,
    0x3c, 0x38, 0x2e, 0x8c, 0x3c, 0x38, 0x2e, 0x8c, 0x3c, 0x38, 0x2e, 0x8c, 0x3c, 0x38, 0x2e, 0x8c,
    0x3c, 0x38, 0x2e, 0x8c, 0x3c, 0x38, 0x2e, 0x8c, 0x3c, 0x38, 0x2e, 0x8c, 0x3c, 0x38, 0x2e, 0x8c,
    0x3c, 0x38, 0x2e, 0x8c, 0x3c, 0x38, 0x2e, 0x8c, 0x3c, 0x38, 0x2e, 0x8c, 0x3c, 0x38, 0x2e, 0x8c,
    0x3c, 0x38, 0x2e, 0x8c, 0x3c, 0x38, 0x2e, 0x8c, 0x3c, 0x38, 0x2e, 0x8c, 0x3c, 0x38, 0x2e, 0x8c,
    0x3c, 0x38, 0x2e, 0x8c, 0x3c, 0x38, 0x2e, 0x8c, 0x3c, 0x38, 0x2e, 0x8c, 0x3c, 0x38, 0x2e, 0x8c,
    0x3c, 0x38, 0x2e, 0x8c, 0x3c, 0x38, 0x2e, 0x8c, 0x3c, 0x38, 0x2e, 0x8c, 0x3c, 0x38, 0x2e, 0x8c,
    0x3c, 0x38, 0x2e, 0x8c, 0x3c, 0x38, 0x2e, 0x8c, 0x3c, 0x38, 0x2e, 0x8c, 0x3c, 0x38, 0x2e, 0x8c,
    0x3c, 0x38, 0x2e, 0x8c, 0x3c, 0x38, 0x2e, 0x8c, 0x3c, 0x38, 0x2e, 0x8c, 0x3c, 0x38, 0x2e, 0x8c,
    0x3c, 0x38, 0x2e, 0x8c, 0x3c, 0x38, 0x2e, 0x8c, 0x3c, 0x38, 0x2e, 0x8c, 0x3c, 0x38, 0x2e, 0x8c,
    0x3c, 0x38, 0x2e, 0x8c, 0x3c, 0x38, 0x2e, 0x8c, 0x3c, 0x38, 0x2e, 0x8c, 0x3c, 0x38, 0x2e, 0x8c,
    0x3c, 0x38, 0x2e, 0x8c, 0x3c, 0x38, 0x2e, 0x8c, 0x3c, 0x38, 0x2e, 0x8c, 0x3c, 0x38, 0x2e, 0x8c,
    0x3c, 0x38, 0x2e, 0x8c, 0x3c, 0x38, 0x2e, 0x8c, 0x3c, 0x38, 0x2e, 0x8c, 0x3c, 0x38, 0x2e, 0x8c,
    0x3c, 0x38, 0x2e, 0x8c, 0x3c, 0x38, 0x2e, 0x8c, 0x3c, 0x38, 0x2e, 0x8c, 0x3c, 0x38, 0x2e, 0x8c,
    0x3c, 0x38, 0x2e, 0x8c, 0x3c, 0x38, 0x2e, 0x8c, 0x3c, 0x38, 0x2e, 0x8c, 0x3c, 0x38, 0x2e, 0x8c,
    0x3c, 0x38, 0x2e, 0x8c, 0x3c, 0x38, 0x2e, 0x8c, 0x3c, 0x38, 0x2e, 0x8c, 0x3c, 0x38, 0x2e, 0x8c,
    0x3c, 0x38, 0x2e, 0x8c, 0x3c, 0x38, 0x2e, 0x8c, 0xaa, 0xc6, 0xd3, 0x14, 0xaa, 0xc6, 0xd3, 0x0f,
    0x00, 0x00, 0x00, 0x00, 0x00, 0x00, 0x00, 0x00, 0x00, 0x00, 0x00, 0x00, 0x00, 0x00, 0x00, 0x00,
    0x00, 0x00, 0x00, 0x00, 0xaa, 0xc6, 0xd3, 0x0b, 0xaa, 0xc6, 0xd3, 0x14, 0x3c, 0x38, 0x2e, 0x8c,
    0x3c, 0x38, 0x2e, 0x8c, 0x3c, 0x38, 0x2e, 0x8c, 0x3c, 0x38, 0x2e, 0x8c, 0x3c, 0x38, 0x2e, 0x8c,
    0x3c, 0x38, 0x2e, 0x8c, 0x3c, 0x38, 0x2e, 0x8c, 0x3c, 0x38, 0x2e, 0x8c, 0x3c, 0x38, 0x2e, 0x8c,
    0x3c, 0x38, 0x2e, 0x8c, 0x3c, 0x38, 0x2e, 0x8c, 0x3c, 0x38, 0x2e, 0x8c, 0x3c, 0x38, 0x2e, 0x8c,
    0x3c, 0x38, 0x2e, 0x8c, 0x3c, 0x38, 0x2e, 0x8c, 0x3c, 0x38, 0x2e, 0x8c, 0x3c, 0x38, 0x2e, 0x8c,
    0x3c, 0x38, 0x2e, 0x8c, 0x3c, 0x38, 0x2e, 0x8c, 0x3c, 0x38, 0x2e, 0x8c, 0x3c, 0x38, 0x2e, 0x8c,
    0x3c, 0x38, 0x2e, 0x8c, 0x3c, 0x38, 0x2e, 0x8c, 0x3c, 0x38, 0x2e, 0x8c, 0x3c, 0x38, 0x2e, 0x8c,
    0x3c, 0x38, 0x2e, 0x8c, 0x3c, 0x38, 0x2e, 0x8c, 0x3c, 0x38, 0x2e, 0x8c, 0x3c, 0x38, 0x2e, 0x8c,
    0x3c, 0x38, 0x2e, 0x8c, 0x3c, 0x38, 0x2e, 0x8c, 0x3c, 0x38, 0x2e, 0x8c, 0x3c, 0x38, 0x2e, 0x8c,
    0x3c, 0x38, 0x2e, 0x8c, 0x3c, 0x38, 0x2e, 0x8c, 0x3c, 0x38, 0x2e, 0x8c, 0x3c, 0x38, 0x2e, 0x8c,
    0x3c, 0x38, 0x2e, 0x8c, 0x3c, 0x38, 0x2e, 0x8c, 0x3c, 0x38, 0x2e, 0x8c, 0x3c, 0x38, 0x2e, 0x8c,
    0x3c, 0x38, 0x2e, 0x8c, 0x3c, 0x38, 0x2e, 0x8c, 0x3c, 0x38, 0x2e, 0x8c, 0x3c, 0x38, 0x2e, 0x8c,
    0x3c, 0x38, 0x2e, 0x8c, 0x3c, 0x38, 0x2e, 0x8c, 0x3c, 0x38, 0x2e, 0x8c, 0x3c, 0x38, 0x2e, 0x8c,
    0x3c, 0x38, 0x2e, 0x8c, 0x3c, 0x38, 0x2e, 0x8c, 0x3c, 0x38, 0x2e, 0x8c, 0x3c, 0x38, 0x2e, 0x8c,
    0x3c, 0x38, 0x2e, 0x8c, 0x3c, 0x38, 0x2e, 0x8c, 0x3c, 0x38, 0x2e, 0x8c, 0x3c, 0x38, 0x2e, 0x8c,
    0x3c, 0x38, 0x2e, 0x8c, 0x3c, 0x38, 0x2e, 0x8c, 0x3c, 0x38, 0x2e, 0x8c, 0x3c, 0x38, 0x2e, 0x8c,
    0x3c, 0x38, 0x2e, 0x8c, 0x3c, 0x38, 0x2e, 0x8c, 0x3c, 0x38, 0x2e, 0x8c, 0x3c, 0x38, 0x2e, 0x8c,
    0x3c, 0x38, 0x2e, 0x8c, 0x3c, 0x38, 0x2e, 0x8c, 0xaa, 0xc6, 0xd3, 0x14, 0xaa, 0xc6, 0xd3, 0x0b,
    0x00, 0x00, 0x00, 0x00, 0x00, 0x00, 0x00, 0x00, 0x00, 0x00, 0x00, 0x00, 0xaa, 0xc6, 0xd3, 0x05,
    0xaa, 0xc6, 0xd3, 0x14, 0x3c, 0x38, 0x2e, 0x8c, 0x3c, 0x38, 0x2e, 0x8c, 0x3c, 0x38, 0x2e, 0x8c,
    0x3c, 0x38, 0x2e, 0x8c, 0x3c, 0x38, 0x2e, 0x8c, 0x3c, 0x38, 0x2e, 0x8c, 0x3c, 0x38, 0x2e, 0x8c,
    0x3c, 0x38, 0x2e, 0x8c, 0x3c, 0x38, 0x2e, 0x8c, 0x3c, 0x38, 0x2e, 0x8c, 0x3c, 0x38, 0x2e, 0x8c,
    0x3c, 0x38, 0x2e, 0x8c, 0x3c, 0x38, 0x2e, 0x8c, 0x3c, 0x38, 0x2e, 0x8c, 0x3c, 0x38, 0x2e, 0x8c,
    0x3c, 0x38, 0x2e, 0x8c, 0x3c, 0x38, 0x2e, 0x8c, 0x3c, 0x38, 0x2e, 0x8c, 0x3c, 0x38, 0x2e, 0x8c,
    0x3c, 0x38, 0x2e, 0x8c, 0x3c, 0x38, 0x2e, 0x8c, 0x3c, 0x38, 0x2e, 0x8c, 0x3c, 0x38, 0x2e, 0x8c,
    0x3c, 0x38, 0x2e, 0x8c, 0x3c, 0x38, 0x2e, 0x8c, 0x3c, 0x38, 0x2e, 0x8c, 0x3c, 0x38, 0x2e, 0x8c,
    0x3c, 0x38, 0x2e, 0x8c, 0x3c, 0x38, 0x2e, 0x8c, 0x3c, 0x38, 0x2e, 0x8c, 0x3c, 0x38, 0x2e, 0x8c,
    0x3c, 0x38, 0x2e, 0x8c, 0x3c, 0x38, 0x2e, 0x8c, 0x3c, 0x38, 0x2e, 0x8c, 0x3c, 0x38, 0x2e, 0x8c,
    0x3c, 0x38, 0x2e, 0x8c, 0x3c, 0x38, 0x2e, 0x8c, 0x3c, 0x38, 0x2e, 0x8c, 0x3c, 0x38, 0x2e, 0x8c,
    0x3c, 0x38, 0x2e, 0x8c, 0x3c, 0x38, 0x2e, 0x8c, 0x3c, 0x38, 0x2e, 0x8c, 0x3c, 0x38, 0x2e, 0x8c,
    0x3c, 0x38, 0x2e, 0x8c, 0x3c, 0x38, 0x2e, 0x8c, 0x3c, 0x38, 0x2e, 0x8c, 0x3c, 0x38, 0x2e, 0x8c,
    0x3c, 0x38, 0x2e, 0x8c, 0x3c, 0x38, 0x2e, 0x8c, 0x3c, 0x38, 0x2e, 0x8c, 0x3c, 0x38, 0x2e, 0x8c,
    0x3c, 0x38, 0x2e, 0x8c, 0x3c, 0x38, 0x2e, 0x8c, 0x3c, 0x38, 0x2e, 0x8c, 0x3c, 0x38, 0x2e, 0x8c,
    0x3c, 0x38, 0x2e, 0x8c, 0x3c, 0x38, 0x2e, 0x8c, 0x3c, 0x38, 0x2e, 0x8c, 0x3c, 0x38, 0x2e, 0x8c,
    0x3c, 0x38, 0x2e, 0x8c, 0x3c, 0x38, 0x2e, 0x8c, 0x3c, 0x38, 0x2e, 0x8c, 0x3c, 0x38, 0x2e, 0x8c,
    0x3c, 0x38, 0x2e, 0x8c, 0x3c, 0x38, 0x2e, 0x8c, 0x3c, 0x38, 0x2e, 0x8c, 0x3c, 0x38, 0x2e, 0x8c,
    0x3c, 0x38, 0x2e, 0x8c, 0x3c, 0x38, 0x2e, 0x8c, 0xaa, 0xc6, 0xd3, 0x14, 0xaa, 0xc6, 0xd3, 0x05,
    0x00, 0x00, 0x00, 0x00, 0x00, 0x00, 0x00, 0x00, 0xaa, 0xc6, 0xd3, 0x0f, 0x3c, 0x38, 0x2e, 0x8c,
    0x3c, 0x38, 0x2e, 0x8c, 0x3c, 0x38, 0x2e, 0x8c, 0x3c, 0x38, 0x2e, 0x8c, 0x3c, 0x38, 0x2e, 0x8c,
    0x3c, 0x38, 0x2e, 0x8c, 0x3c, 0x38, 0x2e, 0x8c, 0x3c, 0x38, 0x2e, 0x8c, 0x3c, 0x38, 0x2e, 0x8c,
    0x3c, 0x38, 0x2e, 0x8c, 0x3c, 0x38, 0x2e, 0x8c, 0x3c, 0x38, 0x2e, 0x8c, 0x3c, 0x38, 0x2e, 0x8c,
    0x3c, 0x38, 0x2e, 0x8c, 0x3c, 0x38, 0x2e, 0x8c, 0x3c, 0x38, 0x2e, 0x8c, 0x3c, 0x38, 0x2e, 0x8c,
    0x3c, 0x38, 0x2e, 0x8c, 0x3c, 0x38, 0x2e, 0x8c, 0x3c, 0x38, 0x2e, 0x8c, 0x3c, 0x38, 0x2e, 0x8c,
    0x3c, 0x38, 0x2e, 0x8c, 0x3c, 0x38, 0x2e, 0x8c, 0x3c, 0x38, 0x2e, 0x8c, 0x3c, 0x38, 0x2e, 0x8c,
    0x3c, 0x38, 0x2e, 0x8c, 0x3c, 0x38, 0x2e, 0x8c, 0x3c, 0x38, 0x2e, 0x8c, 0x3c, 0x38, 0x2e, 0x8c,
    0x3c, 0x38, 0x2e, 0x8c, 0x3c, 0x38, 0x2e, 0x8c, 0x3c, 0x38, 0x2e, 0x8c, 0x3c, 0x38, 0x2e, 0x8c,
    0x3c, 0x38, 0x2e, 0x8c, 0x3c, 0x38, 0x2e, 0x8c, 0x3c, 0x38, 0x2e, 0x8c, 0x3c, 0x38, 0x2e, 0x8c,
    0x3c, 0x38, 0x2e, 0x8c, 0x3c, 0x38, 0x2e, 0x8c, 0x3c, 0x38, 0x2e, 0x8c, 0x3c, 0x38, 0x2e, 0x8c,
    0x3c, 0x38, 0x2e, 0x8c, 0x3c, 0x38, 0x2e, 0x8c, 0x3c, 0x38, 0x2e, 0x8c, 0x3c, 0x38, 0x2e, 0x8c,
    0x3c, 0x38, 0x2e, 0x8c, 0x3c, 0x38, 0x2e, 0x8c, 0x3c, 0x38, 0x2e, 0x8c, 0x3c, 0x38, 0x2e, 0x8c,
    0x3c, 0x38, 0x2e, 0x8c, 0x3c, 0x38, 0x2e, 0x8c, 0x3c, 0x38, 0x2e, 0x8c, 0x3c, 0x38, 0x2e, 0x8c,
    0x3c, 0x38, 0x2e, 0x8c, 0x3c, 0x38, 0x2e, 0x8c, 0x3c, 0x38, 0x2e, 0x8c, 0x3c, 0x38, 0x2e, 0x8c,
    0x3c, 0x38, 0x2e, 0x8c, 0x3c, 0x38, 0x2e, 0x8c, 0x3c, 0x38, 0x2e, 0x8c, 0x3c, 0x38, 0x2e, 0x8c,
    0x3c, 0x38, 0x2e, 0x8c, 0x3c, 0x38, 0x2e, 0x8c, 0x3c, 0x38, 0x2e, 0x8c, 0x3c, 0x38, 0x2e, 0x8c,
    0x3c, 0x38, 0x2e, 0x8c, 0x3c, 0x38, 0x2e, 0x8c, 0x3c, 0x38, 0x2e, 0x8c, 0x3c, 0x38, 0x2e, 0x8c,
    0x3c, 0x38, 0x2e, 0x8c, 0x3c, 0x38, 0x2e, 0x8c, 0xaa, 0xc6, 0xd3, 0x0f, 0x00, 0x00, 0x00, 0x00,
    0xaa, 0xc6, 0xd3, 0x04, 0xaa, 0xc6, 0xd3, 0x14, 0x3c, 0x38, 0x2e, 0x8c, 0x3c, 0x38, 0x2e, 0x8c,
    0x3c, 0x38, 0x2e, 0x8c, 0x3c, 0x38, 0x2e, 0x8c, 0x3c, 0x38, 0x2e, 0x8c, 0x3c, 0x38, 0x2e, 0x8c,
    0x3c, 0x38, 0x2e, 0x8c, 0x3c, 0x38, 0x2e, 0x8c, 0x3c, 0x38, 0x2e, 0x8c, 0x3c, 0x38, 0x2e, 0x8c,
    0x3c, 0x38, 0x2e, 0x8c, 0x3c, 0x38, 0x2e, 0x8c, 0x3c, 0x38, 0x2e, 0x8c, 0x3c, 0x38, 0x2e, 0x8c,
    0x3c, 0x38, 0x2e, 0x8c, 0x3c, 0x38, 0x2e, 0x8c, 0x3c, 0x38, 0x2e, 0x8c, 0x3c, 0x38, 0x2e, 0x8c,
    0x3c, 0x38, 0x2e, 0x8c, 0x3c, 0x38, 0x2e, 0x8c, 0x3c, 0x38, 0x2e, 0x8c, 0x3c, 0x38, 0x2e, 0x8c,
    0x3c, 0x38, 0x2e, 0x8c, 0x3c, 0x38, 0x2e, 0x8c, 0x3c, 0x38, 0x2e, 0x8c, 0x3c, 0x38, 0x2e, 0x8c,
    0x3c, 0x38, 0x2e, 0x8c, 0x3c, 0x38, 0x2e, 0x8c, 0x3c, 0x38, 0x2e, 0x8c, 0x3c, 0x38, 0x2e, 0x8c,
    0x3c, 0x38, 0x2e, 0x8c, 0x3c, 0x38, 0x2e, 0x8c, 0x3c, 0x38, 0x2e, 0x8c, 0x3c, 0x38, 0x2e, 0x8c,
    0x3c, 0x38, 0x2e, 0x8c, 0x3c, 0x38, 0x2e, 0x8c, 0x3c, 0x38, 0x2e, 0x8c, 0x3c, 0x38, 0x2e, 0x8c,
    0x3c, 0x38, 0x2e, 0x8c, 0x3c, 0x38, 0x2e, 0x8c, 0x3c, 0x38, 0x2e, 0x8c, 0x3c, 0x38, 0x2e, 0x8c,
    0x3c, 0x38, 0x2e, 0x8c, 0x3c, 0x38, 0x2e, 0x8c, 0x3c, 0x38, 0x2e, 0x8c, 0x3c, 0x38, 0x2e, 0x8c,
    0x3c, 0x38, 0x2e, 0x8c, 0x3c, 0x38, 0x2e, 0x8c, 0x3c, 0x38, 0x2e, 0x8c, 0x3c, 0x38, 0x2e, 0x8c,
    0x3c, 0x38, 0x2e, 0x8c, 0x3c, 0x38, 0x2e, 0x8c, 0x3c, 0x38, 0x2e, 0x8c, 0x3c, 0x38, 0x2e, 0x8c,
    0x3c, 0x38, 0x2e, 0x8c, 0x3c, 0x38, 0x2e, 0x8c, 0x3c, 0x38, 0x2e, 0x8c, 0x3c, 0x38, 0x2e, 0x8c,
    0x3c, 0x38, 0x2e, 0x8c, 0x3c, 0x38, 0x2e, 0x8c, 0x3c, 0x38, 0x2e, 0x8c, 0x3c, 0x38, 0x2e, 0x8c,
    0x3c, 0x38, 0x2e, 0x8c, 0x3c, 0x38, 0x2e, 0x8c, 0x3c, 0x38, 0x2e, 0x8c, 0x3c, 0x38, 0x2e, 0x8c,
    0x3c, 0x38, 0x2e, 0x8c, 0x3c, 0x38, 0x2e, 0x8c, 0x3c, 0x38, 0x2e, 0x8c, 0x3c, 0x38, 0x2e, 0x8c,
    0x3c, 0x38, 0x2e, 0x8c, 0xaa, 0xc6, 0xd3, 0x14, 0xaa, 0xc6, 0xd3, 0x04, 0xaa, 0xc6, 0xd3, 0x0a,
    0xaa, 0xc6, 0xd3, 0x14, 0x3c, 0x38, 0x2e, 0x8c, 0x3c, 0x38, 0x2e, 0x8c, 0x3c, 0x38, 0x2e, 0x8c,
    0x3c, 0x38, 0x2e, 0x8c, 0x3c, 0x38, 0x2e, 0x8c, 0x3c, 0x38, 0x2e, 0x8c, 0x3c, 0x38, 0x2e, 0x8c,
    0x3c, 0x38, 0x2e, 0x8c, 0x3c, 0x38, 0x2e, 0x8c, 0x3c, 0x38, 0x2e, 0x8c, 0x3c, 0x38, 0x2e, 0x8c,
    0x3c, 0x38, 0x2e, 0x8c, 0x3c, 0x38, 0x2e, 0x8c, 0x3c, 0x38, 0x2e, 0x8c, 0x3c, 0x38, 0x2e, 0x8c,
    0x3c, 0x38, 0x2e, 0x8c, 0x3c, 0x38, 0x2e, 0x8c, 0x3c, 0x38, 0x2e, 0x8c, 0x3c, 0x38, 0x2e, 0x8c,
    0x3c, 0x38, 0x2e, 0x8c, 0x3c, 0x38, 0x2e, 0x8c, 0x3c, 0x38, 0x2e, 0x8c, 0x3c, 0x38, 0x2e, 0x8c,
    0x3c, 0x38, 0x2e, 0x8c, 0x3c, 0x38, 0x2e, 0x8c, 0x3c, 0x38, 0x2e, 0x8c, 0x3c, 0x38, 0x2e, 0x8c,
    0x3c, 0x38, 0x2e, 0x8c, 0x3c, 0x38, 0x2e, 0x8c, 0x3c, 0x38, 0x2e, 0x8c, 0x3c, 0x38, 0x2e, 0x8c,
    0x3c, 0x38, 0x2e, 0x8c, 0x3c, 0x38, 0x2e, 0x8c, 0x3c, 0x38, 0x2e, 0x8c, 0x3c, 0x38, 0x2e, 0x8c,
    0x3c, 0x38, 0x2e, 0x8c, 0x3c, 0x38, 0x2e, 0x8c, 0x3c, 0x38, 0x2e, 0x8c, 0x3c, 0x38, 0x2e, 0x8c,
    0x3c, 0x38, 0x2e, 0x8c, 0x3c, 0x38, 0x2e, 0x8c, 0x3c, 0x38, 0x2e, 0x8c, 0x3c, 0x38, 0x2e, 0x8c,
    0x3c, 0x38, 0x2e, 0x8c, 0x3c, 0x38, 0x2e, 0x8c, 0x3c, 0x38, 0x2e, 0x8c, 0x3c, 0x38, 0x2e, 0x8c,
    0x3c, 0x38, 0x2e, 0x8c, 0x3c, 0x38, 0x2e, 0x8c, 0x3c, 0x38, 0x2e, 0x8c, 0x3c, 0x38, 0x2e, 0x8c,
    0x3c, 0x38, 0x2e, 0x8c, 0x3c, 0x38, 0x2e, 0x8c, 0x3c, 0x38, 0x2e, 0x8c, 0x3c, 0x38, 0x2e, 0x8c,
    0x3c, 0x38, 0x2e, 0x8c, 0x3c, 0x38, 0x2e, 0x8c, 0x3c, 0x38, 0x2e, 0x8c, 0x3c, 0x38, 0x2e, 0x8c,
    0x3c, 0x38, 0x2e, 0x8c, 0x3c, 0x38, 0x2e, 0x8c, 0x3c, 0x38, 0x2e, 0x8c, 0x3c, 0x38, 0x2e, 0x8c,
    0x3c, 0x38, 0x2e, 0x8c, 0x3c, 0x38, 0x2e, 0x8c, 0x3c, 0x38, 0x2e, 0x8c, 0x3c, 0x38, 0x2e, 0x8c,
    0x3c, 0x38, 0x2e, 0x8c, 0x3c, 0x38, 0x2e, 0x8c, 0x3c, 0x38, 0x2e, 0x8c, 0x3c, 0x38, 0x2e, 0x8c,
    0xaa, 0xc6, 0xd3, 0x14, 0xaa, 0xc6, 0xd3, 0x0a, 0xaa, 0xc6, 0xd3, 0x0f, 0x3c, 0x38, 0x2e, 0x8c,
    0x3c, 0x38, 0x2e, 0x8c, 0x3c, 0x38, 0x2e, 0x8c, 0x3c, 0x38, 0x2e, 0x8c, 0x3c, 0x38, 0x2e, 0x8c,
    0x3c, 0x38, 0x2e, 0x8c, 0x3c, 0x38, 0x2e, 0x8c, 0x3c, 0x38, 0x2e, 0x8c, 0x3c, 0x38, 0x2e, 0x8c,
    0x3c, 0x38, 0x2e, 0x8c, 0x3c, 0x38, 0x2e, 0x8c, 0x3c, 0x38, 0x2e, 0x8c, 0x3c, 0x38, 0x2e, 0x8c,
    0x3c, 0x38, 0x2e, 0x8c, 0x3c, 0x38, 0x2e, 0x8c, 0x3c, 0x38, 0x2e, 0x8c, 0x3c, 0x38, 0x2e, 0x8c,
    0x3c, 0x38, 0x2e, 0x8c, 0x3c, 0x38, 0x2e, 0x8c, 0x3c, 0x38, 0x2e, 0x8c, 0x3c, 0x38, 0x2e, 0x8c,
    0x3c, 0x38, 0x2e, 0x8c, 0x3c, 0x38, 0x2e, 0x8c, 0x3c, 0x38, 0x2e, 0x8c, 0x3c, 0x38, 0x2e, 0x8c,
    0x3c, 0x38, 0x2e, 0x8c, 0x3c, 0x38, 0x2e, 0x8c, 0x3c, 0x38, 0x2e, 0x8c, 0x3c, 0x38, 0x2e, 0x8c,
    0x3c, 0x38, 0x2e, 0x8c, 0x3c, 0x38, 0x2e, 0x8c, 0x3c, 0x38, 0x2e, 0x8c, 0x3c, 0x38, 0x2e, 0x8c,
    0x3c, 0x38, 0x2e, 0x8c, 0x3c, 0x38, 0x2e, 0x8c, 0x3c, 0x38, 0x2e, 0x8c, 0x3c, 0x38, 0x2e, 0x8c,
    0x3c, 0x38, 0x2e, 0x8c, 0x3c, 0x38, 0x2e, 0x8c, 0x3c, 0x38, 0x2e, 0x8c, 0x3c, 0x38, 0x2e, 0x8c,
    0x3c, 0x38, 0x2e, 0x8c, 0x3c, 0x38, 0x2e, 0x8c, 0x3c, 0x38, 0x2e, 0x8c, 0x3c, 0x38, 0x2e, 0x8c,
    0x3c, 0x38, 0x2e, 0x8c, 0x3c, 0x38, 0x2e, 0x8c, 0x3c, 0x38, 0x2e, 0x8c, 0x3c, 0x38, 0x2e, 0x8c,
    0x3c, 0x38, 0x2e, 0x8c, 0x3c, 0x38, 0x2e, 0x8c, 0x3c, 0x38, 0x2e, 0x8c, 0x3c, 0x38, 0x2e, 0x8c,
    0x3c, 0x38, 0x2e, 0x8c, 0x3c, 0x38, 0x2e, 0x8c, 0x3c, 0x38, 0x2e, 0x8c, 0x3c, 0x38, 0x2e, 0x8c,
    0x3c, 0x38, 0x2e, 0x8c, 0x3c, 0x38, 0x2e, 0x8c, 0x3c, 0x38, 0x2e, 0x8c, 0x3c, 0x38, 0x2e, 0x8c,
    0x3c, 0x38, 0x2e, 0x8c, 0x3c, 0x38, 0x2e, 0x8c, 0x3c, 0x38, 0x2e, 0x8c, 0x3c, 0x38, 0x2e, 0x8c,
    0x3c, 0x38, 0x2e, 0x8c, 0x3c, 0x38, 0x2e, 0x8c, 0x3c, 0x38, 0x2e, 0x8c, 0x3c, 0x38, 0x2e, 0x8c,
    0x3c, 0x38, 0x2e, 0x8c, 0x3c, 0x38, 0x2e, 0x8c, 0x3c, 0x38, 0x2e, 0x8c, 0x3c, 0x38, 0x2e, 0x8c,
    0xaa, 0xc6, 0xd3, 0x0f, 0xaa, 0xc6, 0xd3, 0x12, 0x3c, 0x38, 0x2e, 0x8c, 0x3c, 0x38, 0x2e, 0x8c,
    0x3c, 0x38, 0x2e, 0x8c, 0x3c, 0x38, 0x2e, 0x8c, 0x3c, 0x38, 0x2e, 0x8c, 0x3c, 0x38, 0x2e, 0x8c,
    0x3c, 0x38, 0x2e, 0x8c, 0x3c, 0x38, 0x2e, 0x8c, 0x3c, 0x38, 0x2e, 0x8c, 0x3c, 0x38, 0x2e, 0x8c,
    0x3c, 0x38, 0x2e, 0x8c, 0x3c, 0x38, 0x2e, 0x8c, 0x3c, 0x38, 0x2e, 0x8c, 0x3c, 0x38, 0x2e, 0x8c,
    0x3c, 0x38, 0x2e, 0x8c, 0x3c, 0x38, 0x2e, 0x8c, 0x3c, 0x38, 0x2e, 0x8c, 0x3c, 0x38, 0x2e, 0x8c,
    0x3c, 0x38, 0x2e, 0x8c, 0x3c, 0x38, 0x2e, 0x8c, 0x3c, 0x38, 0x2e, 0x8c, 0x3c, 0x38, 0x2e, 0x8c,
    0x3c, 0x38, 0x2e, 0x8c, 0x3c, 0x38, 0x2e, 0x8c, 0x3c, 0x38, 0x2e, 0x8c, 0x3c, 0x38, 0x2e, 0x8c,
    0x3c, 0x38, 0x2e, 0x8c, 0x3c, 0x38, 0x2e, 0x8c, 0x3c, 0x38, 0x2e, 0x8c, 0x3c, 0x38, 0x2e, 0x8c,
    0x3c, 0x38, 0x2e, 0x8c, 0x3c, 0x38, 0x2e, 0x8c, 0x3c, 0x38, 0x2e, 0x8c, 0x3c, 0x38, 0x2e, 0x8c,
    0x3c, 0x38, 0x2e, 0x8c, 0x3c, 0x38, 0x2e, 0x8c, 0x3c, 0x38, 0x2e, 0x8c, 0x3c, 0x38, 0x2e, 0x8c,
    0x3c, 0x38, 0x2e, 0x8c, 0x3c, 0x38, 0x2e, 0x8c, 0x3c, 0x38, 0x2e, 0x8c, 0x3c, 0x38, 0x2e, 0x8c,
    0x3c, 0x38, 0x2e, 0x8c, 0x3c, 0x38, 0x2e, 0x8c, 0x3c, 0x38, 0x2e, 0x8c, 0x3c, 0x38, 0x2e, 0x8c,
    0x3c, 0x38, 0x2e, 0x8c, 0x3c, 0x38, 0x2e, 0x8c, 0x3c, 0x38, 0x2e, 0x8c, 0x3c, 0x38, 0x2e, 0x8c,
    0x3c, 0x38, 0x2e, 0x8c, 0x3c, 0x38, 0x2e, 0x8c, 0x3c, 0x38, 0x2e, 0x8c, 0x3c, 0x38, 0x2e, 0x8c,
    0x3c, 0x38, 0x2e, 0x8c, 0x3c, 0x38, 0x2e, 0x8c, 0x3c, 0x38, 0x2e, 0x8c, 0x3c, 0x38, 0x2e, 0x8c,
    0x3c, 0x38, 0x2e, 0x8c, 0x3c, 0x38, 0x2e, 0x8c, 0x3c, 0x38, 0x2e, 0x8c, 0x3c, 0x38, 0x2e, 0x8c,
    0x3c, 0x38, 0x2e, 0x8c, 0x3c, 0x38, 0x2e, 0x8c, 0x3c, 0x38, 0x2e, 0x8c, 0x3c, 0x38, 0x2e, 0x8c,
    0x3c, 0x38, 0x2e, 0x8c, 0x3c, 0x38, 0x2e, 0x8c, 0x3c, 0x38, 0x2e, 0x8c, 0x3c, 0x38, 0x2e, 0x8c,
    0x3c, 0x38, 0x2e, 0x8c, 0x3c, 0x38, 0x2e, 0x8c, 0x3c, 0x38, 0x2e, 0x8c, 0xaa, 0xc6, 0xd3, 0x12,
    0xaa, 0xc6, 0xd3, 0x13, 0x3c, 0x38, 0x2e, 0x8c, 0x3c, 0x38, 0x2e, 0x8c, 0x3c, 0x38, 0x2e, 0x8c,
    0x3c, 0x38, 0x2e, 0x8c, 0x3c, 0x38, 0x2e, 0x8c, 0x3c, 0x38, 0x2e, 0x8c, 0x3c, 0x38, 0x2e, 0x8c,
    0x3c, 0x38, 0x2e, 0x8c, 0x3c, 0x38, 0x2e, 0x8c, 0x3c, 0x38, 0x2e, 0x8c, 0x3c, 0x38, 0x2e, 0x8c,
    0x3c, 0x38, 0x2e, 0x8c, 0x3c, 0x38, 0x2e, 0x8c, 0x3c, 0x38, 0x2e, 0x8c, 0x3c, 0x38, 0x2e, 0x8c,
    0x3c, 0x38, 0x2e, 0x8c, 0x3c, 0x38, 0x2e, 0x8c, 0x3c, 0x38, 0x2e, 0x8c, 0x3c, 0x38, 0x2e, 0x8c,
    0x3c, 0x38, 0x2e, 0x8c, 0x3c, 0x38, 0x2e, 0x8c, 0x3c, 0x38, 0x2e, 0x8c, 0x3c, 0x38, 0x2e, 0x8c,
    0x3c, 0x38, 0x2e, 0x8c, 0x3c, 0x38, 0x2e, 0x8c, 0x3c, 0x38, 0x2e, 0x8c, 0x3c, 0x38, 0x2e, 0x8c,
    0x3c, 0x38, 0x2e, 0x8c, 0x3c, 0x38, 0x2e, 0x8c, 0x3c, 0x38, 0x2e, 0x8c, 0x3c, 0x38, 0x2e, 0x8c,
    0x3c, 0x38, 0x2e, 0x8c, 0x3c, 0x38, 0x2e, 0x8c, 0x3c, 0x38, 0x2e, 0x8c, 0x3c, 0x38, 0x2e, 0x8c,
    0x3c, 0x38, 0x2e, 0x8c, 0x3c, 0x38, 0x2e, 0x8c, 0x3c, 0x38, 0x2e, 0x8c, 0x3c, 0x38, 0x2e, 0x8c,
    0x3c, 0x38, 0x2e, 0x8c, 0x3c, 0x38, 0x2e, 0x8c, 0x3c, 0x38, 0x2e, 0x8c, 0x3c, 0x38, 0x2e, 0x8c,
    0x3c, 0x38, 0x2e, 0x8c, 0x3c, 0x38, 0x2e, 0x8c, 0x3c, 0x38, 0x2e, 0x8c, 0x3c, 0x38, 0x2e, 0x8c,
    0x3c, 0x38, 0x2e, 0x8c, 0x3c, 0x38, 0x2e, 0x8c, 0x3c, 0x38, 0x2e, 0x8c, 0x3c, 0x38, 0x2e, 0x8c,
    0x3c, 0x38, 0x2e, 0x8c, 0x3c, 0x38, 0x2e, 0x8c, 0x3c, 0x38, 0x2e, 0x8c, 0x3c, 0x38, 0x2e, 0x8c,
    0x3c, 0x38, 0x2e, 0x8c, 0x3c, 0x38, 0x2e, 0x8c, 0x3c, 0x38, 0x2e, 0x8c, 0x3c, 0x38, 0x2e, 0x8c,
    0x3c, 0x38, 0x2e, 0x8c, 0x3c, 0x38, 0x2e, 0x8c, 0x3c, 0x38, 0x2e, 0x8c, 0x3c, 0x38, 0x2e, 0x8c,
    0x3c, 0x38, 0x2e, 0x8c, 0x3c, 0x38, 0x2e, 0x8c, 0x3c, 0x38, 0x2e, 0x8c, 0x3c, 0x38, 0x2e, 0x8c,
    0x3c, 0x38, 0x2e, 0x8c, 0x3c, 0x38, 0x2e, 0x8c, 0x3c, 0x38, 0x2e, 0x8c, 0x3c, 0x38, 0x2e, 0x8c,
    0x3c, 0x38, 0x2e, 0x8c, 0x3c, 0x38, 0x2e, 0x8c, 0xaa, 0xc6, 0xd3, 0x13, 0xaa, 0xc6, 0xd3, 0x14,
    0x3c, 0x38, 0x2e, 0x8c, 0x3c, 0x38, 0x2e, 0x8c, 0x3c, 0x38, 0x2e, 0x8c, 0x3c, 0x38, 0x2e, 0x8c,
    0x3c, 0x38, 0x2e, 0x8c, 0x3c, 0x38, 0x2e, 0x8c, 0x3c, 0x38, 0x2e, 0x8c, 0x3c, 0x38, 0x2e, 0x8c,
    0x3c, 0x38, 0x2e, 0x8c, 0x3c, 0x38, 0x2e, 0x8c, 0x3c, 0x38, 0x2e, 0x8c, 0x3c, 0x38, 0x2e, 0x8c,
    0x3c, 0x38, 0x2e, 0x8c, 0x3c, 0x38, 0x2e, 0x8c, 0x3c, 0x38, 0x2e, 0x8c, 0x3c, 0x38, 0x2e, 0x8c,
    0x3c, 0x38, 0x2e, 0x8c, 0x3c, 0x38, 0x2e, 0x8c, 0x3c, 0x38, 0x2e, 0x8c, 0x3c, 0x38, 0x2e, 0x8c,
    0x3c, 0x38, 0x2e, 0x8c, 0x3c, 0x38, 0x2e, 0x8c, 0x3c, 0x38, 0x2e, 0x8c, 0x3c, 0x38, 0x2e, 0x8c,
    0x3c, 0x38, 0x2e, 0x8c, 0x3c, 0x38, 0x2e, 0x8c, 0x3c, 0x38, 0x2e, 0x8c, 0x3c, 0x38, 0x2e, 0x8c,
    0x3c, 0x38, 0x2e, 0x8c, 0x3c, 0x38, 0x2e, 0x8c, 0x3c, 0x38, 0x2e, 0x8c, 0x3c, 0x38, 0x2e, 0x8c,
    0x3c, 0x38, 0x2e, 0x8c, 0x3c, 0x38, 0x2e, 0x8c, 0x3c, 0x38, 0x2e, 0x8c, 0x3c, 0x38, 0x2e, 0x8c,
    0x3c, 0x38, 0x2e, 0x8c, 0x3c, 0x38, 0x2e, 0x8c, 0x3c, 0x38, 0x2e, 0x8c, 0x3c, 0x38, 0x2e, 0x8c,
    0x3c, 0x38, 0x2e, 0x8c, 0x3c, 0x38, 0x2e, 0x8c, 0x3c, 0x38, 0x2e, 0x8c, 0x3c, 0x38, 0x2e, 0x8c,
    0x3c, 0x38, 0x2e, 0x8c, 0x3c, 0x38, 0x2e, 0x8c, 0x3c, 0x38, 0x2e, 0x8c, 0x3c, 0x38, 0x2e, 0x8c,
    0x3c, 0x38, 0x2e, 0x8c, 0x3c, 0x38, 0x2e, 0x8c, 0x3c, 0x38, 0x2e, 0x8c, 0x3c, 0x38, 0x2e, 0x8c,
    0x3c, 0x38, 0x2e, 0x8c, 0x3c, 0x38, 0x2e, 0x8c, 0x3c, 0x38, 0x2e, 0x8c, 0x3c, 0x38, 0x2e, 0x8c,
    0x3c, 0x38, 0x2e, 0x8c, 0x3c, 0x38, 0x2e, 0x8c, 0x3c, 0x38, 0x2e, 0x8c, 0x3c, 0x38, 0x2e, 0x8c,
    0x3c, 0x38, 0x2e, 0x8c, 0x3c, 0x38, 0x2e, 0x8c, 0x3c, 0x38, 0x2e, 0x8c, 0x3c, 0x38, 0x2e, 0x8c,
    0x3c, 0x38, 0x2e, 0x8c, 0x3c, 0x38, 0x2e, 0x8c, 0x3c, 0x38, 0x2e, 0x8c, 0x3c, 0x38, 0x2e, 0x8c,
    0x3c, 0x38, 0x2e, 0x8c, 0x3c, 0x38, 0x2e, 0x8c, 0x3c, 0x38, 0x2e, 0x8c, 0x3c, 0x38, 0x2e, 0x8c,
    0x3c, 0x38, 0x2e, 0x8c, 0xaa, 0xc6, 0xd3, 0x14, 0xaa, 0xc6, 0xd3, 0x13, 0x3c, 0x38, 0x2e, 0x8c,
    0x3c, 0x38, 0x2e, 0x8c, 0x3c, 0x38, 0x2e, 0x8c, 0x3c, 0x38, 0x2e, 0x8c, 0x3c, 0x38, 0x2e, 0x8c,
    0x3c, 0x38, 0x2e, 0x8c, 0x3c, 0x38, 0x2e, 0x8c, 0x3c, 0x38, 0x2e, 0x8c, 0x3c, 0x38, 0x2e, 0x8c,
    0x3c, 0x38, 0x2e, 0x8c, 0x3c, 0x38, 0x2e, 0x8c, 0x3c, 0x38, 0x2e, 0x8c, 0x3c, 0x38, 0x2e, 0x8c,
    0x3c, 0x38, 0x2e, 0x8c, 0x3c, 0x38, 0x2e, 0x8c, 0x3c, 0x38, 0x2e, 0x8c, 0x3c, 0x38, 0x2e, 0x8c,
    0x3c, 0x38, 0x2e, 0x8c, 0x3c, 0x38, 0x2e, 0x8c, 0x3c, 0x38, 0x2e, 0x8c, 0x3c, 0x38, 0x2e, 0x8c,
    0x3c, 0x38, 0x2e, 0x8c, 0x3c, 0x38, 0x2e, 0x8c, 0x3c, 0x38, 0x2e, 0x8c, 0x3c, 0x38, 0x2e, 0x8c,
    0x3c, 0x38, 0x2e, 0x8c, 0x3c, 0x38, 0x2e, 0x8c, 0x3c, 0x38, 0x2e, 0x8c, 0x3c, 0x38, 0x2e, 0x8c,
    0x3c, 0x38, 0x2e, 0x8c, 0x3c, 0x38, 0x2e, 0x8c, 0x3c, 0x38, 0x2e, 0x8c, 0x3c, 0x38, 0x2e, 0x8c,
    0x3c, 0x38, 0x2e, 0x8c, 0x3c, 0x38, 0x2e, 0x8c, 0x3c, 0x38, 0x2e, 0x8c, 0x3c, 0x38, 0x2e, 0x8c,
    0x3c, 0x38, 0x2e, 0x8c, 0x3c, 0x38, 0x2e, 0x8c, 0x3c, 0x38, 0x2e, 0x8c, 0x3c, 0x38, 0x2e, 0x8c,
    0x3c, 0x38, 0x2e, 0x8c, 0x3c, 0x38, 0x2e, 0x8c, 0x3c, 0x38, 0x2e, 0x8c, 0x3c, 0x38, 0x2e, 0x8c,
    0x3c, 0x38, 0x2e, 0x8c, 0x3c, 0x38, 0x2e, 0x8c, 0x3c, 0x38, 0x2e, 0x8c, 0x3c, 0x38, 0x2e, 0x8c,
    0x3c, 0x38, 0x2e, 0x8c, 0x3c, 0x38, 0x2e, 0x8c, 0x3c, 0x38, 0x2e, 0x8c, 0x3c, 0x38, 0x2e, 0x8c,
    0x3c, 0x38, 0x2e, 0x8c, 0x3c, 0x38, 0x2e, 0x8c, 0x3c, 0x38, 0x2e, 0x8c, 0x3c, 0x38, 0x2e, 0x8c,
    0x3c, 0x38, 0x2e, 0x8c, 0x3c, 0x38, 0x2e, 0x8c, 0x3c, 0x38, 0x2e, 0x8c, 0x3c, 0x38, 0x2e, 0x8c,
    0x3c, 0x38, 0x2e, 0x8c, 0x3c, 0x38, 0x2e, 0x8c, 0x3c, 0x38, 0x2e, 0x8c, 0x3c, 0x38, 0x2e, 0x8c,
    0x3c, 0x38, 0x2e, 0x8c, 0x3c, 0x38, 0x2e, 0x8c, 0x3c, 0x38, 0x2e, 0x8c, 0x3c, 0x38, 0x2e, 0x8c,
    0x3c, 0x38, 0x2e, 0x8c, 0x3c, 0x38, 0x2e, 0x8c, 0x3c, 0x38, 0x2e, 0x8c, 0x3c, 0x38, 0x2e, 0x8c,
    0xaa, 0xc6, 0xd3, 0x13, 0xaa, 0xc6, 0xd3, 0x12, 0x3c, 0x38, 0x2e, 0x8c, 0x3c, 0x38, 0x2e, 0x8c,
    0x3c, 0x38, 0x2e, 0x8c, 0x3c, 0x38, 0x2e, 0x8c, 0x3c, 0x38, 0x2e, 0x8c, 0x3c, 0x38, 0x2e, 0x8c,
    0x3c, 0x38, 0x2e, 0x8c, 0x3c, 0x38, 0x2e, 0x8c, 0x3c, 0x38, 0x2e, 0x8c, 0x3c, 0x38, 0x2e, 0x8c,
    0x3c, 0x38, 0x2e, 0x8c, 0x3c, 0x38, 0x2e, 0x8c, 0x3c, 0x38, 0x2e, 0x8c, 0x3c, 0x38, 0x2e, 0x8c,
    0x3c, 0x38, 0x2e, 0x8c, 0x3c, 0x38, 0x2e, 0x8c, 0x3c, 0x38, 0x2e, 0x8c, 0x3c, 0x38, 0x2e, 0x8c,
    0x3c, 0x38, 0x2e, 0x8c, 0x3c, 0x38, 0x2e, 0x8c, 0x3c, 0x38, 0x2e, 0x8c, 0x3c, 0x38, 0x2e, 0x8c,
    0x3c, 0x38, 0x2e, 0x8c, 0x3c, 0x38, 0x2e, 0x8c, 0x3c, 0x38, 0x2e, 0x8c, 0x3c, 0x38, 0x2e, 0x8c,
    0x3c, 0x38, 0x2e, 0x8c, 0x3c, 0x38, 0x2e, 0x8c, 0x3c, 0x38, 0x2e, 0x8c, 0x3c, 0x38, 0x2e, 0x8c,
    0x3c, 0x38, 0x2e, 0x8c, 0x3c, 0x38, 0x2e, 0x8c, 0x3c, 0x38, 0x2e, 0x8c, 0x3c, 0x38, 0x2e, 0x8c,
    0x3c, 0x38, 0x2e, 0x8c, 0x3c, 0x38, 0x2e, 0x8c, 0x3c, 0x38, 0x2e, 0x8c, 0x3c, 0x38, 0x2e, 0x8c,
    0x3c, 0x38, 0x2e, 0x8c, 0x3c, 0x38, 0x2e, 0x8c, 0x3c, 0x38, 0x2e, 0x8c, 0x3c, 0x38, 0x2e, 0x8c,
    0x3c, 0x38, 0x2e, 0x8c, 0x3c, 0x38, 0x2e, 0x8c, 0x3c, 0x38, 0x2e, 0x8c, 0x3c, 0x38, 0x2e, 0x8c,
    0x3c, 0x38, 0x2e, 0x8c, 0x3c, 0x38, 0x2e, 0x8c, 0x3c, 0x38, 0x2e, 0x8c, 0x3c, 0x38, 0x2e, 0x8c,
    0x3c, 0x38, 0x2e, 0x8c, 0x3c, 0x38, 0x2e, 0x8c, 0x3c, 0x38, 0x2e, 0x8c, 0x3c, 0x38, 0x2e, 0x8c,
    0x3c, 0x38, 0x2e, 0x8c, 0x3c, 0x38, 0x2e, 0x8c, 0x3c, 0x38, 0x2e, 0x8c, 0x3c, 0x38, 0x2e, 0x8c,
    0x3c, 0x38, 0x2e, 0x8c, 0x3c, 0x38, 0x2e, 0x8c, 0x3c, 0x38, 0x2e, 0x8c, 0x3c, 0x38, 0x2e, 0x8c,
    0x3c, 0x38, 0x2e, 0x8c, 0x3c, 0x38, 0x2e, 0x8c, 0x3c, 0x38, 0x2e, 0x8c, 0x3c, 0x38, 0x2e, 0x8c,
    0x3c, 0x38, 0x2e, 0x8c, 0x3c, 0x38, 0x2e, 0x8c, 0x3c, 0x38, 0x2e, 0x8c, 0x3c, 0x38, 0x2e, 0x8c,
    0x3c, 0x38, 0x2e, 0x8c, 0x3c, 0x38, 0x2e, 0x8c, 0x3c, 0x38, 0x2e, 0x8c, 0xaa, 0xc6, 0xd3, 0x12,
    0xaa, 0xc6, 0xd3, 0x0f, 0x3c, 0x38, 0x2e, 0x8c, 0x3c, 0x38, 0x2e, 0x8c, 0x3c, 0x38, 0x2e, 0x8c,
    0x3c, 0x38, 0x2e, 0x8c, 0x3c, 0x38, 0x2e, 0x8c, 0x3c, 0x38, 0x2e, 0x8c, 0x3c, 0x38, 0x2e, 0x8c,
    0x3c, 0x38, 0x2e, 0x8c, 0x3c, 0x38, 0x2e, 0x8c, 0x3c, 0x38, 0x2e, 0x8c, 0x3c, 0x38, 0x2e, 0x8c,
    0x3c, 0x38, 0x2e, 0x8c, 0x3c, 0x38, 0x2e, 0x8c, 0x3c, 0x38, 0x2e, 0x8c, 0x3c, 0x38, 0x2e, 0x8c,
    0x3c, 0x38, 0x2e, 0x8c, 0x3c, 0x38, 0x2e, 0x8c, 0x3c, 0x38, 0x2e, 0x8c, 0x3c, 0x38, 0x2e, 0x8c,
    0x3c, 0x38, 0x2e, 0x8c, 0x3c, 0x38, 0x2e, 0x8c, 0x3c, 0x38, 0x2e, 0x8c, 0x3c, 0x38, 0x2e, 0x8c,
    0x3c, 0x38, 0x2e, 0x8c, 0x3c, 0x38, 0x2e, 0x8c, 0x3c, 0x38, 0x2e, 0x8c, 0x3c, 0x38, 0x2e, 0x8c,
    0x3c, 0x38, 0x2e, 0x8c, 0x3c, 0x38, 0x2e, 0x8c, 0x3c, 0x38, 0x2e, 0x8c, 0x3c, 0x38, 0x2e, 0x8c,
    0x3c, 0x38, 0x2e, 0x8c, 0x3c, 0x38, 0x2e, 0x8c, 0x3c, 0x38, 0x2e, 0x8c, 0x3c, 0x38, 0x2e, 0x8c,
    0x3c, 0x38, 0x2e, 0x8c, 0x3c, 0x38, 0x2e, 0x8c, 0x3c, 0x38, 0x2e, 0x8c, 0x3c, 0x38, 0x2e, 0x8c,
    0x3c, 0x38, 0x2e, 0x8c, 0x3c, 0x38, 0x2e, 0x8c, 0x3c, 0x38, 0x2e, 0x8c, 0x3c, 0x38, 0x2e, 0x8c,
    0x3c, 0x38, 0x2e, 0x8c, 0x3c, 0x38, 0x2e, 0x8c, 0x3c, 0x38, 0x2e, 0x8c, 0x3c, 0x38, 0x2e, 0x8c,
    0x3c, 0x38, 0x2e, 0x8c, 0x3c, 0x38, 0x2e, 0x8c, 0x3c, 0x38, 0x2e, 0x8c, 0x3c, 0x38, 0x2e, 0x8c,
    0x3c, 0x38, 0x2e, 0x8c, 0x3c, 0x38, 0x2e, 0x8c, 0x3c, 0x38, 0x2e, 0x8c, 0x3c, 0x38, 0x2e, 0x8c,
    0x3c, 0x38, 0x2e, 0x8c, 0x3c, 0x38, 0x2e, 0x8c, 0x3c, 0x38, 0x2e, 0x8c, 0x3c, 0x38, 0x2e, 0x8c,
    0x3c, 0x38, 0x2e, 0x8c, 0x3c, 0x38, 0x2e, 0x8c, 0x3c, 0x38, 0x2e, 0x8c, 0x3c, 0x38, 0x2e, 0x8c,
    0x3c, 0x38, 0x2e, 0x8c, 0x3c, 0x38, 0x2e, 0x8c, 0x3c, 0x38, 0x2e, 0x8c, 0x3c, 0x38, 0x2e, 0x8c,
    0x3c, 0x38, 0x2e, 0x8c, 0x3c, 0x38, 0x2e, 0x8c, 0x3c, 0x38, 0x2e, 0x8c, 0x3c, 0x38, 0x2e, 0x8c,
    0x3c, 0x38, 0x2e, 0x8c, 0x3c, 0x38, 0x2e, 0x8c, 0xaa, 0xc6, 0xd3, 0x0f, 0xaa, 0xc6, 0xd3, 0x0a,
    0xaa, 0xc6, 0xd3, 0x14, 0x3c, 0x38, 0x2e, 0x8c, 0x3c, 0x38, 0x2e, 0x8c, 0x3c, 0x38, 0x2e, 0x8c,
    0x3c, 0x38, 0x2e, 0x8c, 0x3c, 0x38, 0x2e, 0x8c, 0x3c, 0x38, 0x2e, 0x8c, 0x3c, 0x38, 0x2e, 0x8c,
    0x3c, 0x38, 0x2e, 0x8c, 0x3c, 0x38, 0x2e, 0x8c, 0x3c, 0x38, 0x2e, 0x8c, 0x3c, 0x38, 0x2e, 0x8c,
    0x3c, 0x38, 0x2e, 0x8c, 0x3c, 0x38, 0x2e, 0x8c, 0x3c, 0x38, 0x2e, 0x8c, 0x3c, 0x38, 0x2e, 0x8c,
    0x3c, 0x38, 0x2e, 0x8c, 0x3c, 0x38, 0x2e, 0x8c, 0x3c, 0x38, 0x2e, 0x8c, 0x3c, 0x38, 0x2e, 0x8c,
    0x3c, 0x38, 0x2e, 0x8c, 0x3c, 0x38, 0x2e, 0x8c, 0x3c, 0x38, 0x2e, 0x8c, 0x3c, 0x38, 0x2e, 0x8c,
    0x3c, 0x38, 0x2e, 0x8c, 0x3c, 0x38, 0x2e, 0x8c, 0x3c, 0x38, 0x2e, 0x8c, 0x3c, 0x38, 0x2e, 0x8c,
    0x3c, 0x38, 0x2e, 0x8c, 0x3c, 0x38, 0x2e, 0x8c, 0x3c, 0x38, 0x2e, 0x8c, 0x3c, 0x38, 0x2e, 0x8c,
    0x3c, 0x38, 0x2e, 0x8c, 0x3c, 0x38, 0x2e, 0x8c, 0x3c, 0x38, 0x2e, 0x8c, 0x3c, 0x38, 0x2e, 0x8c,
    0x3c, 0x38, 0x2e, 0x8c, 0x3c, 0x38, 0x2e, 0x8c, 0x3c, 0x38, 0x2e, 0x8c, 0x3c, 0x38, 0x2e, 0x8c,
    0x3c, 0x38, 0x2e, 0x8c, 0x3c, 0x38, 0x2e, 0x8c, 0x3c, 0x38, 0x2e, 0x8c, 0x3c, 0x38, 0x2e, 0x8c,
    0x3c, 0x38, 0x2e, 0x8c, 0x3c, 0x38, 0x2e, 0x8c, 0x3c, 0x38, 0x2e, 0x8c, 0x3c, 0x38, 0x2e, 0x8c,
    0x3c, 0x38, 0x2e, 0x8c, 0x3c, 0x38, 0x2e, 0x8c, 0x3c, 0x38, 0x2e, 0x8c, 0x3c, 0x38, 0x2e, 0x8c,
    0x3c, 0x38, 0x2e, 0x8c, 0x3c, 0x38, 0x2e, 0x8c, 0x3c, 0x38, 0x2e, 0x8c, 0x3c, 0x38, 0x2e, 0x8c,
    0x3c, 0x38, 0x2e, 0x8c, 0x3c, 0x38, 0x2e, 0x8c, 0x3c, 0x38, 0x2e, 0x8c, 0x3c, 0x38, 0x2e, 0x8c,
    0x3c, 0x38, 0x2e, 0x8c, 0x3c, 0x38, 0x2e, 0x8c, 0x3c, 0x38, 0x2e, 0x8c, 0x3c, 0x38, 0x2e, 0x8c,
    0x3c, 0x38, 0x2e, 0x8c, 0x3c, 0x38, 0x2e, 0x8c, 0x3c, 0x38, 0x2e, 0x8c, 0x3c, 0x38, 0x2e, 0x8c,
    0x3c, 0x38, 0x2e, 0x8c, 0x3c, 0x38, 0x2e, 0x8c, 0x3c, 0x38, 0x2e, 0x8c, 0x3c, 0x38, 0x2e, 0x8c,
    0xaa, 0xc6, 0xd3, 0x14, 0xaa, 0xc6, 0xd3, 0x0a, 0xaa, 0xc6, 0xd3, 0x04, 0xaa, 0xc6, 0xd3, 0x14,
    0x3c, 0x38, 0x2e, 0x8c, 0x3c, 0x38, 0x2e, 0x8c, 0x3c, 0x38, 0x2e, 0x8c, 0x3c, 0x38, 0x2e, 0x8c,
    0x3c, 0x38, 0x2e, 0x8c, 0x3c, 0x38, 0x2e, 0x8c, 0x3c, 0x38, 0x2e, 0x8c, 0x3c, 0x38, 0x2e, 0x8c,
    0x3c, 0x38, 0x2e, 0x8c, 0x3c, 0x38, 0x2e, 0x8c, 0x3c, 0x38, 0x2e, 0x8c, 0x3c, 0x38, 0x2e, 0x8c,
    0x3c, 0x38, 0x2e, 0x8c, 0x3c, 0x38, 0x2e, 0x8c, 0x3c, 0x38, 0x2e, 0x8c, 0x3c, 0x38, 0x2e, 0x8c,
    0x3c, 0x38, 0x2e, 0x8c, 0x3c, 0x38, 0x2e, 0x8c, 0x3c, 0x38, 0x2e, 0x8c, 0x3c, 0x38, 0x2e, 0x8c,
    0x3c, 0x38, 0x2e, 0x8c, 0x3c, 0x38, 0x2e, 0x8c, 0x3c, 0x38, 0x2e, 0x8c, 0x3c, 0x38, 0x2e, 0x8c,
    0x3c, 0x38, 0x2e, 0x8c, 0x3c, 0x38, 0x2e, 0x8c, 0x3c, 0x38, 0x2e, 0x8c, 0x3c, 0x38, 0x2e, 0x8c,
    0x3c, 0x38, 0x2e, 0x8c, 0x3c, 0x38, 0x2e, 0x8c, 0x3c, 0x38, 0x2e, 0x8c, 0x3c, 0x38, 0x2e, 0x8c,
    0x3c, 0x38, 0x2e, 0x8c, 0x3c, 0x38, 0x2e, 0x8c, 0x3c, 0x38, 0x2e, 0x8c, 0x3c, 0x38, 0x2e, 0x8c,
    0x3c, 0x38, 0x2e, 0x8c, 0x3c, 0x38, 0x2e, 0x8c, 0x3c, 0x38, 0x2e, 0x8c, 0x3c, 0x38, 0x2e, 0x8c,
    0x3c, 0x38, 0x2e, 0x8c, 0x3c, 0x38, 0x2e, 0x8c, 0x3c, 0x38, 0x2e, 0x8c, 0x3c, 0x38, 0x2e, 0x8c,
    0x3c, 0x38, 0x2e, 0x8c, 0x3c, 0x38, 0x2e, 0x8c, 0x3c, 0x38, 0x2e, 0x8c, 0x3c, 0x38, 0x2e, 0x8c,
    0x3c, 0x38, 0x2e, 0x8c, 0x3c, 0x38, 0x2e, 0x8c, 0x3c, 0x38, 0x2e, 0x8c, 0x3c, 0x38, 0x2e, 0x8c,
    0x3c, 0x38, 0x2e, 0x8c, 0x3c, 0x38, 0x2e, 0x8c, 0x3c, 0x38, 0x2e, 0x8c, 0x3c, 0x38, 0x2e, 0x8c,
    0x3c, 0x38, 0x2e, 0x8c, 0x3c, 0x38, 0x2e, 0x8c, 0x3c, 0x38, 0x2e, 0x8c, 0x3c, 0x38, 0x2e, 0x8c,
    0x3c, 0x38, 0x2e, 0x8c, 0x3c, 0x38, 0x2e, 0x8c, 0x3c, 0x38, 0x2e, 0x8c, 0x3c, 0x38, 0x2e, 0x8c,
    0x3c, 0x38, 0x2e, 0x8c, 0x3c, 0x38, 0x2e, 0x8c, 0x3c, 0x38, 0x2e, 0x8c, 0x3c, 0x38, 0x2e, 0x8c,
    0x3c, 0x38, 0x2e, 0x8c, 0x3c, 0x38, 0x2e, 0x8c, 0x3c, 0x38, 0x2e, 0x8c, 0xaa, 0xc6, 0xd3, 0x14,
    0xaa, 0xc6, 0xd3, 0x04, 0x00, 0x00, 0x00, 0x00, 0xaa, 0xc6, 0xd3, 0x0f, 0x3c, 0x38, 0x2e, 0x8c,
    0x3c, 0x38, 0x2e, 0x8c, 0x3c, 0x38, 0x2e, 0x8c, 0x3c, 0x38, 0x2e, 0x8c, 0x3c, 0x38, 0x2e, 0x8c,
    0x3c, 0x38, 0x2e, 0x8c, 0x3c, 0x38, 0x2e, 0x8c, 0x3c, 0x38, 0x2e, 0x8c, 0x3c, 0x38, 0x2e, 0x8c,
    0x3c, 0x38, 0x2e, 0x8c, 0x3c, 0x38, 0x2e, 0x8c, 0x3c, 0x38, 0x2e, 0x8c, 0x3c, 0x38, 0x2e, 0x8c,
    0x3c, 0x38, 0x2e, 0x8c, 0x3c, 0x38, 0x2e, 0x8c, 0x3c, 0x38, 0x2e, 0x8c, 0x3c, 0x38, 0x2e, 0x8c,
    0x3c, 0x38, 0x2e, 0x8c, 0x3c, 0x38, 0x2e, 0x8c, 0x3c, 0x38, 0x2e, 0x8c, 0x3c, 0x38, 0x2e, 0x8c,
    0x3c, 0x38, 0x2e, 0x8c, 0x3c, 0x38, 0x2e, 0x8c, 0x3c, 0x38, 0x2e, 0x8c, 0x3c, 0x38, 0x2e, 0x8c,
    0x3c, 0x38, 0x2e, 0x8c, 0x3c, 0x38, 0x2e, 0x8c, 0x3c, 0x38, 0x2e, 0x8c, 0x3c, 0x38, 0x2e, 0x8c,
    0x3c, 0x38, 0x2e, 0x8c, 0x3c, 0x38, 0x2e, 0x8c, 0x3c, 0x38, 0x2e, 0x8c, 0x3c, 0x38, 0x2e, 0x8c,
    0x3c, 0x38, 0x2e, 0x8c, 0x3c, 0x38, 0x2e, 0x8c, 0x3c, 0x38, 0x2e, 0x8c, 0x3c, 0x38, 0x2e, 0x8c,
    0x3c, 0x38, 0x2e, 0x8c, 0x3c, 0x38, 0x2e, 0x8c, 0x3c, 0x38, 0x2e, 0x8c, 0x3c, 0x38, 0x2e, 0x8c,
    0x3c, 0x38, 0x2e, 0x8c, 0x3c, 0x38, 0x2e, 0x8c, 0x3c, 0x38, 0x2e, 0x8c, 0x3c, 0x38, 0x2e, 0x8c,
    0x3c, 0x38, 0x2e, 0x8c, 0x3c, 0x38, 0x2e, 0x8c, 0x3c, 0x38, 0x2e, 0x8c, 0x3c, 0x38, 0x2e, 0x8c,
    0x3c, 0x38, 0x2e, 0x8c, 0x3c, 0x38, 0x2e, 0x8c, 0x3c, 0x38, 0x2e, 0x8c, 0x3c, 0x38, 0x2e, 0x8c,
    0x3c, 0x38, 0x2e, 0x8c, 0x3c, 0x38, 0x2e, 0x8c, 0x3c, 0x38, 0x2e, 0x8c, 0x3c, 0x38, 0x2e, 0x8c,
    0x3c, 0x38, 0x2e, 0x8c, 0x3c, 0x38, 0x2e, 0x8c, 0x3c, 0x38, 0x2e, 0x8c, 0x3c, 0x38, 0x2e, 0x8c,
    0x3c, 0x38, 0x2e, 0x8c, 0x3c, 0x38, 0x2e, 0x8c, 0x3c, 0x38, 0x2e, 0x8c, 0x3c, 0x38, 0x2e, 0x8c,
    0x3c, 0x38, 0x2e, 0x8c, 0x3c, 0x38, 0x2e, 0x8c, 0x3c, 0x38, 0x2e, 0x8c, 0x3c, 0x38, 0x2e, 0x8c,
    0x3c, 0x38, 0x2e, 0x8c, 0x3c, 0x38, 0x2e, 0x8c, 0xaa, 0xc6, 0xd3, 0x0f, 0x00, 0x00, 0x00, 0x00,
    0x00, 0x00, 0x00, 0x00, 0xaa, 0xc6, 0xd3, 0x05, 0xaa, 0xc6, 0xd3, 0x14, 0x3c, 0x38, 0x2e, 0x8c,
    0x3c, 0x38, 0x2e, 0x8c, 0x3c, 0x38, 0x2e, 0x8c, 0x3c, 0x38, 0x2e, 0x8c, 0x3c, 0x38, 0x2e, 0x8c,
    0x3c, 0x38, 0x2e, 0x8c, 0x3c, 0x38, 0x2e, 0x8c, 0x3c, 0x38, 0x2e, 0x8c, 0x3c, 0x38, 0x2e, 0x8c,
    0x3c, 0x38, 0x2e, 0x8c, 0x3c, 0x38, 0x2e, 0x8c, 0x3c, 0x38, 0x2e, 0x8c, 0x3c, 0x38, 0x2e, 0x8c,
    0x3c, 0x38, 0x2e, 0x8c, 0x3c, 0x38, 0x2e, 0x8c, 0x3c, 0x38, 0x2e, 0x8c, 0x3c, 0x38, 0x2e, 0x8c,
    0x3c, 0x38, 0x2e, 0x8c, 0x3c, 0x38, 0x2e, 0x8c, 0x3c, 0x38, 0x2e, 0x8c, 0x3c, 0x38, 0x2e, 0x8c,
    0x3c, 0x38, 0x2e, 0x8c, 0x3c, 0x38, 0x2e, 0x8c, 0x3c, 0x38, 0x2e, 0x8c, 0x3c, 0x38, 0x2e, 0x8c,
    0x3c, 0x38, 0x2e, 0x8c, 0x3c, 0x38, 0x2e, 0x8c, 0x3c, 0x38, 0x2e, 0x8c, 0x3c, 0x38, 0x2e, 0x8c,
    0x3c, 0x38, 0x2e, 0x8c, 0x3c, 0x38, 0x2e, 0x8c, 0x3c, 0x38, 0x2e, 0x8c, 0x3c, 0x38, 0x2e, 0x8c,
    0x3c, 0x38, 0x2e, 0x8c, 0x3c, 0x38, 0x2e, 0x8c, 0x3c, 0x38, 0x2e, 0x8c, 0x3c, 0x38, 0x2e, 0x8c,
    0x3c, 0x38, 0x2e, 0x8c, 0x3c, 0x38, 0x2e, 0x8c, 0x3c, 0x38, 0x2e, 0x8c, 0x3c, 0x38, 0x2e, 0x8c,
    0x3c, 0x38, 0x2e, 0x8c, 0x3c, 0x38, 0x2e, 0x8c, 0x3c, 0x38, 0x2e, 0x8c, 0x3c, 0x38, 0x2e, 0x8c,
    0x3c, 0x38, 0x2e, 0x8c, 0x3c, 0x38, 0x2e, 0x8c, 0x3c, 0x38, 0x2e, 0x8c, 0x3c, 0x38, 0x2e, 0x8c,
    0x3c, 0x38, 0x2e, 0x8c, 0x3c, 0x38, 0x2e, 0x8c, 0x3c, 0x38, 0x2e, 0x8c, 0x3c, 0x38, 0x2e, 0x8c,
    0x3c, 0x38, 0x2e, 0x8c, 0x3c, 0x38, 0x2e, 0x8c, 0x3c, 0x38, 0x2e, 0x8c, 0x3c, 0x38, 0x2e, 0x8c,
    0x3c, 0x38, 0x2e, 0x8c, 0x3c, 0x38, 0x2e, 0x8c, 0x3c, 0x38, 0x2e, 0x8c, 0x3c, 0x38, 0x2e, 0x8c,
    0x3c, 0x38, 0x2e, 0x8c, 0x3c, 0x38, 0x2e, 0x8c, 0x3c, 0x38, 0x2e, 0x8c, 0x3c, 0x38, 0x2e, 0x8c,
    0x3c, 0x38, 0x2e, 0x8c, 0x3c, 0x38, 0x2e, 0x8c, 0x3c, 0x38, 0x2e, 0x8c, 0x3c, 0x38, 0x2e, 0x8c,
    0xaa, 0xc6, 0xd3, 0x14, 0xaa, 0xc6, 0xd3, 0x05, 0x00, 0x00, 0x00, 0x00, 0x00, 0x00, 0x00, 0x00,
    0x00, 0x00, 0x00, 0x00, 0xaa, 0xc6, 0xd3, 0x0b, 0xaa, 0xc6, 0xd3, 0x14, 0x3c, 0x38, 0x2e, 0x8c,
    0x3c, 0x38, 0x2e, 0x8c, 0x3c, 0x38, 0x2e, 0x8c, 0x3c, 0x38, 0x2e, 0x8c, 0x3c, 0x38, 0x2e, 0x8c,
    0x3c, 0x38, 0x2e, 0x8c, 0x3c, 0x38, 0x2e, 0x8c, 0x3c, 0x38, 0x2e, 0x8c, 0x3c, 0x38, 0x2e, 0x8c,
    0x3c, 0x38, 0x2e, 0x8c, 0x3c, 0x38, 0x2e, 0x8c, 0x3c, 0x38, 0x2e, 0x8c, 0x3c, 0x38, 0x2e, 0x8c,
    0x3c, 0x38, 0x2e, 0x8c, 0x3c, 0x38, 0x2e, 0x8c, 0x3c, 0x38, 0x2e, 0x8c, 0x3c, 0x38, 0x2e, 0x8c,
    0x3c, 0x38, 0x2e, 0x8c, 0x3c, 0x38, 0x2e, 0x8c, 0x3c, 0x38, 0x2e, 0x8c, 0x3c, 0x38, 0x2e, 0x8c,
    0x3c, 0x38, 0x2e, 0x8c, 0x3c, 0x38, 0x2e, 0x8c, 0x3c, 0x38, 0x2e, 0x8c, 0x3c, 0x38, 0x2e, 0x8c,
    0x3c, 0x38, 0x2e, 0x8c, 0x3c, 0x38, 0x2e, 0x8c, 0x3c, 0x38, 0x2e, 0x8c, 0x3c, 0x38, 0x2e, 0x8c,
    0x3c, 0x38, 0x2e, 0x8c, 0x3c, 0x38, 0x2e, 0x8c, 0x3c, 0x38, 0x2e, 0x8c, 0x3c, 0x38, 0x2e, 0x8c,
    0x3c, 0x38, 0x2e, 0x8c, 0x3c, 0x38, 0x2e, 0x8c, 0x3c, 0x38, 0x2e, 0x8c, 0x3c, 0x38, 0x2e, 0x8c,
    0x3c, 0x38, 0x2e, 0x8c, 0x3c, 0x38, 0x2e, 0x8c, 0x3c, 0x38, 0x2e, 0x8c, 0x3c, 0x38, 0x2e, 0x8c,
    0x3c, 0x38, 0x2e, 0x8c, 0x3c, 0x38, 0x2e, 0x8c, 0x3c, 0x38, 0x2e, 0x8c, 0x3c, 0x38, 0x2e, 0x8c,
    0x3c, 0x38, 0x2e, 0x8c, 0x3c, 0x38, 0x2e, 0x8c, 0x3c, 0x38, 0x2e, 0x8c, 0x3c, 0x38, 0x2e, 0x8c,
    0x3c, 0x38, 0x2e, 0x8c, 0x3c, 0x38, 0x2e, 0x8c, 0x3c, 0x38, 0x2e, 0x8c, 0x3c, 0x38, 0x2e, 0x8c,
    0x3c, 0x38, 0x2e, 0x8c, 0x3c, 0x38, 0x2e, 0x8c, 0x3c, 0x38, 0x2e, 0x8c, 0x3c, 0x38, 0x2e, 0x8c,
    0x3c, 0x38, 0x2e, 0x8c, 0x3c, 0x38, 0x2e, 0x8c, 0x3c, 0x38, 0x2e, 0x8c, 0x3c, 0x38, 0x2e, 0x8c,
    0x3c, 0x38, 0x2e, 0x8c, 0x3c, 0x38, 0x2e, 0x8c, 0x3c, 0x38, 0x2e, 0x8c, 0x3c, 0x38, 0x2e, 0x8c,
    0x3c, 0x38, 0x2e, 0x8c, 0x3c, 0x38, 0x2e, 0x8c, 0xaa, 0xc6, 0xd3, 0x14, 0xaa, 0xc6, 0xd3, 0x0b,
    0x00, 0x00, 0x00, 0x00, 0x00, 0x00, 0x00, 0x00, 0x00, 0x00, 0x00, 0x00, 0x00, 0x00, 0x00, 0x00,
    0x00, 0x00, 0x00, 0x00, 0xaa, 0xc6, 0xd3, 0x0f, 0xaa, 0xc6, 0xd3, 0x14, 0x3c, 0x38, 0x2e, 0x8c,
    0x3c, 0x38, 0x2e, 0x8c, 0x3c, 0x38, 0x2e, 0x8c, 0x3c, 0x38, 0x2e, 0x8c, 0x3c, 0x38, 0x2e, 0x8c,
    0x3c, 0x38, 0x2e, 0x8c, 0x3c, 0x38, 0x2e, 0x8c, 0x3c, 0x38, 0x2e, 0x8c, 0x3c, 0x38, 0x2e, 0x8c,
    0x3c, 0x38, 0x2e, 0x8c, 0x3c, 0x38, 0x2e, 0x8c, 0x3c, 0x38, 0x2e, 0x8c, 0x3c, 0x38, 0x2e, 0x8c,
    0x3c, 0x38, 0x2e, 0x8c, 0x3c, 0x38, 0x2e, 0x8c, 0x3c, 0x38, 0x2e, 0x8c, 0x3c, 0x38, 0x2e, 0x8c,
    0x3c, 0x38, 0x2e, 0x8c, 0x3c, 0x38, 0x2e, 0x8c, 0x3c, 0x38, 0x2e, 0x8c, 0x3c, 0x38, 0x2e, 0x8c,
    0x3c, 0x38, 0x2e, 0x8c, 0x3c, 0x38, 0x2e, 0x8c, 0x3c, 0x38, 0x2e, 0x8c, 0x3c, 0x38, 0x2e, 0x8c,
    0x3c, 0x38, 0x2e, 0x8c, 0x3c, 0x38, 0x2e, 0x8c, 0x3c, 0x38, 0x2e, 0x8c, 0x3c, 0x38, 0x2e, 0x8c,
    0x3c, 0x38, 0x2e, 0x8c, 0x3c, 0x38, 0x2e, 0x8c, 0x3c, 0x38, 0x2e, 0x8c, 0x3c, 0x38, 0x2e, 0x8c,
    0x3c, 0x38, 0x2e, 0x8c, 0x3c, 0x38, 0x2e, 0x8c, 0x3c, 0x38, 0x2e, 0x8c, 0x3c, 0x38, 0x2e, 0x8c,
    0x3c, 0x38, 0x2e, 0x8c, 0x3c, 0x38, 0x2e, 0x8c, 0x3c, 0x38, 0x2e, 0x8c, 0x3c, 0x38, 0x2e, 0x8c,
    0x3c, 0x38, 0x2e, 0x8c, 0x3c, 0x38, 0x2e, 0x8c, 0x3c, 0x38, 0x2e, 0x8c, 0x3c, 0x38, 0x2e, 0x8c,
    0x3c, 0x38, 0x2e, 0x8c, 0x3c, 0x38, 0x2e, 0x8c, 0x3c, 0x38, 0x2e, 0x8c, 0x3c, 0x38, 0x2e, 0x8c,
    0x3c, 0x38, 0x2e, 0x8c, 0x3c, 0x38, 0x2e, 0x8c, 0x3c, 0x38, 0x2e, 0x8c, 0x3c, 0x38, 0x2e, 0x8c,
    0x3c, 0x38, 0x2e, 0x8c, 0x3c, 0x38, 0x2e, 0x8c, 0x3c, 0x38, 0x2e, 0x8c, 0x3c, 0x38, 0x2e, 0x8c,
    0x3c, 0x38, 0x2e, 0x8c, 0x3c, 0x38, 0x2e, 0x8c, 0x3c, 0x38, 0x2e, 0x8c, 0x3c, 0x38, 0x2e, 0x8c,
    0x3c, 0x38, 0x2e, 0x8c, 0x3c, 0x38, 0x2e, 0x8c, 0x3c, 0x38, 0x2e, 0x8c, 0x3c, 0x38, 0x2e, 0x8c,
    0xaa, 0xc6, 0xd3, 0x14, 0xaa, 0xc6, 0xd3, 0x0f, 0x00, 0x00, 0x00, 0x00, 0x00, 0x00, 0x00, 0x00,
    0x00, 0x00, 0x00, 0x00, 0x00, 0x00, 0x00, 0x00, 0x00, 0x00, 0x00, 0x00, 0x00, 0x00, 0x00, 0x00,
    0xaa, 0xc6, 0xd3, 0x01, 0xaa, 0xc6, 0xd3, 0x0f, 0xaa, 0xc6, 0xd3, 0x14, 0x3c, 0x38, 0x2e, 0x8c,
    0x3c, 0x38, 0x2e, 0x8c, 0x3c, 0x38, 0x2e, 0x8c, 0x3c, 0x38, 0x2e, 0x8c, 0x3c, 0x38, 0x2e, 0x8c,
    0x3c, 0x38, 0x2e, 0x8c, 0x3c, 0x38, 0x2e, 0x8c, 0x3c, 0x38, 0x2e, 0x8c, 0x3c, 0x38, 0x2e, 0x8c,
    0x3c, 0x38, 0x2e, 0x8c, 0x3c, 0x38, 0x2e, 0x8c, 0x3c, 0x38, 0x2e, 0x8c, 0x3c, 0x38, 0x2e, 0x8c,
    0x3c, 0x38, 0x2e, 0x8c, 0x3c, 0x38, 0x2e, 0x8c, 0x3c, 0x38, 0x2e, 0x8c, 0x3c, 0x38, 0x2e, 0x8c,
    0x3c, 0x38, 0x2e, 0x8c, 0x3c, 0x38, 0x2e, 0x8c, 0x3c, 0x38, 0x2e, 0x8c, 0x3c, 0x38, 0x2e, 0x8c,
    0x3c, 0x38, 0x2e, 0x8c, 0x3c, 0x38, 0x2e, 0x8c, 0x3c, 0x38, 0x2e, 0x8c, 0x3c, 0x38, 0x2e, 0x8c,
    0x3c, 0x38, 0x2e, 0x8c, 0x3c, 0x38, 0x2e, 0x8c, 0x3c, 0x38, 0x2e, 0x8c, 0x3c, 0x38, 0x2e, 0x8c,
    0x3c, 0x38, 0x2e, 0x8c, 0x3c, 0x38, 0x2e, 0x8c, 0x3c, 0x38, 0x2e, 0x8c, 0x3c, 0x38, 0x2e, 0x8c,
    0x3c, 0x38, 0x2e, 0x8c, 0x3c, 0x38, 0x2e, 0x8c, 0x3c, 0x38, 0x2e, 0x8c, 0x3c, 0x38, 0x2e, 0x8c,
    0x3c, 0x38, 0x2e, 0x8c, 0x3c, 0x38, 0x2e, 0x8c, 0x3c, 0x38, 0x2e, 0x8c, 0x3c, 0x38, 0x2e, 0x8c,
    0x3c, 0x38, 0x2e, 0x8c, 0x3c, 0x38, 0x2e, 0x8c, 0x3c, 0x38, 0x2e, 0x8c, 0x3c, 0x38, 0x2e, 0x8c,
    0x3c, 0x38, 0x2e, 0x8c, 0x3c, 0x38, 0x2e, 0x8c, 0x3c, 0x38, 0x2e, 0x8c, 0x3c, 0x38, 0x2e, 0x8c,
    0x3c, 0x38, 0x2e, 0x8c, 0x3c, 0x38, 0x2e, 0x8c, 0x3c, 0x38, 0x2e, 0x8c, 0x3c, 0x38, 0x2e, 0x8c,
    0x3c, 0x38, 0x2e, 0x8c, 0x3c, 0x38, 0x2e, 0x8c, 0x3c, 0x38, 0x2e, 0x8c, 0x3c, 0x38, 0x2e, 0x8c,
    0x3c, 0x38, 0x2e, 0x8c, 0x3c, 0x38, 0x2e, 0x8c, 0x3c, 0x38, 0x2e, 0x8c, 0x3c, 0x38, 0x2e, 0x8c,
    0x3c, 0x38, 0x2e, 0x8c, 0x3c, 0x38, 0x2e, 0x8c, 0xaa, 0xc6, 0xd3, 0x14, 0xaa, 0xc6, 0xd3, 0x0f,
    0xaa, 0xc6, 0xd3, 0x01, 0x00, 0x00, 0x00, 0x00, 0x00, 0x00, 0x00, 0x00, 0x00, 0x00, 0x00, 0x00,
    0x00, 0x00, 0x00, 0x00, 0x00, 0x00, 0x00, 0x00, 0x00, 0x00, 0x00, 0x00, 0x00, 0x00, 0x00, 0x00,
    0x00, 0x00, 0x00, 0x00, 0xaa, 0xc6, 0xd3, 0x0b, 0xaa, 0xc6, 0xd3, 0x14, 0x3c, 0x38, 0x2e, 0x8c,
    0x3c, 0x38, 0x2e, 0x8c, 0x3c, 0x38, 0x2e, 0x8c, 0x3c, 0x38, 0x2e, 0x8c, 0x3c, 0x38, 0x2e, 0x8c,
    0x3c, 0x38, 0x2e, 0x8c, 0x3c, 0x38, 0x2e, 0x8c, 0x3c, 0x38, 0x2e, 0x8c, 0x3c, 0x38, 0x2e, 0x8c,
    0x3c, 0x38, 0x2e, 0x8c, 0x3c, 0x38, 0x2e, 0x8c, 0x3c, 0x38, 0x2e, 0x8c, 0x3c, 0x38, 0x2e, 0x8c,
    0x3c, 0x38, 0x2e, 0x8c, 0x3c, 0x38, 0x2e, 0x8c, 0x3c, 0x38, 0x2e, 0x8c, 0x3c, 0x38, 0x2e, 0x8c,
    0x3c, 0x38, 0x2e, 0x8c, 0x3c, 0x38, 0x2e, 0x8c, 0x3c, 0x38, 0x2e, 0x8c, 0x3c, 0x38, 0x2e, 0x8c,
    0x3c, 0x38, 0x2e, 0x8c, 0x3c, 0x38, 0x2e, 0x8c, 0x3c, 0x38, 0x2e, 0x8c, 0x3c, 0x38, 0x2e, 0x8c,
    0x3c, 0x38, 0x2e, 0x8c, 0x3c, 0x38, 0x2e, 0x8c, 0x3c, 0x38, 0x2e, 0x8c, 0x3c, 0x38, 0x2e, 0x8c,
    0x3c, 0x38, 0x2e, 0x8c, 0x3c, 0x38, 0x2e, 0x8c, 0x3c, 0x38, 0x2e, 0x8c, 0x3c, 0x38, 0x2e, 0x8c,
    0x3c, 0x38, 0x2e, 0x8c, 0x3c, 0x38, 0x2e, 0x8c, 0x3c, 0x38, 0x2e, 0x8c, 0x3c, 0x38, 0x2e, 0x8c,
    0x3c, 0x38, 0x2e, 0x8c, 0x3c, 0x38, 0x2e, 0x8c, 0x3c, 0x38, 0x2e, 0x8c, 0x3c, 0x38, 0x2e, 0x8c,
    0x3c, 0x38, 0x2e, 0x8c, 0x3c, 0x38, 0x2e, 0x8c, 0x3c, 0x38, 0x2e, 0x8c, 0x3c, 0x38, 0x2e, 0x8c,
    0x3c, 0x38, 0x2e, 0x8c, 0x3c, 0x38, 0x2e, 0x8c, 0x3c, 0x38, 0x2e, 0x8c, 0x3c, 0x38, 0x2e, 0x8c,
    0x3c, 0x38, 0x2e, 0x8c, 0x3c, 0x38, 0x2e, 0x8c, 0x3c, 0x38, 0x2e, 0x8c, 0x3c, 0x38, 0x2e, 0x8c,
    0x3c, 0x38, 0x2e, 0x8c, 0x3c, 0x38, 0x2e, 0x8c, 0x3c, 0x38, 0x2e, 0x8c, 0x3c, 0x38, 0x2e, 0x8c,
    0x3c, 0x38, 0x2e, 0x8c, 0x3c, 0x38, 0x2e, 0x8c, 0x3c, 0x38, 0x2e, 0x8c, 0x3c, 0x38, 0x2e, 0x8c,
    0xaa, 0xc6, 0xd3, 0x14, 0xaa, 0xc6, 0xd3, 0x0b, 0x00, 0x00, 0x00, 0x00, 0x00, 0x00, 0x00, 0x00,
    0x00, 0x00, 0x00, 0x00, 0x00, 0x00, 0x00, 0x00, 0x00, 0x00, 0x00, 0x00, 0x00, 0x00, 0x00, 0x00,
    0x00, 0x00, 0x00, 0x00, 0x00, 0x00, 0x00, 0x00, 0x00, 0x00, 0x00, 0x00, 0x00, 0x00, 0x00, 0x00,
    0x00, 0x00, 0x00, 0x00, 0xaa, 0xc6, 0xd3, 0x05, 0xaa, 0xc6, 0xd3, 0x0f, 0xaa, 0xc6, 0xd3, 0x14,
    0xaa, 0xc6, 0xd3, 0x14, 0x3c, 0x38, 0x2e, 0x8c, 0x3c, 0x38, 0x2e, 0x8c, 0x3c, 0x38, 0x2e, 0x8c,
    0x3c, 0x38, 0x2e, 0x8c, 0x3c, 0x38, 0x2e, 0x8c, 0x3c, 0x38, 0x2e, 0x8c, 0x3c, 0x38, 0x2e, 0x8c,
    0x3c, 0x38, 0x2e, 0x8c, 0x3c, 0x38, 0x2e, 0x8c, 0x3c, 0x38, 0x2e, 0x8c, 0x3c, 0x38, 0x2e, 0x8c,
    0x3c, 0x38, 0x2e, 0x8c, 0x3c, 0x38, 0x2e, 0x8c, 0x3c, 0x38, 0x2e, 0x8c, 0x3c, 0x38, 0x2e, 0x8c,
    0x3c, 0x38, 0x2e, 0x8c, 0x3c, 0x38, 0x2e, 0x8c, 0x3c, 0x38, 0x2e, 0x8c, 0x3c, 0x38, 0x2e, 0x8c,
    0x3c, 0x38, 0x2e, 0x8c, 0x3c, 0x38, 0x2e, 0x8c, 0x3c, 0x38, 0x2e, 0x8c, 0x3c, 0x38, 0x2e, 0x8c,
    0x3c, 0x38, 0x2e, 0x8c, 0x3c, 0x38, 0x2e, 0x8c, 0x3c, 0x38, 0x2e, 0x8c, 0x3c, 0x38, 0x2e, 0x8c,
    0x3c, 0x38, 0x2e, 0x8c, 0x3c, 0x38, 0x2e, 0x8c, 0x3c, 0x38, 0x2e, 0x8c, 0x3c, 0x38, 0x2e, 0x8c,
    0x3c, 0x38, 0x2e, 0x8c, 0x3c, 0x38, 0x2e, 0x8c, 0x3c, 0x38, 0x2e, 0x8c, 0x3c, 0x38, 0x2e, 0x8c,
    0x3c, 0x38, 0x2e, 0x8c, 0x3c, 0x38, 0x2e, 0x8c, 0x3c, 0x38, 0x2e, 0x8c, 0x3c, 0x38, 0x2e, 0x8c,
    0x3c, 0x38, 0x2e, 0x8c, 0x3c, 0x38, 0x2e, 0x8c, 0x3c, 0x38, 0x2e, 0x8c, 0x3c, 0x38, 0x2e, 0x8c,
    0x3c, 0x38, 0x2e, 0x8c, 0x3c, 0x38, 0x2e, 0x8c, 0x3c, 0x38, 0x2e, 0x8c, 0x3c, 0x38, 0x2e, 0x8c,
    0x3c, 0x38, 0x2e, 0x8c, 0x3c, 0x38, 0x2e, 0x8c, 0x3c, 0x38, 0x2e, 0x8c, 0x3c, 0x38, 0x2e, 0x8c,
    0x3c, 0x38, 0x2e, 0x8c, 0x3c, 0x38, 0x2e, 0x8c, 0x3c, 0x38, 0x2e, 0x8c, 0x3c, 0x38, 0x2e, 0x8c,
    0xaa, 0xc6, 0xd3, 0x14, 0xaa, 0xc6, 0xd3, 0x14, 0xaa, 0xc6, 0xd3, 0x0f, 0xaa, 0xc6, 0xd3, 0x05,
    0x00, 0x00, 0x00, 0x00, 0x00, 0x00, 0x00, 0x00, 0x00, 0x00, 0x00, 0x00, 0x00, 0x00, 0x00, 0x00,
    0x00, 0x00, 0x00, 0x00, 0x00, 0x00, 0x00, 0x00, 0x00, 0x00, 0x00, 0x00, 0x00, 0x00, 0x00, 0x00,
    0x00, 0x00, 0x00, 0x00, 0x00, 0x00, 0x00, 0x00, 0x00, 0x00, 0x00, 0x00, 0x00, 0x00, 0x00, 0x00,
    0x00, 0x00, 0x00, 0x00, 0x00, 0x00, 0x00, 0x00, 0xaa, 0xc6, 0xd3, 0x04, 0xaa, 0xc6, 0xd3, 0x0a,
    0xaa, 0xc6, 0xd3, 0x0f, 0xaa, 0xc6, 0xd3, 0x12, 0xaa, 0xc6, 0xd3, 0x13, 0xaa, 0xc6, 0xd3, 0x14,
    0xaa, 0xc6, 0xd3, 0x14, 0xaa, 0xc6, 0xd3, 0x14, 0xaa, 0xc6, 0xd3, 0x14, 0xaa, 0xc6, 0xd3, 0x14,
    0xaa, 0xc6, 0xd3, 0x14, 0xaa, 0xc6, 0xd3, 0x14, 0xaa, 0xc6, 0xd3, 0x14, 0xaa, 0xc6, 0xd3, 0x14,
    0xaa, 0xc6, 0xd3, 0x14, 0xaa, 0xc6, 0xd3, 0x14, 0xaa, 0xc6, 0xd3, 0x14, 0xaa, 0xc6, 0xd3, 0x14,
    0xaa, 0xc6, 0xd3, 0x14, 0xaa, 0xc6, 0xd3, 0x14, 0xaa, 0xc6, 0xd3, 0x14, 0xaa, 0xc6, 0xd3, 0x14,
    0xaa, 0xc6, 0xd3, 0x14, 0xaa, 0xc6, 0xd3, 0x14, 0xaa, 0xc6, 0xd3, 0x14, 0xaa, 0xc6, 0xd3, 0x14,
    0xaa, 0xc6, 0xd3, 0x14, 0xaa, 0xc6, 0xd3, 0x14, 0xaa, 0xc6, 0xd3, 0x14, 0xaa, 0xc6, 0xd3, 0x14,
    0xaa, 0xc6, 0xd3, 0x14, 0xaa, 0xc6, 0xd3, 0x14, 0xaa, 0xc6, 0xd3, 0x14, 0xaa, 0xc6, 0xd3, 0x14,
    0xaa, 0xc6, 0xd3, 0x14, 0xaa, 0xc6, 0xd3, 0x14, 0xaa, 0xc6, 0xd3, 0x14, 0xaa, 0xc6, 0xd3, 0x14,
    0xaa, 0xc6, 0xd3, 0x14, 0xaa, 0xc6, 0xd3, 0x14, 0xaa, 0xc6, 0xd3, 0x14, 0xaa, 0xc6, 0xd3, 0x14,
    0xaa, 0xc6, 0xd3, 0x14, 0xaa, 0xc6, 0xd3, 0x14, 0xaa, 0xc6, 0xd3, 0x14, 0xaa, 0xc6, 0xd3, 0x14,
    0xaa, 0xc6, 0xd3, 0x14, 0xaa, 0xc6, 0xd3, 0x14, 0xaa, 0xc6, 0xd3, 0x14, 0xaa, 0xc6, 0xd3, 0x14,
    0xaa, 0xc6, 0xd3, 0x14, 0xaa, 0xc6, 0xd3, 0x14, 0xaa, 0xc6, 0xd3, 0x14, 0xaa, 0xc6, 0xd3, 0x14,
    0xaa, 0xc6, 0xd3, 0x13, 0xaa, 0xc6, 0xd3, 0x12, 0xaa, 0xc6, 0xd3, 0x0f, 0xaa, 0xc6, 0xd3, 0x0a,
    0xaa, 0xc6, 0xd3, 0x04, 0x00, 0x00, 0x00, 0x00, 0x00, 0x00, 0x00, 0x00, 0x00, 0x00, 0x00, 0x00,
    0x00, 0x00, 0x00, 0x00, 0x00, 0x00, 0x00, 0x00, 0x00, 0x00, 0x00, 0x00, 0x00, 0x00, 0x00, 0x00,
    0x00, 0x00, 0x00, 0x00,
};
static const lv_img_dsc_t pill_chip_fps = {
    .header.always_zero = 0,
    .header.w = 75,
    .header.h = 27,
    .header.cf = LV_IMG_CF_TRUE_COLOR_ALPHA,
    .data_size = sizeof(pill_chip_fps_data),
    .data = pill_chip_fps_data,
};

static const uint8_t pill_chip_cpu_data[] = {
    0x00, 0x00, 0x00, 0x00, 0x00, 0x00, 0x00, 0x00, 0x00, 0x00, 0x00, 0x00, 0x00, 0x00, 0x00, 0x00,
    0x00, 0x00, 0x00, 0x00, 0x00, 0x00, 0x00, 0x00, 0x00, 0x00, 0x00, 0x00, 0x00, 0x00, 0x00, 0x00,
    0xaa, 0xc6, 0xd3, 0x04, 0xaa, 0xc6, 0xd3, 0x0a, 0xaa, 0xc6, 0xd3, 0x0f, 0xaa, 0xc6, 0xd3, 0x12,
    0xaa, 0xc6, 0xd3, 0x13, 0xaa, 0xc6, 0xd3, 0x14, 0xaa, 0xc6, 0xd3, 0x14, 0xaa, 0xc6, 0xd3, 0x14,
    0xaa, 0xc6, 0xd3, 0x14, 0xaa, 0xc6, 0xd3, 0x14, 0xaa, 0xc6, 0xd3, 0x14, 0xaa, 0xc6, 0xd3, 0x14,
    0xaa, 0xc6, 0xd3, 0x14, 0xaa, 0xc6, 0xd3, 0x14, 0xaa, 0xc6, 0xd3, 0x14, 0xaa, 0xc6, 0xd3, 0x14,
    0xaa, 0xc6, 0xd3, 0x14, 0xaa, 0xc6, 0xd3, 0x14, 0xaa, 0xc6, 0xd3, 0x14, 0xaa, 0xc6, 0xd3, 0x14,
    0xaa, 0xc6, 0xd3, 0x14, 0xaa, 0xc6, 0xd3, 0x14, 0xaa, 0xc6, 0xd3, 0x14, 0xaa, 0xc6, 0xd3, 0x14,
    0xaa, 0xc6, 0xd3, 0x14, 0xaa, 0xc6, 0xd3, 0x14, 0xaa, 0xc6, 0xd3, 0x14, 0xaa, 0xc6, 0xd3, 0x14,
    0xaa, 0xc6, 0xd3, 0x14, 0xaa, 0xc6, 0xd3, 0x14, 0xaa, 0xc6, 0xd3, 0x14, 0xaa, 0xc6, 0xd3, 0x14,
    0xaa, 0xc6, 0xd3, 0x14, 0xaa, 0xc6, 0xd3, 0x14, 0xaa, 0xc6, 0xd3, 0x14, 0xaa, 0xc6, 0xd3, 0x14,
    0xaa, 0xc6, 0xd3, 0x14, 0xaa, 0xc6, 0xd3, 0x14, 0xaa, 0xc6, 0xd3, 0x14, 0xaa, 0xc6, 0xd3, 0x14,
    0xaa, 0xc6, 0xd3, 0x14, 0xaa, 0xc6, 0xd3, 0x14, 0xaa, 0xc6, 0xd3, 0x14, 0xaa, 0xc6, 0xd3, 0x14,
    0xaa, 0xc6, 0xd3, 0x14, 0xaa, 0xc6, 0xd3, 0x14, 0xaa, 0xc6, 0xd3, 0x14, 0xaa, 0xc6, 0xd3, 0x14,
    0xaa, 0xc6, 0xd3, 0x14, 0xaa, 0xc6, 0xd3, 0x14, 0xaa, 0xc6, 0xd3, 0x14, 0xaa, 0xc6, 0xd3, 0x14,
    0xaa, 0xc6, 0xd3, 0x14, 0xaa, 0xc6, 0xd3, 0x14, 0xaa, 0xc6, 0xd3, 0x14, 0xaa, 0xc6, 0xd3, 0x14,
    0xaa, 0xc6, 0xd3, 0x14, 0xaa, 0xc6, 0xd3, 0x14, 0xaa, 0xc6, 0xd3, 0x14, 0xaa, 0xc6, 0xd3, 0x13,
    0xaa, 0xc6, 0xd3, 0x12, 0xaa, 0xc6, 0xd3, 0x0f, 0xaa, 0xc6, 0xd3, 0x0a, 0xaa, 0xc6, 0xd3, 0x04,
    0x00, 0x00, 0x00, 0x00, 0x00, 0x00, 0x00, 0x00, 0x00, 0x00, 0x00, 0x00, 0x00, 0x00, 0x00, 0x00,
    0x00, 0x00, 0x00, 0x00, 0x00, 0x00, 0x00, 0x00, 0x00, 0x00, 0x00, 0x00, 0x00, 0x00, 0x00, 0x00,
    0x00, 0x00, 0x00, 0x00, 0x00, 0x00, 0x00, 0x00, 0x00, 0x00, 0x00, 0x00, 0x00, 0x00, 0x00, 0x00,
    0x00, 0x00, 0x00, 0x00, 0x00, 0x00, 0x00, 0x00, 0xaa, 0xc6, 0xd3, 0x05, 0xaa, 0xc6, 0xd3, 0x0f,
    0xaa, 0xc6, 0xd3, 0x14, 0xaa, 0xc6, 0xd3, 0x14, 0x3c, 0x38, 0x2e, 0x8c, 0x3c, 0x38, 0x2e, 0x8c,
    0x3c, 0x38, 0x2e, 0x8c, 0x3c, 0x38, 0x2e, 0x8c, 0x3c, 0x38, 0x2e, 0x8c, 0x3c, 0x38, 0x2e, 0x8c,
    0x3c, 0x38, 0x2e, 0x8c, 0x3c, 0x38, 0x2e, 0x8c, 0x3c, 0x38, 0x2e, 0x8c, 0x3c, 0x38, 0x2e, 0x8c,
    0x3c, 0x38, 0x2e, 0x8c, 0x3c, 0x38, 0x2e, 0x8c, 0x3c, 0x38, 0x2e, 0x8c, 0x3c, 0x38, 0x2e, 0x8c,
    0x3c, 0x38, 0x2e, 0x8c, 0x3c, 0x38, 0x2e, 0x8c, 0x3c, 0x38, 0x2e, 0x8c, 0x3c, 0x38, 0x2e, 0x8c,
    0x3c, 0x38, 0x2e, 0x8c, 0x3c, 0x38, 0x2e, 0x8c, 0x3c, 0x38, 0x2e, 0x8c, 0x3c, 0x38, 0x2e, 0x8c,
    0x3c, 0x38, 0x2e, 0x8c, 0x3c, 0x38, 0x2e, 0x8c, 0x3c, 0x38, 0x2e, 0x8c, 0x3c, 0x38, 0x2e, 0x8c,
    0x3c, 0x38, 0x2e, 0x8c, 0x3c, 0x38, 0x2e, 0x8c, 0x3c, 0x38, 0x2e, 0x8c, 0x3c, 0x38, 0x2e, 0x8c,
    0x3c, 0x38, 0x2e, 0x8c, 0x3c, 0x38, 0x2e, 0x8c, 0x3c, 0x38, 0x2e, 0x8c, 0x3c, 0x38, 0x2e, 0x8c,
    0x3c, 0x38, 0x2e, 0x8c, 0x3c, 0x38, 0x2e, 0x8c, 0x3c, 0x38, 0x2e, 0x8c, 0x3c, 0x38, 0x2e, 0x8c,
    0x3c, 0x38, 0x2e, 0x8c, 0x3c, 0x38, 0x2e, 0x8c, 0x3c, 0x38, 0x2e, 0x8c, 0x3c, 0x38, 0x2e, 0x8c,
    0x3c, 0x38, 0x2e, 0x8c, 0x3c, 0x38, 0x2e, 0x8c, 0x3c, 0x38, 0x2e, 0x8c, 0x3c, 0x38, 0x2e, 0x8c,
    0x3c, 0x38, 0x2e, 0x8c, 0x3c, 0x38, 0x2e, 0x8c, 0x3c, 0x38, 0x2e, 0x8c, 0x3c, 0x38, 0x2e, 0x8c,
    0x3c, 0x38, 0x2e, 0x8c, 0x3c, 0x38, 0x2e, 0x8c, 0x3c, 0x38, 0x2e, 0x8c, 0x3c, 0x38, 0x2e, 0x8c,
    0x3c, 0x38, 0x2e, 0x8c, 0x3c, 0x38, 0x2e, 0x8c, 0x3c, 0x38, 0x2e, 0x8c, 0x3c, 0x38, 0x2e, 0x8c,
    0x3c, 0x38, 0x2e, 0x8c, 0x3c, 0x38, 0x2e, 0x8c, 0xaa, 0xc6, 0xd3, 0x14, 0xaa, 0xc6, 0xd3, 0x14,
    0xaa, 0xc6, 0xd3, 0x0f, 0xaa, 0xc6, 0xd3, 0x05, 0x00, 0x00, 0x00, 0x00, 0x00, 0x00, 0x00, 0x00,
    0x00, 0x00, 0x00, 0x00, 0x00, 0x00, 0x00, 0x00, 0x00, 0x00, 0x00, 0x00, 0x00, 0x00, 0x00, 0x00,
    0x00, 0x00, 0x00, 0x00, 0x00, 0x00, 0x00, 0x00, 0x00, 0x00, 0x00, 0x00, 0x00, 0x00, 0x00, 0x00,
    0x00, 0x00, 0x00, 0x00, 0xaa, 0xc6, 0xd3, 0x0b, 0xaa, 0xc6, 0xd3, 0x14, 0x3c, 0x38, 0x2e, 0x8c,
    0x3c, 0x38, 0x2e, 0x8c, 0x3c, 0x38, 0x2e, 0x8c, 0x3c, 0x38, 0x2e, 0x8c, 0x3c, 0x38, 0x2e, 0x8c,
    0x3c, 0x38, 0x2e, 0x8c, 0x3c, 0x38, 0x2e, 0x8c, 0x3c, 0x38, 0x2e, 0x8c, 0x3c, 0x38, 0x2e, 0x8c,
    0x3c, 0x38, 0x2e, 0x8c, 0x3c, 0x38, 0x2e, 0x8c, 0x3c, 0x38, 0x2e, 0x8c, 0x3c, 0x38, 0x2e, 0x8c,
    0x3c, 0x38, 0x2e, 0x8c, 0x3c, 0x38, 0x2e, 0x8c, 0x3c, 0x38, 0x2e, 0x8c, 0x3c, 0x38, 0x2e, 0x8c,
    0x3c, 0x38, 0x2e, 0x8c, 0x3c, 0x38, 0x2e, 0x8c, 0x3c, 0x38, 0x2e, 0x8c, 0x3c, 0x38, 0x2e, 0x8c,
    0x3c, 0x38, 0x2e, 0x8c, 0x3c, 0x38, 0x2e, 0x8c, 0x3c, 0x38, 0x2e, 0x8c, 0x3c, 0x38, 0x2e, 0x8c,
    0x3c, 0x38, 0x2e, 0x8c, 0x3c, 0x38, 0x2e, 0x8c, 0x3c, 0x38, 0x2e, 0x8c, 0x3c, 0x38, 0x2e, 0x8c,
    0x3c, 0x38, 0x2e, 0x8c, 0x3c, 0x38, 0x2e, 0x8c, 0x3c, 0x38, 0x2e, 0x8c, 0x3c, 0x38, 0x2e, 0x8c,
    0x3c, 0x38, 0x2e, 0x8c, 0x3c, 0x38, 0x2e, 0x8c, 0x3c, 0x38, 0x2e, 0x8c, 0x3c, 0x38, 0x2e, 0x8c,
    0x3c, 0x38, 0x2e, 0x8c, 0x3c, 0x38, 0x2e, 0x8c, 0x3c, 0x38, 0x2e, 0x8c, 0x3c, 0x38, 0x2e, 0x8c,
    0x3c, 0x38, 0x2e, 0x8c, 0x3c, 0x38, 0x2e, 0x8c, 0x3c, 0x38, 0x2e, 0x8c, 0x3c, 0x38, 0x2e, 0x8c,
    0x3c, 0x38, 0x2e, 0x8c, 0x3c, 0x38, 0x2e, 0x8c, 0x3c, 0x38, 0x2e, 0x8c, 0x3c, 0x38, 0x2e, 0x8c,
    0x3c, 0x38, 0x2e, 0x8c, 0x3c, 0x38, 0x2e, 0x8c, 0x3c, 0x38, 0x2e, 0x8c, 0x3c, 0x38, 0x2e, 0x8c,
    0x3c, 0x38, 0x2e, 0x8c, 0x3c, 0x38, 0x2e, 0x8c, 0x3c, 0x38, 0x2e, 0x8c, 0x3c, 0x38, 0x2e, 0x8c,
    0x3c, 0x38, 0x2e, 0x8c, 0x3c, 0x38, 0x2e, 0x8c, 0x3c, 0x38, 0x2e, 0x8c, 0x3c, 0x38, 0x2e, 0x8c,
    0x3c, 0x38, 0x2e, 0x8c, 0x3c, 0x38, 0x2e, 0x8c, 0x3c, 0x38, 0x2e, 0x8c, 0x3c, 0x38, 0x2e, 0x8c,
    0x3c, 0x38, 0x2e, 0x8c, 0xaa, 0xc6, 0xd3, 0x14, 0xaa, 0xc6, 0xd3, 0x0b, 0x00, 0x00, 0x00, 0x00,
    0x00, 0x00, 0x00, 0x00, 0x00, 0x00, 0x00, 0x00, 0x00, 0x00, 0x00, 0x00, 0x00, 0x00, 0x00, 0x00,
    0x00, 0x00, 0x00, 0x00, 0x00, 0x00, 0x00, 0x00, 0x00, 0x00, 0x00, 0x00, 0xaa, 0xc6, 0xd3, 0x01,
    0xaa, 0xc6, 0xd3, 0x0f, 0xaa, 0xc6, 0xd3, 0x14, 0x3c, 0x38, 0x2e, 0x8c, 0x3c, 0x38, 0x2e, 0x8c,
    0x3c, 0x38, 0x2e, 0x8c, 0x3c, 0x38, 0x2e, 0x8c, 0x3c, 0x38, 0x2e, 0x8c, 0x3c, 0x38, 0x2e, 0x8c,
    0x3c, 0x38, 0x2e, 0x8c, 0x3c, 0x38, 0x2e, 0x8c, 0x3c, 0x38, 0x2e, 0x8c, 0x3c, 0x38, 0x2e, 0x8c,
    0x3c, 0x38, 0x2e, 0x8c, 0x3c, 0x38, 0x2e, 0x8c, 0x3c, 0x38, 0x2e, 0x8c, 0x3c, 0x38, 0x2e, 0x8c,
    0x3c, 0x38, 0x2e, 0x8c, 0x3c, 0x38, 0x2e, 0x8c, 0x3c, 0x38, 0x2e, 0x8c, 0x3c, 0x38, 0x2e, 0x8c,
    0x3c, 0x38, 0x2e, 0x8c, 0x3c, 0x38, 0x2e, 0x8c, 0x3c, 0x38, 0x2e, 0x8c, 0x3c, 0x38, 0x2e, 0x8c,
    0x3c, 0x38, 0x2e, 0x8c, 0x3c, 0x38, 0x2e, 0x8c, 0x3c, 0x38, 0x2e, 0x8c, 0x3c, 0x38, 0x2e, 0x8c,
    0x3c, 0x38, 0x2e, 0x8c, 0x3c, 0x38, 0x2e, 0x8c, 0x3c, 0x38, 0x2e, 0x8c, 0x3c, 0x38, 0x2e, 0x8c,
    0x3c, 0x38, 0x2e, 0x8c, 0x3c, 0x38, 0x2e, 0x8c, 0x3c, 0x38, 0x2e, 0x8c, 0x3c, 0x38, 0x2e, 0x8c,
    0x3c, 0x38, 0x2e, 0x8c, 0x3c, 0x38, 0x2e, 0x8c, 0x3c, 0x38, 0x2e, 0x8c, 0x3c, 0x38, 0x2e, 0x8c,
    0x3c, 0x38, 0x2e, 0x8c, 0x3c, 0x38, 0x2e, 0x8c, 0x3c, 0x38, 0x2e, 0x8c, 0x3c, 0x38, 0x2e, 0x8c,
    0x3c, 0x38, 0x2e, 0x8c, 0x3c, 0x38, 0x2e, 0x8c, 0x3c, 0x38, 0x2e, 0x8c, 0x3c, 0x38, 0x2e, 0x8c,
    0x3c, 0x38, 0x2e, 0x8c, 0x3c, 0x38, 0x2e, 0x8c, 0x3c, 0x38, 0x2e, 0x8c, 0x3c, 0x38, 0x2e, 0x8c,
    0x3c, 0x38, 0x2e, 0x8c, 0x3c, 0x38, 0x2e, 0x8c, 0x3c, 0x38, 0x2e, 0x8c, 0x3c, 0x38, 0x2e, 0x8c,
    0x3c, 0x38, 0x2e, 0x8c, 0x3c, 0x38, 0x2e, 0x8c, 0x3c, 0x38, 0x2e, 0x8c, 0x3c, 0x38, 0x2e, 0x8c,
    0x3c, 0x38, 0x2e, 0x8c, 0x3c, 0x38, 0x2e, 0x8c, 0x3c, 0x38, 0x2e, 0x8c, 0x3c, 0x38, 0x2e, 0x8c,
    0x3c, 0x38, 0x2e, 0x8c, 0x3c, 0x38, 0x2e, 0x8c, 0x3c, 0x38, 0x2e, 0x8c, 0x3c, 0x38, 0x2e, 0x8c,
    0x3c, 0x38, 0x2e, 0x8c, 0x3c, 0x38, 0x2e, 0x8c, 0xaa, 0xc6, 0xd3, 0x14, 0xaa, 0xc6, 0xd3, 0x0f,
    0xaa, 0xc6, 0xd3, 0x01, 0x00, 0x00, 0x00, 0x00, 0x00, 0x00, 0x00, 0x00, 0x00, 0x00, 0x00, 0x00,
    0x00, 0x00, 0x00, 0x00, 0x00, 0x00, 0x00, 0x00, 0x00, 0x00, 0x00, 0x00, 0xaa, 0xc6, 0xd3, 0x0f,
    0xaa, 0xc6, 0xd3, 0x14, 0x3c, 0x38, 0x2e, 0x8c, 0x3c, 0x38, 0x2e, 0x8c, 0x3c, 0x38, 0x2e, 0x8c,
    0x3c, 0x38, 0x2e, 0x8c, 0x3c, 0x38, 0x2e, 0x8c, 0x3c, 0x38, 0x2e, 0x8c, 0x3c, 0x38, 0x2e, 0x8c,
    0x3c, 0x38, 0x2e, 0x8c, 0x3c, 0x38, 0x2e, 0x8c, 0x3c, 0x38, 0x2e, 0x8c, 0x3c, 0x38, 0x2e, 0x8c,
    0x3c, 0x38, 0x2e, 0x8c, 0x3c, 0x38, 0x2e, 0x8c, 0x3c, 0x38, 0x2e, 0x8c, 0x3c, 0x38, 0x2e, 0x8c,
    0x3c, 0x38, 0x2e, 0x8c, 0x3c, 0x38, 0x2e, 0x8c, 0x3c, 0x38, 0x2e, 0x8c, 0x3c, 0x38, 0x2e, 0x8c,
    0x3c, 0x38, 0x2e, 0x8c, 0x3c, 0x38, 0x2e, 0x8c, 0x3c, 0x38, 0x2e, 0x8c, 0x3c, 0x38, 0x2e, 0x8c,
    0x3c, 0x38, 0x2e, 0x8c, 0x3c, 0x38, 0x2e, 0x8c, 0x3c, 0x38, 0x2e, 0x8c, 0x3c, 0x38, 0x2e, 0x8c,
    0x3c, 0x38, 0x2e, 0x8c, 0x3c, 0x38, 0x2e, 0x8c, 0x3c, 0x38, 0x2e, 0x8c, 0x3c, 0x38, 0x2e, 0x8c,
    0x3c, 0x38, 0x2e, 0x8c, 0x3c, 0x38, 0x2e, 0x8c, 0x3c, 0x38, 0x2e, 0x8c, 0x3c, 0x38, 0x2e, 0x8c,
    0x3c, 0x38, 0x2e, 0x8c, 0x3c, 0x38, 0x2e, 0x8c, 0x3c, 0x38, 0x2e, 0x8c, 0x3c, 0x38, 0x2e, 0x8c,
    0x3c, 0x38, 0x2e, 0x8c, 0x3c, 0x38, 0x2e, 0x8c, 0x3c, 0x38, 0x2e, 0x8c, 0x3c, 0x38, 0x2e, 0x8c,
    0x3c, 0x38, 0x2e, 0x8c, 0x3c, 0x38, 0x2e, 0x8c, 0x3c, 0x38, 0x2e, 0x8c, 0x3c, 0x38, 0x2e, 0x8c,
    0x3c, 0x38, 0x2e, 0x8c, 0x3c, 0x38, 0x2e, 0x8c, 0x3c, 0x38, 0x2e, 0x8c, 0x3c, 0x38, 0x2e, 0x8c,
    0x3c, 0x38, 0x2e, 0x8c, 0x3c, 0x38, 0x2e, 0x8c, 0x3c, 0x38, 0x2e, 0x8c, 0x3c, 0x38, 0x2e, 0x8c,
    0x3c, 0x38, 0x2e, 0x8c, 0x3c, 0x38, 0x2e, 0x8c, 0x3c, 0x38, 0x2e, 0x8c, 0x3c, 0x38, 0x2e, 0x8c,
    0x3c, 0x38, 0x2e, 0x8c, 0x3c, 0x38, 0x2e, 0x8c, 0x3c, 0x38, 0x2e, 0x8c, 0x3c, 0x38, 0x2e, 0x8c,
    0x3c, 0x38, 0x2e, 0x8c, 0x3c, 0x38, 0x2e, 0x8c, 0x3c, 0x38, 0x2e, 0x8c, 0x3c, 0x38, 0x2e, 0x8c,
    0x3c, 0x38, 0x2e, 0x8c, 0x3c, 0x38, 0x2e, 0x8c, 0x3c, 0x38, 0x2e, 0x8c, 0xaa, 0xc6, 0xd3, 0x14,
    0xaa, 0xc6, 0xd3, 0x0f, 0x00, 0x00, 0x00, 0x00, 0x00, 0x00, 0x00, 0x00, 0x00, 0x00, 0x00, 0x00,
    0x00, 0x00, 0x00, 0x00, 0x00, 0x00, 0x00, 0x00, 0xaa, 0xc6, 0xd3, 0x0b, 0xaa, 0xc6, 0xd3, 0x14,
    0x3c, 0x38, 0x2e, 0x8c, 0x3c, 0x38, 0x2e, 0x8c, 0x3c, 0x38, 0x2e, 0x8c, 0x3c, 0x38, 0x2e, 0x8c,
    0x3c, 0x38, 0x2e, 0x8c, 0x3c, 0x38, 0x2e, 0x8c, 0x3c, 0x38, 0x2e, 0x8c, 0x3c, 0x38, 0x2e, 0x8c,
    0x3c, 0x38, 0x2e, 0x8c, 0x3c, 0x38, 0x2e, 0x8c, 0x3c, 0x38, 0x2e, 0x8c, 0x3c, 0x38, 0x2e, 0x8c,
    0x3c, 0x38, 0x2e, 0x8c, 0x3c, 0x38, 0x2e, 0x8c, 0x3c, 0x38, 0x2e, 0x8c, 0x3c, 0x38, 0x2e, 0x8c,
    0x3c, 0x38, 0x2e, 0x8c, 0x3c, 0x38, 0x2e, 0x8c, 0x3c, 0x38, 0x2e, 0x8c, 0x3c, 0x38, 0x2e, 0x8c,
    0x3c, 0x38, 0x2e, 0x8c, 0x3c, 0x38, 0x2e, 0x8c, 0x3c, 0x38, 0x2e, 0x8c, 0x3c, 0x38, 0x2e, 0x8c,
    0x3c, 0x38, 0x2e, 0x8c, 0x3c, 0x38, 0x2e, 0x8c, 0x3c, 0x38, 0x2e, 0x8c, 0x3c, 0x38, 0x2e, 0x8c,
    0x3c, 0x38, 0x2e, 0x8c, 0x3c, 0x38, 0x2e, 0x8c, 0x3c, 0x38, 0x2e, 0x8c, 0x3c, 0x38, 0x2e, 0x8c,
    0x3c, 0x38, 0x2e, 0x8c, 0x3c, 0x38, 0x2e, 0x8c, 0x3c, 0x38, 0x2e, 0x8c, 0x3c, 0x38, 0x2e, 0x8c,
    0x3c, 0x38, 0x2e, 0x8c, 0x3c, 0x38, 0x2e, 0x8c, 0x3c, 0x38, 0x2e, 0x8c, 0x3c, 0x38, 0x2e, 0x8c,
    0x3c, 0x38, 0x2e, 0x8c, 0x3c, 0x38, 0x2e, 0x8c, 0x3c, 0x38, 0x2e, 0x8c, 0x3c, 0x38, 0x2e, 0x8c,
    0x3c, 0x38, 0x2e, 0x8c, 0x3c, 0x38, 0x2e, 0x8c, 0x3c, 0x38, 0x2e, 0x8c, 0x3c, 0x38, 0x2e, 0x8c,
    0x3c, 0x38, 0x2e, 0x8c, 0x3c, 0x38, 0x2e, 0x8c, 0x3c, 0x38, 0x2e, 0x8c, 0x3c, 0x38, 0x2e, 0x8c,
    0x3c, 0x38, 0x2e, 0x8c, 0x3c, 0x38, 0x2e, 0x8c, 0x3c, 0x38, 0x2e, 0x8c, 0x3c, 0x38, 0x2e, 0x8c,
    0x3c, 0x38, 0x2e, 0x8c, 0x3c, 0x38, 0x2e, 0x8c, 0x3c, 0x38, 0x2e, 0x8c, 0x3c, 0x38, 0x2e, 0x8c,
    0x3c, 0x38, 0x2e, 0x8c, 0x3c, 0x38, 0x2e, 0x8c, 0x3c, 0x38, 0x2e, 0x8c, 0x3c, 0x38, 0x2e, 0x8c,
    0x3c, 0x38, 0x2e, 0x8c, 0x3c, 0x38, 0x2e, 0x8c, 0x3c, 0x38, 0x2e, 0x8c, 0x3c, 0x38, 0x2e, 0x8c,
    0x3c, 0x38, 0x2e, 0x8c, 0x3c, 0x38, 0x2e, 0x8c, 0x3c, 0x38, 0x2e, 0x8c, 0x3c, 0x38, 0x2e, 0x8c,
    0xaa, 0xc6, 0xd3, 0x14, 0xaa, 0xc6, 0xd3, 0x0b, 0x00, 0x00, 0x00, 0x00, 0x00, 0x00, 0x00, 0x00,
    0x00, 0x00, 0x00, 0x00, 0xaa, 0xc6, 0xd3, 0x05, 0xaa, 0xc6, 0xd3, 0x14, 0x3c, 0x38, 0x2e, 0x8c,
    0x3c, 0x38, 0x2e, 0x8c, 0x3c, 0x38, 0x2e, 0x8c, 0x3c, 0x38, 0x2e, 0x8c, 0x3c, 0x38, 0x2e, 0x8c,
    0x3c, 0x38, 0x2e, 0x8c, 0x3c, 0x38, 0x2e, 0x8c, 0x3c, 0x38, 0x2e, 0x8c, 0x3c, 0x38, 0x2e, 0x8c,
    0x3c, 0x38, 0x2e, 0x8c, 0x3c, 0x38, 0x2e, 0x8c, 0x3c, 0x38, 0x2e, 0x8c, 0x3c, 0x38, 0x2e, 0x8c,
    0x3c, 0x38, 0x2e, 0x8c, 0x3c, 0x38, 0x2e, 0x8c, 0x3c, 0x38, 0x2e, 0x8c, 0x3c, 0x38, 0x2e, 0x8c,
    0x3c, 0x38, 0x2e, 0x8c, 0x3c, 0x38, 0x2e, 0x8c, 0x3c, 0x38, 0x2e, 0x8c, 0x3c, 0x38, 0x2e, 0x8c,
    0x3c, 0x38, 0x2e, 0x8c, 0x3c, 0x38, 0x2e, 0x8c, 0x3c, 0x38, 0x2e, 0x8c, 0x3c, 0x38, 0x2e, 0x8c,
    0x3c, 0x38, 0x2e, 0x8c, 0x3c, 0x38, 0x2e, 0x8c, 0x3c, 0x38, 0x2e, 0x8c, 0x3c, 0x38, 0x2e, 0x8c,
    0x3c, 0x38, 0x2e, 0x8c, 0x3c, 0x38, 0x2e, 0x8c, 0x3c, 0x38, 0x2e, 0x8c, 0x3c, 0x38, 0x2e, 0x8c,
    0x3c, 0x38, 0x2e, 0x8c, 0x3c, 0x38, 0x2e, 0x8c, 0x3c, 0x38, 0x2e, 0x8c, 0x3c, 0x38, 0x2e, 0x8c,
    0x3c, 0x38, 0x2e, 0x8c, 0x3c, 0x38, 0x2e, 0x8c, 0x3c, 0x38, 0x2e, 0x8c, 0x3c, 0x38, 0x2e, 0x8c,
    0x3c, 0x38, 0x2e, 0x8c, 0x3c, 0x38, 0x2e, 0x8c, 0x3c, 0x38, 0x2e, 0x8c, 0x3c, 0x38, 0x2e, 0x8c,
    0x3c, 0x38, 0x2e, 0x8c, 0x3c, 0x38, 0x2e, 0x8c, 0x3c, 0x38, 0x2e, 0x8c, 0x3c, 0x38, 0x2e, 0x8c,
    0x3c, 0x38, 0x2e, 0x8c, 0x3c, 0x38, 0x2e, 0x8c, 0x3c, 0x38, 0x2e, 0x8c, 0x3c, 0x38, 0x2e, 0x8c,
    0x3c, 0x38, 0x2e, 0x8c, 0x3c, 0x38, 0x2e, 0x8c, 0x3c, 0x38, 0x2e, 0x8c, 0x3c, 0x38, 0x2e, 0x8c,
    0x3c, 0x38, 0x2e, 0x8c, 0x3c, 0x38, 0x2e, 0x8c, 0x3c, 0x38, 0x2e, 0x8c, 0x3c, 0x38, 0x2e, 0x8c,
    0x3c, 0x38, 0x2e, 0x8c, 0x3c, 0x38, 0x2e, 0x8c, 0x3c, 0x38, 0x2e, 0x8c, 0x3c, 0x38, 0x2e, 0x8c,
    0x3c, 0x38, 0x2e, 0x8c, 0x3c, 0x38, 0x2e, 0x8c, 0x3c, 0x38, 0x2e, 0x8c, 0x3c, 0x38, 0x2e, 0x8c,
    0x3c, 0x38, 0x2e, 0x8c, 0x3c, 0x38, 0x2e, 0x8c, 0x3c, 0x38, 0x2e, 0x8c, 0x3c, 0x38, 0x2e, 0x8c,
    0x3c, 0x38, 0x2e, 0x8c, 0xaa, 0xc6, 0xd3, 0x14, 0xaa, 0xc6, 0xd3, 0x05, 0x00, 0x00, 0x00, 0x00,
    0x00, 0x00, 0x00, 0x00, 0xaa, 0xc6, 0xd3, 0x0f, 0x3c, 0x38, 0x2e, 0x8c, 0x3c, 0x38, 0x2e, 0x8c,
    0x3c, 0x38, 0x2e, 0x8c, 0x3c, 0x38, 0x2e, 0x8c, 0x3c, 0x38, 0x2e, 0x8c, 0x3c, 0x38, 0x2e, 0x8c,
    0x3c, 0x38, 0x2e, 0x8c, 0x3c, 0x38, 0x2e, 0x8c, 0x3c, 0x38, 0x2e, 0x8c, 0x3c, 0x38, 0x2e, 0x8c,
    0x3c, 0x38, 0x2e, 0x8c, 0x3c, 0x38, 0x2e, 0x8c, 0x3c, 0x38, 0x2e, 0x8c, 0x3c, 0x38, 0x2e, 0x8c,
    0x3c, 0x38, 0x2e, 0x8c, 0x3c, 0x38, 0x2e, 0x8c, 0x3c, 0x38, 0x2e, 0x8c, 0x3c, 0x38, 0x2e, 0x8c,
    0x3c, 0x38, 0x2e, 0x8c, 0x3c, 0x38, 0x2e, 0x8c, 0x3c, 0x38, 0x2e, 0x8c, 0x3c, 0x38, 0x2e, 0x8c,
    0x3c, 0x38, 0x2e, 0x8c, 0x3c, 0x38, 0x2e, 0x8c, 0x3c, 0x38, 0x2e, 0x8c, 0x3c, 0x38, 0x2e, 0x8c,
    0x3c, 0x38, 0x2e, 0x8c, 0x3c, 0x38, 0x2e, 0x8c, 0x3c, 0x38, 0x2e, 0x8c, 0x3c, 0x38, 0x2e, 0x8c,
    0x3c, 0x38, 0x2e, 0x8c, 0x3c, 0x38, 0x2e, 0x8c, 0x3c, 0x38, 0x2e, 0x8c, 0x3c, 0x38, 0x2e, 0x8c,
    0x3c, 0x38, 0x2e, 0x8c, 0x3c, 0x38, 0x2e, 0x8c, 0x3c, 0x38, 0x2e, 0x8c, 0x3c, 0x38, 0x2e, 0x8c,
    0x3c, 0x38, 0x2e, 0x8c, 0x3c, 0x38, 0x2e, 0x8c, 0x3c, 0x38, 0x2e, 0x8c, 0x3c, 0x38, 0x2e, 0x8c,
    0x3c, 0x38, 0x2e, 0x8c, 0x3c, 0x38, 0x2e, 0x8c, 0x3c, 0x38, 0x2e, 0x8c, 0x3c, 0x38, 0x2e, 0x8c,
    0x3c, 0x38, 0x2e, 0x8c, 0x3c, 0x38, 0x2e, 0x8c, 0x3c, 0x38, 0x2e, 0x8c, 0x3c, 0x38, 0x2e, 0x8c,
    0x3c, 0x38, 0x2e, 0x8c, 0x3c, 0x38, 0x2e, 0x8c, 0x3c, 0x38, 0x2e, 0x8c, 0x3c, 0x38, 0x2e, 0x8c,
    0x3c, 0x38, 0x2e, 0x8c, 0x3c, 0x38, 0x2e, 0x8c, 0x3c, 0x38, 0x2e, 0x8c, 0x3c, 0x38, 0x2e, 0x8c,
    0x3c, 0x38, 0x2e, 0x8c, 0x3c, 0x38, 0x2e, 0x8c, 0x3c, 0x38, 0x2e, 0x8c, 0x3c, 0x38, 0x2e, 0x8c,
    0x3c, 0x38, 0x2e, 0x8c, 0x3c, 0x38, 0x2e, 0x8c, 0x3c, 0x38, 0x2e, 0x8c, 0x3c, 0x38, 0x2e, 0x8c,
    0x3c, 0x38, 0x2e, 0x8c, 0x3c, 0x38, 0x2e, 0x8c, 0x3c, 0x38, 0x2e, 0x8c, 0x3c, 0x38, 0x2e, 0x8c,
    0x3c, 0x38, 0x2e, 0x8c, 0x3c, 0x38, 0x2e, 0x8c, 0x3c, 0x38, 0x2e, 0x8c, 0x3c, 0x38, 0x2e, 0x8c,
    0x3c, 0x38, 0x2e, 0x8c, 0x3c, 0x38, 0x2e, 0x8c, 0xaa, 0xc6, 0xd3, 0x0f, 0x00, 0x00, 0x00, 0x00,
    0xaa, 0xc6, 0xd3, 0x04, 0xaa, 0xc6, 0xd3, 0x14, 0x3c, 0x38, 0x2e, 0x8c, 0x3c, 0x38, 0x2e, 0x8c,
    0x3c, 0x38, 0x2e, 0x8c, 0x3c, 0x38, 0x2e, 0x8c, 0x3c, 0x38, 0x2e, 0x8c, 0x3c, 0x38, 0x2e, 0x8c,
    0x3c, 0x38, 0x2e, 0x8c, 0x3c, 0x38, 0x2e, 0x8c, 0x3c, 0x38, 0x2e, 0x8c, 0x3c, 0x38, 0x2e, 0x8c,
    0x3c, 0x38, 0x2e, 0x8c, 0x3c, 0x38, 0x2e, 0x8c, 0x3c, 0x38, 0x2e, 0x8c, 0x3c, 0x38, 0x2e, 0x8c,
    0x3c, 0x38, 0x2e, 0x8c, 0x3c, 0x38, 0x2e, 0x8c, 0x3c, 0x38, 0x2e, 0x8c, 0x3c, 0x38, 0x2e, 0x8c,
    0x3c, 0x38, 0x2e, 0x8c, 0x3c, 0x38, 0x2e, 0x8c, 0x3c, 0x38, 0x2e, 0x8c, 0x3c, 0x38, 0x2e, 0x8c,
    0x3c, 0x38, 0x2e, 0x8c, 0x3c, 0x38, 0x2e, 0x8c, 0x3c, 0x38, 0x2e, 0x8c, 0x3c, 0x38, 0x2e, 0x8c,
    0x3c, 0x38, 0x2e, 0x8c, 0x3c, 0x38, 0x2e, 0x8c, 0x3c, 0x38, 0x2e, 0x8c, 0x3c, 0x38, 0x2e, 0x8c,
    0x3c, 0x38, 0x2e, 0x8c, 0x3c, 0x38, 0x2e, 0x8c, 0x3c, 0x38, 0x2e, 0x8c, 0x3c, 0x38, 0x2e, 0x8c,
    0x3c, 0x38, 0x2e, 0x8c, 0x3c, 0x38, 0x2e, 0x8c, 0x3c, 0x38, 0x2e, 0x8c, 0x3c, 0x38, 0x2e, 0x8c,
    0x3c, 0x38, 0x2e, 0x8c, 0x3c, 0x38, 0x2e, 0x8c, 0x3c, 0x38, 0x2e, 0x8c, 0x3c, 0x38, 0x2e, 0x8c,
    0x3c, 0x38, 0x2e, 0x8c, 0x3c, 0x38, 0x2e, 0x8c, 0x3c, 0x38, 0x2e, 0x8c, 0x3c, 0x38, 0x2e, 0x8c,
    0x3c, 0x38, 0x2e, 0x8c, 0x3c, 0x38, 0x2e, 0x8c, 0x3c, 0x38, 0x2e, 0x8c, 0x3c, 0x38, 0x2e, 0x8c,
    0x3c, 0x38, 0x2e, 0x8c, 0x3c, 0x38, 0x2e, 0x8c, 0x3c, 0x38, 0x2e, 0x8c, 0x3c, 0x38, 0x2e, 0x8c,
    0x3c, 0x38, 0x2e, 0x8c, 0x3c, 0x38, 0x2e, 0x8c, 0x3c, 0x38, 0x2e, 0x8c, 0x3c, 0x38, 0x2e, 0x8c,
    0x3c, 0x38, 0x2e, 0x8c, 0x3c, 0x38, 0x2e, 0x8c, 0x3c, 0x38, 0x2e, 0x8c, 0x3c, 0x38, 0x2e, 0x8c,
    0x3c, 0x38, 0x2e, 0x8c, 0x3c, 0x38, 0x2e, 0x8c, 0x3c, 0x38, 0x2e, 0x8c, 0x3c, 0x38, 0x2e, 0x8c,
    0x3c, 0x38, 0x2e, 0x8c, 0x3c, 0x38, 0x2e, 0x8c, 0x3c, 0x38, 0x2e, 0x8c, 0x3c, 0x38, 0x2e, 0x8c,
    0x3c, 0x38, 0x2e, 0x8c, 0x3c, 0x38, 0x2e, 0x8c, 0x3c, 0x38, 0x2e, 0x8c, 0x3c, 0x38, 0x2e, 0x8c,
    0x3c, 0x38, 0x2e, 0x8c, 0x3c, 0x38, 0x2e, 0x8c, 0xaa, 0xc6, 0xd3, 0x14, 0xaa, 0xc6, 0xd3, 0x04,
    0xaa, 0xc6, 0xd3, 0x0a, 0xaa, 0xc6, 0xd3, 0x14, 0x3c, 0x38, 0x2e, 0x8c, 0x3c, 0x38, 0x2e, 0x8c,
    0x3c, 0x38, 0x2e, 0x8c, 0x3c, 0x38, 0x2e, 0x8c, 0x3c, 0x38, 0x2e, 0x8c, 0x3c, 0x38, 0x2e, 0x8c,
    0x3c, 0x38, 0x2e, 0x8c, 0x3c, 0x38, 0x2e, 0x8c, 0x3c, 0x38, 0x2e, 0x8c, 0x3c, 0x38, 0x2e, 0x8c,
    0x3c, 0x38, 0x2e, 0x8c, 0x3c, 0x38, 0x2e, 0x8c, 0x3c, 0x38, 0x2e, 0x8c, 0x3c, 0x38, 0x2e, 0x8c,
    0x3c, 0x38, 0x2e, 0x8c, 0x3c, 0x38, 0x2e, 0x8c, 0x3c, 0x38, 0x2e, 0x8c, 0x3c, 0x38, 0x2e, 0x8c,
    0x3c, 0x38, 0x2e, 0x8c, 0x3c, 0x38, 0x2e, 0x8c, 0x3c, 0x38, 0x2e, 0x8c, 0x3c, 0x38, 0x2e, 0x8c,
    0x3c, 0x38, 0x2e, 0x8c, 0x3c, 0x38, 0x2e, 0x8c, 0x3c, 0x38, 0x2e, 0x8c, 0x3c, 0x38, 0x2e, 0x8c,
    0x3c, 0x38, 0x2e, 0x8c, 0x3c, 0x38, 0x2e, 0x8c, 0x3c, 0x38, 0x2e, 0x8c, 0x3c, 0x38, 0x2e, 0x8c,
    0x3c, 0x38, 0x2e, 0x8c, 0x3c, 0x38, 0x2e, 0x8c, 0x3c, 0x38, 0x2e, 0x8c, 0x3c, 0x38, 0x2e, 0x8c,
    0x3c, 0x38, 0x2e, 0x8c, 0x3c, 0x38, 0x2e, 0x8c, 0x3c, 0x38, 0x2e, 0x8c, 0x3c, 0x38, 0x2e, 0x8c,
    0x3c, 0x38, 0x2e, 0x8c, 0x3c, 0x38, 0x2e, 0x8c, 0x3c, 0x38, 0x2e, 0x8c, 0x3c, 0x38, 0x2e, 0x8c,
    0x3c, 0x38, 0x2e, 0x8c, 0x3c, 0x38, 0x2e, 0x8c, 0x3c, 0x38, 0x2e, 0x8c, 0x3c, 0x38, 0x2e, 0x8c,
    0x3c, 0x38, 0x2e, 0x8c, 0x3c, 0x38, 0x2e, 0x8c, 0x3c, 0x38, 0x2e, 0x8c, 0x3c, 0x38, 0x2e, 0x8c,
    0x3c, 0x38, 0x2e, 0x8c, 0x3c, 0x38, 0x2e, 0x8c, 0x3c, 0x38, 0x2e, 0x8c, 0x3c, 0x38, 0x2e, 0x8c,
    0x3c, 0x38, 0x2e, 0x8c, 0x3c, 0x38, 0x2e, 0x8c, 0x3c, 0x38, 0x2e, 0x8c, 0x3c, 0x38, 0x2e, 0x8c,
    0x3c, 0x38, 0x2e, 0x8c, 0x3c, 0x38, 0x2e, 0x8c, 0x3c, 0x38, 0x2e, 0x8c, 0x3c, 0x38, 0x2e, 0x8c,
    0x3c, 0x38, 0x2e, 0x8c, 0x3c, 0x38, 0x2e, 0x8c, 0x3c, 0x38, 0x2e, 0x8c, 0x3c, 0x38, 0x2e, 0x8c,
    0x3c, 0x38, 0x2e, 0x8c, 0x3c, 0x38, 0x2e, 0x8c, 0x3c, 0x38, 0x2e, 0x8c, 0x3c, 0x38, 0x2e, 0x8c,
    0x3c, 0x38, 0x2e, 0x8c, 0x3c, 0x38, 0x2e, 0x8c, 0x3c, 0x38, 0x2e, 0x8c, 0x3c, 0x38, 0x2e, 0x8c,
    0x3c, 0x38, 0x2e, 0x8c, 0x3c, 0x38, 0x2e, 0x8c, 0xaa, 0xc6, 0xd3, 0x14, 0xaa, 0xc6, 0xd3, 0x0a,
    0xaa, 0xc6, 0xd3, 0x0f, 0x3c, 0x38, 0x2e, 0x8c, 0x3c, 0x38, 0x2e, 0x8c, 0x3c, 0x38, 0x2e, 0x8c,
    0x3c, 0x38, 0x2e, 0x8c, 0x3c, 0x38, 0x2e, 0x8c, 0x3c, 0x38, 0x2e, 0x8c, 0x3c, 0x38, 0x2e, 0x8c,
    0x3c, 0x38, 0x2e, 0x8c, 0x3c, 0x38, 0x2e, 0x8c, 0x3c, 0x38, 0x2e, 0x8c, 0x3c, 0x38, 0x2e, 0x8c,
    0x3c, 0x38, 0x2e, 0x8c, 0x3c, 0x38, 0x2e, 0x8c, 0x3c, 0x38, 0x2e, 0x8c, 0x3c, 0x38, 0x2e, 0x8c,
    0x3c, 0x38, 0x2e, 0x8c, 0x3c, 0x38, 0x2e, 0x8c, 0x3c, 0x38, 0x2e, 0x8c, 0x3c, 0x38, 0x2e, 0x8c,
    0x3c, 0x38, 0x2e, 0x8c, 0x3c, 0x38, 0x2e, 0x8c, 0x3c, 0x38, 0x2e, 0x8c, 0x3c, 0x38, 0x2e, 0x8c,
    0x3c, 0x38, 0x2e, 0x8c, 0x3c, 0x38, 0x2e, 0x8c, 0x3c, 0x38, 0x2e, 0x8c, 0x3c, 0x38, 0x2e, 0x8c,
    0x3c, 0x38, 0x2e, 0x8c, 0x3c, 0x38, 0x2e, 0x8c, 0x3c, 0x38, 0x2e, 0x8c, 0x3c, 0x38, 0x2e, 0x8c,
    0x3c, 0x38, 0x2e, 0x8c, 0x3c, 0x38, 0x2e, 0x8c, 0x3c, 0x38, 0x2e, 0x8c, 0x3c, 0x38, 0x2e, 0x8c,
    0x3c, 0x38, 0x2e, 0x8c, 0x3c, 0x38, 0x2e, 0x8c, 0x3c, 0x38, 0x2e, 0x8c, 0x3c, 0x38, 0x2e, 0x8c,
    0x3c, 0x38, 0x2e, 0x8c, 0x3c, 0x38, 0x2e, 0x8c, 0x3c, 0x38, 0x2e, 0x8c, 0x3c, 0x38, 0x2e, 0x8c,
    0x3c, 0x38, 0x2e, 0x8c, 0x3c, 0x38, 0x2e, 0x8c, 0x3c, 0x38, 0x2e, 0x8c, 0x3c, 0x38, 0x2e, 0x8c,
    0x3c, 0x38, 0x2e, 0x8c, 0x3c, 0x38, 0x2e, 0x8c, 0x3c, 0x38, 0x2e, 0x8c, 0x3c, 0x38, 0x2e, 0x8c,
    0x3c, 0x38, 0x2e, 0x8c, 0x3c, 0x38, 0x2e, 0x8c, 0x3c, 0x38, 0x2e, 0x8c, 0x3c, 0x38, 0x2e, 0x8c,
    0x3c, 0x38, 0x2e, 0x8c, 0x3c, 0x38, 0x2e, 0x8c, 0x3c, 0x38, 0x2e, 0x8c, 0x3c, 0x38, 0x2e, 0x8c,
    0x3c, 0x38, 0x2e, 0x8c, 0x3c, 0x38, 0x2e, 0x8c, 0x3c, 0x38, 0x2e, 0x8c, 0x3c, 0x38, 0x2e, 0x8c,
    0x3c, 0x38, 0x2e, 0x8c, 0x3c, 0x38, 0x2e, 0x8c, 0x3c, 0x38, 0x2e, 0x8c, 0x3c, 0x38, 0x2e, 0x8c,
    0x3c, 0x38, 0x2e, 0x8c, 0x3c, 0x38, 0x2e, 0x8c, 0x3c, 0x38, 0x2e, 0x8c, 0x3c, 0x38, 0x2e, 0x8c,
    0x3c, 0x38, 0x2e, 0x8c, 0x3c, 0x38, 0x2e, 0x8c, 0x3c, 0x38, 0x2e, 0x8c, 0x3c, 0x38, 0x2e, 0x8c,
    0x3c, 0x38, 0x2e, 0x8c, 0x3c, 0x38, 0x2e, 0x8c, 0x3c, 0x38, 0x2e, 0x8c, 0xaa, 0xc6, 0xd3, 0x0f,
    0xaa, 0xc6, 0xd3, 0x12, 0x3c, 0x38, 0x2e, 0x8c, 0x3c, 0x38, 0x2e, 0x8c, 0x3c, 0x38, 0x2e, 0x8c,
    0x3c, 0x38, 0x2e, 0x8c, 0x3c, 0x38, 0x2e, 0x8c, 0x3c, 0x38, 0x2e, 0x8c, 0x3c, 0x38, 0x2e, 0x8c,
    0x3c, 0x38, 0x2e, 0x8c, 0x3c, 0x38, 0x2e, 0x8c, 0x3c, 0x38, 0x2e, 0x8c, 0x3c, 0x38, 0x2e, 0x8c,
    0x3c, 0x38, 0x2e, 0x8c, 0x3c, 0x38, 0x2e, 0x8c, 0x3c, 0x38, 0x2e, 0x8c, 0x3c, 0x38, 0x2e, 0x8c,
    0x3c, 0x38, 0x2e, 0x8c, 0x3c, 0x38, 0x2e, 0x8c, 0x3c, 0x38, 0x2e, 0x8c, 0x3c, 0x38, 0x2e, 0x8c,
    0x3c, 0x38, 0x2e, 0x8c, 0x3c, 0x38, 0x2e, 0x8c, 0x3c, 0x38, 0x2e, 0x8c, 0x3c, 0x38, 0x2e, 0x8c,
    0x3c, 0x38, 0x2e, 0x8c, 0x3c, 0x38, 0x2e, 0x8c, 0x3c, 0x38, 0x2e, 0x8c, 0x3c, 0x38, 0x2e, 0x8c,
    0x3c, 0x38, 0x2e, 0x8c, 0x3c, 0x38, 0x2e, 0x8c, 0x3c, 0x38, 0x2e, 0x8c, 0x3c, 0x38, 0x2e, 0x8c,
    0x3c, 0x38, 0x2e, 0x8c, 0x3c, 0x38, 0x2e, 0x8c, 0x3c, 0x38, 0x2e, 0x8c, 0x3c, 0x38, 0x2e, 0x8c,
    0x3c, 0x38, 0x2e, 0x8c, 0x3c, 0x38, 0x2e, 0x8c, 0x3c, 0x38, 0x2e, 0x8c, 0x3c, 0x38, 0x2e, 0x8c,
    0x3c, 0x38, 0x2e, 0x8c, 0x3c, 0x38, 0x2e, 0x8c, 0x3c, 0x38, 0x2e, 0x8c, 0x3c, 0x38, 0x2e, 0x8c,
    0x3c, 0x38, 0x2e, 0x8c, 0x3c, 0x38, 0x2e, 0x8c, 0x3c, 0x38, 0x2e, 0x8c, 0x3c, 0x38, 0x2e, 0x8c,
    0x3c, 0x38, 0x2e, 0x8c, 0x3c, 0x38, 0x2e, 0x8c, 0x3c, 0x38, 0x2e, 0x8c, 0x3c, 0x38, 0x2e, 0x8c,
    0x3c, 0x38, 0x2e, 0x8c, 0x3c, 0x38, 0x2e, 0x8c, 0x3c, 0x38, 0x2e, 0x8c, 0x3c, 0x38, 0x2e, 0x8c,
    0x3c, 0x38, 0x2e, 0x8c, 0x3c, 0x38, 0x2e, 0x8c, 0x3c, 0x38, 0x2e, 0x8c, 0x3c, 0x38, 0x2e, 0x8c,
    0x3c, 0x38, 0x2e, 0x8c, 0x3c, 0x38, 0x2e, 0x8c, 0x3c, 0x38, 0x2e, 0x8c, 0x3c, 0x38, 0x2e, 0x8c,
    0x3c, 0x38, 0x2e, 0x8c, 0x3c, 0x38, 0x2e, 0x8c, 0x3c, 0x38, 0x2e, 0x8c, 0x3c, 0x38, 0x2e, 0x8c,
    0x3c, 0x38, 0x2e, 0x8c, 0x3c, 0x38, 0x2e, 0x8c, 0x3c, 0x38, 0x2e, 0x8c, 0x3c, 0x38, 0x2e, 0x8c,
    0x3c, 0x38, 0x2e, 0x8c, 0x3c, 0x38, 0x2e, 0x8c, 0x3c, 0x38, 0x2e, 0x8c, 0x3c, 0x38, 0x2e, 0x8c,
    0x3c, 0x38, 0x2e, 0x8c, 0x3c, 0x38, 0x2e, 0x8c, 0x3c, 0x38, 0x2e, 0x8c, 0xaa, 0xc6, 0xd3, 0x12,
    0xaa, 0xc6, 0xd3, 0x13, 0x3c, 0x38, 0x2e, 0x8c, 0x3c, 0x38, 0x2e, 0x8c, 0x3c, 0x38, 0x2e, 0x8c,
    0x3c, 0x38, 0x2e, 0x8c, 0x3c, 0x38, 0x2e, 0x8c, 0x3c, 0x38, 0x2e, 0x8c, 0x3c, 0x38, 0x2e, 0x8c,
    0x3c, 0x38, 0x2e, 0x8c, 0x3c, 0x38, 0x2e, 0x8c, 0x3c, 0x38, 0x2e, 0x8c, 0x3c, 0x38, 0x2e, 0x8c,
    0x3c, 0x38, 0x2e, 0x8c, 0x3c, 0x38, 0x2e, 0x8c, 0x3c, 0x38, 0x2e, 0x8c, 0x3c, 0x38, 0x2e, 0x8c,
    0x3c, 0x38, 0x2e, 0x8c, 0x3c, 0x38, 0x2e, 0x8c, 0x3c, 0x38, 0x2e, 0x8c, 0x3c, 0x38, 0x2e, 0x8c,
    0x3c, 0x38, 0x2e, 0x8c, 0x3c, 0x38, 0x2e, 0x8c, 0x3c, 0x38, 0x2e, 0x8c, 0x3c, 0x38, 0x2e, 0x8c,
    0x3c, 0x38, 0x2e, 0x8c, 0x3c, 0x38, 0x2e, 0x8c, 0x3c, 0x38, 0x2e, 0x8c, 0x3c, 0x38, 0x2e, 0x8c,
    0x3c, 0x38, 0x2e, 0x8c, 0x3c, 0x38, 0x2e, 0x8c, 0x3c, 0x38, 0x2e, 0x8c, 0x3c, 0x38, 0x2e, 0x8c,
    0x3c, 0x38, 0x2e, 0x8c, 0x3c, 0x38, 0x2e, 0x8c, 0x3c, 0x38, 0x2e, 0x8c, 0x3c, 0x38, 0x2e, 0x8c,
    0x3c, 0x38, 0x2e, 0x8c, 0x3c, 0x38, 0x2e, 0x8c, 0x3c, 0x38, 0x2e, 0x8c, 0x3c, 0x38, 0x2e, 0x8c,
    0x3c, 0x38, 0x2e, 0x8c, 0x3c, 0x38, 0x2e, 0x8c, 0x3c, 0x38, 0x2e, 0x8c, 0x3c, 0x38, 0x2e, 0x8c,
    0x3c, 0x38, 0x2e, 0x8c, 0x3c, 0x38, 0x2e, 0x8c, 0x3c, 0x38, 0x2e, 0x8c, 0x3c, 0x38, 0x2e, 0x8c,
    0x3c, 0x38, 0x2e, 0x8c, 0x3c, 0x38, 0x2e, 0x8c, 0x3c, 0x38, 0x2e, 0x8c, 0x3c, 0x38, 0x2e, 0x8c,
    0x3c, 0x38, 0x2e, 0x8c, 0x3c, 0x38, 0x2e, 0x8c, 0x3c, 0x38, 0x2e, 0x8c, 0x3c, 0x38, 0x2e, 0x8c,
    0x3c, 0x38, 0x2e, 0x8c, 0x3c, 0x38, 0x2e, 0x8c, 0x3c, 0x38, 0x2e, 0x8c, 0x3c, 0x38, 0x2e, 0x8c,
    0x3c, 0x38, 0x2e, 0x8c, 0x3c, 0x38, 0x2e, 0x8c, 0x3c, 0x38, 0x2e, 0x8c, 0x3c, 0x38, 0x2e, 0x8c,
    0x3c, 0x38, 0x2e, 0x8c, 0x3c, 0x38, 0x2e, 0x8c, 0x3c, 0x38, 0x2e, 0x8c, 0x3c, 0x38, 0x2e, 0x8c,
    0x3c, 0x38, 0x2e, 0x8c, 0x3c, 0x38, 0x2e, 0x8c, 0x3c, 0x38, 0x2e, 0x8c, 0x3c, 0x38, 0x2e, 0x8c,
    0x3c, 0x38, 0x2e, 0x8c, 0x3c, 0x38, 0x2e, 0x8c, 0x3c, 0x38, 0x2e, 0x8c, 0x3c, 0x38, 0x2e, 0x8c,
    0x3c, 0x38, 0x2e, 0x8c, 0x3c, 0x38, 0x2e, 0x8c, 0x3c, 0x38, 0x2e, 0x8c, 0xaa, 0xc6, 0xd3, 0x13,
    0xaa, 0xc6, 0xd3, 0x14, 0x3c, 0x38, 0x2e, 0x8c, 0x3c, 0x38, 0x2e, 0x8c, 0x3c, 0x38, 0x2e, 0x8c,
    0x3c, 0x38, 0x2e, 0x8c, 0x3c, 0x38, 0x2e, 0x8c, 0x3c, 0x38, 0x2e, 0x8c, 0x3c, 0x38, 0x2e, 0x8c,
    0x3c, 0x38, 0x2e, 0x8c, 0x3c, 0x38, 0x2e, 0x8c, 0x3c, 0x38, 0x2e, 0x8c, 0x3c, 0x38, 0x2e, 0x8c,
    0x3c, 0x38, 0x2e, 0x8c, 0x3c, 0x38, 0x2e, 0x8c, 0x3c, 0x38, 0x2e, 0x8c, 0x3c, 0x38, 0x2e, 0x8c,
    0x3c, 0x38, 0x2e, 0x8c, 0x3c, 0x38, 0x2e, 0x8c, 0x3c, 0x38, 0x2e, 0x8c, 0x3c, 0x38, 0x2e, 0x8c,
    0x3c, 0x38, 0x2e, 0x8c, 0x3c, 0x38, 0x2e, 0x8c, 0x3c, 0x38, 0x2e, 0x8c, 0x3c, 0x38, 0x2e, 0x8c,
    0x3c, 0x38, 0x2e, 0x8c, 0x3c, 0x38, 0x2e, 0x8c, 0x3c, 0x38, 0x2e, 0x8c, 0x3c, 0x38, 0x2e, 0x8c,
    0x3c, 0x38, 0x2e, 0x8c, 0x3c, 0x38, 0x2e, 0x8c, 0x3c, 0x38, 0x2e, 0x8c, 0x3c, 0x38, 0x2e, 0x8c,
    0x3c, 0x38, 0x2e, 0x8c, 0x3c, 0x38, 0x2e, 0x8c, 0x3c, 0x38, 0x2e, 0x8c, 0x3c, 0x38, 0x2e, 0x8c,
    0x3c, 0x38, 0x2e, 0x8c, 0x3c, 0x38, 0x2e, 0x8c, 0x3c, 0x38, 0x2e, 0x8c, 0x3c, 0x38, 0x2e, 0x8c,
    0x3c, 0x38, 0x2e, 0x8c, 0x3c, 0x38, 0x2e, 0x8c, 0x3c, 0x38, 0x2e, 0x8c, 0x3c, 0x38, 0x2e, 0x8c,
    0x3c, 0x38, 0x2e, 0x8c, 0x3c, 0x38, 0x2e, 0x8c, 0x3c, 0x38, 0x2e, 0x8c, 0x3c, 0x38, 0x2e, 0x8c,
    0x3c, 0x38, 0x2e, 0x8c, 0x3c, 0x38, 0x2e, 0x8c, 0x3c, 0x38, 0x2e, 0x8c, 0x3c, 0x38, 0x2e, 0x8c,
    0x3c, 0x38, 0x2e, 0x8c, 0x3c, 0x38, 0x2e, 0x8c, 0x3c, 0x38, 0x2e, 0x8c, 0x3c, 0x38, 0x2e, 0x8c,
    0x3c, 0x38, 0x2e, 0x8c, 0x3c, 0x38, 0x2e, 0x8c, 0x3c, 0x38, 0x2e, 0x8c, 0x3c, 0x38, 0x2e, 0x8c,
    0x3c, 0x38, 0x2e, 0x8c, 0x3c, 0x38, 0x2e, 0x8c, 0x3c, 0x38, 0x2e, 0x8c, 0x3c, 0x38, 0x2e, 0x8c,
    0x3c, 0x38, 0x2e, 0x8c, 0x3c, 0x38, 0x2e, 0x8c, 0x3c, 0x38, 0x2e, 0x8c, 0x3c, 0x38, 0x2e, 0x8c,
    0x3c, 0x38, 0x2e, 0x8c, 0x3c, 0x38, 0x2e, 0x8c, 0x3c, 0x38, 0x2e, 0x8c, 0x3c, 0x38, 0x2e, 0x8c,
    0x3c, 0x38, 0x2e, 0x8c, 0x3c, 0x38, 0x2e, 0x8c, 0x3c, 0x38, 0x2e, 0x8c, 0x3c, 0x38, 0x2e, 0x8c,
    0x3c, 0x38, 0x2e, 0x8c, 0x3c, 0x38, 0x2e, 0x8c, 0x3c, 0x38, 0x2e, 0x8c, 0xaa, 0xc6, 0xd3, 0x14,
    0xaa, 0xc6, 0xd3, 0x13, 0x3c, 0x38, 0x2e, 0x8c, 0x3c, 0x38, 0x2e, 0x8c, 0x3c, 0x38, 0x2e, 0x8c,
    0x3c, 0x38, 0x2e, 0x8c, 0x3c, 0x38, 0x2e, 0x8c, 0x3c, 0x38, 0x2e, 0x8c, 0x3c, 0x38, 0x2e, 0x8c,
    0x3c, 0x38, 0x2e, 0x8c, 0x3c, 0x38, 0x2e, 0x8c, 0x3c, 0x38, 0x2e, 0x8c, 0x3c, 0x38, 0x2e, 0x8c,
    0x3c, 0x38, 0x2e, 0x8c, 0x3c, 0x38, 0x2e, 0x8c, 0x3c, 0x38, 0x2e, 0x8c, 0x3c, 0x38, 0x2e, 0x8c,
    0x3c, 0x38, 0x2e, 0x8c, 0x3c, 0x38, 0x2e, 0x8c, 0x3c, 0x38, 0x2e, 0x8c, 0x3c, 0x38, 0x2e, 0x8c,
    0x3c, 0x38, 0x2e, 0x8c, 0x3c, 0x38, 0x2e, 0x8c, 0x3c, 0x38, 0x2e, 0x8c, 0x3c, 0x38, 0x2e, 0x8c,
    0x3c, 0x38, 0x2e, 0x8c, 0x3c, 0x38, 0x2e, 0x8c, 0x3c, 0x38, 0x2e, 0x8c, 0x3c, 0x38, 0x2e, 0x8c,
    0x3c, 0x38, 0x2e, 0x8c, 0x3c, 0x38, 0x2e, 0x8c, 0x3c, 0x38, 0x2e, 0x8c, 0x3c, 0x38, 0x2e, 0x8c,
    0x3c, 0x38, 0x2e, 0x8c, 0x3c, 0x38, 0x2e, 0x8c, 0x3c, 0x38, 0x2e, 0x8c, 0x3c, 0x38, 0x2e, 0x8c,
    0x3c, 0x38, 0x2e, 0x8c, 0x3c, 0x38, 0x2e, 0x8c, 0x3c, 0x38, 0x2e, 0x8c, 0x3c, 0x38, 0x2e, 0x8c,
    0x3c, 0x38, 0x2e, 0x8c, 0x3c, 0x38, 0x2e, 0x8c, 0x3c, 0x38, 0x2e, 0x8c, 0x3c, 0x38, 0x2e, 0x8c,
    0x3c, 0x38, 0x2e, 0x8c, 0x3c, 0x38, 0x2e, 0x8c, 0x3c, 0x38, 0x2e, 0x8c, 0x3c, 0x38, 0x2e, 0x8c,
    0x3c, 0x38, 0x2e, 0x8c, 0x3c, 0x38, 0x2e, 0x8c, 0x3c, 0x38, 0x2e, 0x8c, 0x3c, 0x38, 0x2e, 0x8c,
    0x3c, 0x38, 0x2e, 0x8c, 0x3c, 0x38, 0x2e, 0x8c, 0x3c, 0x38, 0x2e, 0x8c, 0x3c, 0x38, 0x2e, 0x8c,
    0x3c, 0x38, 0x2e, 0x8c, 0x3c, 0x38, 0x2e, 0x8c, 0x3c, 0x38, 0x2e, 0x8c, 0x3c, 0x38, 0x2e, 0x8c,
    0x3c, 0x38, 0x2e, 0x8c, 0x3c, 0x38, 0x2e, 0x8c, 0x3c, 0x38, 0x2e, 0x8c, 0x3c, 0x38, 0x2e, 0x8c,
    0x3c, 0x38, 0x2e, 0x8c, 0x3c, 0x38, 0x2e, 0x8c, 0x3c, 0x38, 0x2e, 0x8c, 0x3c, 0x38, 0x2e, 0x8c,
    0x3c, 0x38, 0x2e, 0x8c, 0x3c, 0x38, 0x2e, 0x8c, 0x3c, 0x38, 0x2e, 0x8c, 0x3c, 0x38, 0x2e, 0x8c,
    0x3c, 0x38, 0x2e, 0x8c, 0x3c, 0x38, 0x2e, 0x8c, 0x3c, 0x38, 0x2e, 0x8c, 0x3c, 0x38, 0x2e, 0x8c,
    0x3c, 0x38, 0x2e, 0x8c, 0x3c, 0x38, 0x2e, 0x8c, 0x3c, 0x38, 0x2e, 0x8c, 0xaa, 0xc6, 0xd3, 0x13,
    0xaa, 0xc6, 0xd3, 0x12, 0x3c, 0x38, 0x2e, 0x8c, 0x3c, 0x38, 0x2e, 0x8c, 0x3c, 0x38, 0x2e, 0x8c,
    0x3c, 0x38, 0x2e, 0x8c, 0x3c, 0x38, 0x2e, 0x8c, 0x3c, 0x38, 0x2e, 0x8c, 0x3c, 0x38, 0x2e, 0x8c,
    0x3c, 0x38, 0x2e, 0x8c, 0x3c, 0x38, 0x2e, 0x8c, 0x3c, 0x38, 0x2e, 0x8c, 0x3c, 0x38, 0x2e, 0x8c,
    0x3c, 0x38, 0x2e, 0x8c, 0x3c, 0x38, 0x2e, 0x8c, 0x3c, 0x38, 0x2e, 0x8c, 0x3c, 0x38, 0x2e, 0x8c,
    0x3c, 0x38, 0x2e, 0x8c, 0x3c, 0x38, 0x2e, 0x8c, 0x3c, 0x38, 0x2e, 0x8c, 0x3c, 0x38, 0x2e, 0x8c,
    0x3c, 0x38, 0x2e, 0x8c, 0x3c, 0x38, 0x2e, 0x8c, 0x3c, 0x38, 0x2e, 0x8c, 0x3c, 0x38, 0x2e, 0x8c,
    0x3c, 0x38, 0x2e, 0x8c, 0x3c, 0x38, 0x2e, 0x8c, 0x3c, 0x38, 0x2e, 0x8c, 0x3c, 0x38, 0x2e, 0x8c,
    0x3c, 0x38, 0x2e, 0x8c, 0x3c, 0x38, 0x2e, 0x8c, 0x3c, 0x38, 0x2e, 0x8c, 0x3c, 0x38, 0x2e, 0x8c,
    0x3c, 0x38, 0x2e, 0x8c, 0x3c, 0x38, 0x2e, 0x8c, 0x3c, 0x38, 0x2e, 0x8c, 0x3c, 0x38, 0x2e, 0x8c,
    0x3c, 0x38, 0x2e, 0x8c, 0x3c, 0x38, 0x2e, 0x8c, 0x3c, 0x38, 0x2e, 0x8c, 0x3c, 0x38, 0x2e, 0x8c,
    0x3c, 0x38, 0x2e, 0x8c, 0x3c, 0x38, 0x2e, 0x8c, 0x3c, 0x38, 0x2e, 0x8c, 0x3c, 0x38, 0x2e, 0x8c,
    0x3c, 0x38, 0x2e, 0x8c, 0x3c, 0x38, 0x2e, 0x8c, 0x3c, 0x38, 0x2e, 0x8c, 0x3c, 0x38, 0x2e, 0x8c,
    0x3c, 0x38, 0x2e, 0x8c, 0x3c, 0x38, 0x2e, 0x8c, 0x3c, 0x38, 0x2e, 0x8c, 0x3c, 0x38, 0x2e, 0x8c,
    0x3c, 0x38, 0x2e, 0x8c, 0x3c, 0x38, 0x2e, 0x8c, 0x3c, 0x38, 0x2e, 0x8c, 0x3c, 0x38, 0x2e, 0x8c,
    0x3c, 0x38, 0x2e, 0x8c, 0x3c, 0x38, 0x2e, 0x8c, 0x3c, 0x38, 0x2e, 0x8c, 0x3c, 0x38, 0x2e, 0x8c,
    0x3c, 0x38, 0x2e, 0x8c, 0x3c, 0x38, 0x2e, 0x8c, 0x3c, 0x38, 0x2e, 0x8c, 0x3c, 0x38, 0x2e, 0x8c,
    0x3c, 0x38, 0x2e, 0x8c, 0x3c, 0x38, 0x2e, 0x8c, 0x3c, 0x38, 0x2e, 0x8c, 0x3c, 0x38, 0x2e, 0x8c,
    0x3c, 0x38, 0x2e, 0x8c, 0x3c, 0x38, 0x2e, 0x8c, 0x3c, 0x38, 0x2e, 0x8c, 0x3c, 0x38, 0x2e, 0x8c,
    0x3c, 0x38, 0x2e, 0x8c, 0x3c, 0x38, 0x2e, 0x8c, 0x3c, 0x38, 0x2e, 0x8c, 0x3c, 0x38, 0x2e, 0x8c,
    0x3c, 0x38, 0x2e, 0x8c, 0x3c, 0x38, 0x2e, 0x8c, 0x3c, 0x38, 0x2e, 0x8c, 0xaa, 0xc6, 0xd3, 0x12,
    0xaa, 0xc6, 0xd3, 0x0f, 0x3c, 0x38, 0x2e, 0x8c, 0x3c, 0x38, 0x2e, 0x8c, 0x3c, 0x38, 0x2e, 0x8c,
    0x3c, 0x38, 0x2e, 0x8c, 0x3c, 0x38, 0x2e, 0x8c, 0x3c, 0x38, 0x2e, 0x8c, 0x3c, 0x38, 0x2e, 0x8c,
    0x3c, 0x38, 0x2e, 0x8c, 0x3c, 0x38, 0x2e, 0x8c, 0x3c, 0x38, 0x2e, 0x8c, 0x3c, 0x38, 0x2e, 0x8c,
    0x3c, 0x38, 0x2e, 0x8c, 0x3c, 0x38, 0x2e, 0x8c, 0x3c, 0x38, 0x2e, 0x8c, 0x3c, 0x38, 0x2e, 0x8c,
    0x3c, 0x38, 0x2e, 0x8c, 0x3c, 0x38, 0x2e, 0x8c, 0x3c, 0x38, 0x2e, 0x8c, 0x3c, 0x38, 0x2e, 0x8c,
    0x3c, 0x38, 0x2e, 0x8c, 0x3c, 0x38, 0x2e, 0x8c, 0x3c, 0x38, 0x2e, 0x8c, 0x3c, 0x38, 0x2e, 0x8c,
    0x3c, 0x38, 0x2e, 0x8c, 0x3c, 0x38, 0x2e, 0x8c, 0x3c, 0x38, 0x2e, 0x8c, 0x3c, 0x38, 0x2e, 0x8c,
    0x3c, 0x38, 0x2e, 0x8c, 0x3c, 0x38, 0x2e, 0x8c, 0x3c, 0x38, 0x2e, 0x8c, 0x3c, 0x38, 0x2e, 0x8c,
    0x3c, 0x38, 0x2e, 0x8c, 0x3c, 0x38, 0x2e, 0x8c, 0x3c, 0x38, 0x2e, 0x8c, 0x3c, 0x38, 0x2e, 0x8c,
    0x3c, 0x38, 0x2e, 0x8c, 0x3c, 0x38, 0x2e, 0x8c, 0x3c, 0x38, 0x2e, 0x8c, 0x3c, 0x38, 0x2e, 0x8c,
    0x3c, 0x38, 0x2e, 0x8c, 0x3c, 0x38, 0x2e, 0x8c, 0x3c, 0x38, 0x2e, 0x8c, 0x3c, 0x38, 0x2e, 0x8c,
    0x3c, 0x38, 0x2e, 0x8c, 0x3c, 0x38, 0x2e, 0x8c, 0x3c, 0x38, 0x2e, 0x8c, 0x3c, 0x38, 0x2e, 0x8c,
    0x3c, 0x38, 0x2e, 0x8c, 0x3c, 0x38, 0x2e, 0x8c, 0x3c, 0x38, 0x2e, 0x8c, 0x3c, 0x38, 0x2e, 0x8c,
    0x3c, 0x38, 0x2e, 0x8c, 0x3c, 0x38, 0x2e, 0x8c, 0x3c, 0x38, 0x2e, 0x8c, 0x3c, 0x38, 0x2e, 0x8c,
    0x3c, 0x38, 0x2e, 0x8c, 0x3c, 0x38, 0x2e, 0x8c, 0x3c, 0x38, 0x2e, 0x8c, 0x3c, 0x38, 0x2e, 0x8c,
    0x3c, 0x38, 0x2e, 0x8c, 0x3c, 0x38, 0x2e, 0x8c, 0x3c, 0x38, 0x2e, 0x8c, 0x3c, 0x38, 0x2e, 0x8c,
    0x3c, 0x38, 0x2e, 0x8c, 0x3c, 0x38, 0x2e, 0x8c, 0x3c, 0x38, 0x2e, 0x8c, 0x3c, 0x38, 0x2e, 0x8c,
    0x3c, 0x38, 0x2e, 0x8c, 0x3c, 0x38, 0x2e, 0x8c, 0x3c, 0x38, 0x2e, 0x8c, 0x3c, 0x38, 0x2e, 0x8c,
    0x3c, 0x38, 0x2e, 0x8c, 0x3c, 0x38, 0x2e, 0x8c, 0x3c, 0x38, 0x2e, 0x8c, 0x3c, 0x38, 0x2e, 0x8c,
    0x3c, 0x38, 0x2e, 0x8c, 0x3c, 0x38, 0x2e, 0x8c, 0x3c, 0x38, 0x2e, 0x8c, 0xaa, 0xc6, 0xd3, 0x0f,
    0xaa, 0xc6, 0xd3, 0x0a, 0xaa, 0xc6, 0xd3, 0x14, 0x3c, 0x38, 0x2e, 0x8c, 0x3c, 0x38, 0x2e, 0x8c,
    0x3c, 0x38, 0x2e, 0x8c, 0x3c, 0x38, 0x2e, 0x8c, 0x3c, 0x38, 0x2e, 0x8c, 0x3c, 0x38, 0x2e, 0x8c,
    0x3c, 0x38, 0x2e, 0x8c, 0x3c, 0x38, 0x2e, 0x8c, 0x3c, 0x38, 0x2e, 0x8c, 0x3c, 0x38, 0x2e, 0x8c,
    0x3c, 0x38, 0x2e, 0x8c, 0x3c, 0x38, 0x2e, 0x8c, 0x3c, 0x38, 0x2e, 0x8c, 0x3c, 0x38, 0x2e, 0x8c,
    0x3c, 0x38, 0x2e, 0x8c, 0x3c, 0x38, 0x2e, 0x8c, 0x3c, 0x38, 0x2e, 0x8c, 0x3c, 0x38, 0x2e, 0x8c,
    0x3c, 0x38, 0x2e, 0x8c, 0x3c, 0x38, 0x2e, 0x8c, 0x3c, 0x38, 0x2e, 0x8c, 0x3c, 0x38, 0x2e, 0x8c,
    0x3c, 0x38, 0x2e, 0x8c, 0x3c, 0x38, 0x2e, 0x8c, 0x3c, 0x38, 0x2e, 0x8c, 0x3c, 0x38, 0x2e, 0x8c,
    0x3c, 0x38, 0x2e, 0x8c, 0x3c, 0x38, 0x2e, 0x8c, 0x3c, 0x38, 0x2e, 0x8c, 0x3c, 0x38, 0x2e, 0x8c,
    0x3c, 0x38, 0x2e, 0x8c, 0x3c, 0x38, 0x2e, 0x8c, 0x3c, 0x38, 0x2e, 0x8c, 0x3c, 0x38, 0x2e, 0x8c,
    0x3c, 0x38, 0x2e, 0x8c, 0x3c, 0x38, 0x2e, 0x8c, 0x3c, 0x38, 0x2e, 0x8c, 0x3c, 0x38, 0x2e, 0x8c,
    0x3c, 0x38, 0x2e, 0x8c, 0x3c, 0x38, 0x2e, 0x8c, 0x3c, 0x38, 0x2e, 0x8c, 0x3c, 0x38, 0x2e, 0x8c,
    0x3c, 0x38, 0x2e, 0x8c, 0x3c, 0x38, 0x2e, 0x8c, 0x3c, 0x38, 0x2e, 0x8c, 0x3c, 0x38, 0x2e, 0x8c,
    0x3c, 0x38, 0x2e, 0x8c, 0x3c, 0x38, 0x2e, 0x8c, 0x3c, 0x38, 0x2e, 0x8c, 0x3c, 0x38, 0x2e, 0x8c,
    0x3c, 0x38, 0x2e, 0x8c, 0x3c, 0x38, 0x2e, 0x8c, 0x3c, 0x38, 0x2e, 0x8c, 0x3c, 0x38, 0x2e, 0x8c,
    0x3c, 0x38, 0x2e, 0x8c, 0x3c, 0x38, 0x2e, 0x8c, 0x3c, 0x38, 0x2e, 0x8c, 0x3c, 0x38, 0x2e, 0x8c,
    0x3c, 0x38, 0x2e, 0x8c, 0x3c, 0x38, 0x2e, 0x8c, 0x3c, 0x38, 0x2e, 0x8c, 0x3c, 0x38, 0x2e, 0x8c,
    0x3c, 0x38, 0x2e, 0x8c, 0x3c, 0x38, 0x2e, 0x8c, 0x3c, 0x38, 0x2e, 0x8c, 0x3c, 0x38, 0x2e, 0x8c,
    0x3c, 0x38, 0x2e, 0x8c, 0x3c, 0x38, 0x2e, 0x8c, 0x3c, 0x38, 0x2e, 0x8c, 0x3c, 0x38, 0x2e, 0x8c,
    0x3c, 0x38, 0x2e, 0x8c, 0x3c, 0x38, 0x2e, 0x8c, 0x3c, 0x38, 0x2e, 0x8c, 0x3c, 0x38, 0x2e, 0x8c,
    0x3c, 0x38, 0x2e, 0x8c, 0x3c, 0x38, 0x2e, 0x8c, 0xaa, 0xc6, 0xd3, 0x14, 0xaa, 0xc6, 0xd3, 0x0a,
    0xaa, 0xc6, 0xd3, 0x04, 0xaa, 0xc6, 0xd3, 0x14, 0x3c, 0x38, 0x2e, 0x8c, 0x3c, 0x38, 0x2e, 0x8c,
    0x3c, 0x38, 0x2e, 0x8c, 0x3c, 0x38, 0x2e, 0x8c, 0x3c, 0x38, 0x2e, 0x8c, 0x3c, 0x38, 0x2e, 0x8c,
    0x3c, 0x38, 0x2e, 0x8c, 0x3c, 0x38, 0x2e, 0x8c, 0x3c, 0x38, 0x2e, 0x8c, 0x3c, 0x38, 0x2e, 0x8c,
    0x3c, 0x38, 0x2e, 0x8c, 0x3c, 0x38, 0x2e, 0x8c, 0x3c, 0x38, 0x2e, 0x8c, 0x3c, 0x38, 0x2e, 0x8c,
    0x3c, 0x38, 0x2e, 0x8c, 0x3c, 0x38, 0x2e, 0x8c, 0x3c, 0x38, 0x2e, 0x8c, 0x3c, 0x38, 0x2e, 0x8c,
    0x3c, 0x38, 0x2e, 0x8c, 0x3c, 0x38, 0x2e, 0x8c, 0x3c, 0x38, 0x2e, 0x8c, 0x3c, 0x38, 0x2e, 0x8c,
    0x3c, 0x38, 0x2e, 0x8c, 0x3c, 0x38, 0x2e, 0x8c, 0x3c, 0x38, 0x2e, 0x8c, 0x3c, 0x38, 0x2e, 0x8c,
    0x3c, 0x38, 0x2e, 0x8c, 0x3c, 0x38, 0x2e, 0x8c, 0x3c, 0x38, 0x2e, 0x8c, 0x3c, 0x38, 0x2e, 0x8c,
    0x3c, 0x38, 0x2e, 0x8c, 0x3c, 0x38, 0x2e, 0x8c, 0x3c, 0x38, 0x2e, 0x8c, 0x3c, 0x38, 0x2e, 0x8c,
    0x3c, 0x38, 0x2e, 0x8c, 0x3c, 0x38, 0x2e, 0x8c, 0x3c, 0x38, 0x2e, 0x8c, 0x3c, 0x38, 0x2e, 0x8c,
    0x3c, 0x38, 0x2e, 0x8c, 0x3c, 0x38, 0x2e, 0x8c, 0x3c, 0x38, 0x2e, 0x8c, 0x3c, 0x38, 0x2e, 0x8c,
    0x3c, 0x38, 0x2e, 0x8c, 0x3c, 0x38, 0x2e, 0x8c, 0x3c, 0x38, 0x2e, 0x8c, 0x3c, 0x38, 0x2e, 0x8c,
    0x3c, 0x38, 0x2e, 0x8c, 0x3c, 0x38, 0x2e, 0x8c, 0x3c, 0x38, 0x2e, 0x8c, 0x3c, 0x38, 0x2e, 0x8c,
    0x3c, 0x38, 0x2e, 0x8c, 0x3c, 0x38, 0x2e, 0x8c, 0x3c, 0x38, 0x2e, 0x8c, 0x3c, 0x38, 0x2e, 0x8c,
    0x3c, 0x38, 0x2e, 0x8c, 0x3c, 0x38, 0x2e, 0x8c, 0x3c, 0x38, 0x2e, 0x8c, 0x3c, 0x38, 0x2e, 0x8c,
    0x3c, 0x38, 0x2e, 0x8c, 0x3c, 0x38, 0x2e, 0x8c, 0x3c, 0x38, 0x2e, 0x8c, 0x3c, 0x38, 0x2e, 0x8c,
    0x3c, 0x38, 0x2e, 0x8c, 0x3c, 0x38, 0x2e, 0x8c, 0x3c, 0x38, 0x2e, 0x8c, 0x3c, 0x38, 0x2e, 0x8c,
    0x3c, 0x38, 0x2e, 0x8c, 0x3c, 0x38, 0x2e, 0x8c, 0x3c, 0x38, 0x2e, 0x8c, 0x3c, 0x38, 0x2e, 0x8c,
    0x3c, 0x38, 0x2e, 0x8c, 0x3c, 0x38, 0x2e, 0x8c, 0x3c, 0x38, 0x2e, 0x8c, 0x3c, 0x38, 0x2e, 0x8c,
    0x3c, 0x38, 0x2e, 0x8c, 0x3c, 0x38, 0x2e, 0x8c, 0xaa, 0xc6, 0xd3, 0x14, 0xaa, 0xc6, 0xd3, 0x04,
    0x00, 0x00, 0x00, 0x00, 0xaa, 0xc6, 0xd3, 0x0f, 0x3c, 0x38, 0x2e, 0x8c, 0x3c, 0x38, 0x2e, 0x8c,
    0x3c, 0x38, 0x2e, 0x8c, 0x3c, 0x38, 0x2e, 0x8c, 0x3c, 0x38, 0x2e, 0x8c, 0x3c, 0x38, 0x2e, 0x8c,
    0x3c, 0x38, 0x2e, 0x8c, 0x3c, 0x38, 0x2e, 0x8c, 0x3c, 0x38, 0x2e, 0x8c, 0x3c, 0x38, 0x2e, 0x8c,
    0x3c, 0x38, 0x2e, 0x8c, 0x3c, 0x38, 0x2e, 0x8c, 0x3c, 0x38, 0x2e, 0x8c, 0x3c, 0x38, 0x2e, 0x8c,
    0x3c, 0x38, 0x2e, 0x8c, 0x3c, 0x38, 0x2e, 0x8c, 0x3c, 0x38, 0x2e, 0x8c, 0x3c, 0x38, 0x2e, 0x8c,
    0x3c, 0x38, 0x2e, 0x8c, 0x3c, 0x38, 0x2e, 0x8c, 0x3c, 0x38, 0x2e, 0x8c, 0x3c, 0x38, 0x2e, 0x8c,
    0x3c, 0x38, 0x2e, 0x8c, 0x3c, 0x38, 0x2e, 0x8c, 0x3c, 0x38, 0x2e, 0x8c, 0x3c, 0x38, 0x2e, 0x8c,
    0x3c, 0x38, 0x2e, 0x8c, 0x3c, 0x38, 0x2e, 0x8c, 0x3c, 0x38, 0x2e, 0x8c, 0x3c, 0x38, 0x2e, 0x8c,
    0x3c, 0x38, 0x2e, 0x8c, 0x3c, 0x38, 0x2e, 0x8c, 0x3c, 0x38, 0x2e, 0x8c, 0x3c, 0x38, 0x2e, 0x8c,
    0x3c, 0x38, 0x2e, 0x8c, 0x3c, 0x38, 0x2e, 0x8c, 0x3c, 0x38, 0x2e, 0x8c, 0x3c, 0x38, 0x2e, 0x8c,
    0x3c, 0x38, 0x2e, 0x8c, 0x3c, 0x38, 0x2e, 0x8c, 0x3c, 0x38, 0x2e, 0x8c, 0x3c, 0x38, 0x2e, 0x8c,
    0x3c, 0x38, 0x2e, 0x8c, 0x3c, 0x38, 0x2e, 0x8c, 0x3c, 0x38, 0x2e, 0x8c, 0x3c, 0x38, 0x2e, 0x8c,
    0x3c, 0x38, 0x2e, 0x8c, 0x3c, 0x38, 0x2e, 0x8c, 0x3c, 0x38, 0x2e, 0x8c, 0x3c, 0x38, 0x2e, 0x8c,
    0x3c, 0x38, 0x2e, 0x8c, 0x3c, 0x38, 0x2e, 0x8c, 0x3c, 0x38, 0x2e, 0x8c, 0x3c, 0x38, 0x2e, 0x8c,
    0x3c, 0x38, 0x2e, 0x8c, 0x3c, 0x38, 0x2e, 0x8c, 0x3c, 0x38, 0x2e, 0x8c, 0x3c, 0x38, 0x2e, 0x8c,
    0x3c, 0x38, 0x2e, 0x8c, 0x3c, 0x38, 0x2e, 0x8c, 0x3c, 0x38, 0x2e, 0x8c, 0x3c, 0x38, 0x2e, 0x8c,
    0x3c, 0x38, 0x2e, 0x8c, 0x3c, 0x38, 0x2e, 0x8c, 0x3c, 0x38, 0x2e, 0x8c, 0x3c, 0x38, 0x2e, 0x8c,
    0x3c, 0x38, 0x2e, 0x8c, 0x3c, 0x38, 0x2e, 0x8c, 0x3c, 0x38, 0x2e, 0x8c, 0x3c, 0x38, 0x2e, 0x8c,
    0x3c, 0x38, 0x2e, 0x8c, 0x3c, 0x38, 0x2e, 0x8c, 0x3c, 0x38, 0x2e, 0x8c, 0x3c, 0x38, 0x2e, 0x8c,
    0x3c, 0x38, 0x2e, 0x8c, 0x3c, 0x38, 0x2e, 0x8c, 0xaa, 0xc6, 0xd3, 0x0f, 0x00, 0x00, 0x00, 0x00,
    0x00, 0x00, 0x00, 0x00, 0xaa, 0xc6, 0xd3, 0x05, 0xaa, 0xc6, 0xd3, 0x14, 0x3c, 0x38, 0x2e, 0x8c,
    0x3c, 0x38, 0x2e, 0x8c, 0x3c, 0x38, 0x2e, 0x8c, 0x3c, 0x38, 0x2e, 0x8c, 0x3c, 0x38, 0x2e, 0x8c,
    0x3c, 0x38, 0x2e, 0x8c, 0x3c, 0x38, 0x2e, 0x8c, 0x3c, 0x38, 0x2e, 0x8c, 0x3c, 0x38, 0x2e, 0x8c,
    0x3c, 0x38, 0x2e, 0x8c, 0x3c, 0x38, 0x2e, 0x8c, 0x3c, 0x38, 0x2e, 0x8c, 0x3c, 0x38, 0x2e, 0x8c,
    0x3c, 0x38, 0x2e, 0x8c, 0x3c, 0x38, 0x2e, 0x8c, 0x3c, 0x38, 0x2e, 0x8c, 0x3c, 0x38, 0x2e, 0x8c,
    0x3c, 0x38, 0x2e, 0x8c, 0x3c, 0x38, 0x2e, 0x8c, 0x3c, 0x38, 0x2e, 0x8c, 0x3c, 0x38, 0x2e, 0x8c,
    0x3c, 0x38, 0x2e, 0x8c, 0x3c, 0x38, 0x2e, 0x8c, 0x3c, 0x38, 0x2e, 0x8c, 0x3c, 0x38, 0x2e, 0x8c,
    0x3c, 0x38, 0x2e, 0x8c, 0x3c, 0x38, 0x2e, 0x8c, 0x3c, 0x38, 0x2e, 0x8c, 0x3c, 0x38, 0x2e, 0x8c,
    0x3c, 0x38, 0x2e, 0x8c, 0x3c, 0x38, 0x2e, 0x8c, 0x3c, 0x38, 0x2e, 0x8c, 0x3c, 0x38, 0x2e, 0x8c,
    0x3c, 0x38, 0x2e, 0x8c, 0x3c, 0x38, 0x2e, 0x8c, 0x3c, 0x38, 0x2e, 0x8c, 0x3c, 0x38, 0x2e, 0x8c,
    0x3c, 0x38, 0x2e, 0x8c, 0x3c, 0x38, 0x2e, 0x8c, 0x3c, 0x38, 0x2e, 0x8c, 0x3c, 0x38, 0x2e, 0x8c,
    0x3c, 0x38, 0x2e, 0x8c, 0x3c, 0x38, 0x2e, 0x8c, 0x3c, 0x38, 0x2e, 0x8c, 0x3c, 0x38, 0x2e, 0x8c,
    0x3c, 0x38, 0x2e, 0x8c, 0x3c, 0x38, 0x2e, 0x8c, 0x3c, 0x38, 0x2e, 0x8c, 0x3c, 0x38, 0x2e, 0x8c,
    0x3c, 0x38, 0x2e, 0x8c, 0x3c, 0x38, 0x2e, 0x8c, 0x3c, 0x38, 0x2e, 0x8c, 0x3c, 0x38, 0x2e, 0x8c,
    0x3c, 0x38, 0x2e, 0x8c, 0x3c, 0x38, 0x2e, 0x8c, 0x3c, 0x38, 0x2e, 0x8c, 0x3c, 0x38, 0x2e, 0x8c,
    0x3c, 0x38, 0x2e, 0x8c, 0x3c, 0x38, 0x2e, 0x8c, 0x3c, 0x38, 0x2e, 0x8c, 0x3c, 0x38, 0x2e, 0x8c,
    0x3c, 0x38, 0x2e, 0x8c, 0x3c, 0x38, 0x2e, 0x8c, 0x3c, 0x38, 0x2e, 0x8c, 0x3c, 0x38, 0x2e, 0x8c,
    0x3c, 0x38, 0x2e, 0x8c, 0x3c, 0x38, 0x2e, 0x8c, 0x3c, 0x38, 0x2e, 0x8c, 0x3c, 0x38, 0x2e, 0x8c,
    0x3c, 0x38, 0x2e, 0x8c, 0x3c, 0x38, 0x2e, 0x8c, 0x3c, 0x38, 0x2e, 0x8c, 0x3c, 0x38, 0x2e, 0x8c,
    0x3c, 0x38, 0x2e, 0x8c, 0xaa, 0xc6, 0xd3, 0x14, 0xaa, 0xc6, 0xd3, 0x05, 0x00, 0x00, 0x00, 0x00,
    0x00, 0x00, 0x00, 0x00, 0x00, 0x00, 0x00, 0x00, 0xaa, 0xc6, 0xd3, 0x0b, 0xaa, 0xc6, 0xd3, 0x14,
    0x3c, 0x38, 0x2e, 0x8c, 0x3c, 0x38, 0x2e, 0x8c, 0x3c, 0x38, 0x2e, 0x8c, 0x3c, 0x38, 0x2e, 0x8c,
    0x3c, 0x38, 0x2e, 0x8c, 0x3c, 0x38, 0x2e, 0x8c, 0x3c, 0x38, 0x2e, 0x8c, 0x3c, 0x38, 0x2e, 0x8c,
    0x3c, 0x38, 0x2e, 0x8c, 0x3c, 0x38, 0x2e, 0x8c, 0x3c, 0x38, 0x2e, 0x8c, 0x3c, 0x38, 0x2e, 0x8c,
    0x3c, 0x38, 0x2e, 0x8c, 0x3c, 0x38, 0x2e, 0x8c, 0x3c, 0x38, 0x2e, 0x8c, 0x3c, 0x38, 0x2e, 0x8c,
    0x3c, 0x38, 0x2e, 0x8c, 0x3c, 0x38, 0x2e, 0x8c, 0x3c, 0x38, 0x2e, 0x8c, 0x3c, 0x38, 0x2e, 0x8c,
    0x3c, 0x38, 0x2e, 0x8c, 0x3c, 0x38, 0x2e, 0x8c, 0x3c, 0x38, 0x2e, 0x8c, 0x3c, 0x38, 0x2e, 0x8c,
    0x3c, 0x38, 0x2e, 0x8c, 0x3c, 0x38, 0x2e, 0x8c, 0x3c, 0x38, 0x2e, 0x8c, 0x3c, 0x38, 0x2e, 0x8c,
    0x3c, 0x38, 0x2e, 0x8c, 0x3c, 0x38, 0x2e, 0x8c, 0x3c, 0x38, 0x2e, 0x8c, 0x3c, 0x38, 0x2e, 0x8c,
    0x3c, 0x38, 0x2e, 0x8c, 0x3c, 0x38, 0x2e, 0x8c, 0x3c, 0x38, 0x2e, 0x8c, 0x3c, 0x38, 0x2e, 0x8c,
    0x3c, 0x38, 0x2e, 0x8c, 0x3c, 0x38, 0x2e, 0x8c, 0x3c, 0x38, 0x2e, 0x8c, 0x3c, 0x38, 0x2e, 0x8c,
    0x3c, 0x38, 0x2e, 0x8c, 0x3c, 0x38, 0x2e, 0x8c, 0x3c, 0x38, 0x2e, 0x8c, 0x3c, 0x38, 0x2e, 0x8c,
    0x3c, 0x38, 0x2e, 0x8c, 0x3c, 0x38, 0x2e, 0x8c, 0x3c, 0x38, 0x2e, 0x8c, 0x3c, 0x38, 0x2e, 0x8c,
    0x3c, 0x38, 0x2e, 0x8c, 0x3c, 0x38, 0x2e, 0x8c, 0x3c, 0x38, 0x2e, 0x8c, 0x3c, 0x38, 0x2e, 0x8c,
    0x3c, 0x38, 0x2e, 0x8c, 0x3c, 0x38, 0x2e, 0x8c, 0x3c, 0x38, 0x2e, 0x8c, 0x3c, 0x38, 0x2e, 0x8c,
    0x3c, 0x38, 0x2e, 0x8c, 0x3c, 0x38, 0x2e, 0x8c, 0x3c, 0x38, 0x2e, 0x8c, 0x3c, 0x38, 0x2e, 0x8c,
    0x3c, 0x38, 0x2e, 0x8c, 0x3c, 0x38, 0x2e, 0x8c, 0x3c, 0x38, 0x2e, 0x8c, 0x3c, 0x38, 0x2e, 0x8c,
    0x3c, 0x38, 0x2e, 0x8c, 0x3c, 0x38, 0x2e, 0x8c, 0x3c, 0x38, 0x2e, 0x8c, 0x3c, 0x38, 0x2e, 0x8c,
    0x3c, 0x38, 0x2e, 0x8c, 0x3c, 0x38, 0x2e, 0x8c, 0x3c, 0x38, 0x2e, 0x8c, 0x3c, 0x38, 0x2e, 0x8c,
    0xaa, 0xc6, 0xd3, 0x14, 0xaa, 0xc6, 0xd3, 0x0b, 0x00, 0x00, 0x00, 0x00, 0x00, 0x00, 0x00, 0x00,
    0x00, 0x00, 0x00, 0x00, 0x00, 0x00, 0x00, 0x00, 0x00, 0x00, 0x00, 0x00, 0xaa, 0xc6, 0xd3, 0x0f,
    0xaa, 0xc6, 0xd3, 0x14, 0x3c, 0x38, 0x2e, 0x8c, 0x3c, 0x38, 0x2e, 0x8c, 0x3c, 0x38, 0x2e, 0x8c,
    0x3c, 0x38, 0x2e, 0x8c, 0x3c, 0x38, 0x2e, 0x8c, 0x3c, 0x38, 0x2e, 0x8c, 0x3c, 0x38, 0x2e, 0x8c,
    0x3c, 0x38, 0x2e, 0x8c, 0x3c, 0x38, 0x2e, 0x8c, 0x3c, 0x38, 0x2e, 0x8c, 0x3c, 0x38, 0x2e, 0x8c,
    0x3c, 0x38, 0x2e, 0x8c, 0x3c, 0x38, 0x2e, 0x8c, 0x3c, 0x38, 0x2e, 0x8c, 0x3c, 0x38, 0x2e, 0x8c,
    0x3c, 0x38, 0x2e, 0x8c, 0x3c, 0x38, 0x2e, 0x8c, 0x3c, 0x38, 0x2e, 0x8c, 0x3c, 0x38, 0x2e, 0x8c,
    0x3c, 0x38, 0x2e, 0x8c, 0x3c, 0x38, 0x2e, 0x8c, 0x3c, 0x38, 0x2e, 0x8c, 0x3c, 0x38, 0x2e, 0x8c,
    0x3c, 0x38, 0x2e, 0x8c, 0x3c, 0x38, 0x2e, 0x8c, 0x3c, 0x38, 0x2e, 0x8c, 0x3c, 0x38, 0x2e, 0x8c,
    0x3c, 0x38, 0x2e, 0x8c, 0x3c, 0x38, 0x2e, 0x8c, 0x3c, 0x38, 0x2e, 0x8c, 0x3c, 0x38, 0x2e, 0x8c,
    0x3c, 0x38, 0x2e, 0x8c, 0x3c, 0x38, 0x2e, 0x8c, 0x3c, 0x38, 0x2e, 0x8c, 0x3c, 0x38, 0x2e, 0x8c,
    0x3c, 0x38, 0x2e, 0x8c, 0x3c, 0x38, 0x2e, 0x8c, 0x3c, 0x38, 0x2e, 0x8c, 0x3c, 0x38, 0x2e, 0x8c,
    0x3c, 0x38, 0x2e, 0x8c, 0x3c, 0x38, 0x2e, 0x8c, 0x3c, 0x38, 0x2e, 0x8c, 0x3c, 0x38, 0x2e, 0x8c,
    0x3c, 0x38, 0x2e, 0x8c, 0x3c, 0x38, 0x2e, 0x8c, 0x3c, 0x38, 0x2e, 0x8c, 0x3c, 0x38, 0x2e, 0x8c,
    0x3c, 0x38, 0x2e, 0x8c, 0x3c, 0x38, 0x2e, 0x8c, 0x3c, 0x38, 0x2e, 0x8c, 0x3c, 0x38, 0x2e, 0x8c,
    0x3c, 0x38, 0x2e, 0x8c, 0x3c, 0x38, 0x2e, 0x8c, 0x3c, 0x38, 0x2e, 0x8c, 0x3c, 0x38, 0x2e, 0x8c,
    0x3c, 0x38, 0x2e, 0x8c, 0x3c, 0x38, 0x2e, 0x8c, 0x3c, 0x38, 0x2e, 0x8c, 0x3c, 0x38, 0x2e, 0x8c,
    0x3c, 0x38, 0x2e, 0x8c, 0x3c, 0x38, 0x2e, 0x8c, 0x3c, 0x38, 0x2e, 0x8c, 0x3c, 0x38, 0x2e, 0x8c,
    0x3c, 0x38, 0x2e, 0x8c, 0x3c, 0x38, 0x2e, 0x8c, 0x3c, 0x38, 0x2e, 0x8c, 0x3c, 0x38, 0x2e, 0x8c,
    0x3c, 0x38, 0x2e, 0x8c, 0x3c, 0x38, 0x2e, 0x8c, 0x3c, 0x38, 0x2e, 0x8c, 0xaa, 0xc6, 0xd3, 0x14,
    0xaa, 0xc6, 0xd3, 0x0f, 0x00, 0x00, 0x00, 0x00, 0x00, 0x00, 0x00, 0x00, 0x00, 0x00, 0x00, 0x00,
    0x00, 0x00, 0x00, 0x00, 0x00, 0x00, 0x00, 0x00, 0x00, 0x00, 0x00, 0x00, 0xaa, 0xc6, 0xd3, 0x01,
    0xaa, 0xc6, 0xd3, 0x0f, 0xaa, 0xc6, 0xd3, 0x14, 0x3c, 0x38, 0x2e, 0x8c, 0x3c, 0x38, 0x2e, 0x8c,
    0x3c, 0x38, 0x2e, 0x8c, 0x3c, 0x38, 0x2e, 0x8c, 0x3c, 0x38, 0x2e, 0x8c, 0x3c, 0x38, 0x2e, 0x8c,
    0x3c, 0x38, 0x2e, 0x8c, 0x3c, 0x38, 0x2e, 0x8c, 0x3c, 0x38, 0x2e, 0x8c, 0x3c, 0x38, 0x2e, 0x8c,
    0x3c, 0x38, 0x2e, 0x8c, 0x3c, 0x38, 0x2e, 0x8c, 0x3c, 0x38, 0x2e, 0x8c, 0x3c, 0x38, 0x2e, 0x8c,
    0x3c, 0x38, 0x2e, 0x8c, 0x3c, 0x38, 0x2e, 0x8c, 0x3c, 0x38, 0x2e, 0x8c, 0x3c, 0x38, 0x2e, 0x8c,
    0x3c, 0x38, 0x2e, 0x8c, 0x3c, 0x38, 0x2e, 0x8c, 0x3c, 0x38, 0x2e, 0x8c, 0x3c, 0x38, 0x2e, 0x8c,
    0x3c, 0x38, 0x2e, 0x8c, 0x3c, 0x38, 0x2e, 0x8c, 0x3c, 0x38, 0x2e, 0x8c, 0x3c, 0x38, 0x2e, 0x8c,
    0x3c, 0x38, 0x2e, 0x8c, 0x3c, 0x38, 0x2e, 0x8c, 0x3c, 0x38, 0x2e, 0x8c, 0x3c, 0x38, 0x2e, 0x8c,
    0x3c, 0x38, 0x2e, 0x8c, 0x3c, 0x38, 0x2e, 0x8c, 0x3c, 0x38, 0x2e, 0x8c, 0x3c, 0x38, 0x2e, 0x8c,
    0x3c, 0x38, 0x2e, 0x8c, 0x3c, 0x38, 0x2e, 0x8c, 0x3c, 0x38, 0x2e, 0x8c, 0x3c, 0x38, 0x2e, 0x8c,
    0x3c, 0x38, 0x2e, 0x8c, 0x3c, 0x38, 0x2e, 0x8c, 0x3c, 0x38, 0x2e, 0x8c, 0x3c, 0x38, 0x2e, 0x8c,
    0x3c, 0x38, 0x2e, 0x8c, 0x3c, 0x38, 0x2e, 0x8c, 0x3c, 0x38, 0x2e, 0x8c, 0x3c, 0x38, 0x2e, 0x8c,
    0x3c, 0x38, 0x2e, 0x8c, 0x3c, 0x38, 0x2e, 0x8c, 0x3c, 0x38, 0x2e, 0x8c, 0x3c, 0x38, 0x2e, 0x8c,
    0x3c, 0x38, 0x2e, 0x8c, 0x3c, 0x38, 0x2e, 0x8c, 0x3c, 0x38, 0x2e, 0x8c, 0x3c, 0x38, 0x2e, 0x8c,
    0x3c, 0x38, 0x2e, 0x8c, 0x3c, 0x38, 0x2e, 0x8c, 0x3c, 0x38, 0x2e, 0x8c, 0x3c, 0x38, 0x2e, 0x8c,
    0x3c, 0x38, 0x2e, 0x8c, 0x3c, 0x38, 0x2e, 0x8c, 0x3c, 0x38, 0x2e, 0x8c, 0x3c, 0x38, 0x2e, 0x8c,
    0x3c, 0x38, 0x2e, 0x8c, 0x3c, 0x38, 0x2e, 0x8c, 0x3c, 0x38, 0x2e, 0x8c, 0x3c, 0x38, 0x2e, 0x8c,
    0x3c, 0x38, 0x2e, 0x8c, 0x3c, 0x38, 0x2e, 0x8c, 0xaa, 0xc6, 0xd3, 0x14, 0xaa, 0xc6, 0xd3, 0x0f,
    0xaa, 0xc6, 0xd3, 0x01, 0x00, 0x00, 0x00, 0x00, 0x00, 0x00, 0x00, 0x00, 0x00, 0x00, 0x00, 0x00,
    0x00, 0x00, 0x00, 0x00, 0x00, 0x00, 0x00, 0x00, 0x00, 0x00, 0x00, 0x00, 0x00, 0x00, 0x00, 0x00,
    0x00, 0x00, 0x00, 0x00, 0xaa, 0xc6, 0xd3, 0x0b, 0xaa, 0xc6, 0xd3, 0x14, 0x3c, 0x38, 0x2e, 0x8c,
    0x3c, 0x38, 0x2e, 0x8c, 0x3c, 0x38, 0x2e, 0x8c, 0x3c, 0x38, 0x2e, 0x8c, 0x3c, 0x38, 0x2e, 0x8c,
    0x3c, 0x38, 0x2e, 0x8c, 0x3c, 0x38, 0x2e, 0x8c, 0x3c, 0x38, 0x2e, 0x8c, 0x3c, 0x38, 0x2e, 0x8c,
    0x3c, 0x38, 0x2e, 0x8c, 0x3c, 0x38, 0x2e, 0x8c, 0x3c, 0x38, 0x2e, 0x8c, 0x3c, 0x38, 0x2e, 0x8c,
    0x3c, 0x38, 0x2e, 0x8c, 0x3c, 0x38, 0x2e, 0x8c, 0x3c, 0x38, 0x2e, 0x8c, 0x3c, 0x38, 0x2e, 0x8c,
    0x3c, 0x38, 0x2e, 0x8c, 0x3c, 0x38, 0x2e, 0x8c, 0x3c, 0x38, 0x2e, 0x8c, 0x3c, 0x38, 0x2e, 0x8c,
    0x3c, 0x38, 0x2e, 0x8c, 0x3c, 0x38, 0x2e, 0x8c, 0x3c, 0x38, 0x2e, 0x8c, 0x3c, 0x38, 0x2e, 0x8c,
    0x3c, 0x38, 0x2e, 0x8c, 0x3c, 0x38, 0x2e, 0x8c, 0x3c, 0x38, 0x2e, 0x8c, 0x3c, 0x38, 0x2e, 0x8c,
    0x3c, 0x38, 0x2e, 0x8c, 0x3c, 0x38, 0x2e, 0x8c, 0x3c, 0x38, 0x2e, 0x8c, 0x3c, 0x38, 0x2e, 0x8c,
    0x3c, 0x38, 0x2e, 0x8c, 0x3c, 0x38, 0x2e, 0x8c, 0x3c, 0x38, 0x2e, 0x8c, 0x3c, 0x38, 0x2e, 0x8c,
    0x3c, 0x38, 0x2e, 0x8c, 0x3c, 0x38, 0x2e, 0x8c, 0x3c, 0x38, 0x2e, 0x8c, 0x3c, 0x38, 0x2e, 0x8c,
    0x3c, 0x38, 0x2e, 0x8c, 0x3c, 0x38, 0x2e, 0x8c, 0x3c, 0x38, 0x2e, 0x8c, 0x3c, 0x38, 0x2e, 0x8c,
    0x3c, 0x38, 0x2e, 0x8c, 0x3c, 0x38, 0x2e, 0x8c, 0x3c, 0x38, 0x2e, 0x8c, 0x3c, 0x38, 0x2e, 0x8c,
    0x3c, 0x38, 0x2e, 0x8c, 0x3c, 0x38, 0x2e, 0x8c, 0x3c, 0x38, 0x2e, 0x8c, 0x3c, 0x38, 0x2e, 0x8c,
    0x3c, 0x38, 0x2e, 0x8c, 0x3c, 0x38, 0x2e, 0x8c, 0x3c, 0x38, 0x2e, 0x8c, 0x3c, 0x38, 0x2e, 0x8c,
    0x3c, 0x38, 0x2e, 0x8c, 0x3c, 0x38, 0x2e, 0x8c, 0x3c, 0x38, 0x2e, 0x8c, 0x3c, 0x38, 0x2e, 0x8c,
    0x3c, 0x38, 0x2e, 0x8c, 0x3c, 0x38, 0x2e, 0x8c, 0x3c, 0x38, 0x2e, 0x8c, 0x3c, 0x38, 0x2e, 0x8c,
    0x3c, 0x38, 0x2e, 0x8c, 0xaa, 0xc6, 0xd3, 0x14, 0xaa, 0xc6, 0xd3, 0x0b, 0x00, 0x00, 0x00, 0x00,
    0x00, 0x00, 0x00, 0x00, 0x00, 0x00, 0x00, 0x00, 0x00, 0x00, 0x00, 0x00, 0x00, 0x00, 0x00, 0x00,
    0x00, 0x00, 0x00, 0x00, 0x00, 0x00, 0x00, 0x00, 0x00, 0x00, 0x00, 0x00, 0x00, 0x00, 0x00, 0x00,
    0x00, 0x00, 0x00, 0x00, 0x00, 0x00, 0x00, 0x00, 0xaa, 0xc6, 0xd3, 0x05, 0xaa, 0xc6, 0xd3, 0x0f,
    0xaa, 0xc6, 0xd3, 0x14, 0xaa, 0xc6, 0xd3, 0x14, 0x3c, 0x38, 0x2e, 0x8c, 0x3c, 0x38, 0x2e, 0x8c,
    0x3c, 0x38, 0x2e, 0x8c, 0x3c, 0x38, 0x2e, 0x8c, 0x3c, 0x38, 0x2e, 0x8c, 0x3c, 0x38, 0x2e, 0x8c,
    0x3c, 0x38, 0x2e, 0x8c, 0x3c, 0x38, 0x2e, 0x8c, 0x3c, 0x38, 0x2e, 0x8c, 0x3c, 0x38, 0x2e, 0x8c,
    0x3c, 0x38, 0x2e, 0x8c, 0x3c, 0x38, 0x2e, 0x8c, 0x3c, 0x38, 0x2e, 0x8c, 0x3c, 0x38, 0x2e, 0x8c,
    0x3c, 0x38, 0x2e, 0x8c, 0x3c, 0x38, 0x2e, 0x8c, 0x3c, 0x38, 0x2e, 0x8c, 0x3c, 0x38, 0x2e, 0x8c,
    0x3c, 0x38, 0x2e, 0x8c, 0x3c, 0x38, 0x2e, 0x8c, 0x3c, 0x38, 0x2e, 0x8c, 0x3c, 0x38, 0x2e, 0x8c,
    0x3c, 0x38, 0x2e, 0x8c, 0x3c, 0x38, 0x2e, 0x8c, 0x3c, 0x38, 0x2e, 0x8c, 0x3c, 0x38, 0x2e, 0x8c,
    0x3c, 0x38, 0x2e, 0x8c, 0x3c, 0x38, 0x2e, 0x8c, 0x3c, 0x38, 0x2e, 0x8c, 0x3c, 0x38, 0x2e, 0x8c,
    0x3c, 0x38, 0x2e, 0x8c, 0x3c, 0x38, 0x2e, 0x8c, 0x3c, 0x38, 0x2e, 0x8c, 0x3c, 0x38, 0x2e, 0x8c,
    0x3c, 0x38, 0x2e, 0x8c, 0x3c, 0x38, 0x2e, 0x8c, 0x3c, 0x38, 0x2e, 0x8c, 0x3c, 0x38, 0x2e, 0x8c,
    0x3c, 0x38, 0x2e, 0x8c, 0x3c, 0x38, 0x2e, 0x8c, 0x3c, 0x38, 0x2e, 0x8c, 0x3c, 0x38, 0x2e, 0x8c,
    0x3c, 0x38, 0x2e, 0x8c, 0x3c, 0x38, 0x2e, 0x8c, 0x3c, 0x38, 0x2e, 0x8c, 0x3c, 0x38, 0x2e, 0x8c,
    0x3c, 0x38, 0x2e, 0x8c, 0x3c, 0x38, 0x2e, 0x8c, 0x3c, 0x38, 0x2e, 0x8c, 0x3c, 0x38, 0x2e, 0x8c,
    0x3c, 0x38, 0x2e, 0x8c, 0x3c, 0x38, 0x2e, 0x8c, 0x3c, 0x38, 0x2e, 0x8c, 0x3c, 0x38, 0x2e, 0x8c,
    0x3c, 0x38, 0x2e, 0x8c, 0x3c, 0x38, 0x2e, 0x8c, 0x3c, 0x38, 0x2e, 0x8c, 0x3c, 0x38, 0x2e, 0x8c,
    0x3c, 0x38, 0x2e, 0x8c, 0x3c, 0x38, 0x2e, 0x8c, 0xaa, 0xc6, 0xd3, 0x14, 0xaa, 0xc6, 0xd3, 0x14,
    0xaa, 0xc6, 0xd3, 0x0f, 0xaa, 0xc6, 0xd3, 0x05, 0x00, 0x00, 0x00, 0x00, 0x00, 0x00, 0x00, 0x00,
    0x00, 0x00, 0x00, 0x00, 0x00, 0x00, 0x00, 0x00, 0x00, 0x00, 0x00, 0x00, 0x00, 0x00, 0x00, 0x00,
    0x00, 0x00, 0x00, 0x00, 0x00, 0x00, 0x00, 0x00, 0x00, 0x00, 0x00, 0x00, 0x00, 0x00, 0x00, 0x00,
    0x00, 0x00, 0x00, 0x00, 0x00, 0x00, 0x00, 0x00, 0x00, 0x00, 0x00, 0x00, 0x00, 0x00, 0x00, 0x00,
    0xaa, 0xc6, 0xd3, 0x04, 0xaa, 0xc6, 0xd3, 0x0a, 0xaa, 0xc6, 0xd3, 0x0f, 0xaa, 0xc6, 0xd3, 0x12,
    0xaa, 0xc6, 0xd3, 0x13, 0xaa, 0xc6, 0xd3, 0x14, 0xaa, 0xc6, 0xd3, 0x14, 0xaa, 0xc6, 0xd3, 0x14,
    0xaa, 0xc6, 0xd3, 0x14, 0xaa, 0xc6, 0xd3, 0x14, 0xaa, 0xc6, 0xd3, 0x14, 0xaa, 0xc6, 0xd3, 0x14,
    0xaa, 0xc6, 0xd3, 0x14, 0xaa, 0xc6, 0xd3, 0x14, 0xaa, 0xc6, 0xd3, 0x14, 0xaa, 0xc6, 0xd3, 0x14,
    0xaa, 0xc6, 0xd3, 0x14, 0xaa, 0xc6, 0xd3, 0x14, 0xaa, 0xc6, 0xd3, 0x14, 0xaa, 0xc6, 0xd3, 0x14,
    0xaa, 0xc6, 0xd3, 0x14, 0xaa, 0xc6, 0xd3, 0x14, 0xaa, 0xc6, 0xd3, 0x14, 0xaa, 0xc6, 0xd3, 0x14,
    0xaa, 0xc6, 0xd3, 0x14, 0xaa, 0xc6, 0xd3, 0x14, 0xaa, 0xc6, 0xd3, 0x14, 0xaa, 0xc6, 0xd3, 0x14,
    0xaa, 0xc6, 0xd3, 0x14, 0xaa, 0xc6, 0xd3, 0x14, 0xaa, 0xc6, 0xd3, 0x14, 0xaa, 0xc6, 0xd3, 0x14,
    0xaa, 0xc6, 0xd3, 0x14, 0xaa, 0xc6, 0xd3, 0x14, 0xaa, 0xc6, 0xd3, 0x14, 0xaa, 0xc6, 0xd3, 0x14,
    0xaa, 0xc6, 0xd3, 0x14, 0xaa, 0xc6, 0xd3, 0x14, 0xaa, 0xc6, 0xd3, 0x14, 0xaa, 0xc6, 0xd3, 0x14,
    0xaa, 0xc6, 0xd3, 0x14, 0xaa, 0xc6, 0xd3, 0x14, 0xaa, 0xc6, 0xd3, 0x14, 0xaa, 0xc6, 0xd3, 0x14,
    0xaa, 0xc6, 0xd3, 0x14, 0xaa, 0xc6, 0xd3, 0x14, 0xaa, 0xc6, 0xd3, 0x14, 0xaa, 0xc6, 0xd3, 0x14,
    0xaa, 0xc6, 0xd3, 0x14, 0xaa, 0xc6, 0xd3, 0x14, 0xaa, 0xc6, 0xd3, 0x14, 0xaa, 0xc6, 0xd3, 0x14,
    0xaa, 0xc6, 0xd3, 0x14, 0xaa, 0xc6, 0xd3, 0x14, 0xaa, 0xc6, 0xd3, 0x14, 0xaa, 0xc6, 0xd3, 0x14,
    0xaa, 0xc6, 0xd3, 0x14, 0xaa, 0xc6, 0xd3, 0x14, 0xaa, 0xc6, 0xd3, 0x14, 0xaa, 0xc6, 0xd3, 0x13,
    0xaa, 0xc6, 0xd3, 0x12, 0xaa, 0xc6, 0xd3, 0x0f, 0xaa, 0xc6, 0xd3, 0x0a, 0xaa, 0xc6, 0xd3, 0x04,
    0x00, 0x00, 0x00, 0x00, 0x00, 0x00, 0x00, 0x00, 0x00, 0x00, 0x00, 0x00, 0x00, 0x00, 0x00, 0x00,
    0x00, 0x00, 0x00, 0x00, 0x00, 0x00, 0x00, 0x00, 0x00, 0x00, 0x00, 0x00, 0x00, 0x00, 0x00, 0x00,
};
static const lv_img_dsc_t pill_chip_cpu = {
    .header.always_zero = 0,
    .header.w = 80,
    .header.h = 27,
    .header.cf = LV_IMG_CF_TRUE_COLOR_ALPHA,
    .data_size = sizeof(pill_chip_cpu_data),
    .data = pill_chip_cpu_data,
};

static const uint8_t pill_chip_mem_data[] = {
    0x00, 0x00, 0x00, 0x00, 0x00, 0x00, 0x00, 0x00, 0x00, 0x00, 0x00, 0x00, 0x00, 0x00, 0x00, 0x00,
    0x00, 0x00, 0x00, 0x00, 0x00, 0x00, 0x00, 0x00, 0x00, 0x00, 0x00, 0x00, 0x00, 0x00, 0x00, 0x00,
    0xaa, 0xc6, 0xd3, 0x04, 0xaa, 0xc6, 0xd3, 0x0a, 0xaa, 0xc6, 0xd3, 0x0f, 0xaa, 0xc6, 0xd3, 0x12,
    0xaa, 0xc6, 0xd3, 0x13, 0xaa, 0xc6, 0xd3, 0x14, 0xaa, 0xc6, 0xd3, 0x14, 0xaa, 0xc6, 0xd3, 0x14,
    0xaa, 0xc6, 0xd3, 0x14, 0xaa, 0xc6, 0xd3, 0x14, 0xaa, 0xc6, 0xd3, 0x14, 0xaa, 0xc6, 0xd3, 0x14,
    0xaa, 0xc6, 0xd3, 0x14, 0xaa, 0xc6, 0xd3, 0x14, 0xaa, 0xc6, 0xd3, 0x14, 0xaa, 0xc6, 0xd3, 0x14,
    0xaa, 0xc6, 0xd3, 0x14, 0xaa, 0xc6, 0xd3, 0x14, 0xaa, 0xc6, 0xd3, 0x14, 0xaa, 0xc6, 0xd3, 0x14,
    0xaa, 0xc6, 0xd3, 0x14, 0xaa, 0xc6, 0xd3, 0x14, 0xaa, 0xc6, 0xd3, 0x14, 0xaa, 0xc6, 0xd3, 0x14,
    0xaa, 0xc6, 0xd3, 0x14, 0xaa, 0xc6, 0xd3, 0x14, 0xaa, 0xc6, 0xd3, 0x14, 0xaa, 0xc6, 0xd3, 0x14,
    0xaa, 0xc6, 0xd3, 0x14, 0xaa, 0xc6, 0xd3, 0x14, 0xaa, 0xc6, 0xd3, 0x14, 0xaa, 0xc6, 0xd3, 0x14,
    0xaa, 0xc6, 0xd3, 0x14, 0xaa, 0xc6, 0xd3, 0x14, 0xaa, 0xc6, 0xd3, 0x14, 0xaa, 0xc6, 0xd3, 0x14,
    0xaa, 0xc6, 0xd3, 0x14, 0xaa, 0xc6, 0xd3, 0x14, 0xaa, 0xc6, 0xd3, 0x14, 0xaa, 0xc6, 0xd3, 0x14,
    0xaa, 0xc6, 0xd3, 0x14, 0xaa, 0xc6, 0xd3, 0x14, 0xaa, 0xc6, 0xd3, 0x14, 0xaa, 0xc6, 0xd3, 0x14,
    0xaa, 0xc6, 0xd3, 0x14, 0xaa, 0xc6, 0xd3, 0x14, 0xaa, 0xc6, 0xd3, 0x14, 0xaa, 0xc6, 0xd3, 0x14,
    0xaa, 0xc6, 0xd3, 0x14, 0xaa, 0xc6, 0xd3, 0x14, 0xaa, 0xc6, 0xd3, 0x14, 0xaa, 0xc6, 0xd3, 0x14,
    0xaa, 0xc6, 0xd3, 0x14, 0xaa, 0xc6, 0xd3, 0x14, 0xaa, 0xc6, 0xd3, 0x14, 0xaa, 0xc6, 0xd3, 0x14,
    0xaa, 0xc6, 0xd3, 0x14, 0xaa, 0xc6, 0xd3, 0x14, 0xaa, 0xc6, 0xd3, 0x14, 0xaa, 0xc6, 0xd3, 0x14,
    0xaa, 0xc6, 0xd3, 0x14, 0xaa, 0xc6, 0xd3, 0x14, 0xaa, 0xc6, 0xd3, 0x14, 0xaa, 0xc6, 0xd3, 0x14,
    0xaa, 0xc6, 0xd3, 0x14, 0xaa, 0xc6, 0xd3, 0x14, 0xaa, 0xc6, 0xd3, 0x14, 0xaa, 0xc6, 0xd3, 0x14,
    0xaa, 0xc6, 0xd3, 0x14, 0xaa, 0xc6, 0xd3, 0x13, 0xaa, 0xc6, 0xd3, 0x12, 0xaa, 0xc6, 0xd3, 0x0f,
    0xaa, 0xc6, 0xd3, 0x0a, 0xaa, 0xc6, 0xd3, 0x04, 0x00, 0x00, 0x00, 0x00, 0x00, 0x00, 0x00, 0x00,
    0x00, 0x00, 0x00, 0x00, 0x00, 0x00, 0x00, 0x00, 0x00, 0x00, 0x00, 0x00, 0x00, 0x00, 0x00, 0x00,
    0x00, 0x00, 0x00, 0x00, 0x00, 0x00, 0x00, 0x00, 0x00, 0x00, 0x00, 0x00, 0x00, 0x00, 0x00, 0x00,
    0x00, 0x00, 0x00, 0x00, 0x00, 0x00, 0x00, 0x00, 0x00, 0x00, 0x00, 0x00, 0x00, 0x00, 0x00, 0x00,
    0xaa, 0xc6, 0xd3, 0x05, 0xaa, 0xc6, 0xd3, 0x0f, 0xaa, 0xc6, 0xd3, 0x14, 0xaa, 0xc6, 0xd3, 0x14,
    0x3c, 0x38, 0x2e, 0x8c, 0x3c, 0x38, 0x2e, 0x8c, 0x3c, 0x38, 0x2e, 0x8c, 0x3c, 0x38, 0x2e, 0x8c,
    0x3c, 0x38, 0x2e, 0x8c, 0x3c, 0x38, 0x2e, 0x8c, 0x3c, 0x38, 0x2e, 0x8c, 0x3c, 0x38, 0x2e, 0x8c,
    0x3c, 0x38, 0x2e, 0x8c, 0x3c, 0x38, 0x2e, 0x8c, 0x3c, 0x38, 0x2e, 0x8c, 0x3c, 0x38, 0x2e, 0x8c,
    0x3c, 0x38, 0x2e, 0x8c, 0x3c, 0x38, 0x2e, 0x8c, 0x3c, 0x38, 0x2e, 0x8c, 0x3c, 0x38, 0x2e, 0x8c,
    0x3c, 0x38, 0x2e, 0x8c, 0x3c, 0x38, 0x2e, 0x8c, 0x3c, 0x38, 0x2e, 0x8c, 0x3c, 0x38, 0x2e, 0x8c,
    0x3c, 0x38, 0x2e, 0x8c, 0x3c, 0x38, 0x2e, 0x8c, 0x3c, 0x38, 0x2e, 0x8c, 0x3c, 0x38, 0x2e, 0x8c,
    0x3c, 0x38, 0x2e, 0x8c, 0x3c, 0x38, 0x2e, 0x8c, 0x3c, 0x38, 0x2e, 0x8c, 0x3c, 0x38, 0x2e, 0x8c,
    0x3c, 0x38, 0x2e, 0x8c, 0x3c, 0x38, 0x2e, 0x8c, 0x3c, 0x38, 0x2e, 0x8c, 0x3c, 0x38, 0x2e, 0x8c,
    0x3c, 0x38, 0x2e, 0x8c, 0x3c, 0x38, 0x2e, 0x8c, 0x3c, 0x38, 0x2e, 0x8c, 0x3c, 0x38, 0x2e, 0x8c,
    0x3c, 0x38, 0x2e, 0x8c, 0x3c, 0x38, 0x2e, 0x8c, 0x3c, 0x38, 0x2e, 0x8c, 0x3c, 0x38, 0x2e, 0x8c,
    0x3c, 0x38, 0x2e, 0x8c, 0x3c, 0x38, 0x2e, 0x8c, 0x3c, 0x38, 0x2e, 0x8c, 0x3c, 0x38, 0x2e, 0x8c,
    0x3c, 0x38, 0x2e, 0x8c, 0x3c, 0x38, 0x2e, 0x8c, 0x3c, 0x38, 0x2e, 0x8c, 0x3c, 0x38, 0x2e, 0x8c,
    0x3c, 0x38, 0x2e, 0x8c, 0x3c, 0x38, 0x2e, 0x8c, 0x3c, 0x38, 0x2e, 0x8c, 0x3c, 0x38, 0x2e, 0x8c,
    0x3c, 0x38, 0x2e, 0x8c, 0x3c, 0x38, 0x2e, 0x8c, 0x3c, 0x38, 0x2e, 0x8c, 0x3c, 0x38, 0x2e, 0x8c,
    0x3c, 0x38, 0x2e, 0x8c, 0x3c, 0x38, 0x2e, 0x8c, 0x3c, 0x38, 0x2e, 0x8c, 0x3c, 0x38, 0x2e, 0x8c,
    0x3c, 0x38, 0x2e, 0x8c, 0x3c, 0x38, 0x2e, 0x8c, 0x3c, 0x38, 0x2e, 0x8c, 0x3c, 0x38, 0x2e, 0x8c,
    0x3c, 0x38, 0x2e, 0x8c, 0x3c, 0x38, 0x2e, 0x8c, 0x3c, 0x38, 0x2e, 0x8c, 0x3c, 0x38, 0x2e, 0x8c,
    0x3c, 0x38, 0x2e, 0x8c, 0x3c, 0x38, 0x2e, 0x8c, 0xaa, 0xc6, 0xd3, 0x14, 0xaa, 0xc6, 0xd3, 0x14,
    0xaa, 0xc6, 0xd3, 0x0f, 0xaa, 0xc6, 0xd3, 0x05, 0x00, 0x00, 0x00, 0x00, 0x00, 0x00, 0x00, 0x00,
    0x00, 0x00, 0x00, 0x00, 0x00, 0x00, 0x00, 0x00, 0x00, 0x00, 0x00, 0x00, 0x00, 0x00, 0x00, 0x00,
    0x00, 0x00, 0x00, 0x00, 0x00, 0x00, 0x00, 0x00, 0x00, 0x00, 0x00, 0x00, 0x00, 0x00, 0x00, 0x00,
    0x00, 0x00, 0x00, 0x00, 0xaa, 0xc6, 0xd3, 0x0b, 0xaa, 0xc6, 0xd3, 0x14, 0x3c, 0x38, 0x2e, 0x8c,
    0x3c, 0x38, 0x2e, 0x8c, 0x3c, 0x38, 0x2e, 0x8c, 0x3c, 0x38, 0x2e, 0x8c, 0x3c, 0x38, 0x2e, 0x8c,
    0x3c, 0x38, 0x2e, 0x8c, 0x3c, 0x38, 0x2e, 0x8c, 0x3c, 0x38, 0x2e, 0x8c, 0x3c, 0x38, 0x2e, 0x8c,
    0x3c, 0x38, 0x2e, 0x8c, 0x3c, 0x38, 0x2e, 0x8c, 0x3c, 0x38, 0x2e, 0x8c, 0x3c, 0x38, 0x2e, 0x8c,
    0x3c, 0x38, 0x2e, 0x8c, 0x3c, 0x38, 0x2e, 0x8c, 0x3c, 0x38, 0x2e, 0x8c, 0x3c, 0x38, 0x2e, 0x8c,
    0x3c, 0x38, 0x2e, 0x8c, 0x3c, 0x38, 0x2e, 0x8c, 0x3c, 0x38, 0x2e, 0x8c, 0x3c, 0x38, 0x2e, 0x8c,
    0x3c, 0x38, 0x2e, 0x8c, 0x3c, 0x38, 0x2e, 0x8c, 0x3c, 0x38, 0x2e, 0x8c, 0x3c, 0x38, 0x2e, 0x8c,
    0x3c, 0x38, 0x2e, 0x8c, 0x3c, 0x38, 0x2e, 0x8c, 0x3c, 0x38, 0x2e, 0x8c, 0x3c, 0x38, 0x2e, 0x8c,
    0x3c, 0x38, 0x2e, 0x8c, 0x3c, 0x38, 0x2e, 0x8c, 0x3c, 0x38, 0x2e, 0x8c, 0x3c, 0x38, 0x2e, 0x8c,
    0x3c, 0x38, 0x2e, 0x8c, 0x3c, 0x38, 0x2e, 0x8c, 0x3c, 0x38, 0x2e, 0x8c, 0x3c, 0x38, 0x2e, 0x8c,
    0x3c, 0x38, 0x2e, 0x8c, 0x3c, 0x38, 0x2e, 0x8c, 0x3c, 0x38, 0x2e, 0x8c, 0x3c, 0x38, 0x2e, 0x8c,
    0x3c, 0x38, 0x2e, 0x8c, 0x3c, 0x38, 0x2e, 0x8c, 0x3c, 0x38, 0x2e, 0x8c, 0x3c, 0x38, 0x2e, 0x8c,
    0x3c, 0x38, 0x2e, 0x8c, 0x3c, 0x38, 0x2e, 0x8c, 0x3c, 0x38, 0x2e, 0x8c, 0x3c, 0x38, 0x2e, 0x8c,
    0x3c, 0x38, 0x2e, 0x8c, 0x3c, 0x38, 0x2e, 0x8c, 0x3c, 0x38, 0x2e, 0x8c, 0x3c, 0x38, 0x2e, 0x8c,
    0x3c, 0x38, 0x2e, 0x8c, 0x3c, 0x38, 0x2e, 0x8c, 0x3c, 0x38, 0x2e, 0x8c, 0x3c, 0x38, 0x2e, 0x8c,
    0x3c, 0x38, 0x2e, 0x8c, 0x3c, 0x38, 0x2e, 0x8c, 0x3c, 0x38, 0x2e, 0x8c, 0x3c, 0x38, 0x2e, 0x8c,
    0x3c, 0x38, 0x2e, 0x8c, 0x3c, 0x38, 0x2e, 0x8c, 0x3c, 0x38, 0x2e, 0x8c, 0x3c, 0x38, 0x2e, 0x8c,
    0x3c, 0x38, 0x2e, 0x8c, 0x3c, 0x38, 0x2e, 0x8c, 0x3c, 0x38, 0x2e, 0x8c, 0x3c, 0x38, 0x2e, 0x8c,
    0x3c, 0x38, 0x2e, 0x8c, 0x3c, 0x38, 0x2e, 0x8c, 0x3c, 0x38, 0x2e, 0x8c, 0x3c, 0x38, 0x2e, 0x8c,
    0x3c, 0x38, 0x2e, 0x8c, 0x3c, 0x38, 0x2e, 0x8c, 0x3c, 0x38, 0x2e, 0x8c, 0xaa, 0xc6, 0xd3, 0x14,
    0xaa, 0xc6, 0xd3, 0x0b, 0x00, 0x00, 0x00, 0x00, 0x00, 0x00, 0x00, 0x00, 0x00, 0x00, 0x00, 0x00,
    0x00, 0x00, 0x00, 0x00, 0x00, 0x00, 0x00, 0x00, 0x00, 0x00, 0x00, 0x00, 0x00, 0x00, 0x00, 0x00,
    0x00, 0x00, 0x00, 0x00, 0xaa, 0xc6, 0xd3, 0x01, 0xaa, 0xc6, 0xd3, 0x0f, 0xaa, 0xc6, 0xd3, 0x14,
    0x3c, 0x38, 0x2e, 0x8c, 0x3c, 0x38, 0x2e, 0x8c, 0x3c, 0x38, 0x2e, 0x8c, 0x3c, 0x38, 0x2e, 0x8c,
    0x3c, 0x38, 0x2e, 0x8c, 0x3c, 0x38, 0x2e, 0x8c, 0x3c, 0x38, 0x2e, 0x8c, 0x3c, 0x38, 0x2e, 0x8c,
    0x3c, 0x38, 0x2e, 0x8c, 0x3c, 0x38, 0x2e, 0x8c, 0x3c, 0x38, 0x2e, 0x8c, 0x3c, 0x38, 0x2e, 0x8c,
    0x3c, 0x38, 0x2e, 0x8c, 0x3c, 0x38, 0x2e, 0x8c, 0x3c, 0x38, 0x2e, 0x8c, 0x3c, 0x38, 0x2e, 0x8c,
    0x3c, 0x38, 0x2e, 0x8c, 0x3c, 0x38, 0x2e, 0x8c, 0x3c, 0x38, 0x2e, 0x8c, 0x3c, 0x38, 0x2e, 0x8c,
    0x3c, 0x38, 0x2e, 0x8c, 0x3c, 0x38, 0x2e, 0x8c, 0x3c, 0x38, 0x2e, 0x8c, 0x3c, 0x38, 0x2e, 0x8c,
    0x3c, 0x38, 0x2e, 0x8c, 0x3c, 0x38, 0x2e, 0x8c, 0x3c, 0x38, 0x2e, 0x8c, 0x3c, 0x38, 0x2e, 0x8c,
    0x3c, 0x38, 0x2e, 0x8c, 0x3c, 0x38, 0x2e, 0x8c, 0x3c, 0x38, 0x2e, 0x8c, 0x3c, 0x38, 0x2e, 0x8c,
    0x3c, 0x38, 0x2e, 0x8c, 0x3c, 0x38, 0x2e, 0x8c, 0x3c, 0x38, 0x2e, 0x8c, 0x3c, 0x38, 0x2e, 0x8c,
    0x3c, 0x38, 0x2e, 0x8c, 0x3c, 0x38, 0x2e, 0x8c, 0x3c, 0x38, 0x2e, 0x8c, 0x3c, 0x38, 0x2e, 0x8c,
    0x3c, 0x38, 0x2e, 0x8c, 0x3c, 0x38, 0x2e, 0x8c, 0x3c, 0x38, 0x2e, 0x8c, 0x3c, 0x38, 0x2e, 0x8c,
    0x3c, 0x38, 0x2e, 0x8c, 0x3c, 0x38, 0x2e, 0x8c, 0x3c, 0x38, 0x2e, 0x8c, 0x3c, 0x38, 0x2e, 0x8c,
    0x3c, 0x38, 0x2e, 0x8c, 0x3c, 0x38, 0x2e, 0x8c, 0x3c, 0x38, 0x2e, 0x8c, 0x3c, 0x38, 0x2e, 0x8c,
    0x3c, 0x38, 0x2e, 0x8c, 0x3c, 0x38, 0x2e, 0x8c, 0x3c, 0x38, 0x2e, 0x8c, 0x3c, 0x38, 0x2e, 0x8c,
    0x3c, 0x38, 0x2e, 0x8c, 0x3c, 0x38, 0x2e, 0x8c, 0x3c, 0x38, 0x2e, 0x8c, 0x3c, 0x38, 0x2e, 0x8c,
    0x3c, 0x38, 0x2e, 0x8c, 0x3c, 0x38, 0x2e, 0x8c, 0x3c, 0x38, 0x2e, 0x8c, 0x3c, 0x38, 0x2e, 0x8c,
    0x3c, 0x38, 0x2e, 0x8c, 0x3c, 0x38, 0x2e, 0x8c, 0x3c, 0x38, 0x2e, 0x8c, 0x3c, 0x38, 0x2e, 0x8c,
    0x3c, 0x38, 0x2e, 0x8c, 0x3c, 0x38, 0x2e, 0x8c, 0x3c, 0x38, 0x2e, 0x8c, 0x3c, 0x38, 0x2e, 0x8c,
    0x3c, 0x38, 0x2e, 0x8c, 0x3c, 0x38, 0x2e, 0x8c, 0x3c, 0x38, 0x2e, 0x8c, 0x3c, 0x38, 0x2e, 0x8c,
    0x3c, 0x38, 0x2e, 0x8c, 0x3c, 0x38, 0x2e, 0x8c, 0xaa, 0xc6, 0xd3, 0x14, 0xaa, 0xc6, 0xd3, 0x0f,
    0xaa, 0xc6, 0xd3, 0x01, 0x00, 0x00, 0x00, 0x00, 0x00, 0x00, 0x00, 0x00, 0x00, 0x00, 0x00, 0x00,
    0x00, 0x00, 0x00, 0x00, 0x00, 0x00, 0x00, 0x00, 0x00, 0x00, 0x00, 0x00, 0xaa, 0xc6, 0xd3, 0x0f,
    0xaa, 0xc6, 0xd3, 0x14, 0x3c, 0x38, 0x2e, 0x8c, 0x3c, 0x38, 0x2e, 0x8c, 0x3c, 0x38, 0x2e, 0x8c,
    0x3c, 0x38, 0x2e, 0x8c, 0x3c, 0x38, 0x2e, 0x8c, 0x3c, 0x38, 0x2e, 0x8c, 0x3c, 0x38, 0x2e, 0x8c,
    0x3c, 0x38, 0x2e, 0x8c, 0x3c, 0x38, 0x2e, 0x8c, 0x3c, 0x38, 0x2e, 0x8c, 0x3c, 0x38, 0x2e, 0x8c,
    0x3c, 0x38, 0x2e, 0x8c, 0x3c, 0x38, 0x2e, 0x8c, 0x3c, 0x38, 0x2e, 0x8c, 0x3c, 0x38, 0x2e, 0x8c,
    0x3c, 0x38, 0x2e, 0x8c, 0x3c, 0x38, 0x2e, 0x8c, 0x3c, 0x38, 0x2e, 0x8c, 0x3c, 0x38, 0x2e, 0x8c,
    0x3c, 0x38, 0x2e, 0x8c, 0x3c, 0x38, 0x2e, 0x8c, 0x3c, 0x38, 0x2e, 0x8c, 0x3c, 0x38, 0x2e, 0x8c,
    0x3c, 0x38, 0x2e, 0x8c, 0x3c, 0x38, 0x2e, 0x8c, 0x3c, 0x38, 0x2e, 0x8c, 0x3c, 0x38, 0x2e, 0x8c,
    0x3c, 0x38, 0x2e, 0x8c, 0x3c, 0x38, 0x2e, 0x8c, 0x3c, 0x38, 0x2e, 0x8c, 0x3c, 0x38, 0x2e, 0x8c,
    0x3c, 0x38, 0x2e, 0x8c, 0x3c, 0x38, 0x2e, 0x8c, 0x3c, 0x38, 0x2e, 0x8c, 0x3c, 0x38, 0x2e, 0x8c,
    0x3c, 0x38, 0x2e, 0x8c, 0x3c, 0x38, 0x2e, 0x8c, 0x3c, 0x38, 0x2e, 0x8c, 0x3c, 0x38, 0x2e, 0x8c,
    0x3c, 0x38, 0x2e, 0x8c, 0x3c, 0x38, 0x2e, 0x8c, 0x3c, 0x38, 0x2e, 0x8c, 0x3c, 0x38, 0x2e, 0x8c,
    0x3c, 0x38, 0x2e, 0x8c, 0x3c, 0x38, 0x2e, 0x8c, 0x3c, 0x38, 0x2e, 0x8c, 0x3c, 0x38, 0x2e, 0x8c,
    0x3c, 0x38, 0x2e, 0x8c, 0x3c, 0x38, 0x2e, 0x8c, 0x3c, 0x38, 0x2e, 0x8c, 0x3c, 0x38, 0x2e, 0x8c,
    0x3c, 0x38, 0x2e, 0x8c, 0x3c, 0x38, 0x2e, 0x8c, 0x3c, 0x38, 0x2e, 0x8c, 0x3c, 0x38, 0x2e, 0x8c,
    0x3c, 0x38, 0x2e, 0x8c, 0x3c, 0x38, 0x2e, 0x8c, 0x3c, 0x38, 0x2e, 0x8c, 0x3c, 0x38, 0x2e, 0x8c,
    0x3c, 0x38, 0x2e, 0x8c, 0x3c, 0x38, 0x2e, 0x8c, 0x3c, 0x38, 0x2e, 0x8c, 0x3c, 0x38, 0x2e, 0x8c,
    0x3c, 0x38, 0x2e, 0x8c, 0x3c, 0x38, 0x2e, 0x8c, 0x3c, 0x38, 0x2e, 0x8c, 0x3c, 0x38, 0x2e, 0x8c,
    0x3c, 0x38, 0x2e, 0x8c, 0x3c, 0x38, 0x2e, 0x8c, 0x3c, 0x38, 0x2e, 0x8c, 0x3c, 0x38, 0x2e, 0x8c,
    0x3c, 0x38, 0x2e, 0x8c, 0x3c, 0x38, 0x2e, 0x8c, 0x3c, 0x38, 0x2e, 0x8c, 0x3c, 0x38, 0x2e, 0x8c,
    0x3c, 0x38, 0x2e, 0x8c, 0x3c, 0x38, 0x2e, 0x8c, 0x3c, 0x38, 0x2e, 0x8c, 0x3c, 0x38, 0x2e, 0x8c,
    0x3c, 0x38, 0x2e, 0x8c, 0xaa, 0xc6, 0xd3, 0x14, 0xaa, 0xc6, 0xd3, 0x0f, 0x00, 0x00, 0x00, 0x00,
    0x00, 0x00, 0x00, 0x00, 0x00, 0x00, 0x00, 0x00, 0x00, 0x00, 0x00, 0x00, 0x00, 0x00, 0x00, 0x00,
    0xaa, 0xc6, 0xd3, 0x0b, 0xaa, 0xc6, 0xd3, 0x14, 0x3c, 0x38, 0x2e, 0x8c, 0x3c, 0x38, 0x2e, 0x8c,
    0x3c, 0x38, 0x2e, 0x8c, 0x3c, 0x38, 0x2e, 0x8c, 0x3c, 0x38, 0x2e, 0x8c, 0x3c, 0x38, 0x2e, 0x8c,
    0x3c, 0x38, 0x2e, 0x8c, 0x3c, 0x38, 0x2e, 0x8c, 0x3c, 0x38, 0x2e, 0x8c, 0x3c, 0x38, 0x2e, 0x8c,
    0x3c, 0x38, 0x2e, 0x8c, 0x3c, 0x38, 0x2e, 0x8c, 0x3c, 0x38, 0x2e, 0x8c, 0x3c, 0x38, 0x2e, 0x8c,
    0x3c, 0x38, 0x2e, 0x8c, 0x3c, 0x38, 0x2e, 0x8c, 0x3c, 0x38, 0x2e, 0x8c, 0x3c, 0x38, 0x2e, 0x8c,
    0x3c, 0x38, 0x2e, 0x8c, 0x3c, 0x38, 0x2e, 0x8c, 0x3c, 0x38, 0x2e, 0x8c, 0x3c, 0x38, 0x2e, 0x8c,
    0x3c, 0x38, 0x2e, 0x8c, 0x3c, 0x38, 0x2e, 0x8c, 0x3c, 0x38, 0x2e, 0x8c, 0x3c, 0x38, 0x2e, 0x8c,
    0x3c, 0x38, 0x2e, 0x8c, 0x3c, 0x38, 0x2e, 0x8c, 0x3c, 0x38, 0x2e, 0x8c, 0x3c, 0x38, 0x2e, 0x8c,
    0x3c, 0x38, 0x2e, 0x8c, 0x3c, 0x38, 0x2e, 0x8c, 0x3c, 0x38, 0x2e, 0x8c, 0x3c, 0x38, 0x2e, 0x8c,
    0x3c, 0x38, 0x2e, 0x8c, 0x3c, 0x38, 0x2e, 0x8c, 0x3c, 0x38, 0x2e, 0x8c, 0x3c, 0x38, 0x2e, 0x8c,
    0x3c, 0x38, 0x2e, 0x8c, 0x3c, 0x38, 0x2e, 0x8c, 0x3c, 0x38, 0x2e, 0x8c, 0x3c, 0x38, 0x2e, 0x8c,
    0x3c, 0x38, 0x2e, 0x8c, 0x3c, 0x38, 0x2e, 0x8c, 0x3c, 0x38, 0x2e, 0x8c, 0x3c, 0x38, 0x2e, 0x8c,
    0x3c, 0x38, 0x2e, 0x8c, 0x3c, 0x38, 0x2e, 0x8c, 0x3c, 0x38, 0x2e, 0x8c, 0x3c, 0x38, 0x2e, 0x8c,
    0x3c, 0x38, 0x2e, 0x8c, 0x3c, 0x38, 0x2e, 0x8c, 0x3c, 0x38, 0x2e, 0x8c, 0x3c, 0x38, 0x2e, 0x8c,
    0x3c, 0x38, 0x2e, 0x8c, 0x3c, 0x38, 0x2e, 0x8c, 0x3c, 0x38, 0x2e, 0x8c, 0x3c, 0x38, 0x2e, 0x8c,
    0x3c, 0x38, 0x2e, 0x8c, 0x3c, 0x38, 0x2e, 0x8c, 0x3c, 0x38, 0x2e, 0x8c, 0x3c, 0x38, 0x2e, 0x8c,
    0x3c, 0x38, 0x2e, 0x8c, 0x3c, 0x38, 0x2e, 0x8c, 0x3c, 0x38, 0x2e, 0x8c, 0x3c, 0x38, 0x2e, 0x8c,
    0x3c, 0x38, 0x2e, 0x8c, 0x3c, 0x38, 0x2e, 0x8c, 0x3c, 0x38, 0x2e, 0x8c, 0x3c, 0x38, 0x2e, 0x8c,
    0x3c, 0x38, 0x2e, 0x8c, 0x3c, 0x38, 0x2e, 0x8c, 0x3c, 0x38, 0x2e, 0x8c, 0x3c, 0x38, 0x2e, 0x8c,
    0x3c, 0x38, 0x2e, 0x8c, 0x3c, 0x38, 0x2e, 0x8c, 0x3c, 0x38, 0x2e, 0x8c, 0x3c, 0x38, 0x2e, 0x8c,
    0x3c, 0x38, 0x2e, 0x8c, 0x3c, 0x38, 0x2e, 0x8c, 0x3c, 0x38, 0x2e, 0x8c, 0x3c, 0x38, 0x2e, 0x8c,
    0xaa, 0xc6, 0xd3, 0x14, 0xaa, 0xc6, 0xd3, 0x0b, 0x00, 0x00, 0x00, 0x00, 0x00, 0x00, 0x00, 0x00,
    0x00, 0x00, 0x00, 0x00, 0xaa, 0xc6, 0xd3, 0x05, 0xaa, 0xc6, 0xd3, 0x14, 0x3c, 0x38, 0x2e, 0x8c,
    0x3c, 0x38, 0x2e, 0x8c, 0x3c, 0x38, 0x2e, 0x8c, 0x3c, 0x38, 0x2e, 0x8c, 0x3c, 0x38, 0x2e, 0x8c,
    0x3c, 0x38, 0x2e, 0x8c, 0x3c, 0x38, 0x2e, 0x8c, 0x3c, 0x38, 0x2e, 0x8c, 0x3c, 0x38, 0x2e, 0x8c,
    0x3c, 0x38, 0x2e, 0x8c, 0x3c, 0x38, 0x2e, 0x8c, 0x3c, 0x38, 0x2e, 0x8c, 0x3c, 0x38, 0x2e, 0x8c,
    0x3c, 0x38, 0x2e, 0x8c, 0x3c, 0x38, 0x2e, 0x8c, 0x3c, 0x38, 0x2e, 0x8c, 0x3c, 0x38, 0x2e, 0x8c,
    0x3c, 0x38, 0x2e, 0x8c, 0x3c, 0x38, 0x2e, 0x8c, 0x3c, 0x38, 0x2e, 0x8c, 0x3c, 0x38, 0x2e, 0x8c,
    0x3c, 0x38, 0x2e, 0x8c, 0x3c, 0x38, 0x2e, 0x8c, 0x3c, 0x38, 0x2e, 0x8c, 0x3c, 0x38, 0x2e, 0x8c,
    0x3c, 0x38, 0x2e, 0x8c, 0x3c, 0x38, 0x2e, 0x8c, 0x3c, 0x38, 0x2e, 0x8c, 0x3c, 0x38, 0x2e, 0x8c,
    0x3c, 0x38, 0x2e, 0x8c, 0x3c, 0x38, 0x2e, 0x8c, 0x3c, 0x38, 0x2e, 0x8c, 0x3c, 0x38, 0x2e, 0x8c,
    0x3c, 0x38, 0x2e, 0x8c, 0x3c, 0x38, 0x2e, 0x8c, 0x3c, 0x38, 0x2e, 0x8c, 0x3c, 0x38, 0x2e, 0x8c,
    0x3c, 0x38, 0x2e, 0x8c, 0x3c, 0x38, 0x2e, 0x8c, 0x3c, 0x38, 0x2e, 0x8c, 0x3c, 0x38, 0x2e, 0x8c,
    0x3c, 0x38, 0x2e, 0x8c, 0x3c, 0x38, 0x2e, 0x8c, 0x3c, 0x38, 0x2e, 0x8c, 0x3c, 0x38, 0x2e, 0x8c,
    0x3c, 0x38, 0x2e, 0x8c, 0x3c, 0x38, 0x2e, 0x8c, 0x3c, 0x38, 0x2e, 0x8c, 0x3c, 0x38, 0x2e, 0x8c,
    0x3c, 0x38, 0x2e, 0x8c, 0x3c, 0x38, 0x2e, 0x8c, 0x3c, 0x38, 0x2e, 0x8c, 0x3c, 0x38, 0x2e, 0x8c,
    0x3c, 0x38, 0x2e, 0x8c, 0x3c, 0x38, 0x2e, 0x8c, 0x3c, 0x38, 0x2e, 0x8c, 0x3c, 0x38, 0x2e, 0x8c,
    0x3c, 0x38, 0x2e, 0x8c, 0x3c, 0x38, 0x2e, 0x8c, 0x3c, 0x38, 0x2e, 0x8c, 0x3c, 0x38, 0x2e, 0x8c,
    0x3c, 0x38, 0x2e, 0x8c, 0x3c, 0x38, 0x2e, 0x8c, 0x3c, 0x38, 0x2e, 0x8c, 0x3c, 0x38, 0x2e, 0x8c,
    0x3c, 0x38, 0x2e, 0x8c, 0x3c, 0x38, 0x2e, 0x8c, 0x3c, 0x38, 0x2e, 0x8c, 0x3c, 0x38, 0x2e, 0x8c,
    0x3c, 0x38, 0x2e, 0x8c, 0x3c, 0x38, 0x2e, 0x8c, 0x3c, 0x38, 0x2e, 0x8c, 0x3c, 0x38, 0x2e, 0x8c,
    0x3c, 0x38, 0x2e, 0x8c, 0x3c, 0x38, 0x2e, 0x8c, 0x3c, 0x38, 0x2e, 0x8c, 0x3c, 0x38, 0x2e, 0x8c,
    0x3c, 0x38, 0x2e, 0x8c, 0x3c, 0x38, 0x2e, 0x8c, 0x3c, 0x38, 0x2e, 0x8c, 0x3c, 0x38, 0x2e, 0x8c,
    0x3c, 0x38, 0x2e, 0x8c, 0x3c, 0x38, 0x2e, 0x8c, 0x3c, 0x38, 0x2e, 0x8c, 0xaa, 0xc6, 0xd3, 0x14,
    0xaa, 0xc6, 0xd3, 0x05, 0x00, 0x00, 0x00, 0x00, 0x00, 0x00, 0x00, 0x00, 0xaa, 0xc6, 0xd3, 0x0f,
    0x3c, 0x38, 0x2e, 0x8c, 0x3c, 0x38, 0x2e, 0x8c, 0x3c, 0x38, 0x2e, 0x8c, 0x3c, 0x38, 0x2e, 0x8c,
    0x3c, 0x38, 0x2e, 0x8c, 0x3c, 0x38, 0x2e, 0x8c, 0x3c, 0x38, 0x2e, 0x8c, 0x3c, 0x38, 0x2e, 0x8c,
    0x3c, 0x38, 0x2e, 0x8c, 0x3c, 0x38, 0x2e, 0x8c, 0x3c, 0x38, 0x2e, 0x8c, 0x3c, 0x38, 0x2e, 0x8c,
    0x3c, 0x38, 0x2e, 0x8c, 0x3c, 0x38, 0x2e, 0x8c, 0x3c, 0x38, 0x2e, 0x8c, 0x3c, 0x38, 0x2e, 0x8c,
    0x3c, 0x38, 0x2e, 0x8c, 0x3c, 0x38, 0x2e, 0x8c, 0x3c, 0x38, 0x2e, 0x8c, 0x3c, 0x38, 0x2e, 0x8c,
    0x3c, 0x38, 0x2e, 0x8c, 0x3c, 0x38, 0x2e, 0x8c, 0x3c, 0x38, 0x2e, 0x8c, 0x3c, 0x38, 0x2e, 0x8c,
    0x3c, 0x38, 0x2e, 0x8c, 0x3c, 0x38, 0x2e, 0x8c, 0x3c, 0x38, 0x2e, 0x8c, 0x3c, 0x38, 0x2e, 0x8c,
    0x3c, 0x38, 0x2e, 0x8c, 0x3c, 0x38, 0x2e, 0x8c, 0x3c, 0x38, 0x2e, 0x8c, 0x3c, 0x38, 0x2e, 0x8c,
    0x3c, 0x38, 0x2e, 0x8c, 0x3c, 0x38, 0x2e, 0x8c, 0x3c, 0x38, 0x2e, 0x8c, 0x3c, 0x38, 0x2e, 0x8c,
    0x3c, 0x38, 0x2e, 0x8c, 0x3c, 0x38, 0x2e, 0x8c, 0x3c, 0x38, 0x2e, 0x8c, 0x3c, 0x38, 0x2e, 0x8c,
    0x3c, 0x38, 0x2e, 0x8c, 0x3c, 0x38, 0x2e, 0x8c, 0x3c, 0x38, 0x2e, 0x8c, 0x3c, 0x38, 0x2e, 0x8c,
    0x3c, 0x38, 0x2e, 0x8c, 0x3c, 0x38, 0x2e, 0x8c, 0x3c, 0x38, 0x2e, 0x8c, 0x3c, 0x38, 0x2e, 0x8c,
    0x3c, 0x38, 0x2e, 0x8c, 0x3c, 0x38, 0x2e, 0x8c, 0x3c, 0x38, 0x2e, 0x8c, 0x3c, 0x38, 0x2e, 0x8c,
    0x3c, 0x38, 0x2e, 0x8c, 0x3c, 0x38, 0x2e, 0x8c, 0x3c, 0x38, 0x2e, 0x8c, 0x3c, 0x38, 0x2e, 0x8c,
    0x3c, 0x38, 0x2e, 0x8c, 0x3c, 0x38, 0x2e, 0x8c, 0x3c, 0x38, 0x2e, 0x8c, 0x3c, 0x38, 0x2e, 0x8c,
    0x3c, 0x38, 0x2e, 0x8c, 0x3c, 0x38, 0x2e, 0x8c, 0x3c, 0x38, 0x2e, 0x8c, 0x3c, 0x38, 0x2e, 0x8c,
    0x3c, 0x38, 0x2e, 0x8c, 0x3c, 0x38, 0x2e, 0x8c, 0x3c, 0x38, 0x2e, 0x8c, 0x3c, 0x38, 0x2e, 0x8c,
    0x3c, 0x38, 0x2e, 0x8c, 0x3c, 0x38, 0x2e, 0x8c, 0x3c, 0x38, 0x2e, 0x8c, 0x3c, 0x38, 0x2e, 0x8c,
    0x3c, 0x38, 0x2e, 0x8c, 0x3c, 0x38, 0x2e, 0x8c, 0x3c, 0x38, 0x2e, 0x8c, 0x3c, 0x38, 0x2e, 0x8c,
    0x3c, 0x38, 0x2e, 0x8c, 0x3c, 0x38, 0x2e, 0x8c, 0x3c, 0x38, 0x2e, 0x8c, 0x3c, 0x38, 0x2e, 0x8c,
    0x3c, 0x38, 0x2e, 0x8c, 0x3c, 0x38, 0x2e, 0x8c, 0x3c, 0x38, 0x2e, 0x8c, 0x3c, 0x38, 0x2e, 0x8c,
    0x3c, 0x38, 0x2e, 0x8c, 0x3c, 0x38, 0x2e, 0x8c, 0xaa, 0xc6, 0xd3, 0x0f, 0x00, 0x00, 0x00, 0x00,
    0xaa, 0xc6, 0xd3, 0x04, 0xaa, 0xc6, 0xd3, 0x14, 0x3c, 0x38, 0x2e, 0x8c, 0x3c, 0x38, 0x2e, 0x8c,
    0x3c, 0x38, 0x2e, 0x8c, 0x3c, 0x38, 0x2e, 0x8c, 0x3c, 0x38, 0x2e, 0x8c, 0x3c, 0x38, 0x2e, 0x8c,
    0x3c, 0x38, 0x2e, 0x8c, 0x3c, 0x38, 0x2e, 0x8c, 0x3c, 0x38, 0x2e, 0x8c, 0x3c, 0x38, 0x2e, 0x8c,
    0x3c, 0x38, 0x2e, 0x8c, 0x3c, 0x38, 0x2e, 0x8c, 0x3c, 0x38, 0x2e, 0x8c, 0x3c, 0x38, 0x2e, 0x8c,
    0x3c, 0x38, 0x2e, 0x8c, 0x3c, 0x38, 0x2e, 0x8c, 0x3c, 0x38, 0x2e, 0x8c, 0x3c, 0x38, 0x2e, 0x8c,
    0x3c, 0x38, 0x2e, 0x8c, 0x3c, 0x38, 0x2e, 0x8c, 0x3c, 0x38, 0x2e, 0x8c, 0x3c, 0x38, 0x2e, 0x8c,
    0x3c, 0x38, 0x2e, 0x8c, 0x3c, 0x38, 0x2e, 0x8c, 0x3c, 0x38, 0x2e, 0x8c, 0x3c, 0x38, 0x2e, 0x8c,
    0x3c, 0x38, 0x2e, 0x8c, 0x3c, 0x38, 0x2e, 0x8c, 0x3c, 0x38, 0x2e, 0x8c, 0x3c, 0x38, 0x2e, 0x8c,
    0x3c, 0x38, 0x2e, 0x8c, 0x3c, 0x38, 0x2e, 0x8c, 0x3c, 0x38, 0x2e, 0x8c, 0x3c, 0x38, 0x2e, 0x8c,
    0x3c, 0x38, 0x2e, 0x8c, 0x3c, 0x38, 0x2e, 0x8c, 0x3c, 0x38, 0x2e, 0x8c, 0x3c, 0x38, 0x2e, 0x8c,
    0x3c, 0x38, 0x2e, 0x8c, 0x3c, 0x38, 0x2e, 0x8c, 0x3c, 0x38, 0x2e, 0x8c, 0x3c, 0x38, 0x2e, 0x8c,
    0x3c, 0x38, 0x2e, 0x8c, 0x3c, 0x38, 0x2e, 0x8c, 0x3c, 0x38, 0x2e, 0x8c, 0x3c, 0x38, 0x2e, 0x8c,
    0x3c, 0x38, 0x2e, 0x8c, 0x3c, 0x38, 0x2e, 0x8c, 0x3c, 0x38, 0x2e, 0x8c, 0x3c, 0x38, 0x2e, 0x8c,
    0x3c, 0x38, 0x2e, 0x8c, 0x3c, 0x38, 0x2e, 0x8c, 0x3c, 0x38, 0x2e, 0x8c, 0x3c, 0x38, 0x2e, 0x8c,
    0x3c, 0x38, 0x2e, 0x8c, 0x3c, 0x38, 0x2e, 0x8c, 0x3c, 0x38, 0x2e, 0x8c, 0x3c, 0x38, 0x2e, 0x8c,
    0x3c, 0x38, 0x2e, 0x8c, 0x3c, 0x38, 0x2e, 0x8c, 0x3c, 0x38, 0x2e, 0x8c, 0x3c, 0x38, 0x2e, 0x8c,
    0x3c, 0x38, 0x2e, 0x8c, 0x3c, 0x38, 0x2e, 0x8c, 0x3c, 0x38, 0x2e, 0x8c, 0x3c, 0x38, 0x2e, 0x8c,
    0x3c, 0x38, 0x2e, 0x8c, 0x3c, 0x38, 0x2e, 0x8c, 0x3c, 0x38, 0x2e, 0x8c, 0x3c, 0x38, 0x2e, 0x8c,
    0x3c, 0x38, 0x2e, 0x8c, 0x3c, 0x38, 0x2e, 0x8c, 0x3c, 0x38, 0x2e, 0x8c, 0x3c, 0x38, 0x2e, 0x8c,
    0x3c, 0x38, 0x2e, 0x8c, 0x3c, 0x38, 0x2e, 0x8c, 0x3c, 0x38, 0x2e, 0x8c, 0x3c, 0x38, 0x2e, 0x8c,
    0x3c, 0x38, 0x2e, 0x8c, 0x3c, 0x38, 0x2e, 0x8c, 0x3c, 0x38, 0x2e, 0x8c, 0x3c, 0x38, 0x2e, 0x8c,
    0x3c, 0x38, 0x2e, 0x8c, 0x3c, 0x38, 0x2e, 0x8c, 0x3c, 0x38, 0x2e, 0x8c, 0x3c, 0x38, 0x2e, 0x8c,
    0xaa, 0xc6, 0xd3, 0x14, 0xaa, 0xc6, 0xd3, 0x04, 0xaa, 0xc6, 0xd3, 0x0a, 0xaa, 0xc6, 0xd3, 0x14,
    0x3c, 0x38, 0x2e, 0x8c, 0x3c, 0x38, 0x2e, 0x8c, 0x3c, 0x38, 0x2e, 0x8c, 0x3c, 0x38, 0x2e, 0x8c,
    0x3c, 0x38, 0x2e, 0x8c, 0x3c, 0x38, 0x2e, 0x8c, 0x3c, 0x38, 0x2e, 0x8c, 0x3c, 0x38, 0x2e, 0x8c,
    0x3c, 0x38, 0x2e, 0x8c, 0x3c, 0x38, 0x2e, 0x8c, 0x3c, 0x38, 0x2e, 0x8c, 0x3c, 0x38, 0x2e, 0x8c,
    0x3c, 0x38, 0x2e, 0x8c, 0x3c, 0x38, 0x2e, 0x8c, 0x3c, 0x38, 0x2e, 0x8c, 0x3c, 0x38, 0x2e, 0x8c,
    0x3c, 0x38, 0x2e, 0x8c, 0x3c, 0x38, 0x2e, 0x8c, 0x3c, 0x38, 0x2e, 0x8c, 0x3c, 0x38, 0x2e, 0x8c,
    0x3c, 0x38, 0x2e, 0x8c, 0x3c, 0x38, 0x2e, 0x8c, 0x3c, 0x38, 0x2e, 0x8c, 0x3c, 0x38, 0x2e, 0x8c,
    0x3c, 0x38, 0x2e, 0x8c, 0x3c, 0x38, 0x2e, 0x8c, 0x3c, 0x38, 0x2e, 0x8c, 0x3c, 0x38, 0x2e, 0x8c,
    0x3c, 0x38, 0x2e, 0x8c, 0x3c, 0x38, 0x2e, 0x8c, 0x3c, 0x38, 0x2e, 0x8c, 0x3c, 0x38, 0x2e, 0x8c,
    0x3c, 0x38, 0x2e, 0x8c, 0x3c, 0x38, 0x2e, 0x8c, 0x3c, 0x38, 0x2e, 0x8c, 0x3c, 0x38, 0x2e, 0x8c,
    0x3c, 0x38, 0x2e, 0x8c, 0x3c, 0x38, 0x2e, 0x8c, 0x3c, 0x38, 0x2e, 0x8c, 0x3c, 0x38, 0x2e, 0x8c,
    0x3c, 0x38, 0x2e, 0x8c, 0x3c, 0x38, 0x2e, 0x8c, 0x3c, 0x38, 0x2e, 0x8c, 0x3c, 0x38, 0x2e, 0x8c,
    0x3c, 0x38, 0x2e, 0x8c, 0x3c, 0x38, 0x2e, 0x8c, 0x3c, 0x38, 0x2e, 0x8c, 0x3c, 0x38, 0x2e, 0x8c,
    0x3c, 0x38, 0x2e, 0x8c, 0x3c, 0x38, 0x2e, 0x8c, 0x3c, 0x38, 0x2e, 0x8c, 0x3c, 0x38, 0x2e, 0x8c,
    0x3c, 0x38, 0x2e, 0x8c, 0x3c, 0x38, 0x2e, 0x8c, 0x3c, 0x38, 0x2e, 0x8c, 0x3c, 0x38, 0x2e, 0x8c,
    0x3c, 0x38, 0x2e, 0x8c, 0x3c, 0x38, 0x2e, 0x8c, 0x3c, 0x38, 0x2e, 0x8c, 0x3c, 0x38, 0x2e, 0x8c,
    0x3c, 0x38, 0x2e, 0x8c, 0x3c, 0x38, 0x2e, 0x8c, 0x3c, 0x38, 0x2e, 0x8c, 0x3c, 0x38, 0x2e, 0x8c,
    0x3c, 0x38, 0x2e, 0x8c, 0x3c, 0x38, 0x2e, 0x8c, 0x3c, 0x38, 0x2e, 0x8c, 0x3c, 0x38, 0x2e, 0x8c,
    0x3c, 0x38, 0x2e, 0x8c, 0x3c, 0x38, 0x2e, 0x8c, 0x3c, 0x38, 0x2e, 0x8c, 0x3c, 0x38, 0x2e, 0x8c,
    0x3c, 0x38, 0x2e, 0x8c, 0x3c, 0x38, 0x2e, 0x8c, 0x3c, 0x38, 0x2e, 0x8c, 0x3c, 0x38, 0x2e, 0x8c,
    0x3c, 0x38, 0x2e, 0x8c, 0x3c, 0x38, 0x2e, 0x8c, 0x3c, 0x38, 0x2e, 0x8c, 0x3c, 0x38, 0x2e, 0x8c,
    0x3c, 0x38, 0x2e, 0x8c, 0x3c, 0x38, 0x2e, 0x8c, 0x3c, 0x38, 0x2e, 0x8c, 0x3c, 0x38, 0x2e, 0x8c,
    0x3c, 0x38, 0x2e, 0x8c, 0x3c, 0x38, 0x2e, 0x8c, 0xaa, 0xc6, 0xd3, 0x14, 0xaa, 0xc6, 0xd3, 0x0a,
    0xaa, 0xc6, 0xd3, 0x0f, 0x3c, 0x38, 0x2e, 0x8c, 0x3c, 0x38, 0x2e, 0x8c, 0x3c, 0x38, 0x2e, 0x8c,
    0x3c, 0x38, 0x2e, 0x8c, 0x3c, 0x38, 0x2e, 0x8c, 0x3c, 0x38, 0x2e, 0x8c, 0x3c, 0x38, 0x2e, 0x8c,
    0x3c, 0x38, 0x2e, 0x8c, 0x3c, 0x38, 0x2e, 0x8c, 0x3c, 0x38, 0x2e, 0x8c, 0x3c, 0x38, 0x2e, 0x8c,
    0x3c, 0x38, 0x2e, 0x8c, 0x3c, 0x38, 0x2e, 0x8c, 0x3c, 0x38, 0x2e, 0x8c, 0x3c, 0x38, 0x2e, 0x8c,
    0x3c, 0x38, 0x2e, 0x8c, 0x3c, 0x38, 0x2e, 0x8c, 0x3c, 0x38, 0x2e, 0x8c, 0x3c, 0x38, 0x2e, 0x8c,
    0x3c, 0x38, 0x2e, 0x8c, 0x3c, 0x38, 0x2e, 0x8c, 0x3c, 0x38, 0x2e, 0x8c, 0x3c, 0x38, 0x2e, 0x8c,
    0x3c, 0x38, 0x2e, 0x8c, 0x3c, 0x38, 0x2e, 0x8c, 0x3c, 0x38, 0x2e, 0x8c, 0x3c, 0x38, 0x2e, 0x8c,
    0x3c, 0x38, 0x2e, 0x8c, 0x3c, 0x38, 0x2e, 0x8c, 0x3c, 0x38, 0x2e, 0x8c, 0x3c, 0x38, 0x2e, 0x8c,
    0x3c, 0x38, 0x2e, 0x8c, 0x3c, 0x38, 0x2e, 0x8c, 0x3c, 0x38, 0x2e, 0x8c, 0x3c, 0x38, 0x2e, 0x8c,
    0x3c, 0x38, 0x2e, 0x8c, 0x3c, 0x38, 0x2e, 0x8c, 0x3c, 0x38, 0x2e, 0x8c, 0x3c, 0x38, 0x2e, 0x8c,
    0x3c, 0x38, 0x2e, 0x8c, 0x3c, 0x38, 0x2e, 0x8c, 0x3c, 0x38, 0x2e, 0x8c, 0x3c, 0x38, 0x2e, 0x8c,
    0x3c, 0x38, 0x2e, 0x8c, 0x3c, 0x38, 0x2e, 0x8c, 0x3c, 0x38, 0x2e, 0x8c, 0x3c, 0x38, 0x2e, 0x8c,
    0x3c, 0x38, 0x2e, 0x8c, 0x3c, 0x38, 0x2e, 0x8c, 0x3c, 0x38, 0x2e, 0x8c, 0x3c, 0x38, 0x2e, 0x8c,
    0x3c, 0x38, 0x2e, 0x8c, 0x3c, 0x38, 0x2e, 0x8c, 0x3c, 0x38, 0x2e, 0x8c, 0x3c, 0x38, 0x2e, 0x8c,
    0x3c, 0x38, 0x2e, 0x8c, 0x3c, 0x38, 0x2e, 0x8c, 0x3c, 0x38, 0x2e, 0x8c, 0x3c, 0x38, 0x2e, 0x8c,
    0x3c, 0x38, 0x2e, 0x8c, 0x3c, 0x38, 0x2e, 0x8c, 0x3c, 0x38, 0x2e, 0x8c, 0x3c, 0x38, 0x2e, 0x8c,
    0x3c, 0x38, 0x2e, 0x8c, 0x3c, 0x38, 0x2e, 0x8c, 0x3c, 0x38, 0x2e, 0x8c, 0x3c, 0x38, 0x2e, 0x8c,
    0x3c, 0x38, 0x2e, 0x8c, 0x3c, 0x38, 0x2e, 0x8c, 0x3c, 0x38, 0x2e, 0x8c, 0x3c, 0x38, 0x2e, 0x8c,
    0x3c, 0x38, 0x2e, 0x8c, 0x3c, 0x38, 0x2e, 0x8c, 0x3c, 0x38, 0x2e, 0x8c, 0x3c, 0x38, 0x2e, 0x8c,
    0x3c, 0x38, 0x2e, 0x8c, 0x3c, 0x38, 0x2e, 0x8c, 0x3c, 0x38, 0x2e, 0x8c, 0x3c, 0x38, 0x2e, 0x8c,
    0x3c, 0x38, 0x2e, 0x8c, 0x3c, 0x38, 0x2e, 0x8c, 0x3c, 0x38, 0x2e, 0x8c, 0x3c, 0x38, 0x2e, 0x8c,
    0x3c, 0x38, 0x2e, 0x8c, 0x3c, 0x38, 0x2e, 0x8c, 0x3c, 0x38, 0x2e, 0x8c, 0x3c, 0x38, 0x2e, 0x8c,
    0x3c, 0x38, 0x2e, 0x8c, 0xaa, 0xc6, 0xd3, 0x0f, 0xaa, 0xc6, 0xd3, 0x12, 0x3c, 0x38, 0x2e, 0x8c,
    0x3c, 0x38, 0x2e, 0x8c, 0x3c, 0x38, 0x2e, 0x8c, 0x3c, 0x38, 0x2e, 0x8c, 0x3c, 0x38, 0x2e, 0x8c,
    0x3c, 0x38, 0x2e, 0x8c, 0x3c, 0x38, 0x2e, 0x8c, 0x3c, 0x38, 0x2e, 0x8c, 0x3c, 0x38, 0x2e, 0x8c,
    0x3c, 0x38, 0x2e, 0x8c, 0x3c, 0x38, 0x2e, 0x8c, 0x3c, 0x38, 0x2e, 0x8c, 0x3c, 0x38, 0x2e, 0x8c,
    0x3c, 0x38, 0x2e, 0x8c, 0x3c, 0x38, 0x2e, 0x8c, 0x3c, 0x38, 0x2e, 0x8c, 0x3c, 0x38, 0x2e, 0x8c,
    0x3c, 0x38, 0x2e, 0x8c, 0x3c, 0x38, 0x2e, 0x8c, 0x3c, 0x38, 0x2e, 0x8c, 0x3c, 0x38, 0x2e, 0x8c,
    0x3c, 0x38, 0x2e, 0x8c, 0x3c, 0x38, 0x2e, 0x8c, 0x3c, 0x38, 0x2e, 0x8c, 0x3c, 0x38, 0x2e, 0x8c,
    0x3c, 0x38, 0x2e, 0x8c, 0x3c, 0x38, 0x2e, 0x8c, 0x3c, 0x38, 0x2e, 0x8c, 0x3c, 0x38, 0x2e, 0x8c,
    0x3c, 0x38, 0x2e, 0x8c, 0x3c, 0x38, 0x2e, 0x8c, 0x3c, 0x38, 0x2e, 0x8c, 0x3c, 0x38, 0x2e, 0x8c,
    0x3c, 0x38, 0x2e, 0x8c, 0x3c, 0x38, 0x2e, 0x8c, 0x3c, 0x38, 0x2e, 0x8c, 0x3c, 0x38, 0x2e, 0x8c,
    0x3c, 0x38, 0x2e, 0x8c, 0x3c, 0x38, 0x2e, 0x8c, 0x3c, 0x38, 0x2e, 0x8c, 0x3c, 0x38, 0x2e, 0x8c,
    0x3c, 0x38, 0x2e, 0x8c, 0x3c, 0x38, 0x2e, 0x8c, 0x3c, 0x38, 0x2e, 0x8c, 0x3c, 0x38, 0x2e, 0x8c,
    0x3c, 0x38, 0x2e, 0x8c, 0x3c, 0x38, 0x2e, 0x8c, 0x3c, 0x38, 0x2e, 0x8c, 0x3c, 0x38, 0x2e, 0x8c,
    0x3c, 0x38, 0x2e, 0x8c, 0x3c, 0x38, 0x2e, 0x8c, 0x3c, 0x38, 0x2e, 0x8c, 0x3c, 0x38, 0x2e, 0x8c,
    0x3c, 0x38, 0x2e, 0x8c, 0x3c, 0x38, 0x2e, 0x8c, 0x3c, 0x38, 0x2e, 0x8c, 0x3c, 0x38, 0x2e, 0x8c,
    0x3c, 0x38, 0x2e, 0x8c, 0x3c, 0x38, 0x2e, 0x8c, 0x3c, 0x38, 0x2e, 0x8c, 0x3c, 0x38, 0x2e, 0x8c,
    0x3c, 0x38, 0x2e, 0x8c, 0x3c, 0x38, 0x2e, 0x8c, 0x3c, 0x38, 0x2e, 0x8c, 0x3c, 0x38, 0x2e, 0x8c,
    0x3c, 0x38, 0x2e, 0x8c, 0x3c, 0x38, 0x2e, 0x8c, 0x3c, 0x38, 0x2e, 0x8c, 0x3c, 0x38, 0x2e, 0x8c,
    0x3c, 0x38, 0x2e, 0x8c, 0x3c, 0x38, 0x2e, 0x8c, 0x3c, 0x38, 0x2e, 0x8c, 0x3c, 0x38, 0x2e, 0x8c,
    0x3c, 0x38, 0x2e, 0x8c, 0x3c, 0x38, 0x2e, 0x8c, 0x3c, 0x38, 0x2e, 0x8c, 0x3c, 0x38, 0x2e, 0x8c,
    0x3c, 0x38, 0x2e, 0x8c, 0x3c, 0x38, 0x2e, 0x8c, 0x3c, 0x38, 0x2e, 0x8c, 0x3c, 0x38, 0x2e, 0x8c,
    0x3c, 0x38, 0x2e, 0x8c, 0x3c, 0x38, 0x2e, 0x8c, 0x3c, 0x38, 0x2e, 0x8c, 0x3c, 0x38, 0x2e, 0x8c,
    0x3c, 0x38, 0x2e, 0x8c, 0x3c, 0x38, 0x2e, 0x8c, 0x3c, 0x38, 0x2e, 0x8c, 0xaa, 0xc6, 0xd3, 0x12,
    0xaa, 0xc6, 0xd3, 0x13, 0x3c, 0x38, 0x2e, 0x8c, 0x3c, 0x38, 0x2e, 0x8c, 0x3c, 0x38, 0x2e, 0x8c,
    0x3c, 0x38, 0x2e, 0x8c, 0x3c, 0x38, 0x2e, 0x8c, 0x3c, 0x38, 0x2e, 0x8c, 0x3c, 0x38, 0x2e, 0x8c,
    0x3c, 0x38, 0x2e, 0x8c, 0x3c, 0x38, 0x2e, 0x8c, 0x3c, 0x38, 0x2e, 0x8c, 0x3c, 0x38, 0x2e, 0x8c,
    0x3c, 0x38, 0x2e, 0x8c, 0x3c, 0x38, 0x2e, 0x8c, 0x3c, 0x38, 0x2e, 0x8c, 0x3c, 0x38, 0x2e, 0x8c,
    0x3c, 0x38, 0x2e, 0x8c, 0x3c, 0x38, 0x2e, 0x8c, 0x3c, 0x38, 0x2e, 0x8c, 0x3c, 0x38, 0x2e, 0x8c,
    0x3c, 0x38, 0x2e, 0x8c, 0x3c, 0x38, 0x2e, 0x8c, 0x3c, 0x38, 0x2e, 0x8c, 0x3c, 0x38, 0x2e, 0x8c,
    0x3c, 0x38, 0x2e, 0x8c, 0x3c, 0x38, 0x2e, 0x8c, 0x3c, 0x38, 0x2e, 0x8c, 0x3c, 0x38, 0x2e, 0x8c,
    0x3c, 0x38, 0x2e, 0x8c, 0x3c, 0x38, 0x2e, 0x8c, 0x3c, 0x38, 0x2e, 0x8c, 0x3c, 0x38, 0x2e, 0x8c,
    0x3c, 0x38, 0x2e, 0x8c, 0x3c, 0x38, 0x2e, 0x8c, 0x3c, 0x38, 0x2e, 0x8c, 0x3c, 0x38, 0x2e, 0x8c,
    0x3c, 0x38, 0x2e, 0x8c, 0x3c, 0x38, 0x2e, 0x8c, 0x3c, 0x38, 0x2e, 0x8c, 0x3c, 0x38, 0x2e, 0x8c,
    0x3c, 0x38, 0x2e, 0x8c, 0x3c, 0x38, 0x2e, 0x8c, 0x3c, 0x38, 0x2e, 0x8c, 0x3c, 0x38, 0x2e, 0x8c,
    0x3c, 0x38, 0x2e, 0x8c, 0x3c, 0x38, 0x2e, 0x8c, 0x3c, 0x38, 0x2e, 0x8c, 0x3c, 0x38, 0x2e, 0x8c,
    0x3c, 0x38, 0x2e, 0x8c, 0x3c, 0x38, 0x2e, 0x8c, 0x3c, 0x38, 0x2e, 0x8c, 0x3c, 0x38, 0x2e, 0x8c,
    0x3c, 0x38, 0x2e, 0x8c, 0x3c, 0x38, 0x2e, 0x8c, 0x3c, 0x38, 0x2e, 0x8c, 0x3c, 0x38, 0x2e, 0x8c,
    0x3c, 0x38, 0x2e, 0x8c, 0x3c, 0x38, 0x2e, 0x8c, 0x3c, 0x38, 0x2e, 0x8c, 0x3c, 0x38, 0x2e, 0x8c,
    0x3c, 0x38, 0x2e, 0x8c, 0x3c, 0x38, 0x2e, 0x8c, 0x3c, 0x38, 0x2e, 0x8c, 0x3c, 0x38, 0x2e, 0x8c,
    0x3c, 0x38, 0x2e, 0x8c, 0x3c, 0x38, 0x2e, 0x8c, 0x3c, 0x38, 0x2e, 0x8c, 0x3c, 0x38, 0x2e, 0x8c,
    0x3c, 0x38, 0x2e, 0x8c, 0x3c, 0x38, 0x2e, 0x8c, 0x3c, 0x38, 0x2e, 0x8c, 0x3c, 0x38, 0x2e, 0x8c,
    0x3c, 0x38, 0x2e, 0x8c, 0x3c, 0x38, 0x2e, 0x8c, 0x3c, 0x38, 0x2e, 0x8c, 0x3c, 0x38, 0x2e, 0x8c,
    0x3c, 0x38, 0x2e, 0x8c, 0x3c, 0x38, 0x2e, 0x8c, 0x3c, 0x38, 0x2e, 0x8c, 0x3c, 0x38, 0x2e, 0x8c,
    0x3c, 0x38, 0x2e, 0x8c, 0x3c, 0x38, 0x2e, 0x8c, 0x3c, 0x38, 0x2e, 0x8c, 0x3c, 0x38, 0x2e, 0x8c,
    0x3c, 0x38, 0x2e, 0x8c, 0x3c, 0x38, 0x2e, 0x8c, 0x3c, 0x38, 0x2e, 0x8c, 0x3c, 0x38, 0x2e, 0x8c,
    0x3c, 0x38, 0x2e, 0x8c, 0xaa, 0xc6, 0xd3, 0x13, 0xaa, 0xc6, 0xd3, 0x14, 0x3c, 0x38, 0x2e, 0x8c,
    0x3c, 0x38, 0x2e, 0x8c, 0x3c, 0x38, 0x2e, 0x8c, 0x3c, 0x38, 0x2e, 0x8c, 0x3c, 0x38, 0x2e, 0x8c,
    0x3c, 0x38, 0x2e, 0x8c, 0x3c, 0x38, 0x2e, 0x8c, 0x3c, 0x38, 0x2e, 0x8c, 0x3c, 0x38, 0x2e, 0x8c,
    0x3c, 0x38, 0x2e, 0x8c, 0x3c, 0x38, 0x2e, 0x8c, 0x3c, 0x38, 0x2e, 0x8c, 0x3c, 0x38, 0x2e, 0x8c,
    0x3c, 0x38, 0x2e, 0x8c, 0x3c, 0x38, 0x2e, 0x8c, 0x3c, 0x38, 0x2e, 0x8c, 0x3c, 0x38, 0x2e, 0x8c,
    0x3c, 0x38, 0x2e, 0x8c, 0x3c, 0x38, 0x2e, 0x8c, 0x3c, 0x38, 0x2e, 0x8c, 0x3c, 0x38, 0x2e, 0x8c,
    0x3c, 0x38, 0x2e, 0x8c, 0x3c, 0x38, 0x2e, 0x8c, 0x3c, 0x38, 0x2e, 0x8c, 0x3c, 0x38, 0x2e, 0x8c,
    0x3c, 0x38, 0x2e, 0x8c, 0x3c, 0x38, 0x2e, 0x8c, 0x3c, 0x38, 0x2e, 0x8c, 0x3c, 0x38, 0x2e, 0x8c,
    0x3c, 0x38, 0x2e, 0x8c, 0x3c, 0x38, 0x2e, 0x8c, 0x3c, 0x38, 0x2e, 0x8c, 0x3c, 0x38, 0x2e, 0x8c,
    0x3c, 0x38, 0x2e, 0x8c, 0x3c, 0x38, 0x2e, 0x8c, 0x3c, 0x38, 0x2e, 0x8c, 0x3c, 0x38, 0x2e, 0x8c,
    0x3c, 0x38, 0x2e, 0x8c, 0x3c, 0x38, 0x2e, 0x8c, 0x3c, 0x38, 0x2e, 0x8c, 0x3c, 0x38, 0x2e, 0x8c,
    0x3c, 0x38, 0x2e, 0x8c, 0x3c, 0x38, 0x2e, 0x8c, 0x3c, 0x38, 0x2e, 0x8c, 0x3c, 0x38, 0x2e, 0x8c,
    0x3c, 0x38, 0x2e, 0x8c, 0x3c, 0x38, 0x2e, 0x8c, 0x3c, 0x38, 0x2e, 0x8c, 0x3c, 0x38, 0x2e, 0x8c,
    0x3c, 0x38, 0x2e, 0x8c, 0x3c, 0x38, 0x2e, 0x8c, 0x3c, 0x38, 0x2e, 0x8c, 0x3c, 0x38, 0x2e, 0x8c,
    0x3c, 0x38, 0x2e, 0x8c, 0x3c, 0x38, 0x2e, 0x8c, 0x3c, 0x38, 0x2e, 0x8c, 0x3c, 0x38, 0x2e, 0x8c,
    0x3c, 0x38, 0x2e, 0x8c, 0x3c, 0x38, 0x2e, 0x8c, 0x3c, 0x38, 0x2e, 0x8c, 0x3c, 0x38, 0x2e, 0x8c,
    0x3c, 0x38, 0x2e, 0x8c, 0x3c, 0x38, 0x2e, 0x8c, 0x3c, 0x38, 0x2e, 0x8c, 0x3c, 0x38, 0x2e, 0x8c,
    0x3c, 0x38, 0x2e, 0x8c, 0x3c, 0x38, 0x2e, 0x8c, 0x3c, 0x38, 0x2e, 0x8c, 0x3c, 0x38, 0x2e, 0x8c,
    0x3c, 0x38, 0x2e, 0x8c, 0x3c, 0x38, 0x2e, 0x8c, 0x3c, 0x38, 0x2e, 0x8c, 0x3c, 0x38, 0x2e, 0x8c,
    0x3c, 0x38, 0x2e, 0x8c, 0x3c, 0x38, 0x2e, 0x8c, 0x3c, 0x38, 0x2e, 0x8c, 0x3c, 0x38, 0x2e, 0x8c,
    0x3c, 0x38, 0x2e, 0x8c, 0x3c, 0x38, 0x2e, 0x8c, 0x3c, 0x38, 0x2e, 0x8c, 0x3c, 0x38, 0x2e, 0x8c,
    0x3c, 0x38, 0x2e, 0x8c, 0x3c, 0x38, 0x2e, 0x8c, 0x3c, 0x38, 0x2e, 0x8c, 0x3c, 0x38, 0x2e, 0x8c,
    0x3c, 0x38, 0x2e, 0x8c, 0x3c, 0x38, 0x2e, 0x8c, 0x3c, 0x38, 0x2e, 0x8c, 0xaa, 0xc6, 0xd3, 0x14,
    0xaa, 0xc6, 0xd3, 0x13, 0x3c, 0x38, 0x2e, 0x8c, 0x3c, 0x38, 0x2e, 0x8c, 0x3c, 0x38, 0x2e, 0x8c,
    0x3c, 0x38, 0x2e, 0x8c, 0x3c, 0x38, 0x2e, 0x8c, 0x3c, 0x38, 0x2e, 0x8c, 0x3c, 0x38, 0x2e, 0x8c,
    0x3c, 0x38, 0x2e, 0x8c, 0x3c, 0x38, 0x2e, 0x8c, 0x3c, 0x38, 0x2e, 0x8c, 0x3c, 0x38, 0x2e, 0x8c,
    0x3c, 0x38, 0x2e, 0x8c, 0x3c, 0x38, 0x2e, 0x8c, 0x3c, 0x38, 0x2e, 0x8c, 0x3c, 0x38, 0x2e, 0x8c,
    0x3c, 0x38, 0x2e, 0x8c, 0x3c, 0x38, 0x2e, 0x8c, 0x3c, 0x38, 0x2e, 0x8c, 0x3c, 0x38, 0x2e, 0x8c,
    0x3c, 0x38, 0x2e, 0x8c, 0x3c, 0x38, 0x2e, 0x8c, 0x3c, 0x38, 0x2e, 0x8c, 0x3c, 0x38, 0x2e, 0x8c,
    0x3c, 0x38, 0x2e, 0x8c, 0x3c, 0x38, 0x2e, 0x8c, 0x3c, 0x38, 0x2e, 0x8c, 0x3c, 0x38, 0x2e, 0x8c,
    0x3c, 0x38, 0x2e, 0x8c, 0x3c, 0x38, 0x2e, 0x8c, 0x3c, 0x38, 0x2e, 0x8c, 0x3c, 0x38, 0x2e, 0x8c,
    0x3c, 0x38, 0x2e, 0x8c, 0x3c, 0x38, 0x2e, 0x8c, 0x3c, 0x38, 0x2e, 0x8c, 0x3c, 0x38, 0x2e, 0x8c,
    0x3c, 0x38, 0x2e, 0x8c, 0x3c, 0x38, 0x2e, 0x8c, 0x3c, 0x38, 0x2e, 0x8c, 0x3c, 0x38, 0x2e, 0x8c,
    0x3c, 0x38, 0x2e, 0x8c, 0x3c, 0x38, 0x2e, 0x8c, 0x3c, 0x38, 0x2e, 0x8c, 0x3c, 0x38, 0x2e, 0x8c,
    0x3c, 0x38, 0x2e, 0x8c, 0x3c, 0x38, 0x2e, 0x8c, 0x3c, 0x38, 0x2e, 0x8c, 0x3c, 0x38, 0x2e, 0x8c,
    0x3c, 0x38, 0x2e, 0x8c, 0x3c, 0x38, 0x2e, 0x8c, 0x3c, 0x38, 0x2e, 0x8c, 0x3c, 0x38, 0x2e, 0x8c,
    0x3c, 0x38, 0x2e, 0x8c, 0x3c, 0x38, 0x2e, 0x8c, 0x3c, 0x38, 0x2e, 0x8c, 0x3c, 0x38, 0x2e, 0x8c,
    0x3c, 0x38, 0x2e, 0x8c, 0x3c, 0x38, 0x2e, 0x8c, 0x3c, 0x38, 0x2e, 0x8c, 0x3c, 0x38, 0x2e, 0x8c,
    0x3c, 0x38, 0x2e, 0x8c, 0x3c, 0x38, 0x2e, 0x8c, 0x3c, 0x38, 0x2e, 0x8c, 0x3c, 0x38, 0x2e, 0x8c,
    0x3c, 0x38, 0x2e, 0x8c, 0x3c, 0x38, 0x2e, 0x8c, 0x3c, 0x38, 0x2e, 0x8c, 0x3c, 0x38, 0x2e, 0x8c,
    0x3c, 0x38, 0x2e, 0x8c, 0x3c, 0x38, 0x2e, 0x8c, 0x3c, 0x38, 0x2e, 0x8c, 0x3c, 0x38, 0x2e, 0x8c,
    0x3c, 0x38, 0x2e, 0x8c, 0x3c, 0x38, 0x2e, 0x8c, 0x3c, 0x38, 0x2e, 0x8c, 0x3c, 0x38, 0x2e, 0x8c,
    0x3c, 0x38, 0x2e, 0x8c, 0x3c, 0x38, 0x2e, 0x8c, 0x3c, 0x38, 0x2e, 0x8c, 0x3c, 0x38, 0x2e, 0x8c,
    0x3c, 0x38, 0x2e, 0x8c, 0x3c, 0x38, 0x2e, 0x8c, 0x3c, 0x38, 0x2e, 0x8c, 0x3c, 0x38, 0x2e, 0x8c,
    0x3c, 0x38, 0x2e, 0x8c, 0x3c, 0x38, 0x2e, 0x8c, 0x3c, 0x38, 0x2e, 0x8c, 0x3c, 0x38, 0x2e, 0x8c,
    0x3c, 0x38, 0x2e, 0x8c, 0xaa, 0xc6, 0xd3, 0x13, 0xaa, 0xc6, 0xd3, 0x12, 0x3c, 0x38, 0x2e, 0x8c,
    0x3c, 0x38, 0x2e, 0x8c, 0x3c, 0x38, 0x2e, 0x8c, 0x3c, 0x38, 0x2e, 0x8c, 0x3c, 0x38, 0x2e, 0x8c,
    0x3c, 0x38, 0x2e, 0x8c, 0x3c, 0x38, 0x2e, 0x8c, 0x3c, 0x38, 0x2e, 0x8c, 0x3c, 0x38, 0x2e, 0x8c,
    0x3c, 0x38, 0x2e, 0x8c, 0x3c, 0x38, 0x2e, 0x8c, 0x3c, 0x38, 0x2e, 0x8c, 0x3c, 0x38, 0x2e, 0x8c,
    0x3c, 0x38, 0x2e, 0x8c, 0x3c, 0x38, 0x2e, 0x8c, 0x3c, 0x38, 0x2e, 0x8c, 0x3c, 0x38, 0x2e, 0x8c,
    0x3c, 0x38, 0x2e, 0x8c, 0x3c, 0x38, 0x2e, 0x8c, 0x3c, 0x38, 0x2e, 0x8c, 0x3c, 0x38, 0x2e, 0x8c,
    0x3c, 0x38, 0x2e, 0x8c, 0x3c, 0x38, 0x2e, 0x8c, 0x3c, 0x38, 0x2e, 0x8c, 0x3c, 0x38, 0x2e, 0x8c,
    0x3c, 0x38, 0x2e, 0x8c, 0x3c, 0x38, 0x2e, 0x8c, 0x3c, 0x38, 0x2e, 0x8c, 0x3c, 0x38, 0x2e, 0x8c,
    0x3c, 0x38, 0x2e, 0x8c, 0x3c, 0x38, 0x2e, 0x8c, 0x3c, 0x38, 0x2e, 0x8c, 0x3c, 0x38, 0x2e, 0x8c,
    0x3c, 0x38, 0x2e, 0x8c, 0x3c, 0x38, 0x2e, 0x8c, 0x3c, 0x38, 0x2e, 0x8c, 0x3c, 0x38, 0x2e, 0x8c,
    0x3c, 0x38, 0x2e, 0x8c, 0x3c, 0x38, 0x2e, 0x8c, 0x3c, 0x38, 0x2e, 0x8c, 0x3c, 0x38, 0x2e, 0x8c,
    0x3c, 0x38, 0x2e, 0x8c, 0x3c, 0x38, 0x2e, 0x8c, 0x3c, 0x38, 0x2e, 0x8c, 0x3c, 0x38, 0x2e, 0x8c,
    0x3c, 0x38, 0x2e, 0x8c, 0x3c, 0x38, 0x2e, 0x8c, 0x3c, 0x38, 0x2e, 0x8c, 0x3c, 0x38, 0x2e, 0x8c,
    0x3c, 0x38, 0x2e, 0x8c, 0x3c, 0x38, 0x2e, 0x8c, 0x3c, 0x38, 0x2e, 0x8c, 0x3c, 0x38, 0x2e, 0x8c,
    0x3c, 0x38, 0x2e, 0x8c, 0x3c, 0x38, 0x2e, 0x8c, 0x3c, 0x38, 0x2e, 0x8c, 0x3c, 0x38, 0x2e, 0x8c,
    0x3c, 0x38, 0x2e, 0x8c, 0x3c, 0x38, 0x2e, 0x8c, 0x3c, 0x38, 0x2e, 0x8c, 0x3c, 0x38, 0x2e, 0x8c,
    0x3c, 0x38, 0x2e, 0x8c, 0x3c, 0x38, 0x2e, 0x8c, 0x3c, 0x38, 0x2e, 0x8c, 0x3c, 0x38, 0x2e, 0x8c,
    0x3c, 0x38, 0x2e, 0x8c, 0x3c, 0x38, 0x2e, 0x8c, 0x3c, 0x38, 0x2e, 0x8c, 0x3c, 0x38, 0x2e, 0x8c,
    0x3c, 0x38, 0x2e, 0x8c, 0x3c, 0x38, 0x2e, 0x8c, 0x3c, 0x38, 0x2e, 0x8c, 0x3c, 0x38, 0x2e, 0x8c,
    0x3c, 0x38, 0x2e, 0x8c, 0x3c, 0x38, 0x2e, 0x8c, 0x3c, 0x38, 0x2e, 0x8c, 0x3c, 0x38, 0x2e, 0x8c,
    0x3c, 0x38, 0x2e, 0x8c, 0x3c, 0x38, 0x2e, 0x8c, 0x3c, 0x38, 0x2e, 0x8c, 0x3c, 0x38, 0x2e, 0x8c,
    0x3c, 0x38, 0x2e, 0x8c, 0x3c, 0x38, 0x2e, 0x8c, 0x3c, 0x38, 0x2e, 0x8c, 0x3c, 0x38, 0x2e, 0x8c,
    0x3c, 0x38, 0x2e, 0x8c, 0x3c, 0x38, 0x2e, 0x8c, 0x3c, 0x38, 0x2e, 0x8c, 0xaa, 0xc6, 0xd3, 0x12,
    0xaa, 0xc6, 0xd3, 0x0f, 0x3c, 0x38, 0x2e, 0x8c, 0x3c, 0x38, 0x2e, 0x8c, 0x3c, 0x38, 0x2e, 0x8c,
    0x3c, 0x38, 0x2e, 0x8c, 0x3c, 0x38, 0x2e, 0x8c, 0x3c, 0x38, 0x2e, 0x8c, 0x3c, 0x38, 0x2e, 0x8c,
    0x3c, 0x38, 0x2e, 0x8c, 0x3c, 0x38, 0x2e, 0x8c, 0x3c, 0x38, 0x2e, 0x8c, 0x3c, 0x38, 0x2e, 0x8c,
    0x3c, 0x38, 0x2e, 0x8c, 0x3c, 0x38, 0x2e, 0x8c, 0x3c, 0x38, 0x2e, 0x8c, 0x3c, 0x38, 0x2e, 0x8c,
    0x3c, 0x38, 0x2e, 0x8c, 0x3c, 0x38, 0x2e, 0x8c, 0x3c, 0x38, 0x2e, 0x8c, 0x3c, 0x38, 0x2e, 0x8c,
    0x3c, 0x38, 0x2e, 0x8c, 0x3c, 0x38, 0x2e, 0x8c, 0x3c, 0x38, 0x2e, 0x8c, 0x3c, 0x38, 0x2e, 0x8c,
    0x3c, 0x38, 0x2e, 0x8c, 0x3c, 0x38, 0x2e, 0x8c, 0x3c, 0x38, 0x2e, 0x8c, 0x3c, 0x38, 0x2e, 0x8c,
    0x3c, 0x38, 0x2e, 0x8c, 0x3c, 0x38, 0x2e, 0x8c, 0x3c, 0x38, 0x2e, 0x8c, 0x3c, 0x38, 0x2e, 0x8c,
    0x3c, 0x38, 0x2e, 0x8c, 0x3c, 0x38, 0x2e, 0x8c, 0x3c, 0x38, 0x2e, 0x8c, 0x3c, 0x38, 0x2e, 0x8c,
    0x3c, 0x38, 0x2e, 0x8c, 0x3c, 0x38, 0x2e, 0x8c, 0x3c, 0x38, 0x2e, 0x8c, 0x3c, 0x38, 0x2e, 0x8c,
    0x3c, 0x38, 0x2e, 0x8c, 0x3c, 0x38, 0x2e, 0x8c, 0x3c, 0x38, 0x2e, 0x8c, 0x3c, 0x38, 0x2e, 0x8c,
    0x3c, 0x38, 0x2e, 0x8c, 0x3c, 0x38, 0x2e, 0x8c, 0x3c, 0x38, 0x2e, 0x8c, 0x3c, 0x38, 0x2e, 0x8c,
    0x3c, 0x38, 0x2e, 0x8c, 0x3c, 0x38, 0x2e, 0x8c, 0x3c, 0x38, 0x2e, 0x8c, 0x3c, 0x38, 0x2e, 0x8c,
    0x3c, 0x38, 0x2e, 0x8c, 0x3c, 0x38, 0x2e, 0x8c, 0x3c, 0x38, 0x2e, 0x8c, 0x3c, 0x38, 0x2e, 0x8c,
    0x3c, 0x38, 0x2e, 0x8c, 0x3c, 0x38, 0x2e, 0x8c, 0x3c, 0x38, 0x2e, 0x8c, 0x3c, 0x38, 0x2e, 0x8c,
    0x3c, 0x38, 0x2e, 0x8c, 0x3c, 0x38, 0x2e, 0x8c, 0x3c, 0x38, 0x2e, 0x8c, 0x3c, 0x38, 0x2e, 0x8c,
    0x3c, 0x38, 0x2e, 0x8c, 0x3c, 0x38, 0x2e, 0x8c, 0x3c, 0x38, 0x2e, 0x8c, 0x3c, 0x38, 0x2e, 0x8c,
    0x3c, 0x38, 0x2e, 0x8c, 0x3c, 0x38, 0x2e, 0x8c, 0x3c, 0x38, 0x2e, 0x8c, 0x3c, 0x38, 0x2e, 0x8c,
    0x3c, 0x38, 0x2e, 0x8c, 0x3c, 0x38, 0x2e, 0x8c, 0x3c, 0x38, 0x2e, 0x8c, 0x3c, 0x38, 0x2e, 0x8c,
    0x3c, 0x38, 0x2e, 0x8c, 0x3c, 0x38, 0x2e, 0x8c, 0x3c, 0x38, 0x2e, 0x8c, 0x3c, 0x38, 0x2e, 0x8c,
    0x3c, 0x38, 0x2e, 0x8c, 0x3c, 0x38, 0x2e, 0x8c, 0x3c, 0x38, 0x2e, 0x8c, 0x3c, 0x38, 0x2e, 0x8c,
    0x3c, 0x38, 0x2e, 0x8c, 0x3c, 0x38, 0x2e, 0x8c, 0x3c, 0x38, 0x2e, 0x8c, 0x3c, 0x38, 0x2e, 0x8c,
    0x3c, 0x38, 0x2e, 0x8c, 0xaa, 0xc6, 0xd3, 0x0f, 0xaa, 0xc6, 0xd3, 0x0a, 0xaa, 0xc6, 0xd3, 0x14,
    0x3c, 0x38, 0x2e, 0x8c, 0x3c, 0x38, 0x2e, 0x8c, 0x3c, 0x38, 0x2e, 0x8c, 0x3c, 0x38, 0x2e, 0x8c,
    0x3c, 0x38, 0x2e, 0x8c, 0x3c, 0x38, 0x2e, 0x8c, 0x3c, 0x38, 0x2e, 0x8c, 0x3c, 0x38, 0x2e, 0x8c,
    0x3c, 0x38, 0x2e, 0x8c, 0x3c, 0x38, 0x2e, 0x8c, 0x3c, 0x38, 0x2e, 0x8c, 0x3c, 0x38, 0x2e, 0x8c,
    0x3c, 0x38, 0x2e, 0x8c, 0x3c, 0x38, 0x2e, 0x8c, 0x3c, 0x38, 0x2e, 0x8c, 0x3c, 0x38, 0x2e, 0x8c,
    0x3c, 0x38, 0x2e, 0x8c, 0x3c, 0x38, 0x2e, 0x8c, 0x3c, 0x38, 0x2e, 0x8c, 0x3c, 0x38, 0x2e, 0x8c,
    0x3c, 0x38, 0x2e, 0x8c, 0x3c, 0x38, 0x2e, 0x8c, 0x3c, 0x38, 0x2e, 0x8c, 0x3c, 0x38, 0x2e, 0x8c,
    0x3c, 0x38, 0x2e, 0x8c, 0x3c, 0x38, 0x2e, 0x8c, 0x3c, 0x38, 0x2e, 0x8c, 0x3c, 0x38, 0x2e, 0x8c,
    0x3c, 0x38, 0x2e, 0x8c, 0x3c, 0x38, 0x2e, 0x8c, 0x3c, 0x38, 0x2e, 0x8c, 0x3c, 0x38, 0x2e, 0x8c,
    0x3c, 0x38, 0x2e, 0x8c, 0x3c, 0x38, 0x2e, 0x8c, 0x3c, 0x38, 0x2e, 0x8c, 0x3c, 0x38, 0x2e, 0x8c,
    0x3c, 0x38, 0x2e, 0x8c, 0x3c, 0x38, 0x2e, 0x8c, 0x3c, 0x38, 0x2e, 0x8c, 0x3c, 0x38, 0x2e, 0x8c,
    0x3c, 0x38, 0x2e, 0x8c, 0x3c, 0x38, 0x2e, 0x8c, 0x3c, 0x38, 0x2e, 0x8c, 0x3c, 0x38, 0x2e, 0x8c,
    0x3c, 0x38, 0x2e, 0x8c, 0x3c, 0x38, 0x2e, 0x8c, 0x3c, 0x38, 0x2e, 0x8c, 0x3c, 0x38, 0x2e, 0x8c,
    0x3c, 0x38, 0x2e, 0x8c, 0x3c, 0x38, 0x2e, 0x8c, 0x3c, 0x38, 0x2e, 0x8c, 0x3c, 0x38, 0x2e, 0x8c,
    0x3c, 0x38, 0x2e, 0x8c, 0x3c, 0x38, 0x2e, 0x8c, 0x3c, 0x38, 0x2e, 0x8c, 0x3c, 0x38, 0x2e, 0x8c,
    0x3c, 0x38, 0x2e, 0x8c, 0x3c, 0x38, 0x2e, 0x8c, 0x3c, 0x38, 0x2e, 0x8c, 0x3c, 0x38, 0x2e, 0x8c,
    0x3c, 0x38, 0x2e, 0x8c, 0x3c, 0x38, 0x2e, 0x8c, 0x3c, 0x38, 0x2e, 0x8c, 0x3c, 0x38, 0x2e, 0x8c,
    0x3c, 0x38, 0x2e, 0x8c, 0x3c, 0x38, 0x2e, 0x8c, 0x3c, 0x38, 0x2e, 0x8c, 0x3c, 0x38, 0x2e, 0x8c,
    0x3c, 0x38, 0x2e, 0x8c, 0x3c, 0x38, 0x2e, 0x8c, 0x3c, 0x38, 0x2e, 0x8c, 0x3c, 0x38, 0x2e, 0x8c,
    0x3c, 0x38, 0x2e, 0x8c, 0x3c, 0x38, 0x2e, 0x8c, 0x3c, 0x38, 0x2e, 0x8c, 0x3c, 0x38, 0x2e, 0x8c,
    0x3c, 0x38, 0x2e, 0x8c, 0x3c, 0x38, 0x2e, 0x8c, 0x3c, 0x38, 0x2e, 0x8c, 0x3c, 0x38, 0x2e, 0x8c,
    0x3c, 0x38, 0x2e, 0x8c, 0x3c, 0x38, 0x2e, 0x8c, 0x3c, 0x38, 0x2e, 0x8c, 0x3c, 0x38, 0x2e, 0x8c,
    0x3c, 0x38, 0x2e, 0x8c, 0x3c, 0x38, 0x2e, 0x8c, 0xaa, 0xc6, 0xd3, 0x14, 0xaa, 0xc6, 0xd3, 0x0a,
    0xaa, 0xc6, 0xd3, 0x04, 0xaa, 0xc6, 0xd3, 0x14, 0x3c, 0x38, 0x2e, 0x8c, 0x3c, 0x38, 0x2e, 0x8c,
    0x3c, 0x38, 0x2e, 0x8c, 0x3c, 0x38, 0x2e, 0x8c, 0x3c, 0x38, 0x2e, 0x8c, 0x3c, 0x38, 0x2e, 0x8c,
    0x3c, 0x38, 0x2e, 0x8c, 0x3c, 0x38, 0x2e, 0x8c, 0x3c, 0x38, 0x2e, 0x8c, 0x3c, 0x38, 0x2e, 0x8c,
    0x3c, 0x38, 0x2e, 0x8c, 0x3c, 0x38, 0x2e, 0x8c, 0x3c, 0x38, 0x2e, 0x8c, 0x3c, 0x38, 0x2e, 0x8c,
    0x3c, 0x38, 0x2e, 0x8c, 0x3c, 0x38, 0x2e, 0x8c, 0x3c, 0x38, 0x2e, 0x8c, 0x3c, 0x38, 0x2e, 0x8c,
    0x3c, 0x38, 0x2e, 0x8c, 0x3c, 0x38, 0x2e, 0x8c, 0x3c, 0x38, 0x2e, 0x8c, 0x3c, 0x38, 0x2e, 0x8c,
    0x3c, 0x38, 0x2e, 0x8c, 0x3c, 0x38, 0x2e, 0x8c, 0x3c, 0x38, 0x2e, 0x8c, 0x3c, 0x38, 0x2e, 0x8c,
    0x3c, 0x38, 0x2e, 0x8c, 0x3c, 0x38, 0x2e, 0x8c, 0x3c, 0x38, 0x2e, 0x8c, 0x3c, 0x38, 0x2e, 0x8c,
    0x3c, 0x38, 0x2e, 0x8c, 0x3c, 0x38, 0x2e, 0x8c, 0x3c, 0x38, 0x2e, 0x8c, 0x3c, 0x38, 0x2e, 0x8c,
    0x3c, 0x38, 0x2e, 0x8c, 0x3c, 0x38, 0x2e, 0x8c, 0x3c, 0x38, 0x2e, 0x8c, 0x3c, 0x38, 0x2e, 0x8c,
    0x3c, 0x38, 0x2e, 0x8c, 0x3c, 0x38, 0x2e, 0x8c, 0x3c, 0x38, 0x2e, 0x8c, 0x3c, 0x38, 0x2e, 0x8c,
    0x3c, 0x38, 0x2e, 0x8c, 0x3c, 0x38, 0x2e, 0x8c, 0x3c, 0x38, 0x2e, 0x8c, 0x3c, 0x38, 0x2e, 0x8c,
    0x3c, 0x38, 0x2e, 0x8c, 0x3c, 0x38, 0x2e, 0x8c, 0x3c, 0x38, 0x2e, 0x8c, 0x3c, 0x38, 0x2e, 0x8c,
    0x3c, 0x38, 0x2e, 0x8c, 0x3c, 0x38, 0x2e, 0x8c, 0x3c, 0x38, 0x2e, 0x8c, 0x3c, 0x38, 0x2e, 0x8c,
    0x3c, 0x38, 0x2e, 0x8c, 0x3c, 0x38, 0x2e, 0x8c, 0x3c, 0x38, 0x2e, 0x8c, 0x3c, 0x38, 0x2e, 0x8c,
    0x3c, 0x38, 0x2e, 0x8c, 0x3c, 0x38, 0x2e, 0x8c, 0x3c, 0x38, 0x2e, 0x8c, 0x3c, 0x38, 0x2e, 0x8c,
    0x3c, 0x38, 0x2e, 0x8c, 0x3c, 0x38, 0x2e, 0x8c, 0x3c, 0x38, 0x2e, 0x8c, 0x3c, 0x38, 0x2e, 0x8c,
    0x3c, 0x38, 0x2e, 0x8c, 0x3c, 0x38, 0x2e, 0x8c, 0x3c, 0x38, 0x2e, 0x8c, 0x3c, 0x38, 0x2e, 0x8c,
    0x3c, 0x38, 0x2e, 0x8c, 0x3c, 0x38, 0x2e, 0x8c, 0x3c, 0x38, 0x2e, 0x8c, 0x3c, 0x38, 0x2e, 0x8c,
    0x3c, 0x38, 0x2e, 0x8c, 0x3c, 0x38, 0x2e, 0x8c, 0x3c, 0x38, 0x2e, 0x8c, 0x3c, 0x38, 0x2e, 0x8c,
    0x3c, 0x38, 0x2e, 0x8c, 0x3c, 0x38, 0x2e, 0x8c, 0x3c, 0x38, 0x2e, 0x8c, 0x3c, 0x38, 0x2e, 0x8c,
    0x3c, 0x38, 0x2e, 0x8c, 0x3c, 0x38, 0x2e, 0x8c, 0x3c, 0x38, 0x2e, 0x8c, 0x3c, 0x38, 0x2e, 0x8c,
    0xaa, 0xc6, 0xd3, 0x14, 0xaa, 0xc6, 0xd3, 0x04, 0x00, 0x00, 0x00, 0x00, 0xaa, 0xc6, 0xd3, 0x0f,
    0x3c, 0x38, 0x2e, 0x8c, 0x3c, 0x38, 0x2e, 0x8c, 0x3c, 0x38, 0x2e, 0x8c, 0x3c, 0x38, 0x2e, 0x8c,
    0x3c, 0x38, 0x2e, 0x8c, 0x3c, 0x38, 0x2e, 0x8c, 0x3c, 0x38, 0x2e, 0x8c, 0x3c, 0x38, 0x2e, 0x8c,
    0x3c, 0x38, 0x2e, 0x8c, 0x3c, 0x38, 0x2e, 0x8c, 0x3c, 0x38, 0x2e, 0x8c, 0x3c, 0x38, 0x2e, 0x8c,
    0x3c, 0x38, 0x2e, 0x8c, 0x3c, 0x38, 0x2e, 0x8c, 0x3c, 0x38, 0x2e, 0x8c, 0x3c, 0x38, 0x2e, 0x8c,
    0x3c, 0x38, 0x2e, 0x8c, 0x3c, 0x38, 0x2e, 0x8c, 0x3c, 0x38, 0x2e, 0x8c, 0x3c, 0x38, 0x2e, 0x8c,
    0x3c, 0x38, 0x2e, 0x8c, 0x3c, 0x38, 0x2e, 0x8c, 0x3c, 0x38, 0x2e, 0x8c, 0x3c, 0x38, 0x2e, 0x8c,
    0x3c, 0x38, 0x2e, 0x8c, 0x3c, 0x38, 0x2e, 0x8c, 0x3c, 0x38, 0x2e, 0x8c, 0x3c, 0x38, 0x2e, 0x8c,
    0x3c, 0x38, 0x2e, 0x8c, 0x3c, 0x38, 0x2e, 0x8c, 0x3c, 0x38, 0x2e, 0x8c, 0x3c, 0x38, 0x2e, 0x8c,
    0x3c, 0x38, 0x2e, 0x8c, 0x3c, 0x38, 0x2e, 0x8c, 0x3c, 0x38, 0x2e, 0x8c, 0x3c, 0x38, 0x2e, 0x8c,
    0x3c, 0x38, 0x2e, 0x8c, 0x3c, 0x38, 0x2e, 0x8c, 0x3c, 0x38, 0x2e, 0x8c, 0x3c, 0x38, 0x2e, 0x8c,
    0x3c, 0x38, 0x2e, 0x8c, 0x3c, 0x38, 0x2e, 0x8c, 0x3c, 0x38, 0x2e, 0x8c, 0x3c, 0x38, 0x2e, 0x8c,
    0x3c, 0x38, 0x2e, 0x8c, 0x3c, 0x38, 0x2e, 0x8c, 0x3c, 0x38, 0x2e, 0x8c, 0x3c, 0x38, 0x2e, 0x8c,
    0x3c, 0x38, 0x2e, 0x8c, 0x3c, 0x38, 0x2e, 0x8c, 0x3c, 0x38, 0x2e, 0x8c, 0x3c, 0x38, 0x2e, 0x8c,
    0x3c, 0x38, 0x2e, 0x8c, 0x3c, 0x38, 0x2e, 0x8c, 0x3c, 0x38, 0x2e, 0x8c, 0x3c, 0x38, 0x2e, 0x8c,
    0x3c, 0x38, 0x2e, 0x8c, 0x3c, 0x38, 0x2e, 0x8c, 0x3c, 0x38, 0x2e, 0x8c, 0x3c, 0x38, 0x2e, 0x8c,
    0x3c, 0x38, 0x2e, 0x8c, 0x3c, 0x38, 0x2e, 0x8c, 0x3c, 0x38, 0x2e, 0x8c, 0x3c, 0x38, 0x2e, 0x8c,
    0x3c, 0x38, 0x2e, 0x8c, 0x3c, 0x38, 0x2e, 0x8c, 0x3c, 0x38, 0x2e, 0x8c, 0x3c, 0x38, 0x2e, 0x8c,
    0x3c, 0x38, 0x2e, 0x8c, 0x3c, 0x38, 0x2e, 0x8c, 0x3c, 0x38, 0x2e, 0x8c, 0x3c, 0x38, 0x2e, 0x8c,
    0x3c, 0x38, 0x2e, 0x8c, 0x3c, 0x38, 0x2e, 0x8c, 0x3c, 0x38, 0x2e, 0x8c, 0x3c, 0x38, 0x2e, 0x8c,
    0x3c, 0x38, 0x2e, 0x8c, 0x3c, 0x38, 0x2e, 0x8c, 0x3c, 0x38, 0x2e, 0x8c, 0x3c, 0x38, 0x2e, 0x8c,
    0x3c, 0x38, 0x2e, 0x8c, 0x3c, 0x38, 0x2e, 0x8c, 0x3c, 0x38, 0x2e, 0x8c, 0x3c, 0x38, 0x2e, 0x8c,
    0x3c, 0x38, 0x2e, 0x8c, 0x3c, 0x38, 0x2e, 0x8c, 0xaa, 0xc6, 0xd3, 0x0f, 0x00, 0x00, 0x00, 0x00,
    0x00, 0x00, 0x00, 0x00, 0xaa, 0xc6, 0xd3, 0x05, 0xaa, 0xc6, 0xd3, 0x14, 0x3c, 0x38, 0x2e, 0x8c,
    0x3c, 0x38, 0x2e, 0x8c, 0x3c, 0x38, 0x2e, 0x8c, 0x3c, 0x38, 0x2e, 0x8c, 0x3c, 0x38, 0x2e, 0x8c,
    0x3c, 0x38, 0x2e, 0x8c, 0x3c, 0x38, 0x2e, 0x8c, 0x3c, 0x38, 0x2e, 0x8c, 0x3c, 0x38, 0x2e, 0x8c,
    0x3c, 0x38, 0x2e, 0x8c, 0x3c, 0x38, 0x2e, 0x8c, 0x3c, 0x38, 0x2e, 0x8c, 0x3c, 0x38, 0x2e, 0x8c,
    0x3c, 0x38, 0x2e, 0x8c, 0x3c, 0x38, 0x2e, 0x8c, 0x3c, 0x38, 0x2e, 0x8c, 0x3c, 0x38, 0x2e, 0x8c,
    0x3c, 0x38, 0x2e, 0x8c, 0x3c, 0x38, 0x2e, 0x8c, 0x3c, 0x38, 0x2e, 0x8c, 0x3c, 0x38, 0x2e, 0x8c,
    0x3c, 0x38, 0x2e, 0x8c, 0x3c, 0x38, 0x2e, 0x8c, 0x3c, 0x38, 0x2e, 0x8c, 0x3c, 0x38, 0x2e, 0x8c,
    0x3c, 0x38, 0x2e, 0x8c, 0x3c, 0x38, 0x2e, 0x8c, 0x3c, 0x38, 0x2e, 0x8c, 0x3c, 0x38, 0x2e, 0x8c,
    0x3c, 0x38, 0x2e, 0x8c, 0x3c, 0x38, 0x2e, 0x8c, 0x3c, 0x38, 0x2e, 0x8c, 0x3c, 0x38, 0x2e, 0x8c,
    0x3c, 0x38, 0x2e, 0x8c, 0x3c, 0x38, 0x2e, 0x8c, 0x3c, 0x38, 0x2e, 0x8c, 0x3c, 0x38, 0x2e, 0x8c,
    0x3c, 0x38, 0x2e, 0x8c, 0x3c, 0x38, 0x2e, 0x8c, 0x3c, 0x38, 0x2e, 0x8c, 0x3c, 0x38, 0x2e, 0x8c,
    0x3c, 0x38, 0x2e, 0x8c, 0x3c, 0x38, 0x2e, 0x8c, 0x3c, 0x38, 0x2e, 0x8c, 0x3c, 0x38, 0x2e, 0x8c,
    0x3c, 0x38, 0x2e, 0x8c, 0x3c, 0x38, 0x2e, 0x8c, 0x3c, 0x38, 0x2e, 0x8c, 0x3c, 0x38, 0x2e, 0x8c,
    0x3c, 0x38, 0x2e, 0x8c, 0x3c, 0x38, 0x2e, 0x8c, 0x3c, 0x38, 0x2e, 0x8c, 0x3c, 0x38, 0x2e, 0x8c,
    0x3c, 0x38, 0x2e, 0x8c, 0x3c, 0x38, 0x2e, 0x8c, 0x3c, 0x38, 0x2e, 0x8c, 0x3c, 0x38, 0x2e, 0x8c,
    0x3c, 0x38, 0x2e, 0x8c, 0x3c, 0x38, 0x2e, 0x8c, 0x3c, 0x38, 0x2e, 0x8c, 0x3c, 0x38, 0x2e, 0x8c,
    0x3c, 0x38, 0x2e, 0x8c, 0x3c, 0x38, 0x2e, 0x8c, 0x3c, 0x38, 0x2e, 0x8c, 0x3c, 0x38, 0x2e, 0x8c,
    0x3c, 0x38, 0x2e, 0x8c, 0x3c, 0x38, 0x2e, 0x8c, 0x3c, 0x38, 0x2e, 0x8c, 0x3c, 0x38, 0x2e, 0x8c,
    0x3c, 0x38, 0x2e, 0x8c, 0x3c, 0x38, 0x2e, 0x8c, 0x3c, 0x38, 0x2e, 0x8c, 0x3c, 0x38, 0x2e, 0x8c,
    0x3c, 0x38, 0x2e, 0x8c, 0x3c, 0x38, 0x2e, 0x8c, 0x3c, 0x38, 0x2e, 0x8c, 0x3c, 0x38, 0x2e, 0x8c,
    0x3c, 0x38, 0x2e, 0x8c, 0x3c, 0x38, 0x2e, 0x8c, 0x3c, 0x38, 0x2e, 0x8c, 0x3c, 0x38, 0x2e, 0x8c,
    0x3c, 0x38, 0x2e, 0x8c, 0x3c, 0x38, 0x2e, 0x8c, 0x3c, 0x38, 0x2e, 0x8c, 0xaa, 0xc6, 0xd3, 0x14,
    0xaa, 0xc6, 0xd3, 0x05, 0x00, 0x00, 0x00, 0x00, 0x00, 0x00, 0x00, 0x00, 0x00, 0x00, 0x00, 0x00,
    0xaa, 0xc6, 0xd3, 0x0b, 0xaa, 0xc6, 0xd3, 0x14, 0x3c, 0x38, 0x2e, 0x8c, 0x3c, 0x38, 0x2e, 0x8c,
    0x3c, 0x38, 0x2e, 0x8c, 0x3c, 0x38, 0x2e, 0x8c, 0x3c, 0x38, 0x2e, 0x8c, 0x3c, 0x38, 0x2e, 0x8c,
    0x3c, 0x38, 0x2e, 0x8c, 0x3c, 0x38, 0x2e, 0x8c, 0x3c, 0x38, 0x2e, 0x8c, 0x3c, 0x38, 0x2e, 0x8c,
    0x3c, 0x38, 0x2e, 0x8c, 0x3c, 0x38, 0x2e, 0x8c, 0x3c, 0x38, 0x2e, 0x8c, 0x3c, 0x38, 0x2e, 0x8c,
    0x3c, 0x38, 0x2e, 0x8c, 0x3c, 0x38, 0x2e, 0x8c, 0x3c, 0x38, 0x2e, 0x8c, 0x3c, 0x38, 0x2e, 0x8c,
    0x3c, 0x38, 0x2e, 0x8c, 0x3c, 0x38, 0x2e, 0x8c, 0x3c, 0x38, 0x2e, 0x8c, 0x3c, 0x38, 0x2e, 0x8c,
    0x3c, 0x38, 0x2e, 0x8c, 0x3c, 0x38, 0x2e, 0x8c, 0x3c, 0x38, 0x2e, 0x8c, 0x3c, 0x38, 0x2e, 0x8c,
    0x3c, 0x38, 0x2e, 0x8c, 0x3c, 0x38, 0x2e, 0x8c, 0x3c, 0x38, 0x2e, 0x8c, 0x3c, 0x38, 0x2e, 0x8c,
    0x3c, 0x38, 0x2e, 0x8c, 0x3c, 0x38, 0x2e, 0x8c, 0x3c, 0x38, 0x2e, 0x8c, 0x3c, 0x38, 0x2e, 0x8c,
    0x3c, 0x38, 0x2e, 0x8c, 0x3c, 0x38, 0x2e, 0x8c, 0x3c, 0x38, 0x2e, 0x8c, 0x3c, 0x38, 0x2e, 0x8c,
    0x3c, 0x38, 0x2e, 0x8c, 0x3c, 0x38, 0x2e, 0x8c, 0x3c, 0x38, 0x2e, 0x8c, 0x3c, 0x38, 0x2e, 0x8c,
    0x3c, 0x38, 0x2e, 0x8c, 0x3c, 0x38, 0x2e, 0x8c, 0x3c, 0x38, 0x2e, 0x8c, 0x3c, 0x38, 0x2e, 0x8c,
    0x3c, 0x38, 0x2e, 0x8c, 0x3c, 0x38, 0x2e, 0x8c, 0x3c, 0x38, 0x2e, 0x8c, 0x3c, 0x38, 0x2e, 0x8c,
    0x3c, 0x38, 0x2e, 0x8c, 0x3c, 0x38, 0x2e, 0x8c, 0x3c, 0x38, 0x2e, 0x8c, 0x3c, 0x38, 0x2e, 0x8c,
    0x3c, 0x38, 0x2e, 0x8c, 0x3c, 0x38, 0x2e, 0x8c, 0x3c, 0x38, 0x2e, 0x8c, 0x3c, 0x38, 0x2e, 0x8c,
    0x3c, 0x38, 0x2e, 0x8c, 0x3c, 0x38, 0x2e, 0x8c, 0x3c, 0x38, 0x2e, 0x8c, 0x3c, 0x38, 0x2e, 0x8c,
    0x3c, 0x38, 0x2e, 0x8c, 0x3c, 0x38, 0x2e, 0x8c, 0x3c, 0x38, 0x2e, 0x8c, 0x3c, 0x38, 0x2e, 0x8c,
    0x3c, 0x38, 0x2e, 0x8c, 0x3c, 0x38, 0x2e, 0x8c, 0x3c, 0x38, 0x2e, 0x8c, 0x3c, 0x38, 0x2e, 0x8c,
    0x3c, 0x38, 0x2e, 0x8c, 0x3c, 0x38, 0x2e, 0x8c, 0x3c, 0x38, 0x2e, 0x8c, 0x3c, 0x38, 0x2e, 0x8c,
    0x3c, 0x38, 0x2e, 0x8c, 0x3c, 0x38, 0x2e, 0x8c, 0x3c, 0x38, 0x2e, 0x8c, 0x3c, 0x38, 0x2e, 0x8c,
    0x3c, 0x38, 0x2e, 0x8c, 0x3c, 0x38, 0x2e, 0x8c, 0x3c, 0x38, 0x2e, 0x8c, 0x3c, 0x38, 0x2e, 0x8c,
    0xaa, 0xc6, 0xd3, 0x14, 0xaa, 0xc6, 0xd3, 0x0b, 0x00, 0x00, 0x00, 0x00, 0x00, 0x00, 0x00, 0x00,
    0x00, 0x00, 0x00, 0x00, 0x00, 0x00, 0x00, 0x00, 0x00, 0x00, 0x00, 0x00, 0xaa, 0xc6, 0xd3, 0x0f,
    0xaa, 0xc6, 0xd3, 0x14, 0x3c, 0x38, 0x2e, 0x8c, 0x3c, 0x38, 0x2e, 0x8c, 0x3c, 0x38, 0x2e, 0x8c,
    0x3c, 0x38, 0x2e, 0x8c, 0x3c, 0x38, 0x2e, 0x8c, 0x3c, 0x38, 0x2e, 0x8c, 0x3c, 0x38, 0x2e, 0x8c,
    0x3c, 0x38, 0x2e, 0x8c, 0x3c, 0x38, 0x2e, 0x8c, 0x3c, 0x38, 0x2e, 0x8c, 0x3c, 0x38, 0x2e, 0x8c,
    0x3c, 0x38, 0x2e, 0x8c, 0x3c, 0x38, 0x2e, 0x8c, 0x3c, 0x38, 0x2e, 0x8c, 0x3c, 0x38, 0x2e, 0x8c,
    0x3c, 0x38, 0x2e, 0x8c, 0x3c, 0x38, 0x2e, 0x8c, 0x3c, 0x38, 0x2e, 0x8c, 0x3c, 0x38, 0x2e, 0x8c,
    0x3c, 0x38, 0x2e, 0x8c, 0x3c, 0x38, 0x2e, 0x8c, 0x3c, 0x38, 0x2e, 0x8c, 0x3c, 0x38, 0x2e, 0x8c,
    0x3c, 0x38, 0x2e, 0x8c, 0x3c, 0x38, 0x2e, 0x8c, 0x3c, 0x38, 0x2e, 0x8c, 0x3c, 0x38, 0x2e, 0x8c,
    0x3c, 0x38, 0x2e, 0x8c, 0x3c, 0x38, 0x2e, 0x8c, 0x3c, 0x38, 0x2e, 0x8c, 0x3c, 0x38, 0x2e, 0x8c,
    0x3c, 0x38, 0x2e, 0x8c, 0x3c, 0x38, 0x2e, 0x8c, 0x3c, 0x38, 0x2e, 0x8c, 0x3c, 0x38, 0x2e, 0x8c,
    0x3c, 0x38, 0x2e, 0x8c, 0x3c, 0x38, 0x2e, 0x8c, 0x3c, 0x38, 0x2e, 0x8c, 0x3c, 0x38, 0x2e, 0x8c,
    0x3c, 0x38, 0x2e, 0x8c, 0x3c, 0x38, 0x2e, 0x8c, 0x3c, 0x38, 0x2e, 0x8c, 0x3c, 0x38, 0x2e, 0x8c,
    0x3c, 0x38, 0x2e, 0x8c, 0x3c, 0x38, 0x2e, 0x8c, 0x3c, 0x38, 0x2e, 0x8c, 0x3c, 0x38, 0x2e, 0x8c,
    0x3c, 0x38, 0x2e, 0x8c, 0x3c, 0x38, 0x2e, 0x8c, 0x3c, 0x38, 0x2e, 0x8c, 0x3c, 0x38, 0x2e, 0x8c,
    0x3c, 0x38, 0x2e, 0x8c, 0x3c, 0x38, 0x2e, 0x8c, 0x3c, 0x38, 0x2e, 0x8c, 0x3c, 0x38, 0x2e, 0x8c,
    0x3c, 0x38, 0x2e, 0x8c, 0x3c, 0x38, 0x2e, 0x8c, 0x3c, 0x38, 0x2e, 0x8c, 0x3c, 0x38, 0x2e, 0x8c,
    0x3c, 0x38, 0x2e, 0x8c, 0x3c, 0x38, 0x2e, 0x8c, 0x3c, 0x38, 0x2e, 0x8c, 0x3c, 0x38, 0x2e, 0x8c,
    0x3c, 0x38, 0x2e, 0x8c, 0x3c, 0x38, 0x2e, 0x8c, 0x3c, 0x38, 0x2e, 0x8c, 0x3c, 0x38, 0x2e, 0x8c,
    0x3c, 0x38, 0x2e, 0x8c, 0x3c, 0x38, 0x2e, 0x8c, 0x3c, 0x38, 0x2e, 0x8c, 0x3c, 0x38, 0x2e, 0x8c,
    0x3c, 0x38, 0x2e, 0x8c, 0x3c, 0x38, 0x2e, 0x8c, 0x3c, 0x38, 0x2e, 0x8c, 0x3c, 0x38, 0x2e, 0x8c,
    0x3c, 0x38, 0x2e, 0x8c, 0x3c, 0x38, 0x2e, 0x8c, 0x3c, 0x38, 0x2e, 0x8c, 0x3c, 0x38, 0x2e, 0x8c,
    0x3c, 0x38, 0x2e, 0x8c, 0xaa, 0xc6, 0xd3, 0x14, 0xaa, 0xc6, 0xd3, 0x0f, 0x00, 0x00, 0x00, 0x00,
    0x00, 0x00, 0x00, 0x00, 0x00, 0x00, 0x00, 0x00, 0x00, 0x00, 0x00, 0x00, 0x00, 0x00, 0x00, 0x00,
    0x00, 0x00, 0x00, 0x00, 0xaa, 0xc6, 0xd3, 0x01, 0xaa, 0xc6, 0xd3, 0x0f, 0xaa, 0xc6, 0xd3, 0x14,
    0x3c, 0x38, 0x2e, 0x8c, 0x3c, 0x38, 0x2e, 0x8c, 0x3c, 0x38, 0x2e, 0x8c, 0x3c, 0x38, 0x2e, 0x8c,
    0x3c, 0x38, 0x2e, 0x8c, 0x3c, 0x38, 0x2e, 0x8c, 0x3c, 0x38, 0x2e, 0x8c, 0x3c, 0x38, 0x2e, 0x8c,
    0x3c, 0x38, 0x2e, 0x8c, 0x3c, 0x38, 0x2e, 0x8c, 0x3c, 0x38, 0x2e, 0x8c, 0x3c, 0x38, 0x2e, 0x8c,
    0x3c, 0x38, 0x2e, 0x8c, 0x3c, 0x38, 0x2e, 0x8c, 0x3c, 0x38, 0x2e, 0x8c, 0x3c, 0x38, 0x2e, 0x8c,
    0x3c, 0x38, 0x2e, 0x8c, 0x3c, 0x38, 0x2e, 0x8c, 0x3c, 0x38, 0x2e, 0x8c, 0x3c, 0x38, 0x2e, 0x8c,
    0x3c, 0x38, 0x2e, 0x8c, 0x3c, 0x38, 0x2e, 0x8c, 0x3c, 0x38, 0x2e, 0x8c, 0x3c, 0x38, 0x2e, 0x8c,
    0x3c, 0x38, 0x2e, 0x8c, 0x3c, 0x38, 0x2e, 0x8c, 0x3c, 0x38, 0x2e, 0x8c, 0x3c, 0x38, 0x2e, 0x8c,
    0x3c, 0x38, 0x2e, 0x8c, 0x3c, 0x38, 0x2e, 0x8c, 0x3c, 0x38, 0x2e, 0x8c, 0x3c, 0x38, 0x2e, 0x8c,
    0x3c, 0x38, 0x2e, 0x8c, 0x3c, 0x38, 0x2e, 0x8c, 0x3c, 0x38, 0x2e, 0x8c, 0x3c, 0x38, 0x2e, 0x8c,
    0x3c, 0x38, 0x2e, 0x8c, 0x3c, 0x38, 0x2e, 0x8c, 0x3c, 0x38, 0x2e, 0x8c, 0x3c, 0x38, 0x2e, 0x8c,
    0x3c, 0x38, 0x2e, 0x8c, 0x3c, 0x38, 0x2e, 0x8c, 0x3c, 0x38, 0x2e, 0x8c, 0x3c, 0x38, 0x2e, 0x8c,
    0x3c, 0x38, 0x2e, 0x8c, 0x3c, 0x38, 0x2e, 0x8c, 0x3c, 0x38, 0x2e, 0x8c, 0x3c, 0x38, 0x2e, 0x8c,
    0x3c, 0x38, 0x2e, 0x8c, 0x3c, 0x38, 0x2e, 0x8c, 0x3c, 0x38, 0x2e, 0x8c, 0x3c, 0x38, 0x2e, 0x8c,
    0x3c, 0x38, 0x2e, 0x8c, 0x3c, 0x38, 0x2e, 0x8c, 0x3c, 0x38, 0x2e, 0x8c, 0x3c, 0x38, 0x2e, 0x8c,
    0x3c, 0x38, 0x2e, 0x8c, 0x3c, 0x38, 0x2e, 0x8c, 0x3c, 0x38, 0x2e, 0x8c, 0x3c, 0x38, 0x2e, 0x8c,
    0x3c, 0x38, 0x2e, 0x8c, 0x3c, 0x38, 0x2e, 0x8c, 0x3c, 0x38, 0x2e, 0x8c, 0x3c, 0x38, 0x2e, 0x8c,
    0x3c, 0x38, 0x2e, 0x8c, 0x3c, 0x38, 0x2e, 0x8c, 0x3c, 0x38, 0x2e, 0x8c, 0x3c, 0x38, 0x2e, 0x8c,
    0x3c, 0x38, 0x2e, 0x8c, 0x3c, 0x38, 0x2e, 0x8c, 0x3c, 0x38, 0x2e, 0x8c, 0x3c, 0x38, 0x2e, 0x8c,
    0x3c, 0x38, 0x2e, 0x8c, 0x3c, 0x38, 0x2e, 0x8c, 0x3c, 0x38, 0x2e, 0x8c, 0x3c, 0x38, 0x2e, 0x8c,
    0x3c, 0x38, 0x2e, 0x8c, 0x3c, 0x38, 0x2e, 0x8c, 0xaa, 0xc6, 0xd3, 0x14, 0xaa, 0xc6, 0xd3, 0x0f,
    0xaa, 0xc6, 0xd3, 0x01, 0x00, 0x00, 0x00, 0x00, 0x00, 0x00, 0x00, 0x00, 0x00, 0x00, 0x00, 0x00,
    0x00, 0x00, 0x00, 0x00, 0x00, 0x00, 0x00, 0x00, 0x00, 0x00, 0x00, 0x00, 0x00, 0x00, 0x00, 0x00,
    0x00, 0x00, 0x00, 0x00, 0xaa, 0xc6, 0xd3, 0x0b, 0xaa, 0xc6, 0xd3, 0x14, 0x3c, 0x38, 0x2e, 0x8c,
    0x3c, 0x38, 0x2e, 0x8c, 0x3c, 0x38, 0x2e, 0x8c, 0x3c, 0x38, 0x2e, 0x8c, 0x3c, 0x38, 0x2e, 0x8c,
    0x3c, 0x38, 0x2e, 0x8c, 0x3c, 0x38, 0x2e, 0x8c, 0x3c, 0x38, 0x2e, 0x8c, 0x3c, 0x38, 0x2e, 0x8c,
    0x3c, 0x38, 0x2e, 0x8c, 0x3c, 0x38, 0x2e, 0x8c, 0x3c, 0x38, 0x2e, 0x8c, 0x3c, 0x38, 0x2e, 0x8c,
    0x3c, 0x38, 0x2e, 0x8c, 0x3c, 0x38, 0x2e, 0x8c, 0x3c, 0x38, 0x2e, 0x8c, 0x3c, 0x38, 0x2e, 0x8c,
    0x3c, 0x38, 0x2e, 0x8c, 0x3c, 0x38, 0x2e, 0x8c, 0x3c, 0x38, 0x2e, 0x8c, 0x3c, 0x38, 0x2e, 0x8c,
    0x3c, 0x38, 0x2e, 0x8c, 0x3c, 0x38, 0x2e, 0x8c, 0x3c, 0x38, 0x2e, 0x8c, 0x3c, 0x38, 0x2e, 0x8c,
    0x3c, 0x38, 0x2e, 0x8c, 0x3c, 0x38, 0x2e, 0x8c, 0x3c, 0x38, 0x2e, 0x8c, 0x3c, 0x38, 0x2e, 0x8c,
    0x3c, 0x38, 0x2e, 0x8c, 0x3c, 0x38, 0x2e, 0x8c, 0x3c, 0x38, 0x2e, 0x8c, 0x3c, 0x38, 0x2e, 0x8c,
    0x3c, 0x38, 0x2e, 0x8c, 0x3c, 0x38, 0x2e, 0x8c, 0x3c, 0x38, 0x2e, 0x8c, 0x3c, 0x38, 0x2e, 0x8c,
    0x3c, 0x38, 0x2e, 0x8c, 0x3c, 0x38, 0x2e, 0x8c, 0x3c, 0x38, 0x2e, 0x8c, 0x3c, 0x38, 0x2e, 0x8c,
    0x3c, 0x38, 0x2e, 0x8c, 0x3c, 0x38, 0x2e, 0x8c, 0x3c, 0x38, 0x2e, 0x8c, 0x3c, 0x38, 0x2e, 0x8c,
    0x3c, 0x38, 0x2e, 0x8c, 0x3c, 0x38, 0x2e, 0x8c, 0x3c, 0x38, 0x2e, 0x8c, 0x3c, 0x38, 0x2e, 0x8c,
    0x3c, 0x38, 0x2e, 0x8c, 0x3c, 0x38, 0x2e, 0x8c, 0x3c, 0x38, 0x2e, 0x8c, 0x3c, 0x38, 0x2e, 0x8c,
    0x3c, 0x38, 0x2e, 0x8c, 0x3c, 0x38, 0x2e, 0x8c, 0x3c, 0x38, 0x2e, 0x8c, 0x3c, 0x38, 0x2e, 0x8c,
    0x3c, 0x38, 0x2e, 0x8c, 0x3c, 0x38, 0x2e, 0x8c, 0x3c, 0x38, 0x2e, 0x8c, 0x3c, 0x38, 0x2e, 0x8c,
    0x3c, 0x38, 0x2e, 0x8c, 0x3c, 0x38, 0x2e, 0x8c, 0x3c, 0x38, 0x2e, 0x8c, 0x3c, 0x38, 0x2e, 0x8c,
    0x3c, 0x38, 0x2e, 0x8c, 0x3c, 0x38, 0x2e, 0x8c, 0x3c, 0x38, 0x2e, 0x8c, 0x3c, 0x38, 0x2e, 0x8c,
    0x3c, 0x38, 0x2e, 0x8c, 0x3c, 0x38, 0x2e, 0x8c, 0x3c, 0x38, 0x2e, 0x8c, 0x3c, 0x38, 0x2e, 0x8c,
    0x3c, 0x38, 0x2e, 0x8c, 0x3c, 0x38, 0x2e, 0x8c, 0x3c, 0x38, 0x2e, 0x8c, 0xaa, 0xc6, 0xd3, 0x14,
    0xaa, 0xc6, 0xd3, 0x0b, 0x00, 0x00, 0x00, 0x00, 0x00, 0x00, 0x00, 0x00, 0x00, 0x00, 0x00, 0x00,
    0x00, 0x00, 0x00, 0x00, 0x00, 0x00, 0x00, 0x00, 0x00, 0x00, 0x00, 0x00, 0x00, 0x00, 0x00, 0x00,
    0x00, 0x00, 0x00, 0x00, 0x00, 0x00, 0x00, 0x00, 0x00, 0x00, 0x00, 0x00, 0x00, 0x00, 0x00, 0x00,
    0xaa, 0xc6, 0xd3, 0x05, 0xaa, 0xc6, 0xd3, 0x0f, 0xaa, 0xc6, 0xd3, 0x14, 0xaa, 0xc6, 0xd3, 0x14,
    0x3c, 0x38, 0x2e, 0x8c, 0x3c, 0x38, 0x2e, 0x8c, 0x3c, 0x38, 0x2e, 0x8c, 0x3c, 0x38, 0x2e, 0x8c,
    0x3c, 0x38, 0x2e, 0x8c, 0x3c, 0x38, 0x2e, 0x8c, 0x3c, 0x38, 0x2e, 0x8c, 0x3c, 0x38, 0x2e, 0x8c,
    0x3c, 0x38, 0x2e, 0x8c, 0x3c, 0x38, 0x2e, 0x8c, 0x3c, 0x38, 0x2e, 0x8c, 0x3c, 0x38, 0x2e, 0x8c,
    0x3c, 0x38, 0x2e, 0x8c, 0x3c, 0x38, 0x2e, 0x8c, 0x3c, 0x38, 0x2e, 0x8c, 0x3c, 0x38, 0x2e, 0x8c,
    0x3c, 0x38, 0x2e, 0x8c, 0x3c, 0x38, 0x2e, 0x8c, 0x3c, 0x38, 0x2e, 0x8c, 0x3c, 0x38, 0x2e, 0x8c,
    0x3c, 0x38, 0x2e, 0x8c, 0x3c, 0x38, 0x2e, 0x8c, 0x3c, 0x38, 0x2e, 0x8c, 0x3c, 0x38, 0x2e, 0x8c,
    0x3c, 0x38, 0x2e, 0x8c, 0x3c, 0x38, 0x2e, 0x8c, 0x3c, 0x38, 0x2e, 0x8c, 0x3c, 0x38, 0x2e, 0x8c,
    0x3c, 0x38, 0x2e, 0x8c, 0x3c, 0x38, 0x2e, 0x8c, 0x3c, 0x38, 0x2e, 0x8c, 0x3c, 0x38, 0x2e, 0x8c,
    0x3c, 0x38, 0x2e, 0x8c, 0x3c, 0x38, 0x2e, 0x8c, 0x3c, 0x38, 0x2e, 0x8c, 0x3c, 0x38, 0x2e, 0x8c,
    0x3c, 0x38, 0x2e, 0x8c, 0x3c, 0x38, 0x2e, 0x8c, 0x3c, 0x38, 0x2e, 0x8c, 0x3c, 0x38, 0x2e, 0x8c,
    0x3c, 0x38, 0x2e, 0x8c, 0x3c, 0x38, 0x2e, 0x8c, 0x3c, 0x38, 0x2e, 0x8c, 0x3c, 0x38, 0x2e, 0x8c,
    0x3c, 0x38, 0x2e, 0x8c, 0x3c, 0x38, 0x2e, 0x8c, 0x3c, 0x38, 0x2e, 0x8c, 0x3c, 0x38, 0x2e, 0x8c,
    0x3c, 0x38, 0x2e, 0x8c, 0x3c, 0x38, 0x2e, 0x8c, 0x3c, 0x38, 0x2e, 0x8c, 0x3c, 0x38, 0x2e, 0x8c,
    0x3c, 0x38, 0x2e, 0x8c, 0x3c, 0x38, 0x2e, 0x8c, 0x3c, 0x38, 0x2e, 0x8c, 0x3c, 0x38, 0x2e, 0x8c,
    0x3c, 0x38, 0x2e, 0x8c, 0x3c, 0x38, 0x2e, 0x8c, 0x3c, 0x38, 0x2e, 0x8c, 0x3c, 0x38, 0x2e, 0x8c,
    0x3c, 0x38, 0x2e, 0x8c, 0x3c, 0x38, 0x2e, 0x8c, 0x3c, 0x38, 0x2e, 0x8c, 0x3c, 0x38, 0x2e, 0x8c,
    0x3c, 0x38, 0x2e, 0x8c, 0x3c, 0x38, 0x2e, 0x8c, 0x3c, 0x38, 0x2e, 0x8c, 0x3c, 0x38, 0x2e, 0x8c,
    0x3c, 0x38, 0x2e, 0x8c, 0x3c, 0x38, 0x2e, 0x8c, 0xaa, 0xc6, 0xd3, 0x14, 0xaa, 0xc6, 0xd3, 0x14,
    0xaa, 0xc6, 0xd3, 0x0f, 0xaa, 0xc6, 0xd3, 0x05, 0x00, 0x00, 0x00, 0x00, 0x00, 0x00, 0x00, 0x00,
    0x00, 0x00, 0x00, 0x00, 0x00, 0x00, 0x00, 0x00, 0x00, 0x00, 0x00, 0x00, 0x00, 0x00, 0x00, 0x00,
    0x00, 0x00, 0x00, 0x00, 0x00, 0x00, 0x00, 0x00, 0x00, 0x00, 0x00, 0x00, 0x00, 0x00, 0x00, 0x00,
    0x00, 0x00, 0x00, 0x00, 0x00, 0x00, 0x00, 0x00, 0x00, 0x00, 0x00, 0x00, 0x00, 0x00, 0x00, 0x00,
    0xaa, 0xc6, 0xd3, 0x04, 0xaa, 0xc6, 0xd3, 0x0a, 0xaa, 0xc6, 0xd3, 0x0f, 0xaa, 0xc6, 0xd3, 0x12,
    0xaa, 0xc6, 0xd3, 0x13, 0xaa, 0xc6, 0xd3, 0x14, 0xaa, 0xc6, 0xd3, 0x14, 0xaa, 0xc6, 0xd3, 0x14,
    0xaa, 0xc6, 0xd3, 0x14, 0xaa, 0xc6, 0xd3, 0x14, 0xaa, 0xc6, 0xd3, 0x14, 0xaa, 0xc6, 0xd3, 0x14,
    0xaa, 0xc6, 0xd3, 0x14, 0xaa, 0xc6, 0xd3, 0x14, 0xaa, 0xc6, 0xd3, 0x14, 0xaa, 0xc6, 0xd3, 0x14,
    0xaa, 0xc6, 0xd3, 0x14, 0xaa, 0xc6, 0xd3, 0x14, 0xaa, 0xc6, 0xd3, 0x14, 0xaa, 0xc6, 0xd3, 0x14,
    0xaa, 0xc6, 0xd3, 0x14, 0xaa, 0xc6, 0xd3, 0x14, 0xaa, 0xc6, 0xd3, 0x14, 0xaa, 0xc6, 0xd3, 0x14,
    0xaa, 0xc6, 0xd3, 0x14, 0xaa, 0xc6, 0xd3, 0x14, 0xaa, 0xc6, 0xd3, 0x14, 0xaa, 0xc6, 0xd3, 0x14,
    0xaa, 0xc6, 0xd3, 0x14, 0xaa, 0xc6, 0xd3, 0x14, 0xaa, 0xc6, 0xd3, 0x14, 0xaa, 0xc6, 0xd3, 0x14,
    0xaa, 0xc6, 0xd3, 0x14, 0xaa, 0xc6, 0xd3, 0x14, 0xaa, 0xc6, 0xd3, 0x14, 0xaa, 0xc6, 0xd3, 0x14,
    0xaa, 0xc6, 0xd3, 0x14, 0xaa, 0xc6, 0xd3, 0x14, 0xaa, 0xc6, 0xd3, 0x14, 0xaa, 0xc6, 0xd3, 0x14,
    0xaa, 0xc6, 0xd3, 0x14, 0xaa, 0xc6, 0xd3, 0x14, 0xaa, 0xc6, 0xd3, 0x14, 0xaa, 0xc6, 0xd3, 0x14,
    0xaa, 0xc6, 0xd3, 0x14, 0xaa, 0xc6, 0xd3, 0x14, 0xaa, 0xc6, 0xd3, 0x14, 0xaa, 0xc6, 0xd3, 0x14,
    0xaa, 0xc6, 0xd3, 0x14, 0xaa, 0xc6, 0xd3, 0x14, 0xaa, 0xc6, 0xd3, 0x14, 0xaa, 0xc6, 0xd3, 0x14,
    0xaa, 0xc6, 0xd3, 0x14, 0xaa, 0xc6, 0xd3, 0x14, 0xaa, 0xc6, 0xd3, 0x14, 0xaa, 0xc6, 0xd3, 0x14,
    0xaa, 0xc6, 0xd3, 0x14, 0xaa, 0xc6, 0xd3, 0x14, 0xaa, 0xc6, 0xd3, 0x14, 0xaa, 0xc6, 0xd3, 0x14,
    0xaa, 0xc6, 0xd3, 0x14, 0xaa, 0xc6, 0xd3, 0x14, 0xaa, 0xc6, 0xd3, 0x14, 0xaa, 0xc6, 0xd3, 0x14,
    0xaa, 0xc6, 0xd3, 0x14, 0xaa, 0xc6, 0xd3, 0x14, 0xaa, 0xc6, 0xd3, 0x14, 0xaa, 0xc6, 0xd3, 0x14,
    0xaa, 0xc6, 0xd3, 0x14, 0xaa, 0xc6, 0xd3, 0x13, 0xaa, 0xc6, 0xd3, 0x12, 0xaa, 0xc6, 0xd3, 0x0f,
    0xaa, 0xc6, 0xd3, 0x0a, 0xaa, 0xc6, 0xd3, 0x04, 0x00, 0x00, 0x00, 0x00, 0x00, 0x00, 0x00, 0x00,
    0x00, 0x00, 0x00, 0x00, 0x00, 0x00, 0x00, 0x00, 0x00, 0x00, 0x00, 0x00, 0x00, 0x00, 0x00, 0x00,
    0x00, 0x00, 0x00, 0x00, 0x00, 0x00, 0x00, 0x00,
};
static const lv_img_dsc_t pill_chip_mem = {
    .header.always_zero = 0,
    .header.w = 90,
    .header.h = 27,
    .header.cf = LV_IMG_CF_TRUE_COLOR_ALPHA,
    .data_size = sizeof(pill_chip_mem_data),
    .data = pill_chip_mem_data,
};

static const uint8_t pill_chip_temp_data[] = {
    0x00, 0x00, 0x00, 0x00, 0x00, 0x00, 0x00, 0x00, 0x00, 0x00, 0x00, 0x00, 0x00, 0x00, 0x00, 0x00,
    0x00, 0x00, 0x00, 0x00, 0x00, 0x00, 0x00, 0x00, 0x00, 0x00, 0x00, 0x00, 0x00, 0x00, 0x00, 0x00,
    0xaa, 0xc6, 0xd3, 0x04, 0xaa, 0xc6, 0xd3, 0x0a, 0xaa, 0xc6, 0xd3, 0x0f, 0xaa, 0xc6, 0xd3, 0x12,
    0xaa, 0xc6, 0xd3, 0x13, 0xaa, 0xc6, 0xd3, 0x14, 0xaa, 0xc6, 0xd3, 0x14, 0xaa, 0xc6, 0xd3, 0x14,
    0xaa, 0xc6, 0xd3, 0x14, 0xaa, 0xc6, 0xd3, 0x14, 0xaa, 0xc6, 0xd3, 0x14, 0xaa, 0xc6, 0xd3, 0x14,
    0xaa, 0xc6, 0xd3, 0x14, 0xaa, 0xc6, 0xd3, 0x14, 0xaa, 0xc6, 0xd3, 0x14, 0xaa, 0xc6, 0xd3, 0x14,
    0xaa, 0xc6, 0xd3, 0x14, 0xaa, 0xc6, 0xd3, 0x14, 0xaa, 0xc6, 0xd3, 0x14, 0xaa, 0xc6, 0xd3, 0x14,
    0xaa, 0xc6, 0xd3, 0x14, 0xaa, 0xc6, 0xd3, 0x14, 0xaa, 0xc6, 0xd3, 0x14, 0xaa, 0xc6, 0xd3, 0x14,
    0xaa, 0xc6, 0xd3, 0x14, 0xaa, 0xc6, 0xd3, 0x14, 0xaa, 0xc6, 0xd3, 0x14, 0xaa, 0xc6, 0xd3, 0x14,
    0xaa, 0xc6, 0xd3, 0x14, 0xaa, 0xc6, 0xd3, 0x14, 0xaa, 0xc6, 0xd3, 0x14, 0xaa, 0xc6, 0xd3, 0x14,
    0xaa, 0xc6, 0xd3, 0x14, 0xaa, 0xc6, 0xd3, 0x14, 0xaa, 0xc6, 0xd3, 0x14, 0xaa, 0xc6, 0xd3, 0x14,
    0xaa, 0xc6, 0xd3, 0x14, 0xaa, 0xc6, 0xd3, 0x14, 0xaa, 0xc6, 0xd3, 0x14, 0xaa, 0xc6, 0xd3, 0x13,
    0xaa, 0xc6, 0xd3, 0x12, 0xaa, 0xc6, 0xd3, 0x0f, 0xaa, 0xc6, 0xd3, 0x0a, 0xaa, 0xc6, 0xd3, 0x04,
    0x00, 0x00, 0x00, 0x00, 0x00, 0x00, 0x00, 0x00, 0x00, 0x00, 0x00, 0x00, 0x00, 0x00, 0x00, 0x00,
    0x00, 0x00, 0x00, 0x00, 0x00, 0x00, 0x00, 0x00, 0x00, 0x00, 0x00, 0x00, 0x00, 0x00, 0x00, 0x00,
    0x00, 0x00, 0x00, 0x00, 0x00, 0x00, 0x00, 0x00, 0x00, 0x00, 0x00, 0x00, 0x00, 0x00, 0x00, 0x00,
    0x00, 0x00, 0x00, 0x00, 0x00, 0x00, 0x00, 0x00, 0xaa, 0xc6, 0xd3, 0x05, 0xaa, 0xc6, 0xd3, 0x0f,
    0xaa, 0xc6, 0xd3, 0x14, 0xaa, 0xc6, 0xd3, 0x14, 0x3c, 0x38, 0x2e, 0x8c, 0x3c, 0x38, 0x2e, 0x8c,
    0x3c, 0x38, 0x2e, 0x8c, 0x3c, 0x38, 0x2e, 0x8c, 0x3c, 0x38, 0x2e, 0x8c, 0x3c, 0x38, 0x2e, 0x8c,
    0x3c, 0x38, 0x2e, 0x8c, 0x3c, 0x38, 0x2e, 0x8c, 0x3c, 0x38, 0x2e, 0x8c, 0x3c, 0x38, 0x2e, 0x8c,
    0x3c, 0x38, 0x2e, 0x8c, 0x3c, 0x38, 0x2e, 0x8c, 0x3c, 0x38, 0x2e, 0x8c, 0x3c, 0x38, 0x2e, 0x8c,
    0x3c, 0x38, 0x2e, 0x8c, 0x3c, 0x38, 0x2e, 0x8c, 0x3c, 0x38, 0x2e, 0x8c, 0x3c, 0x38, 0x2e, 0x8c,
    0x3c, 0x38, 0x2e, 0x8c, 0x3c, 0x38, 0x2e, 0x8c, 0x3c, 0x38, 0x2e, 0x8c, 0x3c, 0x38, 0x2e, 0x8c,
    0x3c, 0x38, 0x2e, 0x8c, 0x3c, 0x38, 0x2e, 0x8c, 0x3c, 0x38, 0x2e, 0x8c, 0x3c, 0x38, 0x2e, 0x8c,
    0x3c, 0x38, 0x2e, 0x8c, 0x3c, 0x38, 0x2e, 0x8c, 0x3c, 0x38, 0x2e, 0x8c, 0x3c, 0x38, 0x2e, 0x8c,
    0x3c, 0x38, 0x2e, 0x8c, 0x3c, 0x38, 0x2e, 0x8c, 0x3c, 0x38, 0x2e, 0x8c, 0x3c, 0x38, 0x2e, 0x8c,
    0x3c, 0x38, 0x2e, 0x8c, 0x3c, 0x38, 0x2e, 0x8c, 0x3c, 0x38, 0x2e, 0x8c, 0x3c, 0x38, 0x2e, 0x8c,
    0x3c, 0x38, 0x2e, 0x8c, 0x3c, 0x38, 0x2e, 0x8c, 0xaa, 0xc6, 0xd3, 0x14, 0xaa, 0xc6, 0xd3, 0x14,
    0xaa, 0xc6, 0xd3, 0x0f, 0xaa, 0xc6, 0xd3, 0x05, 0x00, 0x00, 0x00, 0x00, 0x00, 0x00, 0x00, 0x00,
    0x00, 0x00, 0x00, 0x00, 0x00, 0x00, 0x00, 0x00, 0x00, 0x00, 0x00, 0x00, 0x00, 0x00, 0x00, 0x00,
    0x00, 0x00, 0x00, 0x00, 0x00, 0x00, 0x00, 0x00, 0x00, 0x00, 0x00, 0x00, 0x00, 0x00, 0x00, 0x00,
    0x00, 0x00, 0x00, 0x00, 0xaa, 0xc6, 0xd3, 0x0b, 0xaa, 0xc6, 0xd3, 0x14, 0x3c, 0x38, 0x2e, 0x8c,
    0x3c, 0x38, 0x2e, 0x8c, 0x3c, 0x38, 0x2e, 0x8c, 0x3c, 0x38, 0x2e, 0x8c, 0x3c, 0x38, 0x2e, 0x8c,
    0x3c, 0x38, 0x2e, 0x8c, 0x3c, 0x38, 0x2e, 0x8c, 0x3c, 0x38, 0x2e, 0x8c, 0x3c, 0x38, 0x2e, 0x8c,
    0x3c, 0x38, 0x2e, 0x8c, 0x3c, 0x38, 0x2e, 0x8c, 0x3c, 0x38, 0x2e, 0x8c, 0x3c, 0x38, 0x2e, 0x8c,
    0x3c, 0x38, 0x2e, 0x8c, 0x3c, 0x38, 0x2e, 0x8c, 0x3c, 0x38, 0x2e, 0x8c, 0x3c, 0x38, 0x2e, 0x8c,
    0x3c, 0x38, 0x2e, 0x8c, 0x3c, 0x38, 0x2e, 0x8c, 0x3c, 0x38, 0x2e, 0x8c, 0x3c, 0x38, 0x2e, 0x8c,
    0x3c, 0x38, 0x2e, 0x8c, 0x3c, 0x38, 0x2e, 0x8c, 0x3c, 0x38, 0x2e, 0x8c, 0x3c, 0x38, 0x2e, 0x8c,
    0x3c, 0x38, 0x2e, 0x8c, 0x3c, 0x38, 0x2e, 0x8c, 0x3c, 0x38, 0x2e, 0x8c, 0x3c, 0x38, 0x2e, 0x8c,
    0x3c, 0x38, 0x2e, 0x8c, 0x3c, 0x38, 0x2e, 0x8c, 0x3c, 0x38, 0x2e, 0x8c, 0x3c, 0x38, 0x2e, 0x8c,
    0x3c, 0x38, 0x2e, 0x8c, 0x3c, 0x38, 0x2e, 0x8c, 0x3c, 0x38, 0x2e, 0x8c, 0x3c, 0x38, 0x2e, 0x8c,
    0x3c, 0x38, 0x2e, 0x8c, 0x3c, 0x38, 0x2e, 0x8c, 0x3c, 0x38, 0x2e, 0x8c, 0x3c, 0x38, 0x2e, 0x8c,
    0x3c, 0x38, 0x2e, 0x8c, 0x3c, 0x38, 0x2e, 0x8c, 0x3c, 0x38, 0x2e, 0x8c, 0x3c, 0x38, 0x2e, 0x8c,
    0x3c, 0x38, 0x2e, 0x8c, 0xaa, 0xc6, 0xd3, 0x14, 0xaa, 0xc6, 0xd3, 0x0b, 0x00, 0x00, 0x00, 0x00,
    0x00, 0x00, 0x00, 0x00, 0x00, 0x00, 0x00, 0x00, 0x00, 0x00, 0x00, 0x00, 0x00, 0x00, 0x00, 0x00,
    0x00, 0x00, 0x00, 0x00, 0x00, 0x00, 0x00, 0x00, 0x00, 0x00, 0x00, 0x00, 0xaa, 0xc6, 0xd3, 0x01,
    0xaa, 0xc6, 0xd3, 0x0f, 0xaa, 0xc6, 0xd3, 0x14, 0x3c, 0x38, 0x2e, 0x8c, 0x3c, 0x38, 0x2e, 0x8c,
    0x3c, 0x38, 0x2e, 0x8c, 0x3c, 0x38, 0x2e, 0x8c, 0x3c, 0x38, 0x2e, 0x8c, 0x3c, 0x38, 0x2e, 0x8c,
    0x3c, 0x38, 0x2e, 0x8c, 0x3c, 0x38, 0x2e, 0x8c, 0x3c, 0x38, 0x2e, 0x8c, 0x3c, 0x38, 0x2e, 0x8c,
    0x3c, 0x38, 0x2e, 0x8c, 0x3c, 0x38, 0x2e, 0x8c, 0x3c, 0x38, 0x2e, 0x8c, 0x3c, 0x38, 0x2e, 0x8c,
    0x3c, 0x38, 0x2e, 0x8c, 0x3c, 0x38, 0x2e, 0x8c, 0x3c, 0x38, 0x2e, 0x8c, 0x3c, 0x38, 0x2e, 0x8c,
    0x3c, 0x38, 0x2e, 0x8c, 0x3c, 0x38, 0x2e, 0x8c, 0x3c, 0x38, 0x2e, 0x8c, 0x3c, 0x38, 0x2e, 0x8c,
    0x3c, 0x38, 0x2e, 0x8c, 0x3c, 0x38, 0x2e, 0x8c, 0x3c, 0x38, 0x2e, 0x8c, 0x3c, 0x38, 0x2e, 0x8c,
    0x3c, 0x38, 0x2e, 0x8c, 0x3c, 0x38, 0x2e, 0x8c, 0x3c, 0x38, 0x2e, 0x8c, 0x3c, 0x38, 0x2e, 0x8c,
    0x3c, 0x38, 0x2e, 0x8c, 0x3c, 0x38, 0x2e, 0x8c, 0x3c, 0x38, 0x2e, 0x8c, 0x3c, 0x38, 0x2e, 0x8c,
    0x3c, 0x38, 0x2e, 0x8c, 0x3c, 0x38, 0x2e, 0x8c, 0x3c, 0x38, 0x2e, 0x8c, 0x3c, 0x38, 0x2e, 0x8c,
    0x3c, 0x38, 0x2e, 0x8c, 0x3c, 0x38, 0x2e, 0x8c, 0x3c, 0x38, 0x2e, 0x8c, 0x3c, 0x38, 0x2e, 0x8c,
    0x3c, 0x38, 0x2e, 0x8c, 0x3c, 0x38, 0x2e, 0x8c, 0x3c, 0x38, 0x2e, 0x8c, 0x3c, 0x38, 0x2e, 0x8c,
    0x3c, 0x38, 0x2e, 0x8c, 0x3c, 0x38, 0x2e, 0x8c, 0xaa, 0xc6, 0xd3, 0x14, 0xaa, 0xc6, 0xd3, 0x0f,
    0xaa, 0xc6, 0xd3, 0x01, 0x00, 0x00, 0x00, 0x00, 0x00, 0x00, 0x00, 0x00, 0x00, 0x00, 0x00, 0x00,
    0x00, 0x00, 0x00, 0x00, 0x00, 0x00, 0x00, 0x00, 0x00, 0x00, 0x00, 0x00, 0xaa, 0xc6, 0xd3, 0x0f,
    0xaa, 0xc6, 0xd3, 0x14, 0x3c, 0x38, 0x2e, 0x8c, 0x3c, 0x38, 0x2e, 0x8c, 0x3c, 0x38, 0x2e, 0x8c,
    0x3c, 0x38, 0x2e, 0x8c, 0x3c, 0x38, 0x2e, 0x8c, 0x3c, 0x38, 0x2e, 0x8c, 0x3c, 0x38, 0x2e, 0x8c,
    0x3c, 0x38, 0x2e, 0x8c, 0x3c, 0x38, 0x2e, 0x8c, 0x3c, 0x38, 0x2e, 0x8c, 0x3c, 0x38, 0x2e, 0x8c,
    0x3c, 0x38, 0x2e, 0x8c, 0x3c, 0x38, 0x2e, 0x8c, 0x3c, 0x38, 0x2e, 0x8c, 0x3c, 0x38, 0x2e, 0x8c,
    0x3c, 0x38, 0x2e, 0x8c, 0x3c, 0x38, 0x2e, 0x8c, 0x3c, 0x38, 0x2e, 0x8c, 0x3c, 0x38, 0x2e, 0x8c,
    0x3c, 0x38, 0x2e, 0x8c, 0x3c, 0x38, 0x2e, 0x8c, 0x3c, 0x38, 0x2e, 0x8c, 0x3c, 0x38, 0x2e, 0x8c,
    0x3c, 0x38, 0x2e, 0x8c, 0x3c, 0x38, 0x2e, 0x8c, 0x3c, 0x38, 0x2e, 0x8c, 0x3c, 0x38, 0x2e, 0x8c,
    0x3c, 0x38, 0x2e, 0x8c, 0x3c, 0x38, 0x2e, 0x8c, 0x3c, 0x38, 0x2e, 0x8c, 0x3c, 0x38, 0x2e, 0x8c,
    0x3c, 0x38, 0x2e, 0x8c, 0x3c, 0x38, 0x2e, 0x8c, 0x3c, 0x38, 0x2e, 0x8c, 0x3c, 0x38, 0x2e, 0x8c,
    0x3c, 0x38, 0x2e, 0x8c, 0x3c, 0x38, 0x2e, 0x8c, 0x3c, 0x38, 0x2e, 0x8c, 0x3c, 0x38, 0x2e, 0x8c,
    0x3c, 0x38, 0x2e, 0x8c, 0x3c, 0x38, 0x2e, 0x8c, 0x3c, 0x38, 0x2e, 0x8c, 0x3c, 0x38, 0x2e, 0x8c,
    0x3c, 0x38, 0x2e, 0x8c, 0x3c, 0x38, 0x2e, 0x8c, 0x3c, 0x38, 0x2e, 0x8c, 0x3c, 0x38, 0x2e, 0x8c,
    0x3c, 0x38, 0x2e, 0x8c, 0x3c, 0x38, 0x2e, 0x8c, 0x3c, 0x38, 0x2e, 0x8c, 0xaa, 0xc6, 0xd3, 0x14,
    0xaa, 0xc6, 0xd3, 0x0f, 0x00, 0x00, 0x00, 0x00, 0x00, 0x00, 0x00, 0x00, 0x00, 0x00, 0x00, 0x00,
    0x00, 0x00, 0x00, 0x00, 0x00, 0x00, 0x00, 0x00, 0xaa, 0xc6, 0xd3, 0x0b, 0xaa, 0xc6, 0xd3, 0x14,
    0x3c, 0x38, 0x2e, 0x8c, 0x3c, 0x38, 0x2e, 0x8c, 0x3c, 0x38, 0x2e, 0x8c, 0x3c, 0x38, 0x2e, 0x8c,
    0x3c, 0x38, 0x2e, 0x8c, 0x3c, 0x38, 0x2e, 0x8c, 0x3c, 0x38, 0x2e, 0x8c, 0x3c, 0x38, 0x2e, 0x8c,
    0x3c, 0x38, 0x2e, 0x8c, 0x3c, 0x38, 0x2e, 0x8c, 0x3c, 0x38, 0x2e, 0x8c, 0x3c, 0x38, 0x2e, 0x8c,
    0x3c, 0x38, 0x2e, 0x8c, 0x3c, 0x38, 0x2e, 0x8c, 0x3c, 0x38, 0x2e, 0x8c, 0x3c, 0x38, 0x2e, 0x8c,
    0x3c, 0x38, 0x2e, 0x8c, 0x3c, 0x38, 0x2e, 0x8c, 0x3c, 0x38, 0x2e, 0x8c, 0x3c, 0x38, 0x2e, 0x8c,
    0x3c, 0x38, 0x2e, 0x8c, 0x3c, 0x38, 0x2e, 0x8c, 0x3c, 0x38, 0x2e, 0x8c, 0x3c, 0x38, 0x2e, 0x8c,
    0x3c, 0x38, 0x2e, 0x8c, 0x3c, 0x38, 0x2e, 0x8c, 0x3c, 0x38, 0x2e, 0x8c, 0x3c, 0x38, 0x2e, 0x8c,
    0x3c, 0x38, 0x2e, 0x8c, 0x3c, 0x38, 0x2e, 0x8c, 0x3c, 0x38, 0x2e, 0x8c, 0x3c, 0x38, 0x2e, 0x8c,
    0x3c, 0x38, 0x2e, 0x8c, 0x3c, 0x38, 0x2e, 0x8c, 0x3c, 0x38, 0x2e, 0x8c, 0x3c, 0x38, 0x2e, 0x8c,
    0x3c, 0x38, 0x2e, 0x8c, 0x3c, 0x38, 0x2e, 0x8c, 0x3c, 0x38, 0x2e, 0x8c, 0x3c, 0x38, 0x2e, 0x8c,
    0x3c, 0x38, 0x2e, 0x8c, 0x3c, 0x38, 0x2e, 0x8c, 0x3c, 0x38, 0x2e, 0x8c, 0x3c, 0x38, 0x2e, 0x8c,
    0x3c, 0x38, 0x2e, 0x8c, 0x3c, 0x38, 0x2e, 0x8c, 0x3c, 0x38, 0x2e, 0x8c, 0x3c, 0x38, 0x2e, 0x8c,
    0x3c, 0x38, 0x2e, 0x8c, 0x3c, 0x38, 0x2e, 0x8c, 0x3c, 0x38, 0x2e, 0x8c, 0x3c, 0x38, 0x2e, 0x8c,
    0xaa, 0xc6, 0xd3, 0x14, 0xaa, 0xc6, 0xd3, 0x0b, 0x00, 0x00, 0x00, 0x00, 0x00, 0x00, 0x00, 0x00,
    0x00, 0x00, 0x00, 0x00, 0xaa, 0xc6, 0xd3, 0x05, 0xaa, 0xc6, 0xd3, 0x14, 0x3c, 0x38, 0x2e, 0x8c,
    0x3c, 0x38, 0x2e, 0x8c, 0x3c, 0x38, 0x2e, 0x8c, 0x3c, 0x38, 0x2e, 0x8c, 0x3c, 0x38, 0x2e, 0x8c,
    0x3c, 0x38, 0x2e, 0x8c, 0x3c, 0x38, 0x2e, 0x8c, 0x3c, 0x38, 0x2e, 0x8c, 0x3c, 0x38, 0x2e, 0x8c,
    0x3c, 0x38, 0x2e, 0x8c, 0x3c, 0x38, 0x2e, 0x8c, 0x3c, 0x38, 0x2e, 0x8c, 0x3c, 0x38, 0x2e, 0x8c,
    0x3c, 0x38, 0x2e, 0x8c, 0x3c, 0x38, 0x2e, 0x8c, 0x3c, 0x38, 0x2e, 0x8c, 0x3c, 0x38, 0x2e, 0x8c,
    0x3c, 0x38, 0x2e, 0x8c, 0x3c, 0x38, 0x2e, 0x8c, 0x3c, 0x38, 0x2e, 0x8c, 0x3c, 0x38, 0x2e, 0x8c,
    0x3c, 0x38, 0x2e, 0x8c, 0x3c, 0x38, 0x2e, 0x8c, 0x3c, 0x38, 0x2e, 0x8c, 0x3c, 0x38, 0x2e, 0x8c,
    0x3c, 0x38, 0x2e, 0x8c, 0x3c, 0x38, 0x2e, 0x8c, 0x3c, 0x38, 0x2e, 0x8c, 0x3c, 0x38, 0x2e, 0x8c,
    0x3c, 0x38, 0x2e, 0x8c, 0x3c, 0x38, 0x2e, 0x8c, 0x3c, 0x38, 0x2e, 0x8c, 0x3c, 0x38, 0x2e, 0x8c,
    0x3c, 0x38, 0x2e, 0x8c, 0x3c, 0x38, 0x2e, 0x8c, 0x3c, 0x38, 0x2e, 0x8c, 0x3c, 0x38, 0x2e, 0x8c,
    0x3c, 0x38, 0x2e, 0x8c, 0x3c, 0x38, 0x2e, 0x8c, 0x3c, 0x38, 0x2e, 0x8c, 0x3c, 0x38, 0x2e, 0x8c,
    0x3c, 0x38, 0x2e, 0x8c, 0x3c, 0x38, 0x2e, 0x8c, 0x3c, 0x38, 0x2e, 0x8c, 0x3c, 0x38, 0x2e, 0x8c,
    0x3c, 0x38, 0x2e, 0x8c, 0x3c, 0x38, 0x2e, 0x8c, 0x3c, 0x38, 0x2e, 0x8c, 0x3c, 0x38, 0x2e, 0x8c,
    0x3c, 0x38, 0x2e, 0x8c, 0x3c, 0x38, 0x2e, 0x8c, 0x3c, 0x38, 0x2e, 0x8c, 0x3c, 0x38, 0x2e, 0x8c,
    0x3c, 0x38, 0x2e, 0x8c, 0xaa, 0xc6, 0xd3, 0x14, 0xaa, 0xc6, 0xd3, 0x05, 0x00, 0x00, 0x00, 0x00,
    0x00, 0x00, 0x00, 0x00, 0xaa, 0xc6, 0xd3, 0x0f, 0x3c, 0x38, 0x2e, 0x8c, 0x3c, 0x38, 0x2e, 0x8c,
    0x3c, 0x38, 0x2e, 0x8c, 0x3c, 0x38, 0x2e, 0x8c, 0x3c, 0x38, 0x2e, 0x8c, 0x3c, 0x38, 0x2e, 0x8c,
    0x3c, 0x38, 0x2e, 0x8c, 0x3c, 0x38, 0x2e, 0x8c, 0x3c, 0x38, 0x2e, 0x8c, 0x3c, 0x38, 0x2e, 0x8c,
    0x3c, 0x38, 0x2e, 0x8c, 0x3c, 0x38, 0x2e, 0x8c, 0x3c, 0x38, 0x2e, 0x8c, 0x3c, 0x38, 0x2e, 0x8c,
    0x3c, 0x38, 0x2e, 0x8c, 0x3c, 0x38, 0x2e, 0x8c, 0x3c, 0x38, 0x2e, 0x8c, 0x3c, 0x38, 0x2e, 0x8c,
    0x3c, 0x38, 0x2e, 0x8c, 0x3c, 0x38, 0x2e, 0x8c, 0x3c, 0x38, 0x2e, 0x8c, 0x3c, 0x38, 0x2e, 0x8c,
    0x3c, 0x38, 0x2e, 0x8c, 0x3c, 0x38, 0x2e, 0x8c, 0x3c, 0x38, 0x2e, 0x8c, 0x3c, 0x38, 0x2e, 0x8c,
    0x3c, 0x38, 0x2e, 0x8c, 0x3c, 0x38, 0x2e, 0x8c, 0x3c, 0x38, 0x2e, 0x8c, 0x3c, 0x38, 0x2e, 0x8c,
    0x3c, 0x38, 0x2e, 0x8c, 0x3c, 0x38, 0x2e, 0x8c, 0x3c, 0x38, 0x2e, 0x8c, 0x3c, 0x38, 0x2e, 0x8c,
    0x3c, 0x38, 0x2e, 0x8c, 0x3c, 0x38, 0x2e, 0x8c, 0x3c, 0x38, 0x2e, 0x8c, 0x3c, 0x38, 0x2e, 0x8c,
    0x3c, 0x38, 0x2e, 0x8c, 0x3c, 0x38, 0x2e, 0x8c, 0x3c, 0x38, 0x2e, 0x8c, 0x3c, 0x38, 0x2e, 0x8c,
    0x3c, 0x38, 0x2e, 0x8c, 0x3c, 0x38, 0x2e, 0x8c, 0x3c, 0x38, 0x2e, 0x8c, 0x3c, 0x38, 0x2e, 0x8c,
    0x3c, 0x38, 0x2e, 0x8c, 0x3c, 0x38, 0x2e, 0x8c, 0x3c, 0x38, 0x2e, 0x8c, 0x3c, 0x38, 0x2e, 0x8c,
    0x3c, 0x38, 0x2e, 0x8c, 0x3c, 0x38, 0x2e, 0x8c, 0x3c, 0x38, 0x2e, 0x8c, 0x3c, 0x38, 0x2e, 0x8c,
    0x3c, 0x38, 0x2e, 0x8c, 0x3c, 0x38, 0x2e, 0x8c, 0xaa, 0xc6, 0xd3, 0x0f, 0x00, 0x00, 0x00, 0x00,
    0xaa, 0xc6, 0xd3, 0x04, 0xaa, 0xc6, 0xd3, 0x14, 0x3c, 0x38, 0x2e, 0x8c, 0x3c, 0x38, 0x2e, 0x8c,
    0x3c, 0x38, 0x2e, 0x8c, 0x3c, 0x38, 0x2e, 0x8c, 0x3c, 0x38, 0x2e, 0x8c, 0x3c, 0x38, 0x2e, 0x8c,
    0x3c, 0x38, 0x2e, 0x8c, 0x3c, 0x38, 0x2e, 0x8c, 0x3c, 0x38, 0x2e, 0x8c, 0x3c, 0x38, 0x2e, 0x8c,
    0x3c, 0x38, 0x2e, 0x8c, 0x3c, 0x38, 0x2e, 0x8c, 0x3c, 0x38, 0x2e, 0x8c, 0x3c, 0x38, 0x2e, 0x8c,
    0x3c, 0x38, 0x2e, 0x8c, 0x3c, 0x38, 0x2e, 0x8c, 0x3c, 0x38, 0x2e, 0x8c, 0x3c, 0x38, 0x2e, 0x8c,
    0x3c, 0x38, 0x2e, 0x8c, 0x3c, 0x38, 0x2e, 0x8c, 0x3c, 0x38, 0x2e, 0x8c, 0x3c, 0x38, 0x2e, 0x8c,
    0x3c, 0x38, 0x2e, 0x8c, 0x3c, 0x38, 0x2e, 0x8c, 0x3c, 0x38, 0x2e, 0x8c, 0x3c, 0x38, 0x2e, 0x8c,
    0x3c, 0x38, 0x2e, 0x8c, 0x3c, 0x38, 0x2e, 0x8c, 0x3c, 0x38, 0x2e, 0x8c, 0x3c, 0x38, 0x2e, 0x8c,
    0x3c, 0x38, 0x2e, 0x8c, 0x3c, 0x38, 0x2e, 0x8c, 0x3c, 0x38, 0x2e, 0x8c, 0x3c, 0x38, 0x2e, 0x8c,
    0x3c, 0x38, 0x2e, 0x8c, 0x3c, 0x38, 0x2e, 0x8c, 0x3c, 0x38, 0x2e, 0x8c, 0x3c, 0x38, 0x2e, 0x8c,
    0x3c, 0x38, 0x2e, 0x8c, 0x3c, 0x38, 0x2e, 0x8c, 0x3c, 0x38, 0x2e, 0x8c, 0x3c, 0x38, 0x2e, 0x8c,
    0x3c, 0x38, 0x2e, 0x8c, 0x3c, 0x38, 0x2e, 0x8c, 0x3c, 0x38, 0x2e, 0x8c, 0x3c, 0x38, 0x2e, 0x8c,
    0x3c, 0x38, 0x2e, 0x8c, 0x3c, 0x38, 0x2e, 0x8c, 0x3c, 0x38, 0x2e, 0x8c, 0x3c, 0x38, 0x2e, 0x8c,
    0x3c, 0x38, 0x2e, 0x8c, 0x3c, 0x38, 0x2e, 0x8c, 0x3c, 0x38, 0x2e, 0x8c, 0x3c, 0x38, 0x2e, 0x8c,
    0x3c, 0x38, 0x2e, 0x8c, 0x3c, 0x38, 0x2e, 0x8c, 0xaa, 0xc6, 0xd3, 0x14, 0xaa, 0xc6, 0xd3, 0x04,
    0xaa, 0xc6, 0xd3, 0x0a, 0xaa, 0xc6, 0xd3, 0x14, 0x3c, 0x38, 0x2e, 0x8c, 0x3c, 0x38, 0x2e, 0x8c,
    0x3c, 0x38, 0x2e, 0x8c, 0x3c, 0x38, 0x2e, 0x8c, 0x3c, 0x38, 0x2e, 0x8c, 0x3c, 0x38, 0x2e, 0x8c,
    0x3c, 0x38, 0x2e, 0x8c, 0x3c, 0x38, 0x2e, 0x8c, 0x3c, 0x38, 0x2e, 0x8c, 0x3c, 0x38, 0x2e, 0x8c,
    0x3c, 0x38, 0x2e, 0x8c, 0x3c, 0x38, 0x2e, 0x8c, 0x3c, 0x38, 0x2e, 0x8c, 0x3c, 0x38, 0x2e, 0x8c,
    0x3c, 0x38, 0x2e, 0x8c, 0x3c, 0x38, 0x2e, 0x8c, 0x3c, 0x38, 0x2e, 0x8c, 0x3c, 0x38, 0x2e, 0x8c,
    0x3c, 0x38, 0x2e, 0x8c, 0x3c, 0x38, 0x2e, 0x8c, 0x3c, 0x38, 0x2e, 0x8c, 0x3c, 0x38, 0x2e, 0x8c,
    0x3c, 0x38, 0x2e, 0x8c, 0x3c, 0x38, 0x2e, 0x8c, 0x3c, 0x38, 0x2e, 0x8c, 0x3c, 0x38, 0x2e, 0x8c,
    0x3c, 0x38, 0x2e, 0x8c, 0x3c, 0x38, 0x2e, 0x8c, 0x3c, 0x38, 0x2e, 0x8c, 0x3c, 0x38, 0x2e, 0x8c,
    0x3c, 0x38, 0x2e, 0x8c, 0x3c, 0x38, 0x2e, 0x8c, 0x3c, 0x38, 0x2e, 0x8c, 0x3c, 0x38, 0x2e, 0x8c,
    0x3c, 0x38, 0x2e, 0x8c, 0x3c, 0x38, 0x2e, 0x8c, 0x3c, 0x38, 0x2e, 0x8c, 0x3c, 0x38, 0x2e, 0x8c,
    0x3c, 0x38, 0x2e, 0x8c, 0x3c, 0x38, 0x2e, 0x8c, 0x3c, 0x38, 0x2e, 0x8c, 0x3c, 0x38, 0x2e, 0x8c,
    0x3c, 0x38, 0x2e, 0x8c, 0x3c, 0x38, 0x2e, 0x8c, 0x3c, 0x38, 0x2e, 0x8c, 0x3c, 0x38, 0x2e, 0x8c,
    0x3c, 0x38, 0x2e, 0x8c, 0x3c, 0x38, 0x2e, 0x8c, 0x3c, 0x38, 0x2e, 0x8c, 0x3c, 0x38, 0x2e, 0x8c,
    0x3c, 0x38, 0x2e, 0x8c, 0x3c, 0x38, 0x2e, 0x8c, 0x3c, 0x38, 0x2e, 0x8c, 0x3c, 0x38, 0x2e, 0x8c,
    0x3c, 0x38, 0x2e, 0x8c, 0x3c, 0x38, 0x2e, 0x8c, 0xaa, 0xc6, 0xd3, 0x14, 0xaa, 0xc6, 0xd3, 0x0a,
    0xaa, 0xc6, 0xd3, 0x0f, 0x3c, 0x38, 0x2e, 0x8c, 0x3c, 0x38, 0x2e, 0x8c, 0x3c, 0x38, 0x2e, 0x8c,
    0x3c, 0x38, 0x2e, 0x8c, 0x3c, 0x38, 0x2e, 0x8c, 0x3c, 0x38, 0x2e, 0x8c, 0x3c, 0x38, 0x2e, 0x8c,
    0x3c, 0x38, 0x2e, 0x8c, 0x3c, 0x38, 0x2e, 0x8c, 0x3c, 0x38, 0x2e, 0x8c, 0x3c, 0x38, 0x2e, 0x8c,
    0x3c, 0x38, 0x2e, 0x8c, 0x3c, 0x38, 0x2e, 0x8c, 0x3c, 0x38, 0x2e, 0x8c, 0x3c, 0x38, 0x2e, 0x8c,
    0x3c, 0x38, 0x2e, 0x8c, 0x3c, 0x38, 0x2e, 0x8c, 0x3c, 0x38, 0x2e, 0x8c, 0x3c, 0x38, 0x2e, 0x8c,
    0x3c, 0x38, 0x2e, 0x8c, 0x3c, 0x38, 0x2e, 0x8c, 0x3c, 0x38, 0x2e, 0x8c, 0x3c, 0x38, 0x2e, 0x8c,
    0x3c, 0x38, 0x2e, 0x8c, 0x3c, 0x38, 0x2e, 0x8c, 0x3c, 0x38, 0x2e, 0x8c, 0x3c, 0x38, 0x2e, 0x8c,
    0x3c, 0x38, 0x2e, 0x8c, 0x3c, 0x38, 0x2e, 0x8c, 0x3c, 0x38, 0x2e, 0x8c, 0x3c, 0x38, 0x2e, 0x8c,
    0x3c, 0x38, 0x2e, 0x8c, 0x3c, 0x38, 0x2e, 0x8c, 0x3c, 0x38, 0x2e, 0x8c, 0x3c, 0x38, 0x2e, 0x8c,
    0x3c, 0x38, 0x2e, 0x8c, 0x3c, 0x38, 0x2e, 0x8c, 0x3c, 0x38, 0x2e, 0x8c, 0x3c, 0x38, 0x2e, 0x8c,
    0x3c, 0x38, 0x2e, 0x8c, 0x3c, 0x38, 0x2e, 0x8c, 0x3c, 0x38, 0x2e, 0x8c, 0x3c, 0x38, 0x2e, 0x8c,
    0x3c, 0x38, 0x2e, 0x8c, 0x3c, 0x38, 0x2e, 0x8c, 0x3c, 0x38, 0x2e, 0x8c, 0x3c, 0x38, 0x2e, 0x8c,
    0x3c, 0x38, 0x2e, 0x8c, 0x3c, 0x38, 0x2e, 0x8c, 0x3c, 0x38, 0x2e, 0x8c, 0x3c, 0x38, 0x2e, 0x8c,
    0x3c, 0x38, 0x2e, 0x8c, 0x3c, 0x38, 0x2e, 0x8c, 0x3c, 0x38, 0x2e, 0x8c, 0x3c, 0x38, 0x2e, 0x8c,
    0x3c, 0x38, 0x2e, 0x8c, 0x3c, 0x38, 0x2e, 0x8c, 0x3c, 0x38, 0x2e, 0x8c, 0xaa, 0xc6, 0xd3, 0x0f,
    0xaa, 0xc6, 0xd3, 0x12, 0x3c, 0x38, 0x2e, 0x8c, 0x3c, 0x38, 0x2e, 0x8c, 0x3c, 0x38, 0x2e, 0x8c,
    0x3c, 0x38, 0x2e, 0x8c, 0x3c, 0x38, 0x2e, 0x8c, 0x3c, 0x38, 0x2e, 0x8c, 0x3c, 0x38, 0x2e, 0x8c,
    0x3c, 0x38, 0x2e, 0x8c, 0x3c, 0x38, 0x2e, 0x8c, 0x3c, 0x38, 0x2e, 0x8c, 0x3c, 0x38, 0x2e, 0x8c,
    0x3c, 0x38, 0x2e, 0x8c, 0x3c, 0x38, 0x2e, 0x8c, 0x3c, 0x38, 0x2e, 0x8c, 0x3c, 0x38, 0x2e, 0x8c,
    0x3c, 0x38, 0x2e, 0x8c, 0x3c, 0x38, 0x2e, 0x8c, 0x3c, 0x38, 0x2e, 0x8c, 0x3c, 0x38, 0x2e, 0x8c,
    0x3c, 0x38, 0x2e, 0x8c, 0x3c, 0x38, 0x2e, 0x8c, 0x3c, 0x38, 0x2e, 0x8c, 0x3c, 0x38, 0x2e, 0x8c,
    0x3c, 0x38, 0x2e, 0x8c, 0x3c, 0x38, 0x2e, 0x8c, 0x3c, 0x38, 0x2e, 0x8c, 0x3c, 0x38, 0x2e, 0x8c,
    0x3c, 0x38, 0x2e, 0x8c, 0x3c, 0x38, 0x2e, 0x8c, 0x3c, 0x38, 0x2e, 0x8c, 0x3c, 0x38, 0x2e, 0x8c,
    0x3c, 0x38, 0x2e, 0x8c, 0x3c, 0x38, 0x2e, 0x8c, 0x3c, 0x38, 0x2e, 0x8c, 0x3c, 0x38, 0x2e, 0x8c,
    0x3c, 0x38, 0x2e, 0x8c, 0x3c, 0x38, 0x2e, 0x8c, 0x3c, 0x38, 0x2e, 0x8c, 0x3c, 0x38, 0x2e, 0x8c,
    0x3c, 0x38, 0x2e, 0x8c, 0x3c, 0x38, 0x2e, 0x8c, 0x3c, 0x38, 0x2e, 0x8c, 0x3c, 0x38, 0x2e, 0x8c,
    0x3c, 0x38, 0x2e, 0x8c, 0x3c, 0x38, 0x2e, 0x8c, 0x3c, 0x38, 0x2e, 0x8c, 0x3c, 0x38, 0x2e, 0x8c,
    0x3c, 0x38, 0x2e, 0x8c, 0x3c, 0x38, 0x2e, 0x8c, 0x3c, 0x38, 0x2e, 0x8c, 0x3c, 0x38, 0x2e, 0x8c,
    0x3c, 0x38, 0x2e, 0x8c, 0x3c, 0x38, 0x2e, 0x8c, 0x3c, 0x38, 0x2e, 0x8c, 0x3c, 0x38, 0x2e, 0x8c,
    0x3c, 0x38, 0x2e, 0x8c, 0x3c, 0x38, 0x2e, 0x8c, 0x3c, 0x38, 0x2e, 0x8c, 0xaa, 0xc6, 0xd3, 0x12,
    0xaa, 0xc6, 0xd3, 0x13, 0x3c, 0x38, 0x2e, 0x8c, 0x3c, 0x38, 0x2e, 0x8c, 0x3c, 0x38, 0x2e, 0x8c,
    0x3c, 0x38, 0x2e, 0x8c, 0x3c, 0x38, 0x2e, 0x8c, 0x3c, 0x38, 0x2e, 0x8c, 0x3c, 0x38, 0x2e, 0x8c,
    0x3c, 0x38, 0x2e, 0x8c, 0x3c, 0x38, 0x2e, 0x8c, 0x3c, 0x38, 0x2e, 0x8c, 0x3c, 0x38, 0x2e, 0x8c,
    0x3c, 0x38, 0x2e, 0x8c, 0x3c, 0x38, 0x2e, 0x8c, 0x3c, 0x38, 0x2e, 0x8c, 0x3c, 0x38, 0x2e, 0x8c,
    0x3c, 0x38, 0x2e, 0x8c, 0x3c, 0x38, 0x2e, 0x8c, 0x3c, 0x38, 0x2e, 0x8c, 0x3c, 0x38, 0x2e, 0x8c,
    0x3c, 0x38, 0x2e, 0x8c, 0x3c, 0x38, 0x2e, 0x8c, 0x3c, 0x38, 0x2e, 0x8c, 0x3c, 0x38, 0x2e, 0x8c,
    0x3c, 0x38, 0x2e, 0x8c, 0x3c, 0x38, 0x2e, 0x8c, 0x3c, 0x38, 0x2e, 0x8c, 0x3c, 0x38, 0x2e, 0x8c,
    0x3c, 0x38, 0x2e, 0x8c, 0x3c, 0x38, 0x2e, 0x8c, 0x3c, 0x38, 0x2e, 0x8c, 0x3c, 0x38, 0x2e, 0x8c,
    0x3c, 0x38, 0x2e, 0x8c, 0x3c, 0x38, 0x2e, 0x8c, 0x3c, 0x38, 0x2e, 0x8c, 0x3c, 0x38, 0x2e, 0x8c,
    0x3c, 0x38, 0x2e, 0x8c, 0x3c, 0x38, 0x2e, 0x8c, 0x3c, 0x38, 0x2e, 0x8c, 0x3c, 0x38, 0x2e, 0x8c,
    0x3c, 0x38, 0x2e, 0x8c, 0x3c, 0x38, 0x2e, 0x8c, 0x3c, 0x38, 0x2e, 0x8c, 0x3c, 0x38, 0x2e, 0x8c,
    0x3c, 0x38, 0x2e, 0x8c, 0x3c, 0x38, 0x2e, 0x8c, 0x3c, 0x38, 0x2e, 0x8c, 0x3c, 0x38, 0x2e, 0x8c,
    0x3c, 0x38, 0x2e, 0x8c, 0x3c, 0x38, 0x2e, 0x8c, 0x3c, 0x38, 0x2e, 0x8c, 0x3c, 0x38, 0x2e, 0x8c,
    0x3c, 0x38, 0x2e, 0x8c, 0x3c, 0x38, 0x2e, 0x8c, 0x3c, 0x38, 0x2e, 0x8c, 0x3c, 0x38, 0x2e, 0x8c,
    0x3c, 0x38, 0x2e, 0x8c, 0x3c, 0x38, 0x2e, 0x8c, 0x3c, 0x38, 0x2e, 0x8c, 0xaa, 0xc6, 0xd3, 0x13,
    0xaa, 0xc6, 0xd3, 0x14, 0x3c, 0x38, 0x2e, 0x8c, 0x3c, 0x38, 0x2e, 0x8c, 0x3c, 0x38, 0x2e, 0x8c,
    0x3c, 0x38, 0x2e, 0x8c, 0x3c, 0x38, 0x2e, 0x8c, 0x3c, 0x38, 0x2e, 0x8c, 0x3c, 0x38, 0x2e, 0x8c,
    0x3c, 0x38, 0x2e, 0x8c, 0x3c, 0x38, 0x2e, 0x8c, 0x3c, 0x38, 0x2e, 0x8c, 0x3c, 0x38, 0x2e, 0x8c,
    0x3c, 0x38, 0x2e, 0x8c, 0x3c, 0x38, 0x2e, 0x8c, 0x3c, 0x38, 0x2e, 0x8c, 0x3c, 0x38, 0x2e, 0x8c,
    0x3c, 0x38, 0x2e, 0x8c, 0x3c, 0x38, 0x2e, 0x8c, 0x3c, 0x38, 0x2e, 0x8c, 0x3c, 0x38, 0x2e, 0x8c,
    0x3c, 0x38, 0x2e, 0x8c, 0x3c, 0x38, 0x2e, 0x8c, 0x3c, 0x38, 0x2e, 0x8c, 0x3c, 0x38, 0x2e, 0x8c,
    0x3c, 0x38, 0x2e, 0x8c, 0x3c, 0x38, 0x2e, 0x8c, 0x3c, 0x38, 0x2e, 0x8c, 0x3c, 0x38, 0x2e, 0x8c,
    0x3c, 0x38, 0x2e, 0x8c, 0x3c, 0x38, 0x2e, 0x8c, 0x3c, 0x38, 0x2e, 0x8c, 0x3c, 0x38, 0x2e, 0x8c,
    0x3c, 0x38, 0x2e, 0x8c, 0x3c, 0x38, 0x2e, 0x8c, 0x3c, 0x38, 0x2e, 0x8c, 0x3c, 0x38, 0x2e, 0x8c,
    0x3c, 0x38, 0x2e, 0x8c, 0x3c, 0x38, 0x2e, 0x8c, 0x3c, 0x38, 0x2e, 0x8c, 0x3c, 0x38, 0x2e, 0x8c,
    0x3c, 0x38, 0x2e, 0x8c, 0x3c, 0x38, 0x2e, 0x8c, 0x3c, 0x38, 0x2e, 0x8c, 0x3c, 0x38, 0x2e, 0x8c,
    0x3c, 0x38, 0x2e, 0x8c, 0x3c, 0x38, 0x2e, 0x8c, 0x3c, 0x38, 0x2e, 0x8c, 0x3c, 0x38, 0x2e, 0x8c,
    0x3c, 0x38, 0x2e, 0x8c, 0x3c, 0x38, 0x2e, 0x8c, 0x3c, 0x38, 0x2e, 0x8c, 0x3c, 0x38, 0x2e, 0x8c,
    0x3c, 0x38, 0x2e, 0x8c, 0x3c, 0x38, 0x2e, 0x8c, 0x3c, 0x38, 0x2e, 0x8c, 0x3c, 0x38, 0x2e, 0x8c,
    0x3c, 0x38, 0x2e, 0x8c, 0x3c, 0x38, 0x2e, 0x8c, 0x3c, 0x38, 0x2e, 0x8c, 0xaa, 0xc6, 0xd3, 0x14,
    0xaa, 0xc6, 0xd3, 0x13, 0x3c, 0x38, 0x2e, 0x8c, 0x3c, 0x38, 0x2e, 0x8c, 0x3c, 0x38, 0x2e, 0x8c,
    0x3c, 0x38, 0x2e, 0x8c, 0x3c, 0x38, 0x2e, 0x8c, 0x3c, 0x38, 0x2e, 0x8c, 0x3c, 0x38, 0x2e, 0x8c,
    0x3c, 0x38, 0x2e, 0x8c, 0x3c, 0x38, 0x2e, 0x8c, 0x3c, 0x38, 0x2e, 0x8c, 0x3c, 0x38, 0x2e, 0x8c,
    0x3c, 0x38, 0x2e, 0x8c, 0x3c, 0x38, 0x2e, 0x8c, 0x3c, 0x38, 0x2e, 0x8c, 0x3c, 0x38, 0x2e, 0x8c,
    0x3c, 0x38, 0x2e, 0x8c, 0x3c, 0x38, 0x2e, 0x8c, 0x3c, 0x38, 0x2e, 0x8c, 0x3c, 0x38, 0x2e, 0x8c,
    0x3c, 0x38, 0x2e, 0x8c, 0x3c, 0x38, 0x2e, 0x8c, 0x3c, 0x38, 0x2e, 0x8c, 0x3c, 0x38, 0x2e, 0x8c,
    0x3c, 0x38, 0x2e, 0x8c, 0x3c, 0x38, 0x2e, 0x8c, 0x3c, 0x38, 0x2e, 0x8c, 0x3c, 0x38, 0x2e, 0x8c,
    0x3c, 0x38, 0x2e, 0x8c, 0x3c, 0x38, 0x2e, 0x8c, 0x3c, 0x38, 0x2e, 0x8c, 0x3c, 0x38, 0x2e, 0x8c,
    0x3c, 0x38, 0x2e, 0x8c, 0x3c, 0x38, 0x2e, 0x8c, 0x3c, 0x38, 0x2e, 0x8c, 0x3c, 0x38, 0x2e, 0x8c,
    0x3c, 0x38, 0x2e, 0x8c, 0x3c, 0x38, 0x2e, 0x8c, 0x3c, 0x38, 0x2e, 0x8c, 0x3c, 0x38, 0x2e, 0x8c,
    0x3c, 0x38, 0x2e, 0x8c, 0x3c, 0x38, 0x2e, 0x8c, 0x3c, 0x38, 0x2e, 0x8c, 0x3c, 0x38, 0x2e, 0x8c,
    0x3c, 0x38, 0x2e, 0x8c, 0x3c, 0x38, 0x2e, 0x8c, 0x3c, 0x38, 0x2e, 0x8c, 0x3c, 0x38, 0x2e, 0x8c,
    0x3c, 0x38, 0x2e, 0x8c, 0x3c, 0x38, 0x2e, 0x8c, 0x3c, 0x38, 0x2e, 0x8c, 0x3c, 0x38, 0x2e, 0x8c,
    0x3c, 0x38, 0x2e, 0x8c, 0x3c, 0x38, 0x2e, 0x8c, 0x3c, 0x38, 0x2e, 0x8c, 0x3c, 0x38, 0x2e, 0x8c,
    0x3c, 0x38, 0x2e, 0x8c, 0x3c, 0x38, 0x2e, 0x8c, 0x3c, 0x38, 0x2e, 0x8c, 0xaa, 0xc6, 0xd3, 0x13,
    0xaa, 0xc6, 0xd3, 0x12, 0x3c, 0x38, 0x2e, 0x8c, 0x3c, 0x38, 0x2e, 0x8c, 0x3c, 0x38, 0x2e, 0x8c,
    0x3c, 0x38, 0x2e, 0x8c, 0x3c, 0x38, 0x2e, 0x8c, 0x3c, 0x38, 0x2e, 0x8c, 0x3c, 0x38, 0x2e, 0x8c,
    0x3c, 0x38, 0x2e, 0x8c, 0x3c, 0x38, 0x2e, 0x8c, 0x3c, 0x38, 0x2e, 0x8c, 0x3c, 0x38, 0x2e, 0x8c,
    0x3c, 0x38, 0x2e, 0x8c, 0x3c, 0x38, 0x2e, 0x8c, 0x3c, 0x38, 0x2e, 0x8c, 0x3c, 0x38, 0x2e, 0x8c,
    0x3c, 0x38, 0x2e, 0x8c, 0x3c, 0x38, 0x2e, 0x8c, 0x3c, 0x38, 0x2e, 0x8c, 0x3c, 0x38, 0x2e, 0x8c,
    0x3c, 0x38, 0x2e, 0x8c, 0x3c, 0x38, 0x2e, 0x8c, 0x3c, 0x38, 0x2e, 0x8c, 0x3c, 0x38, 0x2e, 0x8c,
    0x3c, 0x38, 0x2e, 0x8c, 0x3c, 0x38, 0x2e, 0x8c, 0x3c, 0x38, 0x2e, 0x8c, 0x3c, 0x38, 0x2e, 0x8c,
    0x3c, 0x38, 0x2e, 0x8c, 0x3c, 0x38, 0x2e, 0x8c, 0x3c, 0x38, 0x2e, 0x8c, 0x3c, 0x38, 0x2e, 0x8c,
    0x3c, 0x38, 0x2e, 0x8c, 0x3c, 0x38, 0x2e, 0x8c, 0x3c, 0x38, 0x2e, 0x8c, 0x3c, 0x38, 0x2e, 0x8c,
    0x3c, 0x38, 0x2e, 0x8c, 0x3c, 0x38, 0x2e, 0x8c, 0x3c, 0x38, 0x2e, 0x8c, 0x3c, 0x38, 0x2e, 0x8c,
    0x3c, 0x38, 0x2e, 0x8c, 0x3c, 0x38, 0x2e, 0x8c, 0x3c, 0x38, 0x2e, 0x8c, 0x3c, 0x38, 0x2e, 0x8c,
    0x3c, 0x38, 0x2e, 0x8c, 0x3c, 0x38, 0x2e, 0x8c, 0x3c, 0x38, 0x2e, 0x8c, 0x3c, 0x38, 0x2e, 0x8c,
    0x3c, 0x38, 0x2e, 0x8c, 0x3c, 0x38, 0x2e, 0x8c, 0x3c, 0x38, 0x2e, 0x8c, 0x3c, 0x38, 0x2e, 0x8c,
    0x3c, 0x38, 0x2e, 0x8c, 0x3c, 0x38, 0x2e, 0x8c, 0x3c, 0x38, 0x2e, 0x8c, 0x3c, 0x38, 0x2e, 0x8c,
    0x3c, 0x38, 0x2e, 0x8c, 0x3c, 0x38, 0x2e, 0x8c, 0x3c, 0x38, 0x2e, 0x8c, 0xaa, 0xc6, 0xd3, 0x12,
    0xaa, 0xc6, 0xd3, 0x0f, 0x3c, 0x38, 0x2e, 0x8c, 0x3c, 0x38, 0x2e, 0x8c, 0x3c, 0x38, 0x2e, 0x8c,
    0x3c, 0x38, 0x2e, 0x8c, 0x3c, 0x38, 0x2e, 0x8c, 0x3c, 0x38, 0x2e, 0x8c, 0x3c, 0x38, 0x2e, 0x8c,
    0x3c, 0x38, 0x2e, 0x8c, 0x3c, 0x38, 0x2e, 0x8c, 0x3c, 0x38, 0x2e, 0x8c, 0x3c, 0x38, 0x2e, 0x8c,
    0x3c, 0x38, 0x2e, 0x8c, 0x3c, 0x38, 0x2e, 0x8c, 0x3c, 0x38, 0x2e, 0x8c, 0x3c, 0x38, 0x2e, 0x8c,
    0x3c, 0x38, 0x2e, 0x8c, 0x3c, 0x38, 0x2e, 0x8c, 0x3c, 0x38, 0x2e, 0x8c, 0x3c, 0x38, 0x2e, 0x8c,
    0x3c, 0x38, 0x2e, 0x8c, 0x3c, 0x38, 0x2e, 0x8c, 0x3c, 0x38, 0x2e, 0x8c, 0x3c, 0x38, 0x2e, 0x8c,
    0x3c, 0x38, 0x2e, 0x8c, 0x3c, 0x38, 0x2e, 0x8c, 0x3c, 0x38, 0x2e, 0x8c, 0x3c, 0x38, 0x2e, 0x8c,
    0x3c, 0x38, 0x2e, 0x8c, 0x3c, 0x38, 0x2e, 0x8c, 0x3c, 0x38, 0x2e, 0x8c, 0x3c, 0x38, 0x2e, 0x8c,
    0x3c, 0x38, 0x2e, 0x8c, 0x3c, 0x38, 0x2e, 0x8c, 0x3c, 0x38, 0x2e, 0x8c, 0x3c, 0x38, 0x2e, 0x8c,
    0x3c, 0x38, 0x2e, 0x8c, 0x3c, 0x38, 0x2e, 0x8c, 0x3c, 0x38, 0x2e, 0x8c, 0x3c, 0x38, 0x2e, 0x8c,
    0x3c, 0x38, 0x2e, 0x8c, 0x3c, 0x38, 0x2e, 0x8c, 0x3c, 0x38, 0x2e, 0x8c, 0x3c, 0x38, 0x2e, 0x8c,
    0x3c, 0x38, 0x2e, 0x8c, 0x3c, 0x38, 0x2e, 0x8c, 0x3c, 0x38, 0x2e, 0x8c, 0x3c, 0x38, 0x2e, 0x8c,
    0x3c, 0x38, 0x2e, 0x8c, 0x3c, 0x38, 0x2e, 0x8c, 0x3c, 0x38, 0x2e, 0x8c, 0x3c, 0x38, 0x2e, 0x8c,
    0x3c, 0x38, 0x2e, 0x8c, 0x3c, 0x38, 0x2e, 0x8c, 0x3c, 0x38, 0x2e, 0x8c, 0x3c, 0x38, 0x2e, 0x8c,
    0x3c, 0x38, 0x2e, 0x8c, 0x3c, 0x38, 0x2e, 0x8c, 0x3c, 0x38, 0x2e, 0x8c, 0xaa, 0xc6, 0xd3, 0x0f,
    0xaa, 0xc6, 0xd3, 0x0a, 0xaa, 0xc6, 0xd3, 0x14, 0x3c, 0x38, 0x2e, 0x8c, 0x3c, 0x38, 0x2e, 0x8c,
    0x3c, 0x38, 0x2e, 0x8c, 0x3c, 0x38, 0x2e, 0x8c, 0x3c, 0x38, 0x2e, 0x8c, 0x3c, 0x38, 0x2e, 0x8c,
    0x3c, 0x38, 0x2e, 0x8c, 0x3c, 0x38, 0x2e, 0x8c, 0x3c, 0x38, 0x2e, 0x8c, 0x3c, 0x38, 0x2e, 0x8c,
    0x3c, 0x38, 0x2e, 0x8c, 0x3c, 0x38, 0x2e, 0x8c, 0x3c, 0x38, 0x2e, 0x8c, 0x3c, 0x38, 0x2e, 0x8c,
    0x3c, 0x38, 0x2e, 0x8c, 0x3c, 0x38, 0x2e, 0x8c, 0x3c, 0x38, 0x2e, 0x8c, 0x3c, 0x38, 0x2e, 0x8c,
    0x3c, 0x38, 0x2e, 0x8c, 0x3c, 0x38, 0x2e, 0x8c, 0x3c, 0x38, 0x2e, 0x8c, 0x3c, 0x38, 0x2e, 0x8c,
    0x3c, 0x38, 0x2e, 0x8c, 0x3c, 0x38, 0x2e, 0x8c, 0x3c, 0x38, 0x2e, 0x8c, 0x3c, 0x38, 0x2e, 0x8c,
    0x3c, 0x38, 0x2e, 0x8c, 0x3c, 0x38, 0x2e, 0x8c, 0x3c, 0x38, 0x2e, 0x8c, 0x3c, 0x38, 0x2e, 0x8c,
    0x3c, 0x38, 0x2e, 0x8c, 0x3c, 0x38, 0x2e, 0x8c, 0x3c, 0x38, 0x2e, 0x8c, 0x3c, 0x38, 0x2e, 0x8c,
    0x3c, 0x38, 0x2e, 0x8c, 0x3c, 0x38, 0x2e, 0x8c, 0x3c, 0x38, 0x2e, 0x8c, 0x3c, 0x38, 0x2e, 0x8c,
    0x3c, 0x38, 0x2e, 0x8c, 0x3c, 0x38, 0x2e, 0x8c, 0x3c, 0x38, 0x2e, 0x8c, 0x3c, 0x38, 0x2e, 0x8c,
    0x3c, 0x38, 0x2e, 0x8c, 0x3c, 0x38, 0x2e, 0x8c, 0x3c, 0x38, 0x2e, 0x8c, 0x3c, 0x38, 0x2e, 0x8c,
    0x3c, 0x38, 0x2e, 0x8c, 0x3c, 0x38, 0x2e, 0x8c, 0x3c, 0x38, 0x2e, 0x8c, 0x3c, 0x38, 0x2e, 0x8c,
    0x3c, 0x38, 0x2e, 0x8c, 0x3c, 0x38, 0x2e, 0x8c, 0x3c, 0x38, 0x2e, 0x8c, 0x3c, 0x38, 0x2e, 0x8c,
    0x3c, 0x38, 0x2e, 0x8c, 0x3c, 0x38, 0x2e, 0x8c, 0xaa, 0xc6, 0xd3, 0x14, 0xaa, 0xc6, 0xd3, 0x0a,
    0xaa, 0xc6, 0xd3, 0x04, 0xaa, 0xc6, 0xd3, 0x14, 0x3c, 0x38, 0x2e, 0x8c, 0x3c, 0x38, 0x2e, 0x8c,
    0x3c, 0x38, 0x2e, 0x8c, 0x3c, 0x38, 0x2e, 0x8c, 0x3c, 0x38, 0x2e, 0x8c, 0x3c, 0x38, 0x2e, 0x8c,
    0x3c, 0x38, 0x2e, 0x8c, 0x3c, 0x38, 0x2e, 0x8c, 0x3c, 0x38, 0x2e, 0x8c, 0x3c, 0x38, 0x2e, 0x8c,
    0x3c, 0x38, 0x2e, 0x8c, 0x3c, 0x38, 0x2e, 0x8c, 0x3c, 0x38, 0x2e, 0x8c, 0x3c, 0x38, 0x2e, 0x8c,
    0x3c, 0x38, 0x2e, 0x8c, 0x3c, 0x38, 0x2e, 0x8c, 0x3c, 0x38, 0x2e, 0x8c, 0x3c, 0x38, 0x2e, 0x8c,
    0x3c, 0x38, 0x2e, 0x8c, 0x3c, 0x38, 0x2e, 0x8c, 0x3c, 0x38, 0x2e, 0x8c, 0x3c, 0x38, 0x2e, 0x8c,
    0x3c, 0x38, 0x2e, 0x8c, 0x3c, 0x38, 0x2e, 0x8c, 0x3c, 0x38, 0x2e, 0x8c, 0x3c, 0x38, 0x2e, 0x8c,
    0x3c, 0x38, 0x2e, 0x8c, 0x3c, 0x38, 0x2e, 0x8c, 0x3c, 0x38, 0x2e, 0x8c, 0x3c, 0x38, 0x2e, 0x8c,
    0x3c, 0x38, 0x2e, 0x8c, 0x3c, 0x38, 0x2e, 0x8c, 0x3c, 0x38, 0x2e, 0x8c, 0x3c, 0x38, 0x2e, 0x8c,
    0x3c, 0x38, 0x2e, 0x8c, 0x3c, 0x38, 0x2e, 0x8c, 0x3c, 0x38, 0x2e, 0x8c, 0x3c, 0x38, 0x2e, 0x8c,
    0x3c, 0x38, 0x2e, 0x8c, 0x3c, 0x38, 0x2e, 0x8c, 0x3c, 0x38, 0x2e, 0x8c, 0x3c, 0x38, 0x2e, 0x8c,
    0x3c, 0x38, 0x2e, 0x8c, 0x3c, 0x38, 0x2e, 0x8c, 0x3c, 0x38, 0x2e, 0x8c, 0x3c, 0x38, 0x2e, 0x8c,
    0x3c, 0x38, 0x2e, 0x8c, 0x3c, 0x38, 0x2e, 0x8c, 0x3c, 0x38, 0x2e, 0x8c, 0x3c, 0x38, 0x2e, 0x8c,
    0x3c, 0x38, 0x2e, 0x8c, 0x3c, 0x38, 0x2e, 0x8c, 0x3c, 0x38, 0x2e, 0x8c, 0x3c, 0x38, 0x2e, 0x8c,
    0x3c, 0x38, 0x2e, 0x8c, 0x3c, 0x38, 0x2e, 0x8c, 0xaa, 0xc6, 0xd3, 0x14, 0xaa, 0xc6, 0xd3, 0x04,
    0x00, 0x00, 0x00, 0x00, 0xaa, 0xc6, 0xd3, 0x0f, 0x3c, 0x38, 0x2e, 0x8c, 0x3c, 0x38, 0x2e, 0x8c,
    0x3c, 0x38, 0x2e, 0x8c, 0x3c, 0x38, 0x2e, 0x8c, 0x3c, 0x38, 0x2e, 0x8c, 0x3c, 0x38, 0x2e, 0x8c,
    0x3c, 0x38, 0x2e, 0x8c, 0x3c, 0x38, 0x2e, 0x8c, 0x3c, 0x38, 0x2e, 0x8c, 0x3c, 0x38, 0x2e, 0x8c,
    0x3c, 0x38, 0x2e, 0x8c, 0x3c, 0x38, 0x2e, 0x8c, 0x3c, 0x38, 0x2e, 0x8c, 0x3c, 0x38, 0x2e, 0x8c,
    0x3c, 0x38, 0x2e, 0x8c, 0x3c, 0x38, 0x2e, 0x8c, 0x3c, 0x38, 0x2e, 0x8c, 0x3c, 0x38, 0x2e, 0x8c,
    0x3c, 0x38, 0x2e, 0x8c, 0x3c, 0x38, 0x2e, 0x8c, 0x3c, 0x38, 0x2e, 0x8c, 0x3c, 0x38, 0x2e, 0x8c,
    0x3c, 0x38, 0x2e, 0x8c, 0x3c, 0x38, 0x2e, 0x8c, 0x3c, 0x38, 0x2e, 0x8c, 0x3c, 0x38, 0x2e, 0x8c,
    0x3c, 0x38, 0x2e, 0x8c, 0x3c, 0x38, 0x2e, 0x8c, 0x3c, 0x38, 0x2e, 0x8c, 0x3c, 0x38, 0x2e, 0x8c,
    0x3c, 0x38, 0x2e, 0x8c, 0x3c, 0x38, 0x2e, 0x8c, 0x3c, 0x38, 0x2e, 0x8c, 0x3c, 0x38, 0x2e, 0x8c,
    0x3c, 0x38, 0x2e, 0x8c, 0x3c, 0x38, 0x2e, 0x8c, 0x3c, 0x38, 0x2e, 0x8c, 0x3c, 0x38, 0x2e, 0x8c,
    0x3c, 0x38, 0x2e, 0x8c, 0x3c, 0x38, 0x2e, 0x8c, 0x3c, 0x38, 0x2e, 0x8c, 0x3c, 0x38, 0x2e, 0x8c,
    0x3c, 0x38, 0x2e, 0x8c, 0x3c, 0x38, 0x2e, 0x8c, 0x3c, 0x38, 0x2e, 0x8c, 0x3c, 0x38, 0x2e, 0x8c,
    0x3c, 0x38, 0x2e, 0x8c, 0x3c, 0x38, 0x2e, 0x8c, 0x3c, 0x38, 0x2e, 0x8c, 0x3c, 0x38, 0x2e, 0x8c,
    0x3c, 0x38, 0x2e, 0x8c, 0x3c, 0x38, 0x2e, 0x8c, 0x3c, 0x38, 0x2e, 0x8c, 0x3c, 0x38, 0x2e, 0x8c,
    0x3c, 0x38, 0x2e, 0x8c, 0x3c, 0x38, 0x2e, 0x8c, 0xaa, 0xc6, 0xd3, 0x0f, 0x00, 0x00, 0x00, 0x00,
    0x00, 0x00, 0x00, 0x00, 0xaa, 0xc6, 0xd3, 0x05, 0xaa, 0xc6, 0xd3, 0x14, 0x3c, 0x38, 0x2e, 0x8c,
    0x3c, 0x38, 0x2e, 0x8c, 0x3c, 0x38, 0x2e, 0x8c, 0x3c, 0x38, 0x2e, 0x8c, 0x3c, 0x38, 0x2e, 0x8c,
    0x3c, 0x38, 0x2e, 0x8c, 0x3c, 0x38, 0x2e, 0x8c, 0x3c, 0x38, 0x2e, 0x8c, 0x3c, 0x38, 0x2e, 0x8c,
    0x3c, 0x38, 0x2e, 0x8c, 0x3c, 0x38, 0x2e, 0x8c, 0x3c, 0x38, 0x2e, 0x8c, 0x3c, 0x38, 0x2e, 0x8c,
    0x3c, 0x38, 0x2e, 0x8c, 0x3c, 0x38, 0x2e, 0x8c, 0x3c, 0x38, 0x2e, 0x8c, 0x3c, 0x38, 0x2e, 0x8c,
    0x3c, 0x38, 0x2e, 0x8c, 0x3c, 0x38, 0x2e, 0x8c, 0x3c, 0x38, 0x2e, 0x8c, 0x3c, 0x38, 0x2e, 0x8c,
    0x3c, 0x38, 0x2e, 0x8c, 0x3c, 0x38, 0x2e, 0x8c, 0x3c, 0x38, 0x2e, 0x8c, 0x3c, 0x38, 0x2e, 0x8c,
    0x3c, 0x38, 0x2e, 0x8c, 0x3c, 0x38, 0x2e, 0x8c, 0x3c, 0x38, 0x2e, 0x8c, 0x3c, 0x38, 0x2e, 0x8c,
    0x3c, 0x38, 0x2e, 0x8c, 0x3c, 0x38, 0x2e, 0x8c, 0x3c, 0x38, 0x2e, 0x8c, 0x3c, 0x38, 0x2e, 0x8c,
    0x3c, 0x38, 0x2e, 0x8c, 0x3c, 0x38, 0x2e, 0x8c, 0x3c, 0x38, 0x2e, 0x8c, 0x3c, 0x38, 0x2e, 0x8c,
    0x3c, 0x38, 0x2e, 0x8c, 0x3c, 0x38, 0x2e, 0x8c, 0x3c, 0x38, 0x2e, 0x8c, 0x3c, 0x38, 0x2e, 0x8c,
    0x3c, 0x38, 0x2e, 0x8c, 0x3c, 0x38, 0x2e, 0x8c, 0x3c, 0x38, 0x2e, 0x8c, 0x3c, 0x38, 0x2e, 0x8c,
    0x3c, 0x38, 0x2e, 0x8c, 0x3c, 0x38, 0x2e, 0x8c, 0x3c, 0x38, 0x2e, 0x8c, 0x3c, 0x38, 0x2e, 0x8c,
    0x3c, 0x38, 0x2e, 0x8c, 0x3c, 0x38, 0x2e, 0x8c, 0x3c, 0x38, 0x2e, 0x8c, 0x3c, 0x38, 0x2e, 0x8c,
    0x3c, 0x38, 0x2e, 0x8c, 0xaa, 0xc6, 0xd3, 0x14, 0xaa, 0xc6, 0xd3, 0x05, 0x00, 0x00, 0x00, 0x00,
    0x00, 0x00, 0x00, 0x00, 0x00, 0x00, 0x00, 0x00, 0xaa, 0xc6, 0xd3, 0x0b, 0xaa, 0xc6, 0xd3, 0x14,
    0x3c, 0x38, 0x2e, 0x8c, 0x3c, 0x38, 0x2e, 0x8c, 0x3c, 0x38, 0x2e, 0x8c, 0x3c, 0x38, 0x2e, 0x8c,
    0x3c, 0x38, 0x2e, 0x8c, 0x3c, 0x38, 0x2e, 0x8c, 0x3c, 0x38, 0x2e, 0x8c, 0x3c, 0x38, 0x2e, 0x8c,
    0x3c, 0x38, 0x2e, 0x8c, 0x3c, 0x38, 0x2e, 0x8c, 0x3c, 0x38, 0x2e, 0x8c, 0x3c, 0x38, 0x2e, 0x8c,
    0x3c, 0x38, 0x2e, 0x8c, 0x3c, 0x38, 0x2e, 0x8c, 0x3c, 0x38, 0x2e, 0x8c, 0x3c, 0x38, 0x2e, 0x8c,
    0x3c, 0x38, 0x2e, 0x8c, 0x3c, 0x38, 0x2e, 0x8c, 0x3c, 0x38, 0x2e, 0x8c, 0x3c, 0x38, 0x2e, 0x8c,
    0x3c, 0x38, 0x2e, 0x8c, 0x3c, 0x38, 0x2e, 0x8c, 0x3c, 0x38, 0x2e, 0x8c, 0x3c, 0x38, 0x2e, 0x8c,
    0x3c, 0x38, 0x2e, 0x8c, 0x3c, 0x38, 0x2e, 0x8c, 0x3c, 0x38, 0x2e, 0x8c, 0x3c, 0x38, 0x2e, 0x8c,
    0x3c, 0x38, 0x2e, 0x8c, 0x3c, 0x38, 0x2e, 0x8c, 0x3c, 0x38, 0x2e, 0x8c, 0x3c, 0x38, 0x2e, 0x8c,
    0x3c, 0x38, 0x2e, 0x8c, 0x3c, 0x38, 0x2e, 0x8c, 0x3c, 0x38, 0x2e, 0x8c, 0x3c, 0x38, 0x2e, 0x8c,
    0x3c, 0x38, 0x2e, 0x8c, 0x3c, 0x38, 0x2e, 0x8c, 0x3c, 0x38, 0x2e, 0x8c, 0x3c, 0x38, 0x2e, 0x8c,
    0x3c, 0x38, 0x2e, 0x8c, 0x3c, 0x38, 0x2e, 0x8c, 0x3c, 0x38, 0x2e, 0x8c, 0x3c, 0x38, 0x2e, 0x8c,
    0x3c, 0x38, 0x2e, 0x8c, 0x3c, 0x38, 0x2e, 0x8c, 0x3c, 0x38, 0x2e, 0x8c, 0x3c, 0x38, 0x2e, 0x8c,
    0x3c, 0x38, 0x2e, 0x8c, 0x3c, 0x38, 0x2e, 0x8c, 0x3c, 0x38, 0x2e, 0x8c, 0x3c, 0x38, 0x2e, 0x8c,
    0xaa, 0xc6, 0xd3, 0x14, 0xaa, 0xc6, 0xd3, 0x0b, 0x00, 0x00, 0x00, 0x00, 0x00, 0x00, 0x00, 0x00,
    0x00, 0x00, 0x00, 0x00, 0x00, 0x00, 0x00, 0x00, 0x00, 0x00, 0x00, 0x00, 0xaa, 0xc6, 0xd3, 0x0f,
    0xaa, 0xc6, 0xd3, 0x14, 0x3c, 0x38, 0x2e, 0x8c, 0x3c, 0x38, 0x2e, 0x8c, 0x3c, 0x38, 0x2e, 0x8c,
    0x3c, 0x38, 0x2e, 0x8c, 0x3c, 0x38, 0x2e, 0x8c, 0x3c, 0x38, 0x2e, 0x8c, 0x3c, 0x38, 0x2e, 0x8c,
    0x3c, 0x38, 0x2e, 0x8c, 0x3c, 0x38, 0x2e, 0x8c, 0x3c, 0x38, 0x2e, 0x8c, 0x3c, 0x38, 0x2e, 0x8c,
    0x3c, 0x38, 0x2e, 0x8c, 0x3c, 0x38, 0x2e, 0x8c, 0x3c, 0x38, 0x2e, 0x8c, 0x3c, 0x38, 0x2e, 0x8c,
    0x3c, 0x38, 0x2e, 0x8c, 0x3c, 0x38, 0x2e, 0x8c, 0x3c, 0x38, 0x2e, 0x8c, 0x3c, 0x38, 0x2e, 0x8c,
    0x3c, 0x38, 0x2e, 0x8c, 0x3c, 0x38, 0x2e, 0x8c, 0x3c, 0x38, 0x2e, 0x8c, 0x3c, 0x38, 0x2e, 0x8c,
    0x3c, 0x38, 0x2e, 0x8c, 0x3c, 0x38, 0x2e, 0x8c, 0x3c, 0x38, 0x2e, 0x8c, 0x3c, 0x38, 0x2e, 0x8c,
    0x3c, 0x38, 0x2e, 0x8c, 0x3c, 0x38, 0x2e, 0x8c, 0x3c, 0x38, 0x2e, 0x8c, 0x3c, 0x38, 0x2e, 0x8c,
    0x3c, 0x38, 0x2e, 0x8c, 0x3c, 0x38, 0x2e, 0x8c, 0x3c, 0x38, 0x2e, 0x8c, 0x3c, 0x38, 0x2e, 0x8c,
    0x3c, 0x38, 0x2e, 0x8c, 0x3c, 0x38, 0x2e, 0x8c, 0x3c, 0x38, 0x2e, 0x8c, 0x3c, 0x38, 0x2e, 0x8c,
    0x3c, 0x38, 0x2e, 0x8c, 0x3c, 0x38, 0x2e, 0x8c, 0x3c, 0x38, 0x2e, 0x8c, 0x3c, 0x38, 0x2e, 0x8c,
    0x3c, 0x38, 0x2e, 0x8c, 0x3c, 0x38, 0x2e, 0x8c, 0x3c, 0x38, 0x2e, 0x8c, 0x3c, 0x38, 0x2e, 0x8c,
    0x3c, 0x38, 0x2e, 0x8c, 0x3c, 0x38, 0x2e, 0x8c, 0x3c, 0x38, 0x2e, 0x8c, 0xaa, 0xc6, 0xd3, 0x14,
    0xaa, 0xc6, 0xd3, 0x0f, 0x00, 0x00, 0x00, 0x00, 0x00, 0x00, 0x00, 0x00, 0x00, 0x00, 0x00, 0x00,
    0x00, 0x00, 0x00, 0x00, 0x00, 0x00, 0x00, 0x00, 0x00, 0x00, 0x00, 0x00, 0xaa, 0xc6, 0xd3, 0x01,
    0xaa, 0xc6, 0xd3, 0x0f, 0xaa, 0xc6, 0xd3, 0x14, 0x3c, 0x38, 0x2e, 0x8c, 0x3c, 0x38, 0x2e, 0x8c,
    0x3c, 0x38, 0x2e, 0x8c, 0x3c, 0x38, 0x2e, 0x8c, 0x3c, 0x38, 0x2e, 0x8c, 0x3c, 0x38, 0x2e, 0x8c,
    0x3c, 0x38, 0x2e, 0x8c, 0x3c, 0x38, 0x2e, 0x8c, 0x3c, 0x38, 0x2e, 0x8c, 0x3c, 0x38, 0x2e, 0x8c,
    0x3c, 0x38, 0x2e, 0x8c, 0x3c, 0x38, 0x2e, 0x8c, 0x3c, 0x38, 0x2e, 0x8c, 0x3c, 0x38, 0x2e, 0x8c,
    0x3c, 0x38, 0x2e, 0x8c, 0x3c, 0x38, 0x2e, 0x8c, 0x3c, 0x38, 0x2e, 0x8c, 0x3c, 0x38, 0x2e, 0x8c,
    0x3c, 0x38, 0x2e, 0x8c, 0x3c, 0x38, 0x2e, 0x8c, 0x3c, 0x38, 0x2e, 0x8c, 0x3c, 0x38, 0x2e, 0x8c,
    0x3c, 0x38, 0x2e, 0x8c, 0x3c, 0x38, 0x2e, 0x8c, 0x3c, 0x38, 0x2e, 0x8c, 0x3c, 0x38, 0x2e, 0x8c,
    0x3c, 0x38, 0x2e, 0x8c, 0x3c, 0x38, 0x2e, 0x8c, 0x3c, 0x38, 0x2e, 0x8c, 0x3c, 0x38, 0x2e, 0x8c,
    0x3c, 0x38, 0x2e, 0x8c, 0x3c, 0x38, 0x2e, 0x8c, 0x3c, 0x38, 0x2e, 0x8c, 0x3c, 0x38, 0x2e, 0x8c,
    0x3c, 0x38, 0x2e, 0x8c, 0x3c, 0x38, 0x2e, 0x8c, 0x3c, 0x38, 0x2e, 0x8c, 0x3c, 0x38, 0x2e, 0x8c,
    0x3c, 0x38, 0x2e, 0x8c, 0x3c, 0x38, 0x2e, 0x8c, 0x3c, 0x38, 0x2e, 0x8c, 0x3c, 0x38, 0x2e, 0x8c,
    0x3c, 0x38, 0x2e, 0x8c, 0x3c, 0x38, 0x2e, 0x8c, 0x3c, 0x38, 0x2e, 0x8c, 0x3c, 0x38, 0x2e, 0x8c,
    0x3c, 0x38, 0x2e, 0x8c, 0x3c, 0x38, 0x2e, 0x8c, 0xaa, 0xc6, 0xd3, 0x14, 0xaa, 0xc6, 0xd3, 0x0f,
    0xaa, 0xc6, 0xd3, 0x01, 0x00, 0x00, 0x00, 0x00, 0x00, 0x00, 0x00, 0x00, 0x00, 0x00, 0x00, 0x00,
    0x00, 0x00, 0x00, 0x00, 0x00, 0x00, 0x00, 0x00, 0x00, 0x00, 0x00, 0x00, 0x00, 0x00, 0x00, 0x00,
    0x00, 0x00, 0x00, 0x00, 0xaa, 0xc6, 0xd3, 0x0b, 0xaa, 0xc6, 0xd3, 0x14, 0x3c, 0x38, 0x2e, 0x8c,
    0x3c, 0x38, 0x2e, 0x8c, 0x3c, 0x38, 0x2e, 0x8c, 0x3c, 0x38, 0x2e, 0x8c, 0x3c, 0x38, 0x2e, 0x8c,
    0x3c, 0x38, 0x2e, 0x8c, 0x3c, 0x38, 0x2e, 0x8c, 0x3c, 0x38, 0x2e, 0x8c, 0x3c, 0x38, 0x2e, 0x8c,
    0x3c, 0x38, 0x2e, 0x8c, 0x3c, 0x38, 0x2e, 0x8c, 0x3c, 0x38, 0x2e, 0x8c, 0x3c, 0x38, 0x2e, 0x8c,
    0x3c, 0x38, 0x2e, 0x8c, 0x3c, 0x38, 0x2e, 0x8c, 0x3c, 0x38, 0x2e, 0x8c, 0x3c, 0x38, 0x2e, 0x8c,
    0x3c, 0x38, 0x2e, 0x8c, 0x3c, 0x38, 0x2e, 0x8c, 0x3c, 0x38, 0x2e, 0x8c, 0x3c, 0x38, 0x2e, 0x8c,
    0x3c, 0x38, 0x2e, 0x8c, 0x3c, 0x38, 0x2e, 0x8c, 0x3c, 0x38, 0x2e, 0x8c, 0x3c, 0x38, 0x2e, 0x8c,
    0x3c, 0x38, 0x2e, 0x8c, 0x3c, 0x38, 0x2e, 0x8c, 0x3c, 0x38, 0x2e, 0x8c, 0x3c, 0x38, 0x2e, 0x8c,
    0x3c, 0x38, 0x2e, 0x8c, 0x3c, 0x38, 0x2e, 0x8c, 0x3c, 0x38, 0x2e, 0x8c, 0x3c, 0x38, 0x2e, 0x8c,
    0x3c, 0x38, 0x2e, 0x8c, 0x3c, 0x38, 0x2e, 0x8c, 0x3c, 0x38, 0x2e, 0x8c, 0x3c, 0x38, 0x2e, 0x8c,
    0x3c, 0x38, 0x2e, 0x8c, 0x3c, 0x38, 0x2e, 0x8c, 0x3c, 0x38, 0x2e, 0x8c, 0x3c, 0x38, 0x2e, 0x8c,
    0x3c, 0x38, 0x2e, 0x8c, 0x3c, 0x38, 0x2e, 0x8c, 0x3c, 0x38, 0x2e, 0x8c, 0x3c, 0x38, 0x2e, 0x8c,
    0x3c, 0x38, 0x2e, 0x8c, 0xaa, 0xc6, 0xd3, 0x14, 0xaa, 0xc6, 0xd3, 0x0b, 0x00, 0x00, 0x00, 0x00,
    0x00, 0x00, 0x00, 0x00, 0x00, 0x00, 0x00, 0x00, 0x00, 0x00, 0x00, 0x00, 0x00, 0x00, 0x00, 0x00,
    0x00, 0x00, 0x00, 0x00, 0x00, 0x00, 0x00, 0x00, 0x00, 0x00, 0x00, 0x00, 0x00, 0x00, 0x00, 0x00,
    0x00, 0x00, 0x00, 0x00, 0x00, 0x00, 0x00, 0x00, 0xaa, 0xc6, 0xd3, 0x05, 0xaa, 0xc6, 0xd3, 0x0f,
    0xaa, 0xc6, 0xd3, 0x14, 0xaa, 0xc6, 0xd3, 0x14, 0x3c, 0x38, 0x2e, 0x8c, 0x3c, 0x38, 0x2e, 0x8c,
    0x3c, 0x38, 0x2e, 0x8c, 0x3c, 0x38, 0x2e, 0x8c, 0x3c, 0x38, 0x2e, 0x8c, 0x3c, 0x38, 0x2e, 0x8c,
    0x3c, 0x38, 0x2e, 0x8c, 0x3c, 0x38, 0x2e, 0x8c, 0x3c, 0x38, 0x2e, 0x8c, 0x3c, 0x38, 0x2e, 0x8c,
    0x3c, 0x38, 0x2e, 0x8c, 0x3c, 0x38, 0x2e, 0x8c, 0x3c, 0x38, 0x2e, 0x8c, 0x3c, 0x38, 0x2e, 0x8c,
    0x3c, 0x38, 0x2e, 0x8c, 0x3c, 0x38, 0x2e, 0x8c, 0x3c, 0x38, 0x2e, 0x8c, 0x3c, 0x38, 0x2e, 0x8c,
    0x3c, 0x38, 0x2e, 0x8c, 0x3c, 0x38, 0x2e, 0x8c, 0x3c, 0x38, 0x2e, 0x8c, 0x3c, 0x38, 0x2e, 0x8c,
    0x3c, 0x38, 0x2e, 0x8c, 0x3c, 0x38, 0x2e, 0x8c, 0x3c, 0x38, 0x2e, 0x8c, 0x3c, 0x38, 0x2e, 0x8c,
    0x3c, 0x38, 0x2e, 0x8c, 0x3c, 0x38, 0x2e, 0x8c, 0x3c, 0x38, 0x2e, 0x8c, 0x3c, 0x38, 0x2e, 0x8c,
    0x3c, 0x38, 0x2e, 0x8c, 0x3c, 0x38, 0x2e, 0x8c, 0x3c, 0x38, 0x2e, 0x8c, 0x3c, 0x38, 0x2e, 0x8c,
    0x3c, 0x38, 0x2e, 0x8c, 0x3c, 0x38, 0x2e, 0x8c, 0x3c, 0x38, 0x2e, 0x8c, 0x3c, 0x38, 0x2e, 0x8c,
    0x3c, 0x38, 0x2e, 0x8c, 0x3c, 0x38, 0x2e, 0x8c, 0xaa, 0xc6, 0xd3, 0x14, 0xaa, 0xc6, 0xd3, 0x14,
    0xaa, 0xc6, 0xd3, 0x0f, 0xaa, 0xc6, 0xd3, 0x05, 0x00, 0x00, 0x00, 0x00, 0x00, 0x00, 0x00, 0x00,
    0x00, 0x00, 0x00, 0x00, 0x00, 0x00, 0x00, 0x00, 0x00, 0x00, 0x00, 0x00, 0x00, 0x00, 0x00, 0x00,
    0x00, 0x00, 0x00, 0x00, 0x00, 0x00, 0x00, 0x00, 0x00, 0x00, 0x00, 0x00, 0x00, 0x00, 0x00, 0x00,
    0x00, 0x00, 0x00, 0x00, 0x00, 0x00, 0x00, 0x00, 0x00, 0x00, 0x00, 0x00, 0x00, 0x00, 0x00, 0x00,
    0xaa, 0xc6, 0xd3, 0x04, 0xaa, 0xc6, 0xd3, 0x0a, 0xaa, 0xc6, 0xd3, 0x0f, 0xaa, 0xc6, 0xd3, 0x12,
    0xaa, 0xc6, 0xd3, 0x13, 0xaa, 0xc6, 0xd3, 0x14, 0xaa, 0xc6, 0xd3, 0x14, 0xaa, 0xc6, 0xd3, 0x14,
    0xaa, 0xc6, 0xd3, 0x14, 0xaa, 0xc6, 0xd3, 0x14, 0xaa, 0xc6, 0xd3, 0x14, 0xaa, 0xc6, 0xd3, 0x14,
    0xaa, 0xc6, 0xd3, 0x14, 0xaa, 0xc6, 0xd3, 0x14, 0xaa, 0xc6, 0xd3, 0x14, 0xaa, 0xc6, 0xd3, 0x14,
    0xaa, 0xc6, 0xd3, 0x14, 0xaa, 0xc6, 0xd3, 0x14, 0xaa, 0xc6, 0xd3, 0x14, 0xaa, 0xc6, 0xd3, 0x14,
    0xaa, 0xc6, 0xd3, 0x14, 0xaa, 0xc6, 0xd3, 0x14, 0xaa, 0xc6, 0xd3, 0x14, 0xaa, 0xc6, 0xd3, 0x14,
    0xaa, 0xc6, 0xd3, 0x14, 0xaa, 0xc6, 0xd3, 0x14, 0xaa, 0xc6, 0xd3, 0x14, 0xaa, 0xc6, 0xd3, 0x14,
    0xaa, 0xc6, 0xd3, 0x14, 0xaa, 0xc6, 0xd3, 0x14, 0xaa, 0xc6, 0xd3, 0x14, 0xaa, 0xc6, 0xd3, 0x14,
    0xaa, 0xc6, 0xd3, 0x14, 0xaa, 0xc6, 0xd3, 0x14, 0xaa, 0xc6, 0xd3, 0x14, 0xaa, 0xc6, 0xd3, 0x14,
    0xaa, 0xc6, 0xd3, 0x14, 0xaa, 0xc6, 0xd3, 0x14, 0xaa, 0xc6, 0xd3, 0x14, 0xaa, 0xc6, 0xd3, 0x13,
    0xaa, 0xc6, 0xd3, 0x12, 0xaa, 0xc6, 0xd3, 0x0f, 0xaa, 0xc6, 0xd3, 0x0a, 0xaa, 0xc6, 0xd3, 0x04,
    0x00, 0x00, 0x00, 0x00, 0x00, 0x00, 0x00, 0x00, 0x00, 0x00, 0x00, 0x00, 0x00, 0x00, 0x00, 0x00,
    0x00, 0x00, 0x00, 0x00, 0x00, 0x00, 0x00, 0x00, 0x00, 0x00, 0x00, 0x00, 0x00, 0x00, 0x00, 0x00,
};
static const lv_img_dsc_t pill_chip_temp = {
    .header.always_zero = 0,
    .header.w = 60,
    .header.h = 27,
    .header.cf = LV_IMG_CF_TRUE_COLOR_ALPHA,
    .data_size = sizeof(pill_chip_temp_data),
    .data = pill_chip_temp_data,
};

static const uint8_t pill_chip_net_data[] = {
    0x00, 0x00, 0x00, 0x00, 0x00, 0x00, 0x00, 0x00, 0x00, 0x00, 0x00, 0x00, 0x00, 0x00, 0x00, 0x00,
    0x00, 0x00, 0x00, 0x00, 0x00, 0x00, 0x00, 0x00, 0x00, 0x00, 0x00, 0x00, 0x00, 0x00, 0x00, 0x00,
    0xaa, 0xc6, 0xd3, 0x04, 0xaa, 0xc6, 0xd3, 0x0a, 0xaa, 0xc6, 0xd3, 0x0f, 0xaa, 0xc6, 0xd3, 0x12,
    0xaa, 0xc6, 0xd3, 0x13, 0xaa, 0xc6, 0xd3, 0x14, 0xaa, 0xc6, 0xd3, 0x14, 0xaa, 0xc6, 0xd3, 0x14,
    0xaa, 0xc6, 0xd3, 0x14, 0xaa, 0xc6, 0xd3, 0x14, 0xaa, 0xc6, 0xd3, 0x14, 0xaa, 0xc6, 0xd3, 0x14,
    0xaa, 0xc6, 0xd3, 0x14, 0xaa, 0xc6, 0xd3, 0x14, 0xaa, 0xc6, 0xd3, 0x14, 0xaa, 0xc6, 0xd3, 0x14,
    0xaa, 0xc6, 0xd3, 0x14, 0xaa, 0xc6, 0xd3, 0x14, 0xaa, 0xc6, 0xd3, 0x14, 0xaa, 0xc6, 0xd3, 0x14,
    0xaa, 0xc6, 0xd3, 0x14, 0xaa, 0xc6, 0xd3, 0x14, 0xaa, 0xc6, 0xd3, 0x14, 0xaa, 0xc6, 0xd3, 0x14,
    0xaa, 0xc6, 0xd3, 0x14, 0xaa, 0xc6, 0xd3, 0x14, 0xaa, 0xc6, 0xd3, 0x14, 0xaa, 0xc6, 0xd3, 0x14,
    0xaa, 0xc6, 0xd3, 0x14, 0xaa, 0xc6, 0xd3, 0x14, 0xaa, 0xc6, 0xd3, 0x14, 0xaa, 0xc6, 0xd3, 0x14,
    0xaa, 0xc6, 0xd3, 0x14, 0xaa, 0xc6, 0xd3, 0x14, 0xaa, 0xc6, 0xd3, 0x13, 0xaa, 0xc6, 0xd3, 0x12,
    0xaa, 0xc6, 0xd3, 0x0f, 0xaa, 0xc6, 0xd3, 0x0a, 0xaa, 0xc6, 0xd3, 0x04, 0x00, 0x00, 0x00, 0x00,
    0x00, 0x00, 0x00, 0x00, 0x00, 0x00, 0x00, 0x00, 0x00, 0x00, 0x00, 0x00, 0x00, 0x00, 0x00, 0x00,
    0x00, 0x00, 0x00, 0x00, 0x00, 0x00, 0x00, 0x00, 0x00, 0x00, 0x00, 0x00, 0x00, 0x00, 0x00, 0x00,
    0x00, 0x00, 0x00, 0x00, 0x00, 0x00, 0x00, 0x00, 0x00, 0x00, 0x00, 0x00, 0x00, 0x00, 0x00, 0x00,
    0x00, 0x00, 0x00, 0x00, 0xaa, 0xc6, 0xd3, 0x05, 0xaa, 0xc6, 0xd3, 0x0f, 0xaa, 0xc6, 0xd3, 0x14,
    0xaa, 0xc6, 0xd3, 0x14, 0x3c, 0x38, 0x2e, 0x8c, 0x3c, 0x38, 0x2e, 0x8c, 0x3c, 0x38, 0x2e, 0x8c,
    0x3c, 0x38, 0x2e, 0x8c, 0x3c, 0x38, 0x2e, 0x8c, 0x3c, 0x38, 0x2e, 0x8c, 0x3c, 0x38, 0x2e, 0x8c,
    0x3c, 0x38, 0x2e, 0x8c, 0x3c, 0x38, 0x2e, 0x8c, 0x3c, 0x38, 0x2e, 0x8c, 0x3c, 0x38, 0x2e, 0x8c,
    0x3c, 0x38, 0x2e, 0x8c, 0x3c, 0x38, 0x2e, 0x8c, 0x3c, 0x38, 0x2e, 0x8c, 0x3c, 0x38, 0x2e, 0x8c,
    0x3c, 0x38, 0x2e, 0x8c, 0x3c, 0x38, 0x2e, 0x8c, 0x3c, 0x38, 0x2e, 0x8c, 0x3c, 0x38, 0x2e, 0x8c,
    0x3c, 0x38, 0x2e, 0x8c, 0x3c, 0x38, 0x2e, 0x8c, 0x3c, 0x38, 0x2e, 0x8c, 0x3c, 0x38, 0x2e, 0x8c,
    0x3c, 0x38, 0x2e, 0x8c, 0x3c, 0x38, 0x2e, 0x8c, 0x3c, 0x38, 0x2e, 0x8c, 0x3c, 0x38, 0x2e, 0x8c,
    0x3c, 0x38, 0x2e, 0x8c, 0x3c, 0x38, 0x2e, 0x8c, 0x3c, 0x38, 0x2e, 0x8c, 0x3c, 0x38, 0x2e, 0x8c,
    0x3c, 0x38, 0x2e, 0x8c, 0x3c, 0x38, 0x2e, 0x8c, 0x3c, 0x38, 0x2e, 0x8c, 0x3c, 0x38, 0x2e, 0x8c,
    0xaa, 0xc6, 0xd3, 0x14, 0xaa, 0xc6, 0xd3, 0x14, 0xaa, 0xc6, 0xd3, 0x0f, 0xaa, 0xc6, 0xd3, 0x05,
    0x00, 0x00, 0x00, 0x00, 0x00, 0x00, 0x00, 0x00, 0x00, 0x00, 0x00, 0x00, 0x00, 0x00, 0x00, 0x00,
    0x00, 0x00, 0x00, 0x00, 0x00, 0x00, 0x00, 0x00, 0x00, 0x00, 0x00, 0x00, 0x00, 0x00, 0x00, 0x00,
    0x00, 0x00, 0x00, 0x00, 0x00, 0x00, 0x00, 0x00, 0x00, 0x00, 0x00, 0x00, 0xaa, 0xc6, 0xd3, 0x0b,
    0xaa, 0xc6, 0xd3, 0x14, 0x3c, 0x38, 0x2e, 0x8c, 0x3c, 0x38, 0x2e, 0x8c, 0x3c, 0x38, 0x2e, 0x8c,
    0x3c, 0x38, 0x2e, 0x8c, 0x3c, 0x38, 0x2e, 0x8c, 0x3c, 0x38, 0x2e, 0x8c, 0x3c, 0x38, 0x2e, 0x8c,
    0x3c, 0x38, 0x2e, 0x8c, 0x3c, 0x38, 0x2e, 0x8c, 0x3c, 0x38, 0x2e, 0x8c, 0x3c, 0x38, 0x2e, 0x8c,
    0x3c, 0x38, 0x2e, 0x8c, 0x3c, 0x38, 0x2e, 0x8c, 0x3c, 0x38, 0x2e, 0x8c, 0x3c, 0x38, 0x2e, 0x8c,
    0x3c, 0x38, 0x2e, 0x8c, 0x3c, 0x38, 0x2e, 0x8c, 0x3c, 0x38, 0x2e, 0x8c, 0x3c, 0x38, 0x2e, 0x8c,
    0x3c, 0x38, 0x2e, 0x8c, 0x3c, 0x38, 0x2e, 0x8c, 0x3c, 0x38, 0x2e, 0x8c, 0x3c, 0x38, 0x2e, 0x8c,
    0x3c, 0x38, 0x2e, 0x8c, 0x3c, 0x38, 0x2e, 0x8c, 0x3c, 0x38, 0x2e, 0x8c, 0x3c, 0x38, 0x2e, 0x8c,
    0x3c, 0x38, 0x2e, 0x8c, 0x3c, 0x38, 0x2e, 0x8c, 0x3c, 0x38, 0x2e, 0x8c, 0x3c, 0x38, 0x2e, 0x8c,
    0x3c, 0x38, 0x2e, 0x8c, 0x3c, 0x38, 0x2e, 0x8c, 0x3c, 0x38, 0x2e, 0x8c, 0x3c, 0x38, 0x2e, 0x8c,
    0x3c, 0x38, 0x2e, 0x8c, 0x3c, 0x38, 0x2e, 0x8c, 0x3c, 0x38, 0x2e, 0x8c, 0x3c, 0x38, 0x2e, 0x8c,
    0x3c, 0x38, 0x2e, 0x8c, 0x3c, 0x38, 0x2e, 0x8c, 0xaa, 0xc6, 0xd3, 0x14, 0xaa, 0xc6, 0xd3, 0x0b,
    0x00, 0x00, 0x00, 0x00, 0x00, 0x00, 0x00, 0x00, 0x00, 0x00, 0x00, 0x00, 0x00, 0x00, 0x00, 0x00,
    0x00, 0x00, 0x00, 0x00, 0x00, 0x00, 0x00, 0x00, 0x00, 0x00, 0x00, 0x00, 0x00, 0x00, 0x00, 0x00,
    0xaa, 0xc6, 0xd3, 0x01, 0xaa, 0xc6, 0xd3, 0x0f, 0xaa, 0xc6, 0xd3, 0x14, 0x3c, 0x38, 0x2e, 0x8c,
    0x3c, 0x38, 0x2e, 0x8c, 0x3c, 0x38, 0x2e, 0x8c, 0x3c, 0x38, 0x2e, 0x8c, 0x3c, 0x38, 0x2e, 0x8c,
    0x3c, 0x38, 0x2e, 0x8c, 0x3c, 0x38, 0x2e, 0x8c, 0x3c, 0x38, 0x2e, 0x8c, 0x3c, 0x38, 0x2e, 0x8c,
    0x3c, 0x38, 0x2e, 0x8c, 0x3c, 0x38, 0x2e, 0x8c, 0x3c, 0x38, 0x2e, 0x8c, 0x3c, 0x38, 0x2e, 0x8c,
    0x3c, 0x38, 0x2e, 0x8c, 0x3c, 0x38, 0x2e, 0x8c, 0x3c, 0x38, 0x2e, 0x8c, 0x3c, 0x38, 0x2e, 0x8c,
    0x3c, 0x38, 0x2e, 0x8c, 0x3c, 0x38, 0x2e, 0x8c, 0x3c, 0x38, 0x2e, 0x8c, 0x3c, 0x38, 0x2e, 0x8c,
    0x3c, 0x38, 0x2e, 0x8c, 0x3c, 0x38, 0x2e, 0x8c, 0x3c, 0x38, 0x2e, 0x8c, 0x3c, 0x38, 0x2e, 0x8c,
    0x3c, 0x38, 0x2e, 0x8c, 0x3c, 0x38, 0x2e, 0x8c, 0x3c, 0x38, 0x2e, 0x8c, 0x3c, 0x38, 0x2e, 0x8c,
    0x3c, 0x38, 0x2e, 0x8c, 0x3c, 0x38, 0x2e, 0x8c, 0x3c, 0x38, 0x2e, 0x8c, 0x3c, 0x38, 0x2e, 0x8c,
    0x3c, 0x38, 0x2e, 0x8c, 0x3c, 0x38, 0x2e, 0x8c, 0x3c, 0x38, 0x2e, 0x8c, 0x3c, 0x38, 0x2e, 0x8c,
    0x3c, 0x38, 0x2e, 0x8c, 0x3c, 0x38, 0x2e, 0x8c, 0x3c, 0x38, 0x2e, 0x8c, 0x3c, 0x38, 0x2e, 0x8c,
    0x3c, 0x38, 0x2e, 0x8c, 0x3c, 0x38, 0x2e, 0x8c, 0xaa, 0xc6, 0xd3, 0x14, 0xaa, 0xc6, 0xd3, 0x0f,
    0xaa, 0xc6, 0xd3, 0x01, 0x00, 0x00, 0x00, 0x00, 0x00, 0x00, 0x00, 0x00, 0x00, 0x00, 0x00, 0x00,
    0x00, 0x00, 0x00, 0x00, 0x00, 0x00, 0x00, 0x00, 0x00, 0x00, 0x00, 0x00, 0xaa, 0xc6, 0xd3, 0x0f,
    0xaa, 0xc6, 0xd3, 0x14, 0x3c, 0x38, 0x2e, 0x8c, 0x3c, 0x38, 0x2e, 0x8c, 0x3c, 0x38, 0x2e, 0x8c,
    0x3c, 0x38, 0x2e, 0x8c, 0x3c, 0x38, 0x2e, 0x8c, 0x3c, 0x38, 0x2e, 0x8c, 0x3c, 0x38, 0x2e, 0x8c,
    0x3c, 0x38, 0x2e, 0x8c, 0x3c, 0x38, 0x2e, 0x8c, 0x3c, 0x38, 0x2e, 0x8c, 0x3c, 0x38, 0x2e, 0x8c,
    0x3c, 0x38, 0x2e, 0x8c, 0x3c, 0x38, 0x2e, 0x8c, 0x3c, 0x38, 0x2e, 0x8c, 0x3c, 0x38, 0x2e, 0x8c,
    0x3c, 0x38, 0x2e, 0x8c, 0x3c, 0x38, 0x2e, 0x8c, 0x3c, 0x38, 0x2e, 0x8c, 0x3c, 0x38, 0x2e, 0x8c,
    0x3c, 0x38, 0x2e, 0x8c, 0x3c, 0x38, 0x2e, 0x8c, 0x3c, 0x38, 0x2e, 0x8c, 0x3c, 0x38, 0x2e, 0x8c,
    0x3c, 0x38, 0x2e, 0x8c, 0x3c, 0x38, 0x2e, 0x8c, 0x3c, 0x38, 0x2e, 0x8c, 0x3c, 0x38, 0x2e, 0x8c,
    0x3c, 0x38, 0x2e, 0x8c, 0x3c, 0x38, 0x2e, 0x8c, 0x3c, 0x38, 0x2e, 0x8c, 0x3c, 0x38, 0x2e, 0x8c,
    0x3c, 0x38, 0x2e, 0x8c, 0x3c, 0x38, 0x2e, 0x8c, 0x3c, 0x38, 0x2e, 0x8c, 0x3c, 0x38, 0x2e, 0x8c,
    0x3c, 0x38, 0x2e, 0x8c, 0x3c, 0x38, 0x2e, 0x8c, 0x3c, 0x38, 0x2e, 0x8c, 0x3c, 0x38, 0x2e, 0x8c,
    0x3c, 0x38, 0x2e, 0x8c, 0x3c, 0x38, 0x2e, 0x8c, 0x3c, 0x38, 0x2e, 0x8c, 0x3c, 0x38, 0x2e, 0x8c,
    0x3c, 0x38, 0x2e, 0x8c, 0x3c, 0x38, 0x2e, 0x8c, 0xaa, 0xc6, 0xd3, 0x14, 0xaa, 0xc6, 0xd3, 0x0f,
    0x00, 0x00, 0x00, 0x00, 0x00, 0x00, 0x00, 0x00, 0x00, 0x00, 0x00, 0x00, 0x00, 0x00, 0x00, 0x00,
    0x00, 0x00, 0x00, 0x00, 0xaa, 0xc6, 0xd3, 0x0b, 0xaa, 0xc6, 0xd3, 0x14, 0x3c, 0x38, 0x2e, 0x8c,
    0x3c, 0x38, 0x2e, 0x8c, 0x3c, 0x38, 0x2e, 0x8c, 0x3c, 0x38, 0x2e, 0x8c, 0x3c, 0x38, 0x2e, 0x8c,
    0x3c, 0x38, 0x2e, 0x8c, 0x3c, 0x38, 0x2e, 0x8c, 0x3c, 0x38, 0x2e, 0x8c, 0x3c, 0x38, 0x2e, 0x8c,
    0x3c, 0x38, 0x2e, 0x8c, 0x3c, 0x38, 0x2e, 0x8c, 0x3c, 0x38, 0x2e, 0x8c, 0x3c, 0x38, 0x2e, 0x8c,
    0x3c, 0x38, 0x2e, 0x8c, 0x3c, 0x38, 0x2e, 0x8c, 0x3c, 0x38, 0x2e, 0x8c, 0x3c, 0x38, 0x2e, 0x8c,
    0x3c, 0x38, 0x2e, 0x8c, 0x3c, 0x38, 0x2e, 0x8c, 0x3c, 0x38, 0x2e, 0x8c, 0x3c, 0x38, 0x2e, 0x8c,
    0x3c, 0x38, 0x2e, 0x8c, 0x3c, 0x38, 0x2e, 0x8c, 0x3c, 0x38, 0x2e, 0x8c, 0x3c, 0x38, 0x2e, 0x8c,
    0x3c, 0x38, 0x2e, 0x8c, 0x3c, 0x38, 0x2e, 0x8c, 0x3c, 0x38, 0x2e, 0x8c, 0x3c, 0x38, 0x2e, 0x8c,
    0x3c, 0x38, 0x2e, 0x8c, 0x3c, 0x38, 0x2e, 0x8c, 0x3c, 0x38, 0x2e, 0x8c, 0x3c, 0x38, 0x2e, 0x8c,
    0x3c, 0x38, 0x2e, 0x8c, 0x3c, 0x38, 0x2e, 0x8c, 0x3c, 0x38, 0x2e, 0x8c, 0x3c, 0x38, 0x2e, 0x8c,
    0x3c, 0x38, 0x2e, 0x8c, 0x3c, 0x38, 0x2e, 0x8c, 0x3c, 0x38, 0x2e, 0x8c, 0x3c, 0x38, 0x2e, 0x8c,
    0x3c, 0x38, 0x2e, 0x8c, 0x3c, 0x38, 0x2e, 0x8c, 0x3c, 0x38, 0x2e, 0x8c, 0x3c, 0x38, 0x2e, 0x8c,
    0x3c, 0x38, 0x2e, 0x8c, 0x3c, 0x38, 0x2e, 0x8c, 0xaa, 0xc6, 0xd3, 0x14, 0xaa, 0xc6, 0xd3, 0x0b,
    0x00, 0x00, 0x00, 0x00, 0x00, 0x00, 0x00, 0x00, 0x00, 0x00, 0x00, 0x00, 0xaa, 0xc6, 0xd3, 0x05,
    0xaa, 0xc6, 0xd3, 0x14, 0x3c, 0x38, 0x2e, 0x8c, 0x3c, 0x38, 0x2e, 0x8c, 0x3c, 0x38, 0x2e, 0x8c,
    0x3c, 0x38, 0x2e, 0x8c, 0x3c, 0x38, 0x2e, 0x8c, 0x3c, 0x38, 0x2e, 0x8c, 0x3c, 0x38, 0x2e, 0x8c,
    0x3c, 0x38, 0x2e, 0x8c, 0x3c, 0x38, 0x2e, 0x8c, 0x3c, 0x38, 0x2e, 0x8c, 0x3c, 0x38, 0x2e, 0x8c,
    0x3c, 0x38, 0x2e, 0x8c, 0x3c, 0x38, 0x2e, 0x8c, 0x3c, 0x38, 0x2e, 0x8c, 0x3c, 0x38, 0x2e, 0x8c,
    0x3c, 0x38, 0x2e, 0x8c, 0x3c, 0x38, 0x2e, 0x8c, 0x3c, 0x38, 0x2e, 0x8c, 0x3c, 0x38, 0x2e, 0x8c,
    0x3c, 0x38, 0x2e, 0x8c, 0x3c, 0x38, 0x2e, 0x8c, 0x3c, 0x38, 0x2e, 0x8c, 0x3c, 0x38, 0x2e, 0x8c,
    0x3c, 0x38, 0x2e, 0x8c, 0x3c, 0x38, 0x2e, 0x8c, 0x3c, 0x38, 0x2e, 0x8c, 0x3c, 0x38, 0x2e, 0x8c,
    0x3c, 0x38, 0x2e, 0x8c, 0x3c, 0x38, 0x2e, 0x8c, 0x3c, 0x38, 0x2e, 0x8c, 0x3c, 0x38, 0x2e, 0x8c,
    0x3c, 0x38, 0x2e, 0x8c, 0x3c, 0x38, 0x2e, 0x8c, 0x3c, 0x38, 0x2e, 0x8c, 0x3c, 0x38, 0x2e, 0x8c,
    0x3c, 0x38, 0x2e, 0x8c, 0x3c, 0x38, 0x2e, 0x8c, 0x3c, 0x38, 0x2e, 0x8c, 0x3c, 0x38, 0x2e, 0x8c,
    0x3c, 0x38, 0x2e, 0x8c, 0x3c, 0x38, 0x2e, 0x8c, 0x3c, 0x38, 0x2e, 0x8c, 0x3c, 0x38, 0x2e, 0x8c,
    0x3c, 0x38, 0x2e, 0x8c, 0x3c, 0x38, 0x2e, 0x8c, 0x3c, 0x38, 0x2e, 0x8c, 0x3c, 0x38, 0x2e, 0x8c,
    0x3c, 0x38, 0x2e, 0x8c, 0x3c, 0x38, 0x2e, 0x8c, 0xaa, 0xc6, 0xd3, 0x14, 0xaa, 0xc6, 0xd3, 0x05,
    0x00, 0x00, 0x00, 0x00, 0x00, 0x00, 0x00, 0x00, 0xaa, 0xc6, 0xd3, 0x0f, 0x3c, 0x38, 0x2e, 0x8c,
    0x3c, 0x38, 0x2e, 0x8c, 0x3c, 0x38, 0x2e, 0x8c, 0x3c, 0x38, 0x2e, 0x8c, 0x3c, 0x38, 0x2e, 0x8c,
    0x3c, 0x38, 0x2e, 0x8c, 0x3c, 0x38, 0x2e, 0x8c, 0x3c, 0x38, 0x2e, 0x8c, 0x3c, 0x38, 0x2e, 0x8c,
    0x3c, 0x38, 0x2e, 0x8c, 0x3c, 0x38, 0x2e, 0x8c, 0x3c, 0x38, 0x2e, 0x8c, 0x3c, 0x38, 0x2e, 0x8c,
    0x3c, 0x38, 0x2e, 0x8c, 0x3c, 0x38, 0x2e, 0x8c, 0x3c, 0x38, 0x2e, 0x8c, 0x3c, 0x38, 0x2e, 0x8c,
    0x3c, 0x38, 0x2e, 0x8c, 0x3c, 0x38, 0x2e, 0x8c, 0x3c, 0x38, 0x2e, 0x8c, 0x3c, 0x38, 0x2e, 0x8c,
    0x3c, 0x38, 0x2e, 0x8c, 0x3c, 0x38, 0x2e, 0x8c, 0x3c, 0x38, 0x2e, 0x8c, 0x3c, 0x38, 0x2e, 0x8c,
    0x3c, 0x38, 0x2e, 0x8c, 0x3c, 0x38, 0x2e, 0x8c, 0x3c, 0x38, 0x2e, 0x8c, 0x3c, 0x38, 0x2e, 0x8c,
    0x3c, 0x38, 0x2e, 0x8c, 0x3c, 0x38, 0x2e, 0x8c, 0x3c, 0x38, 0x2e, 0x8c, 0x3c, 0x38, 0x2e, 0x8c,
    0x3c, 0x38, 0x2e, 0x8c, 0x3c, 0x38, 0x2e, 0x8c, 0x3c, 0x38, 0x2e, 0x8c, 0x3c, 0x38, 0x2e, 0x8c,
    0x3c, 0x38, 0x2e, 0x8c, 0x3c, 0x38, 0x2e, 0x8c, 0x3c, 0x38, 0x2e, 0x8c, 0x3c, 0x38, 0x2e, 0x8c,
    0x3c, 0x38, 0x2e, 0x8c, 0x3c, 0x38, 0x2e, 0x8c, 0x3c, 0x38, 0x2e, 0x8c, 0x3c, 0x38, 0x2e, 0x8c,
    0x3c, 0x38, 0x2e, 0x8c, 0x3c, 0x38, 0x2e, 0x8c, 0x3c, 0x38, 0x2e, 0x8c, 0x3c, 0x38, 0x2e, 0x8c,
    0x3c, 0x38, 0x2e, 0x8c, 0x3c, 0x38, 0x2e, 0x8c, 0xaa, 0xc6, 0xd3, 0x0f, 0x00, 0x00, 0x00, 0x00,
    0xaa, 0xc6, 0xd3, 0x04, 0xaa, 0xc6, 0xd3, 0x14, 0x3c, 0x38, 0x2e, 0x8c, 0x3c, 0x38, 0x2e, 0x8c,
    0x3c, 0x38, 0x2e, 0x8c, 0x3c, 0x38, 0x2e, 0x8c, 0x3c, 0x38, 0x2e, 0x8c, 0x3c, 0x38, 0x2e, 0x8c,
    0x3c, 0x38, 0x2e, 0x8c, 0x3c, 0x38, 0x2e, 0x8c, 0x3c, 0x38, 0x2e, 0x8c, 0x3c, 0x38, 0x2e, 0x8c,
    0x3c, 0x38, 0x2e, 0x8c, 0x3c, 0x38, 0x2e, 0x8c, 0x3c, 0x38, 0x2e, 0x8c, 0x3c, 0x38, 0x2e, 0x8c,
    0x3c, 0x38, 0x2e, 0x8c, 0x3c, 0x38, 0x2e, 0x8c, 0x3c, 0x38, 0x2e, 0x8c, 0x3c, 0x38, 0x2e, 0x8c,
    0x3c, 0x38, 0x2e, 0x8c, 0x3c, 0x38, 0x2e, 0x8c, 0x3c, 0x38, 0x2e, 0x8c, 0x3c, 0x38, 0x2e, 0x8c,
    0x3c, 0x38, 0x2e, 0x8c, 0x3c, 0x38, 0x2e, 0x8c, 0x3c, 0x38, 0x2e, 0x8c, 0x3c, 0x38, 0x2e, 0x8c,
    0x3c, 0x38, 0x2e, 0x8c, 0x3c, 0x38, 0x2e, 0x8c, 0x3c, 0x38, 0x2e, 0x8c, 0x3c, 0x38, 0x2e, 0x8c,
    0x3c, 0x38, 0x2e, 0x8c, 0x3c, 0x38, 0x2e, 0x8c, 0x3c, 0x38, 0x2e, 0x8c, 0x3c, 0x38, 0x2e, 0x8c,
    0x3c, 0x38, 0x2e, 0x8c, 0x3c, 0x38, 0x2e, 0x8c, 0x3c, 0x38, 0x2e, 0x8c, 0x3c, 0x38, 0x2e, 0x8c,
    0x3c, 0x38, 0x2e, 0x8c, 0x3c, 0x38, 0x2e, 0x8c, 0x3c, 0x38, 0x2e, 0x8c, 0x3c, 0x38, 0x2e, 0x8c,
    0x3c, 0x38, 0x2e, 0x8c, 0x3c, 0x38, 0x2e, 0x8c, 0x3c, 0x38, 0x2e, 0x8c, 0x3c, 0x38, 0x2e, 0x8c,
    0x3c, 0x38, 0x2e, 0x8c, 0x3c, 0x38, 0x2e, 0x8c, 0x3c, 0x38, 0x2e, 0x8c, 0x3c, 0x38, 0x2e, 0x8c,
    0x3c, 0x38, 0x2e, 0x8c, 0xaa, 0xc6, 0xd3, 0x14, 0xaa, 0xc6, 0xd3, 0x04, 0xaa, 0xc6, 0xd3, 0x0a,
    0xaa, 0xc6, 0xd3, 0x14, 0x3c, 0x38, 0x2e, 0x8c, 0x3c, 0x38, 0x2e, 0x8c, 0x3c, 0x38, 0x2e, 0x8c,
    0x3c, 0x38, 0x2e, 0x8c, 0x3c, 0x38, 0x2e, 0x8c, 0x3c, 0x38, 0x2e, 0x8c, 0x3c, 0x38, 0x2e, 0x8c,
    0x3c, 0x38, 0x2e, 0x8c, 0x3c, 0x38, 0x2e, 0x8c, 0x3c, 0x38, 0x2e, 0x8c, 0x3c, 0x38, 0x2e, 0x8c,
    0x3c, 0x38, 0x2e, 0x8c, 0x3c, 0x38, 0x2e, 0x8c, 0x3c, 0x38, 0x2e, 0x8c, 0x3c, 0x38, 0x2e, 0x8c,
    0x3c, 0x38, 0x2e, 0x8c, 0x3c, 0x38, 0x2e, 0x8c, 0x3c, 0x38, 0x2e, 0x8c, 0x3c, 0x38, 0x2e, 0x8c,
    0x3c, 0x38, 0x2e, 0x8c, 0x3c, 0x38, 0x2e, 0x8c, 0x3c, 0x38, 0x2e, 0x8c, 0x3c, 0x38, 0x2e, 0x8c,
    0x3c, 0x38, 0x2e, 0x8c, 0x3c, 0x38, 0x2e, 0x8c, 0x3c, 0x38, 0x2e, 0x8c, 0x3c, 0x38, 0x2e, 0x8c,
    0x3c, 0x38, 0x2e, 0x8c, 0x3c, 0x38, 0x2e, 0x8c, 0x3c, 0x38, 0x2e, 0x8c, 0x3c, 0x38, 0x2e, 0x8c,
    0x3c, 0x38, 0x2e, 0x8c, 0x3c, 0x38, 0x2e, 0x8c, 0x3c, 0x38, 0x2e, 0x8c, 0x3c, 0x38, 0x2e, 0x8c,
    0x3c, 0x38, 0x2e, 0x8c, 0x3c, 0x38, 0x2e, 0x8c, 0x3c, 0x38, 0x2e, 0x8c, 0x3c, 0x38, 0x2e, 0x8c,
    0x3c, 0x38, 0x2e, 0x8c, 0x3c, 0x38, 0x2e, 0x8c, 0x3c, 0x38, 0x2e, 0x8c, 0x3c, 0x38, 0x2e, 0x8c,
    0x3c, 0x38, 0x2e, 0x8c, 0x3c, 0x38, 0x2e, 0x8c, 0x3c, 0x38, 0x2e, 0x8c, 0x3c, 0x38, 0x2e, 0x8c,
    0x3c, 0x38, 0x2e, 0x8c, 0x3c, 0x38, 0x2e, 0x8c, 0x3c, 0x38, 0x2e, 0x8c, 0x3c, 0x38, 0x2e, 0x8c,
    0xaa, 0xc6, 0xd3, 0x14, 0xaa, 0xc6, 0xd3, 0x0a, 0xaa, 0xc6, 0xd3, 0x0f, 0x3c, 0x38, 0x2e, 0x8c,
    0x3c, 0x38, 0x2e, 0x8c, 0x3c, 0x38, 0x2e, 0x8c, 0x3c, 0x38, 0x2e, 0x8c, 0x3c, 0x38, 0x2e, 0x8c,
    0x3c, 0x38, 0x2e, 0x8c, 0x3c, 0x38, 0x2e, 0x8c, 0x3c, 0x38, 0x2e, 0x8c, 0x3c, 0x38, 0x2e, 0x8c,
    0x3c, 0x38, 0x2e, 0x8c, 0x3c, 0x38, 0x2e, 0x8c, 0x3c, 0x38, 0x2e, 0x8c, 0x3c, 0x38, 0x2e, 0x8c,
    0x3c, 0x38, 0x2e, 0x8c, 0x3c, 0x38, 0x2e, 0x8c, 0x3c, 0x38, 0x2e, 0x8c, 0x3c, 0x38, 0x2e, 0x8c,
    0x3c, 0x38, 0x2e, 0x8c, 0x3c, 0x38, 0x2e, 0x8c, 0x3c, 0x38, 0x2e, 0x8c, 0x3c, 0x38, 0x2e, 0x8c,
    0x3c, 0x38, 0x2e, 0x8c, 0x3c, 0x38, 0x2e, 0x8c, 0x3c, 0x38, 0x2e, 0x8c, 0x3c, 0x38, 0x2e, 0x8c,
    0x3c, 0x38, 0x2e, 0x8c, 0x3c, 0x38, 0x2e, 0x8c, 0x3c, 0x38, 0x2e, 0x8c, 0x3c, 0x38, 0x2e, 0x8c,
    0x3c, 0x38, 0x2e, 0x8c, 0x3c, 0x38, 0x2e, 0x8c, 0x3c, 0x38, 0x2e, 0x8c, 0x3c, 0x38, 0x2e, 0x8c,
    0x3c, 0x38, 0x2e, 0x8c, 0x3c, 0x38, 0x2e, 0x8c, 0x3c, 0x38, 0x2e, 0x8c, 0x3c, 0x38, 0x2e, 0x8c,
    0x3c, 0x38, 0x2e, 0x8c, 0x3c, 0x38, 0x2e, 0x8c, 0x3c, 0x38, 0x2e, 0x8c, 0x3c, 0x38, 0x2e, 0x8c,
    0x3c, 0x38, 0x2e, 0x8c, 0x3c, 0x38, 0x2e, 0x8c, 0x3c, 0x38, 0x2e, 0x8c, 0x3c, 0x38, 0x2e, 0x8c,
    0x3c, 0x38, 0x2e, 0x8c, 0x3c, 0x38, 0x2e, 0x8c, 0x3c, 0x38, 0x2e, 0x8c, 0x3c, 0x38, 0x2e, 0x8c,
    0x3c, 0x38, 0x2e, 0x8c, 0x3c, 0x38, 0x2e, 0x8c, 0x3c, 0x38, 0x2e, 0x8c, 0x3c, 0x38, 0x2e, 0x8c,
    0xaa, 0xc6, 0xd3, 0x0f, 0xaa, 0xc6, 0xd3, 0x12, 0x3c, 0x38, 0x2e, 0x8c, 0x3c, 0x38, 0x2e, 0x8c,
    0x3c, 0x38, 0x2e, 0x8c, 0x3c, 0x38, 0x2e, 0x8c, 0x3c, 0x38, 0x2e, 0x8c, 0x3c, 0x38, 0x2e, 0x8c,
    0x3c, 0x38, 0x2e, 0x8c, 0x3c, 0x38, 0x2e, 0x8c, 0x3c, 0x38, 0x2e, 0x8c, 0x3c, 0x38, 0x2e, 0x8c,
    0x3c, 0x38, 0x2e, 0x8c, 0x3c, 0x38, 0x2e, 0x8c, 0x3c, 0x38, 0x2e, 0x8c, 0x3c, 0x38, 0x2e, 0x8c,
    0x3c, 0x38, 0x2e, 0x8c, 0x3c, 0x38, 0x2e, 0x8c, 0x3c, 0x38, 0x2e, 0x8c, 0x3c, 0x38, 0x2e, 0x8c,
    0x3c, 0x38, 0x2e, 0x8c, 0x3c, 0x38, 0x2e, 0x8c, 0x3c, 0x38, 0x2e, 0x8c, 0x3c, 0x38, 0x2e, 0x8c,
    0x3c, 0x38, 0x2e, 0x8c, 0x3c, 0x38, 0x2e, 0x8c, 0x3c, 0x38, 0x2e, 0x8c, 0x3c, 0x38, 0x2e, 0x8c,
    0x3c, 0x38, 0x2e, 0x8c, 0x3c, 0x38, 0x2e, 0x8c, 0x3c, 0x38, 0x2e, 0x8c, 0x3c, 0x38, 0x2e, 0x8c,
    0x3c, 0x38, 0x2e, 0x8c, 0x3c, 0x38, 0x2e, 0x8c, 0x3c, 0x38, 0x2e, 0x8c, 0x3c, 0x38, 0x2e, 0x8c,
    0x3c, 0x38, 0x2e, 0x8c, 0x3c, 0x38, 0x2e, 0x8c, 0x3c, 0x38, 0x2e, 0x8c, 0x3c, 0x38, 0x2e, 0x8c,
    0x3c, 0x38, 0x2e, 0x8c, 0x3c, 0x38, 0x2e, 0x8c, 0x3c, 0x38, 0x2e, 0x8c, 0x3c, 0x38, 0x2e, 0x8c,
    0x3c, 0x38, 0x2e, 0x8c, 0x3c, 0x38, 0x2e, 0x8c, 0x3c, 0x38, 0x2e, 0x8c, 0x3c, 0x38, 0x2e, 0x8c,
    0x3c, 0x38, 0x2e, 0x8c, 0x3c, 0x38, 0x2e, 0x8c, 0x3c, 0x38, 0x2e, 0x8c, 0x3c, 0x38, 0x2e, 0x8c,
    0x3c, 0x38, 0x2e, 0x8c, 0x3c, 0x38, 0x2e, 0x8c, 0x3c, 0x38, 0x2e, 0x8c, 0xaa, 0xc6, 0xd3, 0x12,
    0xaa, 0xc6, 0xd3, 0x13, 0x3c, 0x38, 0x2e, 0x8c, 0x3c, 0x38, 0x2e, 0x8c, 0x3c, 0x38, 0x2e, 0x8c,
    0x3c, 0x38, 0x2e, 0x8c, 0x3c, 0x38, 0x2e, 0x8c, 0x3c, 0x38, 0x2e, 0x8c, 0x3c, 0x38, 0x2e, 0x8c,
    0x3c, 0x38, 0x2e, 0x8c, 0x3c, 0x38, 0x2e, 0x8c, 0x3c, 0x38, 0x2e, 0x8c, 0x3c, 0x38, 0x2e, 0x8c,
    0x3c, 0x38, 0x2e, 0x8c, 0x3c, 0x38, 0x2e, 0x8c, 0x3c, 0x38, 0x2e, 0x8c, 0x3c, 0x38, 0x2e, 0x8c,
    0x3c, 0x38, 0x2e, 0x8c, 0x3c, 0x38, 0x2e, 0x8c, 0x3c, 0x38, 0x2e, 0x8c, 0x3c, 0x38, 0x2e, 0x8c,
    0x3c, 0x38, 0x2e, 0x8c, 0x3c, 0x38, 0x2e, 0x8c, 0x3c, 0x38, 0x2e, 0x8c, 0x3c, 0x38, 0x2e, 0x8c,
    0x3c, 0x38, 0x2e, 0x8c, 0x3c, 0x38, 0x2e, 0x8c, 0x3c, 0x38, 0x2e, 0x8c, 0x3c, 0x38, 0x2e, 0x8c,
    0x3c, 0x38, 0x2e, 0x8c, 0x3c, 0x38, 0x2e, 0x8c, 0x3c, 0x38, 0x2e, 0x8c, 0x3c, 0x38, 0x2e, 0x8c,
    0x3c, 0x38, 0x2e, 0x8c, 0x3c, 0x38, 0x2e, 0x8c, 0x3c, 0x38, 0x2e, 0x8c, 0x3c, 0x38, 0x2e, 0x8c,
    0x3c, 0x38, 0x2e, 0x8c, 0x3c, 0x38, 0x2e, 0x8c, 0x3c, 0x38, 0x2e, 0x8c, 0x3c, 0x38, 0x2e, 0x8c,
    0x3c, 0x38, 0x2e, 0x8c, 0x3c, 0x38, 0x2e, 0x8c, 0x3c, 0x38, 0x2e, 0x8c, 0x3c, 0x38, 0x2e, 0x8c,
    0x3c, 0x38, 0x2e, 0x8c, 0x3c, 0x38, 0x2e, 0x8c, 0x3c, 0x38, 0x2e, 0x8c, 0x3c, 0x38, 0x2e, 0x8c,
    0x3c, 0x38, 0x2e, 0x8c, 0x3c, 0x38, 0x2e, 0x8c, 0x3c, 0x38, 0x2e, 0x8c, 0x3c, 0x38, 0x2e, 0x8c,
    0x3c, 0x38, 0x2e, 0x8c, 0x3c, 0x38, 0x2e, 0x8c, 0xaa, 0xc6, 0xd3, 0x13, 0xaa, 0xc6, 0xd3, 0x14,
    0x3c, 0x38, 0x2e, 0x8c, 0x3c, 0x38, 0x2e, 0x8c, 0x3c, 0x38, 0x2e, 0x8c, 0x3c, 0x38, 0x2e, 0x8c,
    0x3c, 0x38, 0x2e, 0x8c, 0x3c, 0x38, 0x2e, 0x8c, 0x3c, 0x38, 0x2e, 0x8c, 0x3c, 0x38, 0x2e, 0x8c,
    0x3c, 0x38, 0x2e, 0x8c, 0x3c, 0x38, 0x2e, 0x8c, 0x3c, 0x38, 0x2e, 0x8c, 0x3c, 0x38, 0x2e, 0x8c,
    0x3c, 0x38, 0x2e, 0x8c, 0x3c, 0x38, 0x2e, 0x8c, 0x3c, 0x38, 0x2e, 0x8c, 0x3c, 0x38, 0x2e, 0x8c,
    0x3c, 0x38, 0x2e, 0x8c, 0x3c, 0x38, 0x2e, 0x8c, 0x3c, 0x38, 0x2e, 0x8c, 0x3c, 0x38, 0x2e, 0x8c,
    0x3c, 0x38, 0x2e, 0x8c, 0x3c, 0x38, 0x2e, 0x8c, 0x3c, 0x38, 0x2e, 0x8c, 0x3c, 0x38, 0x2e, 0x8c,
    0x3c, 0x38, 0x2e, 0x8c, 0x3c, 0x38, 0x2e, 0x8c, 0x3c, 0x38, 0x2e, 0x8c, 0x3c, 0x38, 0x2e, 0x8c,
    0x3c, 0x38, 0x2e, 0x8c, 0x3c, 0x38, 0x2e, 0x8c, 0x3c, 0x38, 0x2e, 0x8c, 0x3c, 0x38, 0x2e, 0x8c,
    0x3c, 0x38, 0x2e, 0x8c, 0x3c, 0x38, 0x2e, 0x8c, 0x3c, 0x38, 0x2e, 0x8c, 0x3c, 0x38, 0x2e, 0x8c,
    0x3c, 0x38, 0x2e, 0x8c, 0x3c, 0x38, 0x2e, 0x8c, 0x3c, 0x38, 0x2e, 0x8c, 0x3c, 0x38, 0x2e, 0x8c,
    0x3c, 0x38, 0x2e, 0x8c, 0x3c, 0x38, 0x2e, 0x8c, 0x3c, 0x38, 0x2e, 0x8c, 0x3c, 0x38, 0x2e, 0x8c,
    0x3c, 0x38, 0x2e, 0x8c, 0x3c, 0x38, 0x2e, 0x8c, 0x3c, 0x38, 0x2e, 0x8c, 0x3c, 0x38, 0x2e, 0x8c,
    0x3c, 0x38, 0x2e, 0x8c, 0x3c, 0x38, 0x2e, 0x8c, 0x3c, 0x38, 0x2e, 0x8c, 0x3c, 0x38, 0x2e, 0x8c,
    0x3c, 0x38, 0x2e, 0x8c, 0xaa, 0xc6, 0xd3, 0x14, 0xaa, 0xc6, 0xd3, 0x13, 0x3c, 0x38, 0x2e, 0x8c,
    0x3c, 0x38, 0x2e, 0x8c, 0x3c, 0x38, 0x2e, 0x8c, 0x3c, 0x38, 0x2e, 0x8c, 0x3c, 0x38, 0x2e, 0x8c,
    0x3c, 0x38, 0x2e, 0x8c, 0x3c, 0x38, 0x2e, 0x8c, 0x3c, 0x38, 0x2e, 0x8c, 0x3c, 0x38, 0x2e, 0x8c,
    0x3c, 0x38, 0x2e, 0x8c, 0x3c, 0x38, 0x2e, 0x8c, 0x3c, 0x38, 0x2e, 0x8c, 0x3c, 0x38, 0x2e, 0x8c,
    0x3c, 0x38, 0x2e, 0x8c, 0x3c, 0x38, 0x2e, 0x8c, 0x3c, 0x38, 0x2e, 0x8c, 0x3c, 0x38, 0x2e, 0x8c,
    0x3c, 0x38, 0x2e, 0x8c, 0x3c, 0x38, 0x2e, 0x8c, 0x3c, 0x38, 0x2e, 0x8c, 0x3c, 0x38, 0x2e, 0x8c,
    0x3c, 0x38, 0x2e, 0x8c, 0x3c, 0x38, 0x2e, 0x8c, 0x3c, 0x38, 0x2e, 0x8c, 0x3c, 0x38, 0x2e, 0x8c,
    0x3c, 0x38, 0x2e, 0x8c, 0x3c, 0x38, 0x2e, 0x8c, 0x3c, 0x38, 0x2e, 0x8c, 0x3c, 0x38, 0x2e, 0x8c,
    0x3c, 0x38, 0x2e, 0x8c, 0x3c, 0x38, 0x2e, 0x8c, 0x3c, 0x38, 0x2e, 0x8c, 0x3c, 0x38, 0x2e, 0x8c,
    0x3c, 0x38, 0x2e, 0x8c, 0x3c, 0x38, 0x2e, 0x8c, 0x3c, 0x38, 0x2e, 0x8c, 0x3c, 0x38, 0x2e, 0x8c,
    0x3c, 0x38, 0x2e, 0x8c, 0x3c, 0x38, 0x2e, 0x8c, 0x3c, 0x38, 0x2e, 0x8c, 0x3c, 0x38, 0x2e, 0x8c,
    0x3c, 0x38, 0x2e, 0x8c, 0x3c, 0x38, 0x2e, 0x8c, 0x3c, 0x38, 0x2e, 0x8c, 0x3c, 0x38, 0x2e, 0x8c,
    0x3c, 0x38, 0x2e, 0x8c, 0x3c, 0x38, 0x2e, 0x8c, 0x3c, 0x38, 0x2e, 0x8c, 0x3c, 0x38, 0x2e, 0x8c,
    0x3c, 0x38, 0x2e, 0x8c, 0x3c, 0x38, 0x2e, 0x8c, 0x3c, 0x38, 0x2e, 0x8c, 0x3c, 0x38, 0x2e, 0x8c,
    0xaa, 0xc6, 0xd3, 0x13, 0xaa, 0xc6, 0xd3, 0x12, 0x3c, 0x38, 0x2e, 0x8c, 0x3c, 0x38, 0x2e, 0x8c,
    0x3c, 0x38, 0x2e, 0x8c, 0x3c, 0x38, 0x2e, 0x8c, 0x3c, 0x38, 0x2e, 0x8c, 0x3c, 0x38, 0x2e, 0x8c,
    0x3c, 0x38, 0x2e, 0x8c, 0x3c, 0x38, 0x2e, 0x8c, 0x3c, 0x38, 0x2e, 0x8c, 0x3c, 0x38, 0x2e, 0x8c,
    0x3c, 0x38, 0x2e, 0x8c, 0x3c, 0x38, 0x2e, 0x8c, 0x3c, 0x38, 0x2e, 0x8c, 0x3c, 0x38, 0x2e, 0x8c,
    0x3c, 0x38, 0x2e, 0x8c, 0x3c, 0x38, 0x2e, 0x8c, 0x3c, 0x38, 0x2e, 0x8c, 0x3c, 0x38, 0x2e, 0x8c,
    0x3c, 0x38, 0x2e, 0x8c, 0x3c, 0x38, 0x2e, 0x8c, 0x3c, 0x38, 0x2e, 0x8c, 0x3c, 0x38, 0x2e, 0x8c,
    0x3c, 0x38, 0x2e, 0x8c, 0x3c, 0x38, 0x2e, 0x8c, 0x3c, 0x38, 0x2e, 0x8c, 0x3c, 0x38, 0x2e, 0x8c,
    0x3c, 0x38, 0x2e, 0x8c, 0x3c, 0x38, 0x2e, 0x8c, 0x3c, 0x38, 0x2e, 0x8c, 0x3c, 0x38, 0x2e, 0x8c,
    0x3c, 0x38, 0x2e, 0x8c, 0x3c, 0x38, 0x2e, 0x8c, 0x3c, 0x38, 0x2e, 0x8c, 0x3c, 0x38, 0x2e, 0x8c,
    0x3c, 0x38, 0x2e, 0x8c, 0x3c, 0x38, 0x2e, 0x8c, 0x3c, 0x38, 0x2e, 0x8c, 0x3c, 0x38, 0x2e, 0x8c,
    0x3c, 0x38, 0x2e, 0x8c, 0x3c, 0x38, 0x2e, 0x8c, 0x3c, 0x38, 0x2e, 0x8c, 0x3c, 0x38, 0x2e, 0x8c,
    0x3c, 0x38, 0x2e, 0x8c, 0x3c, 0x38, 0x2e, 0x8c, 0x3c, 0x38, 0x2e, 0x8c, 0x3c, 0x38, 0x2e, 0x8c,
    0x3c, 0x38, 0x2e, 0x8c, 0x3c, 0x38, 0x2e, 0x8c, 0x3c, 0x38, 0x2e, 0x8c, 0x3c, 0x38, 0x2e, 0x8c,
    0x3c, 0x38, 0x2e, 0x8c, 0x3c, 0x38, 0x2e, 0x8c, 0x3c, 0x38, 0x2e, 0x8c, 0xaa, 0xc6, 0xd3, 0x12,
    0xaa, 0xc6, 0xd3, 0x0f, 0x3c, 0x38, 0x2e, 0x8c, 0x3c, 0x38, 0x2e, 0x8c, 0x3c, 0x38, 0x2e, 0x8c,
    0x3c, 0x38, 0x2e, 0x8c, 0x3c, 0x38, 0x2e, 0x8c, 0x3c, 0x38, 0x2e, 0x8c, 0x3c, 0x38, 0x2e, 0x8c,
    0x3c, 0x38, 0x2e, 0x8c, 0x3c, 0x38, 0x2e, 0x8c, 0x3c, 0x38, 0x2e, 0x8c, 0x3c, 0x38, 0x2e, 0x8c,
    0x3c, 0x38, 0x2e, 0x8c, 0x3c, 0x38, 0x2e, 0x8c, 0x3c, 0x38, 0x2e, 0x8c, 0x3c, 0x38, 0x2e, 0x8c,
    0x3c, 0x38, 0x2e, 0x8c, 0x3c, 0x38, 0x2e, 0x8c, 0x3c, 0x38, 0x2e, 0x8c, 0x3c, 0x38, 0x2e, 0x8c,
    0x3c, 0x38, 0x2e, 0x8c, 0x3c, 0x38, 0x2e, 0x8c, 0x3c, 0x38, 0x2e, 0x8c, 0x3c, 0x38, 0x2e, 0x8c,
    0x3c, 0x38, 0x2e, 0x8c, 0x3c, 0x38, 0x2e, 0x8c, 0x3c, 0x38, 0x2e, 0x8c, 0x3c, 0x38, 0x2e, 0x8c,
    0x3c, 0x38, 0x2e, 0x8c, 0x3c, 0x38, 0x2e, 0x8c, 0x3c, 0x38, 0x2e, 0x8c, 0x3c, 0x38, 0x2e, 0x8c,
    0x3c, 0x38, 0x2e, 0x8c, 0x3c, 0x38, 0x2e, 0x8c, 0x3c, 0x38, 0x2e, 0x8c, 0x3c, 0x38, 0x2e, 0x8c,
    0x3c, 0x38, 0x2e, 0x8c, 0x3c, 0x38, 0x2e, 0x8c, 0x3c, 0x38, 0x2e, 0x8c, 0x3c, 0x38, 0x2e, 0x8c,
    0x3c, 0x38, 0x2e, 0x8c, 0x3c, 0x38, 0x2e, 0x8c, 0x3c, 0x38, 0x2e, 0x8c, 0x3c, 0x38, 0x2e, 0x8c,
    0x3c, 0x38, 0x2e, 0x8c, 0x3c, 0x38, 0x2e, 0x8c, 0x3c, 0x38, 0x2e, 0x8c, 0x3c, 0x38, 0x2e, 0x8c,
    0x3c, 0x38, 0x2e, 0x8c, 0x3c, 0x38, 0x2e, 0x8c, 0x3c, 0x38, 0x2e, 0x8c, 0x3c, 0x38, 0x2e, 0x8c,
    0x3c, 0x38, 0x2e, 0x8c, 0x3c, 0x38, 0x2e, 0x8c, 0xaa, 0xc6, 0xd3, 0x0f, 0xaa, 0xc6, 0xd3, 0x0a,
    0xaa, 0xc6, 0xd3, 0x14, 0x3c, 0x38, 0x2e, 0x8c, 0x3c, 0x38, 0x2e, 0x8c, 0x3c, 0x38, 0x2e, 0x8c,
    0x3c, 0x38, 0x2e, 0x8c, 0x3c, 0x38, 0x2e, 0x8c, 0x3c, 0x38, 0x2e, 0x8c, 0x3c, 0x38, 0x2e, 0x8c,
    0x3c, 0x38, 0x2e, 0x8c, 0x3c, 0x38, 0x2e, 0x8c, 0x3c, 0x38, 0x2e, 0x8c, 0x3c, 0x38, 0x2e, 0x8c,
    0x3c, 0x38, 0x2e, 0x8c, 0x3c, 0x38, 0x2e, 0x8c, 0x3c, 0x38, 0x2e, 0x8c, 0x3c, 0x38, 0x2e, 0x8c,
    0x3c, 0x38, 0x2e, 0x8c, 0x3c, 0x38, 0x2e, 0x8c, 0x3c, 0x38, 0x2e, 0x8c, 0x3c, 0x38, 0x2e, 0x8c,
    0x3c, 0x38, 0x2e, 0x8c, 0x3c, 0x38, 0x2e, 0x8c, 0x3c, 0x38, 0x2e, 0x8c, 0x3c, 0x38, 0x2e, 0x8c,
    0x3c, 0x38, 0x2e, 0x8c, 0x3c, 0x38, 0x2e, 0x8c, 0x3c, 0x38, 0x2e, 0x8c, 0x3c, 0x38, 0x2e, 0x8c,
    0x3c, 0x38, 0x2e, 0x8c, 0x3c, 0x38, 0x2e, 0x8c, 0x3c, 0x38, 0x2e, 0x8c, 0x3c, 0x38, 0x2e, 0x8c,
    0x3c, 0x38, 0x2e, 0x8c, 0x3c, 0x38, 0x2e, 0x8c, 0x3c, 0x38, 0x2e, 0x8c, 0x3c, 0x38, 0x2e, 0x8c,
    0x3c, 0x38, 0x2e, 0x8c, 0x3c, 0x38, 0x2e, 0x8c, 0x3c, 0x38, 0x2e, 0x8c, 0x3c, 0x38, 0x2e, 0x8c,
    0x3c, 0x38, 0x2e, 0x8c, 0x3c, 0x38, 0x2e, 0x8c, 0x3c, 0x38, 0x2e, 0x8c, 0x3c, 0x38, 0x2e, 0x8c,
    0x3c, 0x38, 0x2e, 0x8c, 0x3c, 0x38, 0x2e, 0x8c, 0x3c, 0x38, 0x2e, 0x8c, 0x3c, 0x38, 0x2e, 0x8c,
    0x3c, 0x38, 0x2e, 0x8c, 0x3c, 0x38, 0x2e, 0x8c, 0x3c, 0x38, 0x2e, 0x8c, 0x3c, 0x38, 0x2e, 0x8c,
    0xaa, 0xc6, 0xd3, 0x14, 0xaa, 0xc6, 0xd3, 0x0a, 0xaa, 0xc6, 0xd3, 0x04, 0xaa, 0xc6, 0xd3, 0x14,
    0x3c, 0x38, 0x2e, 0x8c, 0x3c, 0x38, 0x2e, 0x8c, 0x3c, 0x38, 0x2e, 0x8c, 0x3c, 0x38, 0x2e, 0x8c,
    0x3c, 0x38, 0x2e, 0x8c, 0x3c, 0x38, 0x2e, 0x8c, 0x3c, 0x38, 0x2e, 0x8c, 0x3c, 0x38, 0x2e, 0x8c,
    0x3c, 0x38, 0x2e, 0x8c, 0x3c, 0x38, 0x2e, 0x8c, 0x3c, 0x38, 0x2e, 0x8c, 0x3c, 0x38, 0x2e, 0x8c,
    0x3c, 0x38, 0x2e, 0x8c, 0x3c, 0x38, 0x2e, 0x8c, 0x3c, 0x38, 0x2e, 0x8c, 0x3c, 0x38, 0x2e, 0x8c,
    0x3c, 0x38, 0x2e, 0x8c, 0x3c, 0x38, 0x2e, 0x8c, 0x3c, 0x38, 0x2e, 0x8c, 0x3c, 0x38, 0x2e, 0x8c,
    0x3c, 0x38, 0x2e, 0x8c, 0x3c, 0x38, 0x2e, 0x8c, 0x3c, 0x38, 0x2e, 0x8c, 0x3c, 0x38, 0x2e, 0x8c,
    0x3c, 0x38, 0x2e, 0x8c, 0x3c, 0x38, 0x2e, 0x8c, 0x3c, 0x38, 0x2e, 0x8c, 0x3c, 0x38, 0x2e, 0x8c,
    0x3c, 0x38, 0x2e, 0x8c, 0x3c, 0x38, 0x2e, 0x8c, 0x3c, 0x38, 0x2e, 0x8c, 0x3c, 0x38, 0x2e, 0x8c,
    0x3c, 0x38, 0x2e, 0x8c, 0x3c, 0x38, 0x2e, 0x8c, 0x3c, 0x38, 0x2e, 0x8c, 0x3c, 0x38, 0x2e, 0x8c,
    0x3c, 0x38, 0x2e, 0x8c, 0x3c, 0x38, 0x2e, 0x8c, 0x3c, 0x38, 0x2e, 0x8c, 0x3c, 0x38, 0x2e, 0x8c,
    0x3c, 0x38, 0x2e, 0x8c, 0x3c, 0x38, 0x2e, 0x8c, 0x3c, 0x38, 0x2e, 0x8c, 0x3c, 0x38, 0x2e, 0x8c,
    0x3c, 0x38, 0x2e, 0x8c, 0x3c, 0x38, 0x2e, 0x8c, 0x3c, 0x38, 0x2e, 0x8c, 0x3c, 0x38, 0x2e, 0x8c,
    0x3c, 0x38, 0x2e, 0x8c, 0x3c, 0x38, 0x2e, 0x8c, 0x3c, 0x38, 0x2e, 0x8c, 0xaa, 0xc6, 0xd3, 0x14,
    0xaa, 0xc6, 0xd3, 0x04, 0x00, 0x00, 0x00, 0x00, 0xaa, 0xc6, 0xd3, 0x0f, 0x3c, 0x38, 0x2e, 0x8c,
    0x3c, 0x38, 0x2e, 0x8c, 0x3c, 0x38, 0x2e, 0x8c, 0x3c, 0x38, 0x2e, 0x8c, 0x3c, 0x38, 0x2e, 0x8c,
    0x3c, 0x38, 0x2e, 0x8c, 0x3c, 0x38, 0x2e, 0x8c, 0x3c, 0x38, 0x2e, 0x8c, 0x3c, 0x38, 0x2e, 0x8c,
    0x3c, 0x38, 0x2e, 0x8c, 0x3c, 0x38, 0x2e, 0x8c, 0x3c, 0x38, 0x2e, 0x8c, 0x3c, 0x38, 0x2e, 0x8c,
    0x3c, 0x38, 0x2e, 0x8c, 0x3c, 0x38, 0x2e, 0x8c, 0x3c, 0x38, 0x2e, 0x8c, 0x3c, 0x38, 0x2e, 0x8c,
    0x3c, 0x38, 0x2e, 0x8c, 0x3c, 0x38, 0x2e, 0x8c, 0x3c, 0x38, 0x2e, 0x8c, 0x3c, 0x38, 0x2e, 0x8c,
    0x3c, 0x38, 0x2e, 0x8c, 0x3c, 0x38, 0x2e, 0x8c, 0x3c, 0x38, 0x2e, 0x8c, 0x3c, 0x38, 0x2e, 0x8c,
    0x3c, 0x38, 0x2e, 0x8c, 0x3c, 0x38, 0x2e, 0x8c, 0x3c, 0x38, 0x2e, 0x8c, 0x3c, 0x38, 0x2e, 0x8c,
    0x3c, 0x38, 0x2e, 0x8c, 0x3c, 0x38, 0x2e, 0x8c, 0x3c, 0x38, 0x2e, 0x8c, 0x3c, 0x38, 0x2e, 0x8c,
    0x3c, 0x38, 0x2e, 0x8c, 0x3c, 0x38, 0x2e, 0x8c, 0x3c, 0x38, 0x2e, 0x8c, 0x3c, 0x38, 0x2e, 0x8c,
    0x3c, 0x38, 0x2e, 0x8c, 0x3c, 0x38, 0x2e, 0x8c, 0x3c, 0x38, 0x2e, 0x8c, 0x3c, 0x38, 0x2e, 0x8c,
    0x3c, 0x38, 0x2e, 0x8c, 0x3c, 0x38, 0x2e, 0x8c, 0x3c, 0x38, 0x2e, 0x8c, 0x3c, 0x38, 0x2e, 0x8c,
    0x3c, 0x38, 0x2e, 0x8c, 0x3c, 0x38, 0x2e, 0x8c, 0x3c, 0x38, 0x2e, 0x8c, 0x3c, 0x38, 0x2e, 0x8c,
    0x3c, 0x38, 0x2e, 0x8c, 0x3c, 0x38, 0x2e, 0x8c, 0xaa, 0xc6, 0xd3, 0x0f, 0x00, 0x00, 0x00, 0x00,
    0x00, 0x00, 0x00, 0x00, 0xaa, 0xc6, 0xd3, 0x05, 0xaa, 0xc6, 0xd3, 0x14, 0x3c, 0x38, 0x2e, 0x8c,
    0x3c, 0x38, 0x2e, 0x8c, 0x3c, 0x38, 0x2e, 0x8c, 0x3c, 0x38, 0x2e, 0x8c, 0x3c, 0x38, 0x2e, 0x8c,
    0x3c, 0x38, 0x2e, 0x8c, 0x3c, 0x38, 0x2e, 0x8c, 0x3c, 0x38, 0x2e, 0x8c, 0x3c, 0x38, 0x2e, 0x8c,
    0x3c, 0x38, 0x2e, 0x8c, 0x3c, 0x38, 0x2e, 0x8c, 0x3c, 0x38, 0x2e, 0x8c, 0x3c, 0x38, 0x2e, 0x8c,
    0x3c, 0x38, 0x2e, 0x8c, 0x3c, 0x38, 0x2e, 0x8c, 0x3c, 0x38, 0x2e, 0x8c, 0x3c, 0x38, 0x2e, 0x8c,
    0x3c, 0x38, 0x2e, 0x8c, 0x3c, 0x38, 0x2e, 0x8c, 0x3c, 0x38, 0x2e, 0x8c, 0x3c, 0x38, 0x2e, 0x8c,
    0x3c, 0x38, 0x2e, 0x8c, 0x3c, 0x38, 0x2e, 0x8c, 0x3c, 0x38, 0x2e, 0x8c, 0x3c, 0x38, 0x2e, 0x8c,
    0x3c, 0x38, 0x2e, 0x8c, 0x3c, 0x38, 0x2e, 0x8c, 0x3c, 0x38, 0x2e, 0x8c, 0x3c, 0x38, 0x2e, 0x8c,
    0x3c, 0x38, 0x2e, 0x8c, 0x3c, 0x38, 0x2e, 0x8c, 0x3c, 0x38, 0x2e, 0x8c, 0x3c, 0x38, 0x2e, 0x8c,
    0x3c, 0x38, 0x2e, 0x8c, 0x3c, 0x38, 0x2e, 0x8c, 0x3c, 0x38, 0x2e, 0x8c, 0x3c, 0x38, 0x2e, 0x8c,
    0x3c, 0x38, 0x2e, 0x8c, 0x3c, 0x38, 0x2e, 0x8c, 0x3c, 0x38, 0x2e, 0x8c, 0x3c, 0x38, 0x2e, 0x8c,
    0x3c, 0x38, 0x2e, 0x8c, 0x3c, 0x38, 0x2e, 0x8c, 0x3c, 0x38, 0x2e, 0x8c, 0x3c, 0x38, 0x2e, 0x8c,
    0x3c, 0x38, 0x2e, 0x8c, 0x3c, 0x38, 0x2e, 0x8c, 0x3c, 0x38, 0x2e, 0x8c, 0x3c, 0x38, 0x2e, 0x8c,
    0xaa, 0xc6, 0xd3, 0x14, 0xaa, 0xc6, 0xd3, 0x05, 0x00, 0x00, 0x00, 0x00, 0x00, 0x00, 0x00, 0x00,
    0x00, 0x00, 0x00, 0x00, 0xaa, 0xc6, 0xd3, 0x0b, 0xaa, 0xc6, 0xd3, 0x14, 0x3c, 0x38, 0x2e, 0x8c,
    0x3c, 0x38, 0x2e, 0x8c, 0x3c, 0x38, 0x2e, 0x8c, 0x3c, 0x38, 0x2e, 0x8c, 0x3c, 0x38, 0x2e, 0x8c,
    0x3c, 0x38, 0x2e, 0x8c, 0x3c, 0x38, 0x2e, 0x8c, 0x3c, 0x38, 0x2e, 0x8c, 0x3c, 0x38, 0x2e, 0x8c,
    0x3c, 0x38, 0x2e, 0x8c, 0x3c, 0x38, 0x2e, 0x8c, 0x3c, 0x38, 0x2e, 0x8c, 0x3c, 0x38, 0x2e, 0x8c,
    0x3c, 0x38, 0x2e, 0x8c, 0x3c, 0x38, 0x2e, 0x8c, 0x3c, 0x38, 0x2e, 0x8c, 0x3c, 0x38, 0x2e, 0x8c,
    0x3c, 0x38, 0x2e, 0x8c, 0x3c, 0x38, 0x2e, 0x8c, 0x3c, 0x38, 0x2e, 0x8c, 0x3c, 0x38, 0x2e, 0x8c,
    0x3c, 0x38, 0x2e, 0x8c, 0x3c, 0x38, 0x2e, 0x8c, 0x3c, 0x38, 0x2e, 0x8c, 0x3c, 0x38, 0x2e, 0x8c,
    0x3c, 0x38, 0x2e, 0x8c, 0x3c, 0x38, 0x2e, 0x8c, 0x3c, 0x38, 0x2e, 0x8c, 0x3c, 0x38, 0x2e, 0x8c,
    0x3c, 0x38, 0x2e, 0x8c, 0x3c, 0x38, 0x2e, 0x8c, 0x3c, 0x38, 0x2e, 0x8c, 0x3c, 0x38, 0x2e, 0x8c,
    0x3c, 0x38, 0x2e, 0x8c, 0x3c, 0x38, 0x2e, 0x8c, 0x3c, 0x38, 0x2e, 0x8c, 0x3c, 0x38, 0x2e, 0x8c,
    0x3c, 0x38, 0x2e, 0x8c, 0x3c, 0x38, 0x2e, 0x8c, 0x3c, 0x38, 0x2e, 0x8c, 0x3c, 0x38, 0x2e, 0x8c,
    0x3c, 0x38, 0x2e, 0x8c, 0x3c, 0x38, 0x2e, 0x8c, 0x3c, 0x38, 0x2e, 0x8c, 0x3c, 0x38, 0x2e, 0x8c,
    0x3c, 0x38, 0x2e, 0x8c, 0x3c, 0x38, 0x2e, 0x8c, 0xaa, 0xc6, 0xd3, 0x14, 0xaa, 0xc6, 0xd3, 0x0b,
    0x00, 0x00, 0x00, 0x00, 0x00, 0x00, 0x00, 0x00, 0x00, 0x00, 0x00, 0x00, 0x00, 0x00, 0x00, 0x00,
    0x00, 0x00, 0x00, 0x00, 0xaa, 0xc6, 0xd3, 0x0f, 0xaa, 0xc6, 0xd3, 0x14, 0x3c, 0x38, 0x2e, 0x8c,
    0x3c, 0x38, 0x2e, 0x8c, 0x3c, 0x38, 0x2e, 0x8c, 0x3c, 0x38, 0x2e, 0x8c, 0x3c, 0x38, 0x2e, 0x8c,
    0x3c, 0x38, 0x2e, 0x8c, 0x3c, 0x38, 0x2e, 0x8c, 0x3c, 0x38, 0x2e, 0x8c, 0x3c, 0x38, 0x2e, 0x8c,
    0x3c, 0x38, 0x2e, 0x8c, 0x3c, 0x38, 0x2e, 0x8c, 0x3c, 0x38, 0x2e, 0x8c, 0x3c, 0x38, 0x2e, 0x8c,
    0x3c, 0x38, 0x2e, 0x8c, 0x3c, 0x38, 0x2e, 0x8c, 0x3c, 0x38, 0x2e, 0x8c, 0x3c, 0x38, 0x2e, 0x8c,
    0x3c, 0x38, 0x2e, 0x8c, 0x3c, 0x38, 0x2e, 0x8c, 0x3c, 0x38, 0x2e, 0x8c, 0x3c, 0x38, 0x2e, 0x8c,
    0x3c, 0x38, 0x2e, 0x8c, 0x3c, 0x38, 0x2e, 0x8c, 0x3c, 0x38, 0x2e, 0x8c, 0x3c, 0x38, 0x2e, 0x8c,
    0x3c, 0x38, 0x2e, 0x8c, 0x3c, 0x38, 0x2e, 0x8c, 0x3c, 0x38, 0x2e, 0x8c, 0x3c, 0x38, 0x2e, 0x8c,
    0x3c, 0x38, 0x2e, 0x8c, 0x3c, 0x38, 0x2e, 0x8c, 0x3c, 0x38, 0x2e, 0x8c, 0x3c, 0x38, 0x2e, 0x8c,
    0x3c, 0x38, 0x2e, 0x8c, 0x3c, 0x38, 0x2e, 0x8c, 0x3c, 0x38, 0x2e, 0x8c, 0x3c, 0x38, 0x2e, 0x8c,
    0x3c, 0x38, 0x2e, 0x8c, 0x3c, 0x38, 0x2e, 0x8c, 0x3c, 0x38, 0x2e, 0x8c, 0x3c, 0x38, 0x2e, 0x8c,
    0x3c, 0x38, 0x2e, 0x8c, 0x3c, 0x38, 0x2e, 0x8c, 0x3c, 0x38, 0x2e, 0x8c, 0x3c, 0x38, 0x2e, 0x8c,
    0xaa, 0xc6, 0xd3, 0x14, 0xaa, 0xc6, 0xd3, 0x0f, 0x00, 0x00, 0x00, 0x00, 0x00, 0x00, 0x00, 0x00,
    0x00, 0x00, 0x00, 0x00, 0x00, 0x00, 0x00, 0x00, 0x00, 0x00, 0x00, 0x00, 0x00, 0x00, 0x00, 0x00,
    0xaa, 0xc6, 0xd3, 0x01, 0xaa, 0xc6, 0xd3, 0x0f, 0xaa, 0xc6, 0xd3, 0x14, 0x3c, 0x38, 0x2e, 0x8c,
    0x3c, 0x38, 0x2e, 0x8c, 0x3c, 0x38, 0x2e, 0x8c, 0x3c, 0x38, 0x2e, 0x8c, 0x3c, 0x38, 0x2e, 0x8c,
    0x3c, 0x38, 0x2e, 0x8c, 0x3c, 0x38, 0x2e, 0x8c, 0x3c, 0x38, 0x2e, 0x8c, 0x3c, 0x38, 0x2e, 0x8c,
    0x3c, 0x38, 0x2e, 0x8c, 0x3c, 0x38, 0x2e, 0x8c, 0x3c, 0x38, 0x2e, 0x8c, 0x3c, 0x38, 0x2e, 0x8c,
    0x3c, 0x38, 0x2e, 0x8c, 0x3c, 0x38, 0x2e, 0x8c, 0x3c, 0x38, 0x2e, 0x8c, 0x3c, 0x38, 0x2e, 0x8c,
    0x3c, 0x38, 0x2e, 0x8c, 0x3c, 0x38, 0x2e, 0x8c, 0x3c, 0x38, 0x2e, 0x8c, 0x3c, 0x38, 0x2e, 0x8c,
    0x3c, 0x38, 0x2e, 0x8c, 0x3c, 0x38, 0x2e, 0x8c, 0x3c, 0x38, 0x2e, 0x8c, 0x3c, 0x38, 0x2e, 0x8c,
    0x3c, 0x38, 0x2e, 0x8c, 0x3c, 0x38, 0x2e, 0x8c, 0x3c, 0x38, 0x2e, 0x8c, 0x3c, 0x38, 0x2e, 0x8c,
    0x3c, 0x38, 0x2e, 0x8c, 0x3c, 0x38, 0x2e, 0x8c, 0x3c, 0x38, 0x2e, 0x8c, 0x3c, 0x38, 0x2e, 0x8c,
    0x3c, 0x38, 0x2e, 0x8c, 0x3c, 0x38, 0x2e, 0x8c, 0x3c, 0x38, 0x2e, 0x8c, 0x3c, 0x38, 0x2e, 0x8c,
    0x3c, 0x38, 0x2e, 0x8c, 0x3c, 0x38, 0x2e, 0x8c, 0x3c, 0x38, 0x2e, 0x8c, 0x3c, 0x38, 0x2e, 0x8c,
    0x3c, 0x38, 0x2e, 0x8c, 0x3c, 0x38, 0x2e, 0x8c, 0xaa, 0xc6, 0xd3, 0x14, 0xaa, 0xc6, 0xd3, 0x0f,
    0xaa, 0xc6, 0xd3, 0x01, 0x00, 0x00, 0x00, 0x00, 0x00, 0x00, 0x00, 0x00, 0x00, 0x00, 0x00, 0x00,
    0x00, 0x00, 0x00, 0x00, 0x00, 0x00, 0x00, 0x00, 0x00, 0x00, 0x00, 0x00, 0x00, 0x00, 0x00, 0x00,
    0x00, 0x00, 0x00, 0x00, 0xaa, 0xc6, 0xd3, 0x0b, 0xaa, 0xc6, 0xd3, 0x14, 0x3c, 0x38, 0x2e, 0x8c,
    0x3c, 0x38, 0x2e, 0x8c, 0x3c, 0x38, 0x2e, 0x8c, 0x3c, 0x38, 0x2e, 0x8c, 0x3c, 0x38, 0x2e, 0x8c,
    0x3c, 0x38, 0x2e, 0x8c, 0x3c, 0x38, 0x2e, 0x8c, 0x3c, 0x38, 0x2e, 0x8c, 0x3c, 0x38, 0x2e, 0x8c,
    0x3c, 0x38, 0x2e, 0x8c, 0x3c, 0x38, 0x2e, 0x8c, 0x3c, 0x38, 0x2e, 0x8c, 0x3c, 0x38, 0x2e, 0x8c,
    0x3c, 0x38, 0x2e, 0x8c, 0x3c, 0x38, 0x2e, 0x8c, 0x3c, 0x38, 0x2e, 0x8c, 0x3c, 0x38, 0x2e, 0x8c,
    0x3c, 0x38, 0x2e, 0x8c, 0x3c, 0x38, 0x2e, 0x8c, 0x3c, 0x38, 0x2e, 0x8c, 0x3c, 0x38, 0x2e, 0x8c,
    0x3c, 0x38, 0x2e, 0x8c, 0x3c, 0x38, 0x2e, 0x8c, 0x3c, 0x38, 0x2e, 0x8c, 0x3c, 0x38, 0x2e, 0x8c,
    0x3c, 0x38, 0x2e, 0x8c, 0x3c, 0x38, 0x2e, 0x8c, 0x3c, 0x38, 0x2e, 0x8c, 0x3c, 0x38, 0x2e, 0x8c,
    0x3c, 0x38, 0x2e, 0x8c, 0x3c, 0x38, 0x2e, 0x8c, 0x3c, 0x38, 0x2e, 0x8c, 0x3c, 0x38, 0x2e, 0x8c,
    0x3c, 0x38, 0x2e, 0x8c, 0x3c, 0x38, 0x2e, 0x8c, 0x3c, 0x38, 0x2e, 0x8c, 0x3c, 0x38, 0x2e, 0x8c,
    0x3c, 0x38, 0x2e, 0x8c, 0x3c, 0x38, 0x2e, 0x8c, 0x3c, 0x38, 0x2e, 0x8c, 0x3c, 0x38, 0x2e, 0x8c,
    0xaa, 0xc6, 0xd3, 0x14, 0xaa, 0xc6, 0xd3, 0x0b, 0x00, 0x00, 0x00, 0x00, 0x00, 0x00, 0x00, 0x00,
    0x00, 0x00, 0x00, 0x00, 0x00, 0x00, 0x00, 0x00, 0x00, 0x00, 0x00, 0x00, 0x00, 0x00, 0x00, 0x00,
    0x00, 0x00, 0x00, 0x00, 0x00, 0x00, 0x00, 0x00, 0x00, 0x00, 0x00, 0x00, 0x00, 0x00, 0x00, 0x00,
    0x00, 0x00, 0x00, 0x00, 0xaa, 0xc6, 0xd3, 0x05, 0xaa, 0xc6, 0xd3, 0x0f, 0xaa, 0xc6, 0xd3, 0x14,
    0xaa, 0xc6, 0xd3, 0x14, 0x3c, 0x38, 0x2e, 0x8c, 0x3c, 0x38, 0x2e, 0x8c, 0x3c, 0x38, 0x2e, 0x8c,
    0x3c, 0x38, 0x2e, 0x8c, 0x3c, 0x38, 0x2e, 0x8c, 0x3c, 0x38, 0x2e, 0x8c, 0x3c, 0x38, 0x2e, 0x8c,
    0x3c, 0x38, 0x2e, 0x8c, 0x3c, 0x38, 0x2e, 0x8c, 0x3c, 0x38, 0x2e, 0x8c, 0x3c, 0x38, 0x2e, 0x8c,
    0x3c, 0x38, 0x2e, 0x8c, 0x3c, 0x38, 0x2e, 0x8c, 0x3c, 0x38, 0x2e, 0x8c, 0x3c, 0x38, 0x2e, 0x8c,
    0x3c, 0x38, 0x2e, 0x8c, 0x3c, 0x38, 0x2e, 0x8c, 0x3c, 0x38, 0x2e, 0x8c, 0x3c, 0x38, 0x2e, 0x8c,
    0x3c, 0x38, 0x2e, 0x8c, 0x3c, 0x38, 0x2e, 0x8c, 0x3c, 0x38, 0x2e, 0x8c, 0x3c, 0x38, 0x2e, 0x8c,
    0x3c, 0x38, 0x2e, 0x8c, 0x3c, 0x38, 0x2e, 0x8c, 0x3c, 0x38, 0x2e, 0x8c, 0x3c, 0x38, 0x2e, 0x8c,
    0x3c, 0x38, 0x2e, 0x8c, 0x3c, 0x38, 0x2e, 0x8c, 0x3c, 0x38, 0x2e, 0x8c, 0x3c, 0x38, 0x2e, 0x8c,
    0x3c, 0x38, 0x2e, 0x8c, 0x3c, 0x38, 0x2e, 0x8c, 0x3c, 0x38, 0x2e, 0x8c, 0x3c, 0x38, 0x2e, 0x8c,
    0xaa, 0xc6, 0xd3, 0x14, 0xaa, 0xc6, 0xd3, 0x14, 0xaa, 0xc6, 0xd3, 0x0f, 0xaa, 0xc6, 0xd3, 0x05,
    0x00, 0x00, 0x00, 0x00, 0x00, 0x00, 0x00, 0x00, 0x00, 0x00, 0x00, 0x00, 0x00, 0x00, 0x00, 0x00,
    0x00, 0x00, 0x00, 0x00, 0x00, 0x00, 0x00, 0x00, 0x00, 0x00, 0x00, 0x00, 0x00, 0x00, 0x00, 0x00,
    0x00, 0x00, 0x00, 0x00, 0x00, 0x00, 0x00, 0x00, 0x00, 0x00, 0x00, 0x00, 0x00, 0x00, 0x00, 0x00,
    0x00, 0x00, 0x00, 0x00, 0x00, 0x00, 0x00, 0x00, 0xaa, 0xc6, 0xd3, 0x04, 0xaa, 0xc6, 0xd3, 0x0a,
    0xaa, 0xc6, 0xd3, 0x0f, 0xaa, 0xc6, 0xd3, 0x12, 0xaa, 0xc6, 0xd3, 0x13, 0xaa, 0xc6, 0xd3, 0x14,
    0xaa, 0xc6, 0xd3, 0x14, 0xaa, 0xc6, 0xd3, 0x14, 0xaa, 0xc6, 0xd3, 0x14, 0xaa, 0xc6, 0xd3, 0x14,
    0xaa, 0xc6, 0xd3, 0x14, 0xaa, 0xc6, 0xd3, 0x14, 0xaa, 0xc6, 0xd3, 0x14, 0xaa, 0xc6, 0xd3, 0x14,
    0xaa, 0xc6, 0xd3, 0x14, 0xaa, 0xc6, 0xd3, 0x14, 0xaa, 0xc6, 0xd3, 0x14, 0xaa, 0xc6, 0xd3, 0x14,
    0xaa, 0xc6, 0xd3, 0x14, 0xaa, 0xc6, 0xd3, 0x14, 0xaa, 0xc6, 0xd3, 0x14, 0xaa, 0xc6, 0xd3, 0x14,
    0xaa, 0xc6, 0xd3, 0x14, 0xaa, 0xc6, 0xd3, 0x14, 0xaa, 0xc6, 0xd3, 0x14, 0xaa, 0xc6, 0xd3, 0x14,
    0xaa, 0xc6, 0xd3, 0x14, 0xaa, 0xc6, 0xd3, 0x14, 0xaa, 0xc6, 0xd3, 0x14, 0xaa, 0xc6, 0xd3, 0x14,
    0xaa, 0xc6, 0xd3, 0x14, 0xaa, 0xc6, 0xd3, 0x14, 0xaa, 0xc6, 0xd3, 0x14, 0xaa, 0xc6, 0xd3, 0x14,
    0xaa, 0xc6, 0xd3, 0x13, 0xaa, 0xc6, 0xd3, 0x12, 0xaa, 0xc6, 0xd3, 0x0f, 0xaa, 0xc6, 0xd3, 0x0a,
    0xaa, 0xc6, 0xd3, 0x04, 0x00, 0x00, 0x00, 0x00, 0x00, 0x00, 0x00, 0x00, 0x00, 0x00, 0x00, 0x00,
    0x00, 0x00, 0x00, 0x00, 0x00, 0x00, 0x00, 0x00, 0x00, 0x00, 0x00, 0x00, 0x00, 0x00, 0x00, 0x00,
    0x00, 0x00, 0x00, 0x00,
};
static const lv_img_dsc_t pill_chip_net = {
    .header.always_zero = 0,
    .header.w = 55,
    .header.h = 27,
    .header.cf = LV_IMG_CF_TRUE_COLOR_ALPHA,
    .data_size = sizeof(pill_chip_net_data),
    .data = pill_chip_net_data,
};

static const uint8_t pill_chip_clock_data[] = {
    0x00, 0x00, 0x00, 0x00, 0x00, 0x00, 0x00, 0x00, 0x00, 0x00, 0x00, 0x00, 0x00, 0x00, 0x00, 0x00,
    0x00, 0x00, 0x00, 0x00, 0x00, 0x00, 0x00, 0x00, 0x00, 0x00, 0x00, 0x00, 0x00, 0x00, 0x00, 0x00,
    0xaa, 0xc6, 0xd3, 0x04, 0xaa, 0xc6, 0xd3, 0x0a, 0xaa, 0xc6, 0xd3, 0x0f, 0xaa, 0xc6, 0xd3, 0x12,
    0xaa, 0xc6, 0xd3, 0x13, 0xaa, 0xc6, 0xd3, 0x14, 0xaa, 0xc6, 0xd3, 0x14, 0xaa, 0xc6, 0xd3, 0x14,
    0xaa, 0xc6, 0xd3, 0x14, 0xaa, 0xc6, 0xd3, 0x14, 0xaa, 0xc6, 0xd3, 0x14, 0xaa, 0xc6, 0xd3, 0x14,
    0xaa, 0xc6, 0xd3, 0x14, 0xaa, 0xc6, 0xd3, 0x14, 0xaa, 0xc6, 0xd3, 0x14, 0xaa, 0xc6, 0xd3, 0x14,
    0xaa, 0xc6, 0xd3, 0x14, 0xaa, 0xc6, 0xd3, 0x14, 0xaa, 0xc6, 0xd3, 0x14, 0xaa, 0xc6, 0xd3, 0x14,
    0xaa, 0xc6, 0xd3, 0x14, 0xaa, 0xc6, 0xd3, 0x14, 0xaa, 0xc6, 0xd3, 0x14, 0xaa, 0xc6, 0xd3, 0x14,
    0xaa, 0xc6, 0xd3, 0x14, 0xaa, 0xc6, 0xd3, 0x14, 0xaa, 0xc6, 0xd3, 0x14, 0xaa, 0xc6, 0xd3, 0x14,
    0xaa, 0xc6, 0xd3, 0x14, 0xaa, 0xc6, 0xd3, 0x14, 0xaa, 0xc6, 0xd3, 0x14, 0xaa, 0xc6, 0xd3, 0x14,
    0xaa, 0xc6, 0xd3, 0x14, 0xaa, 0xc6, 0xd3, 0x14, 0xaa, 0xc6, 0xd3, 0x14, 0xaa, 0xc6, 0xd3, 0x14,
    0xaa, 0xc6, 0xd3, 0x14, 0xaa, 0xc6, 0xd3, 0x14, 0xaa, 0xc6, 0xd3, 0x14, 0xaa, 0xc6, 0xd3, 0x14,
    0xaa, 0xc6, 0xd3, 0x14, 0xaa, 0xc6, 0xd3, 0x14, 0xaa, 0xc6, 0xd3, 0x14, 0xaa, 0xc6, 0xd3, 0x14,
    0xaa, 0xc6, 0xd3, 0x14, 0xaa, 0xc6, 0xd3, 0x14, 0xaa, 0xc6, 0xd3, 0x14, 0xaa, 0xc6, 0xd3, 0x14,
    0xaa, 0xc6, 0xd3, 0x14, 0xaa, 0xc6, 0xd3, 0x13, 0xaa, 0xc6, 0xd3, 0x12, 0xaa, 0xc6, 0xd3, 0x0f,
    0xaa, 0xc6, 0xd3, 0x0a, 0xaa, 0xc6, 0xd3, 0x04, 0x00, 0x00, 0x00, 0x00, 0x00, 0x00, 0x00, 0x00,
    0x00, 0x00, 0x00, 0x00, 0x00, 0x00, 0x00, 0x00, 0x00, 0x00, 0x00, 0x00, 0x00, 0x00, 0x00, 0x00,
    0x00, 0x00, 0x00, 0x00, 0x00, 0x00, 0x00, 0x00, 0x00, 0x00, 0x00, 0x00, 0x00, 0x00, 0x00, 0x00,
    0x00, 0x00, 0x00, 0x00, 0x00, 0x00, 0x00, 0x00, 0x00, 0x00, 0x00, 0x00, 0x00, 0x00, 0x00, 0x00,
    0xaa, 0xc6, 0xd3, 0x05, 0xaa, 0xc6, 0xd3, 0x0f, 0xaa, 0xc6, 0xd3, 0x14, 0xaa, 0xc6, 0xd3, 0x14,
    0x3c, 0x38, 0x2e, 0x8c, 0x3c, 0x38, 0x2e, 0x8c, 0x3c, 0x38, 0x2e, 0x8c, 0x3c, 0x38, 0x2e, 0x8c,
    0x3c, 0x38, 0x2e, 0x8c, 0x3c, 0x38, 0x2e, 0x8c, 0x3c, 0x38, 0x2e, 0x8c, 0x3c, 0x38, 0x2e, 0x8c,
    0x3c, 0x38, 0x2e, 0x8c, 0x3c, 0x38, 0x2e, 0x8c, 0x3c, 0x38, 0x2e, 0x8c, 0x3c, 0x38, 0x2e, 0x8c,
    0x3c, 0x38, 0x2e, 0x8c, 0x3c, 0x38, 0x2e, 0x8c, 0x3c, 0x38, 0x2e, 0x8c, 0x3c, 0x38, 0x2e, 0x8c,
    0x3c, 0x38, 0x2e, 0x8c, 0x3c, 0x38, 0x2e, 0x8c, 0x3c, 0x38, 0x2e, 0x8c, 0x3c, 0x38, 0x2e, 0x8c,
    0x3c, 0x38, 0x2e, 0x8c, 0x3c, 0x38, 0x2e, 0x8c, 0x3c, 0x38, 0x2e, 0x8c, 0x3c, 0x38, 0x2e, 0x8c,
    0x3c, 0x38, 0x2e, 0x8c, 0x3c, 0x38, 0x2e, 0x8c, 0x3c, 0x38, 0x2e, 0x8c, 0x3c, 0x38, 0x2e, 0x8c,
    0x3c, 0x38, 0x2e, 0x8c, 0x3c, 0x38, 0x2e, 0x8c, 0x3c, 0x38, 0x2e, 0x8c, 0x3c, 0x38, 0x2e, 0x8c,
    0x3c, 0x38, 0x2e, 0x8c, 0x3c, 0x38, 0x2e, 0x8c, 0x3c, 0x38, 0x2e, 0x8c, 0x3c, 0x38, 0x2e, 0x8c,
    0x3c, 0x38, 0x2e, 0x8c, 0x3c, 0x38, 0x2e, 0x8c, 0x3c, 0x38, 0x2e, 0x8c, 0x3c, 0x38, 0x2e, 0x8c,
    0x3c, 0x38, 0x2e, 0x8c, 0x3c, 0x38, 0x2e, 0x8c, 0x3c, 0x38, 0x2e, 0x8c, 0x3c, 0x38, 0x2e, 0x8c,
    0x3c, 0x38, 0x2e, 0x8c, 0x3c, 0x38, 0x2e, 0x8c, 0x3c, 0x38, 0x2e, 0x8c, 0x3c, 0x38, 0x2e, 0x8c,
    0x3c, 0x38, 0x2e, 0x8c, 0x3c, 0x38, 0x2e, 0x8c, 0xaa, 0xc6, 0xd3, 0x14, 0xaa, 0xc6, 0xd3, 0x14,
    0xaa, 0xc6, 0xd3, 0x0f, 0xaa, 0xc6, 0xd3, 0x05, 0x00, 0x00, 0x00, 0x00, 0x00, 0x00, 0x00, 0x00,
    0x00, 0x00, 0x00, 0x00, 0x00, 0x00, 0x00, 0x00, 0x00, 0x00, 0x00, 0x00, 0x00, 0x00, 0x00, 0x00,
    0x00, 0x00, 0x00, 0x00, 0x00, 0x00, 0x00, 0x00, 0x00, 0x00, 0x00, 0x00, 0x00, 0x00, 0x00, 0x00,
    0x00, 0x00, 0x00, 0x00, 0xaa, 0xc6, 0xd3, 0x0b, 0xaa, 0xc6, 0xd3, 0x14, 0x3c, 0x38, 0x2e, 0x8c,
    0x3c, 0x38, 0x2e, 0x8c, 0x3c, 0x38, 0x2e, 0x8c, 0x3c, 0x38, 0x2e, 0x8c, 0x3c, 0x38, 0x2e, 0x8c,
    0x3c, 0x38, 0x2e, 0x8c, 0x3c, 0x38, 0x2e, 0x8c, 0x3c, 0x38, 0x2e, 0x8c, 0x3c, 0x38, 0x2e, 0x8c,
    0x3c, 0x38, 0x2e, 0x8c, 0x3c, 0x38, 0x2e, 0x8c, 0x3c, 0x38, 0x2e, 0x8c, 0x3c, 0x38, 0x2e, 0x8c,
    0x3c, 0x38, 0x2e, 0x8c, 0x3c, 0x38, 0x2e, 0x8c, 0x3c, 0x38, 0x2e, 0x8c, 0x3c, 0x38, 0x2e, 0x8c,
    0x3c, 0x38, 0x2e, 0x8c, 0x3c, 0x38, 0x2e, 0x8c, 0x3c, 0x38, 0x2e, 0x8c, 0x3c, 0x38, 0x2e, 0x8c,
    0x3c, 0x38, 0x2e, 0x8c, 0x3c, 0x38, 0x2e, 0x8c, 0x3c, 0x38, 0x2e, 0x8c, 0x3c, 0x38, 0x2e, 0x8c,
    0x3c, 0x38, 0x2e, 0x8c, 0x3c, 0x38, 0x2e, 0x8c, 0x3c, 0x38, 0x2e, 0x8c, 0x3c, 0x38, 0x2e, 0x8c,
    0x3c, 0x38, 0x2e, 0x8c, 0x3c, 0x38, 0x2e, 0x8c, 0x3c, 0x38, 0x2e, 0x8c, 0x3c, 0x38, 0x2e, 0x8c,
    0x3c, 0x38, 0x2e, 0x8c, 0x3c, 0x38, 0x2e, 0x8c, 0x3c, 0x38, 0x2e, 0x8c, 0x3c, 0x38, 0x2e, 0x8c,
    0x3c, 0x38, 0x2e, 0x8c, 0x3c, 0x38, 0x2e, 0x8c, 0x3c, 0x38, 0x2e, 0x8c, 0x3c, 0x38, 0x2e, 0x8c,
    0x3c, 0x38, 0x2e, 0x8c, 0x3c, 0x38, 0x2e, 0x8c, 0x3c, 0x38, 0x2e, 0x8c, 0x3c, 0x38, 0x2e, 0x8c,
    0x3c, 0x38, 0x2e, 0x8c, 0x3c, 0x38, 0x2e, 0x8c, 0x3c, 0x38, 0x2e, 0x8c, 0x3c, 0x38, 0x2e, 0x8c,
    0x3c, 0x38, 0x2e, 0x8c, 0x3c, 0x38, 0x2e, 0x8c, 0x3c, 0x38, 0x2e, 0x8c, 0x3c, 0x38, 0x2e, 0x8c,
    0x3c, 0x38, 0x2e, 0x8c, 0x3c, 0x38, 0x2e, 0x8c, 0x3c, 0x38, 0x2e, 0x8c, 0xaa, 0xc6, 0xd3, 0x14,
    0xaa, 0xc6, 0xd3, 0x0b, 0x00, 0x00, 0x00, 0x00, 0x00, 0x00, 0x00, 0x00, 0x00, 0x00, 0x00, 0x00,
    0x00, 0x00, 0x00, 0x00, 0x00, 0x00, 0x00, 0x00, 0x00, 0x00, 0x00, 0x00, 0x00, 0x00, 0x00, 0x00,
    0x00, 0x00, 0x00, 0x00, 0xaa, 0xc6, 0xd3, 0x01, 0xaa, 0xc6, 0xd3, 0x0f, 0xaa, 0xc6, 0xd3, 0x14,
    0x3c, 0x38, 0x2e, 0x8c, 0x3c, 0x38, 0x2e, 0x8c, 0x3c, 0x38, 0x2e, 0x8c, 0x3c, 0x38, 0x2e, 0x8c,
    0x3c, 0x38, 0x2e, 0x8c, 0x3c, 0x38, 0x2e, 0x8c, 0x3c, 0x38, 0x2e, 0x8c, 0x3c, 0x38, 0x2e, 0x8c,
    0x3c, 0x38, 0x2e, 0x8c, 0x3c, 0x38, 0x2e, 0x8c, 0x3c, 0x38, 0x2e, 0x8c, 0x3c, 0x38, 0x2e, 0x8c,
    0x3c, 0x38, 0x2e, 0x8c, 0x3c, 0x38, 0x2e, 0x8c, 0x3c, 0x38, 0x2e, 0x8c, 0x3c, 0x38, 0x2e, 0x8c,
    0x3c, 0x38, 0x2e, 0x8c, 0x3c, 0x38, 0x2e, 0x8c, 0x3c, 0x38, 0x2e, 0x8c, 0x3c, 0x38, 0x2e, 0x8c,
    0x3c, 0x38, 0x2e, 0x8c, 0x3c, 0x38, 0x2e, 0x8c, 0x3c, 0x38, 0x2e, 0x8c, 0x3c, 0x38, 0x2e, 0x8c,
    0x3c, 0x38, 0x2e, 0x8c, 0x3c, 0x38, 0x2e, 0x8c, 0x3c, 0x38, 0x2e, 0x8c, 0x3c, 0x38, 0x2e, 0x8c,
    0x3c, 0x38, 0x2e, 0x8c, 0x3c, 0x38, 0x2e, 0x8c, 0x3c, 0x38, 0x2e, 0x8c, 0x3c, 0x38, 0x2e, 0x8c,
    0x3c, 0x38, 0x2e, 0x8c, 0x3c, 0x38, 0x2e, 0x8c, 0x3c, 0x38, 0x2e, 0x8c, 0x3c, 0x38, 0x2e, 0x8c,
    0x3c, 0x38, 0x2e, 0x8c, 0x3c, 0x38, 0x2e, 0x8c, 0x3c, 0x38, 0x2e, 0x8c, 0x3c, 0x38, 0x2e, 0x8c,
    0x3c, 0x38, 0x2e, 0x8c, 0x3c, 0x38, 0x2e, 0x8c, 0x3c, 0x38, 0x2e, 0x8c, 0x3c, 0x38, 0x2e, 0x8c,
    0x3c, 0x38, 0x2e, 0x8c, 0x3c, 0x38, 0x2e, 0x8c, 0x3c, 0x38, 0x2e, 0x8c, 0x3c, 0x38, 0x2e, 0x8c,
    0x3c, 0x38, 0x2e, 0x8c, 0x3c, 0x38, 0x2e, 0x8c, 0x3c, 0x38, 0x2e, 0x8c, 0x3c, 0x38, 0x2e, 0x8c,
    0x3c, 0x38, 0x2e, 0x8c, 0x3c, 0x38, 0x2e, 0x8c, 0x3c, 0x38, 0x2e, 0x8c, 0x3c, 0x38, 0x2e, 0x8c,
    0x3c, 0x38, 0x2e, 0x8c, 0x3c, 0x38, 0x2e, 0x8c, 0xaa, 0xc6, 0xd3, 0x14, 0xaa, 0xc6, 0xd3, 0x0f,
    0xaa, 0xc6, 0xd3, 0x01, 0x00, 0x00, 0x00, 0x00, 0x00, 0x00, 0x00, 0x00, 0x00, 0x00, 0x00, 0x00,
    0x00, 0x00, 0x00, 0x00, 0x00, 0x00, 0x00, 0x00, 0x00, 0x00, 0x00, 0x00, 0xaa, 0xc6, 0xd3, 0x0f,
    0xaa, 0xc6, 0xd3, 0x14, 0x3c, 0x38, 0x2e, 0x8c, 0x3c, 0x38, 0x2e, 0x8c, 0x3c, 0x38, 0x2e, 0x8c,
    0x3c, 0x38, 0x2e, 0x8c, 0x3c, 0x38, 0x2e, 0x8c, 0x3c, 0x38, 0x2e, 0x8c, 0x3c, 0x38, 0x2e, 0x8c,
    0x3c, 0x38, 0x2e, 0x8c, 0x3c, 0x38, 0x2e, 0x8c, 0x3c, 0x38, 0x2e, 0x8c, 0x3c, 0x38, 0x2e, 0x8c,
    0x3c, 0x38, 0x2e, 0x8c, 0x3c, 0x38, 0x2e, 0x8c, 0x3c, 0x38, 0x2e, 0x8c, 0x3c, 0x38, 0x2e, 0x8c,
    0x3c, 0x38, 0x2e, 0x8c, 0x3c, 0x38, 0x2e, 0x8c, 0x3c, 0x38, 0x2e, 0x8c, 0x3c, 0x38, 0x2e, 0x8c,
    0x3c, 0x38, 0x2e, 0x8c, 0x3c, 0x38, 0x2e, 0x8c, 0x3c, 0x38, 0x2e, 0x8c, 0x3c, 0x38, 0x2e, 0x8c,
    0x3c, 0x38, 0x2e, 0x8c, 0x3c, 0x38, 0x2e, 0x8c, 0x3c, 0x38, 0x2e, 0x8c, 0x3c, 0x38, 0x2e, 0x8c,
    0x3c, 0x38, 0x2e, 0x8c, 0x3c, 0x38, 0x2e, 0x8c, 0x3c, 0x38, 0x2e, 0x8c, 0x3c, 0x38, 0x2e, 0x8c,
    0x3c, 0x38, 0x2e, 0x8c, 0x3c, 0x38, 0x2e, 0x8c, 0x3c, 0x38, 0x2e, 0x8c, 0x3c, 0x38, 0x2e, 0x8c,
    0x3c, 0x38, 0x2e, 0x8c, 0x3c, 0x38, 0x2e, 0x8c, 0x3c, 0x38, 0x2e, 0x8c, 0x3c, 0x38, 0x2e, 0x8c,
    0x3c, 0x38, 0x2e, 0x8c, 0x3c, 0x38, 0x2e, 0x8c, 0x3c, 0x38, 0x2e, 0x8c, 0x3c, 0x38, 0x2e, 0x8c,
    0x3c, 0x38, 0x2e, 0x8c, 0x3c, 0x38, 0x2e, 0x8c, 0x3c, 0x38, 0x2e, 0x8c, 0x3c, 0x38, 0x2e, 0x8c,
    0x3c, 0x38, 0x2e, 0x8c, 0x3c, 0x38, 0x2e, 0x8c, 0x3c, 0x38, 0x2e, 0x8c, 0x3c, 0x38, 0x2e, 0x8c,
    0x3c, 0x38, 0x2e, 0x8c, 0x3c, 0x38, 0x2e, 0x8c, 0x3c, 0x38, 0x2e, 0x8c, 0x3c, 0x38, 0x2e, 0x8c,
    0x3c, 0x38, 0x2e, 0x8c, 0x3c, 0x38, 0x2e, 0x8c, 0x3c, 0x38, 0x2e, 0x8c, 0x3c, 0x38, 0x2e, 0x8c,
    0x3c, 0x38, 0x2e, 0x8c, 0xaa, 0xc6, 0xd3, 0x14, 0xaa, 0xc6, 0xd3, 0x0f, 0x00, 0x00, 0x00, 0x00,
    0x00, 0x00, 0x00, 0x00, 0x00, 0x00, 0x00, 0x00, 0x00, 0x00, 0x00, 0x00, 0x00, 0x00, 0x00, 0x00,
    0xaa, 0xc6, 0xd3, 0x0b, 0xaa, 0xc6, 0xd3, 0x14, 0x3c, 0x38, 0x2e, 0x8c, 0x3c, 0x38, 0x2e, 0x8c,
    0x3c, 0x38, 0x2e, 0x8c, 0x3c, 0x38, 0x2e, 0x8c, 0x3c, 0x38, 0x2e, 0x8c, 0x3c, 0x38, 0x2e, 0x8c,
    0x3c, 0x38, 0x2e, 0x8c, 0x3c, 0x38, 0x2e, 0x8c, 0x3c, 0x38, 0x2e, 0x8c, 0x3c, 0x38, 0x2e, 0x8c,
    0x3c, 0x38, 0x2e, 0x8c, 0x3c, 0x38, 0x2e, 0x8c, 0x3c, 0x38, 0x2e, 0x8c, 0x3c, 0x38, 0x2e, 0x8c,
    0x3c, 0x38, 0x2e, 0x8c, 0x3c, 0x38, 0x2e, 0x8c, 0x3c, 0x38, 0x2e, 0x8c, 0x3c, 0x38, 0x2e, 0x8c,
    0x3c, 0x38, 0x2e, 0x8c, 0x3c, 0x38, 0x2e, 0x8c, 0x3c, 0x38, 0x2e, 0x8c, 0x3c, 0x38, 0x2e, 0x8c,
    0x3c, 0x38, 0x2e, 0x8c, 0x3c, 0x38, 0x2e, 0x8c, 0x3c, 0x38, 0x2e, 0x8c, 0x3c, 0x38, 0x2e, 0x8c,
    0x3c, 0x38, 0x2e, 0x8c, 0x3c, 0x38, 0x2e, 0x8c, 0x3c, 0x38, 0x2e, 0x8c, 0x3c, 0x38, 0x2e, 0x8c,
    0x3c, 0x38, 0x2e, 0x8c, 0x3c, 0x38, 0x2e, 0x8c, 0x3c, 0x38, 0x2e, 0x8c, 0x3c, 0x38, 0x2e, 0x8c,
    0x3c, 0x38, 0x2e, 0x8c, 0x3c, 0x38, 0x2e, 0x8c, 0x3c, 0x38, 0x2e, 0x8c, 0x3c, 0x38, 0x2e, 0x8c,
    0x3c, 0x38, 0x2e, 0x8c, 0x3c, 0x38, 0x2e, 0x8c, 0x3c, 0x38, 0x2e, 0x8c, 0x3c, 0x38, 0x2e, 0x8c,
    0x3c, 0x38, 0x2e, 0x8c, 0x3c, 0x38, 0x2e, 0x8c, 0x3c, 0x38, 0x2e, 0x8c, 0x3c, 0x38, 0x2e, 0x8c,
    0x3c, 0x38, 0x2e, 0x8c, 0x3c, 0x38, 0x2e, 0x8c, 0x3c, 0x38, 0x2e, 0x8c, 0x3c, 0x38, 0x2e, 0x8c,
    0x3c, 0x38, 0x2e, 0x8c, 0x3c, 0x38, 0x2e, 0x8c, 0x3c, 0x38, 0x2e, 0x8c, 0x3c, 0x38, 0x2e, 0x8c,
    0x3c, 0x38, 0x2e, 0x8c, 0x3c, 0x38, 0x2e, 0x8c, 0x3c, 0x38, 0x2e, 0x8c, 0x3c, 0x38, 0x2e, 0x8c,
    0x3c, 0x38, 0x2e, 0x8c, 0x3c, 0x38, 0x2e, 0x8c, 0x3c, 0x38, 0x2e, 0x8c, 0x3c, 0x38, 0x2e, 0x8c,
    0xaa, 0xc6, 0xd3, 0x14, 0xaa, 0xc6, 0xd3, 0x0b, 0x00, 0x00, 0x00, 0x00, 0x00, 0x00, 0x00, 0x00,
    0x00, 0x00, 0x00, 0x00, 0xaa, 0xc6, 0xd3, 0x05, 0xaa, 0xc6, 0xd3, 0x14, 0x3c, 0x38, 0x2e, 0x8c,
    0x3c, 0x38, 0x2e, 0x8c, 0x3c, 0x38, 0x2e, 0x8c, 0x3c, 0x38, 0x2e, 0x8c, 0x3c, 0x38, 0x2e, 0x8c,
    0x3c, 0x38, 0x2e, 0x8c, 0x3c, 0x38, 0x2e, 0x8c, 0x3c, 0x38, 0x2e, 0x8c, 0x3c, 0x38, 0x2e, 0x8c,
    0x3c, 0x38, 0x2e, 0x8c, 0x3c, 0x38, 0x2e, 0x8c, 0x3c, 0x38, 0x2e, 0x8c, 0x3c, 0x38, 0x2e, 0x8c,
    0x3c, 0x38, 0x2e, 0x8c, 0x3c, 0x38, 0x2e, 0x8c, 0x3c, 0x38, 0x2e, 0x8c, 0x3c, 0x38, 0x2e, 0x8c,
    0x3c, 0x38, 0x2e, 0x8c, 0x3c, 0x38, 0x2e, 0x8c, 0x3c, 0x38, 0x2e, 0x8c, 0x3c, 0x38, 0x2e, 0x8c,
    0x3c, 0x38, 0x2e, 0x8c, 0x3c, 0x38, 0x2e, 0x8c, 0x3c, 0x38, 0x2e, 0x8c, 0x3c, 0x38, 0x2e, 0x8c,
    0x3c, 0x38, 0x2e, 0x8c, 0x3c, 0x38, 0x2e, 0x8c, 0x3c, 0x38, 0x2e, 0x8c, 0x3c, 0x38, 0x2e, 0x8c,
    0x3c, 0x38, 0x2e, 0x8c, 0x3c, 0x38, 0x2e, 0x8c, 0x3c, 0x38, 0x2e, 0x8c, 0x3c, 0x38, 0x2e, 0x8c,
    0x3c, 0x38, 0x2e, 0x8c, 0x3c, 0x38, 0x2e, 0x8c, 0x3c, 0x38, 0x2e, 0x8c, 0x3c, 0x38, 0x2e, 0x8c,
    0x3c, 0x38, 0x2e, 0x8c, 0x3c, 0x38, 0x2e, 0x8c, 0x3c, 0x38, 0x2e, 0x8c, 0x3c, 0x38, 0x2e, 0x8c,
    0x3c, 0x38, 0x2e, 0x8c, 0x3c, 0x38, 0x2e, 0x8c, 0x3c, 0x38, 0x2e, 0x8c, 0x3c, 0x38, 0x2e, 0x8c,
    0x3c, 0x38, 0x2e, 0x8c, 0x3c, 0x38, 0x2e, 0x8c, 0x3c, 0x38, 0x2e, 0x8c, 0x3c, 0x38, 0x2e, 0x8c,
    0x3c, 0x38, 0x2e, 0x8c, 0x3c, 0x38, 0x2e, 0x8c, 0x3c, 0x38, 0x2e, 0x8c, 0x3c, 0x38, 0x2e, 0x8c,
    0x3c, 0x38, 0x2e, 0x8c, 0x3c, 0x38, 0x2e, 0x8c, 0x3c, 0x38, 0x2e, 0x8c, 0x3c, 0x38, 0x2e, 0x8c,
    0x3c, 0x38, 0x2e, 0x8c, 0x3c, 0x38, 0x2e, 0x8c, 0x3c, 0x38, 0x2e, 0x8c, 0x3c, 0x38, 0x2e, 0x8c,
    0x3c, 0x38, 0x2e, 0x8c, 0x3c, 0x38, 0x2e, 0x8c, 0x3c, 0x38, 0x2e, 0x8c, 0xaa, 0xc6, 0xd3, 0x14,
    0xaa, 0xc6, 0xd3, 0x05, 0x00, 0x00, 0x00, 0x00, 0x00, 0x00, 0x00, 0x00, 0xaa, 0xc6, 0xd3, 0x0f,
    0x3c, 0x38, 0x2e, 0x8c, 0x3c, 0x38, 0x2e, 0x8c, 0x3c, 0x38, 0x2e, 0x8c, 0x3c, 0x38, 0x2e, 0x8c,
    0x3c, 0x38, 0x2e, 0x8c, 0x3c, 0x38, 0x2e, 0x8c, 0x3c, 0x38, 0x2e, 0x8c, 0x3c, 0x38, 0x2e, 0x8c,
    0x3c, 0x38, 0x2e, 0x8c, 0x3c, 0x38, 0x2e, 0x8c, 0x3c, 0x38, 0x2e, 0x8c, 0x3c, 0x38, 0x2e, 0x8c,
    0x3c, 0x38, 0x2e, 0x8c, 0x3c, 0x38, 0x2e, 0x8c, 0x3c, 0x38, 0x2e, 0x8c, 0x3c, 0x38, 0x2e, 0x8c,
    0x3c, 0x38, 0x2e, 0x8c, 0x3c, 0x38, 0x2e, 0x8c, 0x3c, 0x38, 0x2e, 0x8c, 0x3c, 0x38, 0x2e, 0x8c,
    0x3c, 0x38, 0x2e, 0x8c, 0x3c, 0x38, 0x2e, 0x8c, 0x3c, 0x38, 0x2e, 0x8c, 0x3c, 0x38, 0x2e, 0x8c,
    0x3c, 0x38, 0x2e, 0x8c, 0x3c, 0x38, 0x2e, 0x8c, 0x3c, 0x38, 0x2e, 0x8c, 0x3c, 0x38, 0x2e, 0x8c,
    0x3c, 0x38, 0x2e, 0x8c, 0x3c, 0x38, 0x2e, 0x8c, 0x3c, 0x38, 0x2e, 0x8c, 0x3c, 0x38, 0x2e, 0x8c,
    0x3c, 0x38, 0x2e, 0x8c, 0x3c, 0x38, 0x2e, 0x8c, 0x3c, 0x38, 0x2e, 0x8c, 0x3c, 0x38, 0x2e, 0x8c,
    0x3c, 0x38, 0x2e, 0x8c, 0x3c, 0x38, 0x2e, 0x8c, 0x3c, 0x38, 0x2e, 0x8c, 0x3c, 0x38, 0x2e, 0x8c,
    0x3c, 0x38, 0x2e, 0x8c, 0x3c, 0x38, 0x2e, 0x8c, 0x3c, 0x38, 0x2e, 0x8c, 0x3c, 0x38, 0x2e, 0x8c,
    0x3c, 0x38, 0x2e, 0x8c, 0x3c, 0x38, 0x2e, 0x8c, 0x3c, 0x38, 0x2e, 0x8c, 0x3c, 0x38, 0x2e, 0x8c,
    0x3c, 0x38, 0x2e, 0x8c, 0x3c, 0x38, 0x2e, 0x8c, 0x3c, 0x38, 0x2e, 0x8c, 0x3c, 0x38, 0x2e, 0x8c,
    0x3c, 0x38, 0x2e, 0x8c, 0x3c, 0x38, 0x2e, 0x8c, 0x3c, 0x38, 0x2e, 0x8c, 0x3c, 0x38, 0x2e, 0x8c,
    0x3c, 0x38, 0x2e, 0x8c, 0x3c, 0x38, 0x2e, 0x8c, 0x3c, 0x38, 0x2e, 0x8c, 0x3c, 0x38, 0x2e, 0x8c,
    0x3c, 0x38, 0x2e, 0x8c, 0x3c, 0x38, 0x2e, 0x8c, 0x3c, 0x38, 0x2e, 0x8c, 0x3c, 0x38, 0x2e, 0x8c,
    0x3c, 0x38, 0x2e, 0x8c, 0x3c, 0x38, 0x2e, 0x8c, 0xaa, 0xc6, 0xd3, 0x0f, 0x00, 0x00, 0x00, 0x00,
    0xaa, 0xc6, 0xd3, 0x04, 0xaa, 0xc6, 0xd3, 0x14, 0x3c, 0x38, 0x2e, 0x8c, 0x3c, 0x38, 0x2e, 0x8c,
    0x3c, 0x38, 0x2e, 0x8c, 0x3c, 0x38, 0x2e, 0x8c, 0x3c, 0x38, 0x2e, 0x8c, 0x3c, 0x38, 0x2e, 0x8c,
    0x3c, 0x38, 0x2e, 0x8c, 0x3c, 0x38, 0x2e, 0x8c, 0x3c, 0x38, 0x2e, 0x8c, 0x3c, 0x38, 0x2e, 0x8c,
    0x3c, 0x38, 0x2e, 0x8c, 0x3c, 0x38, 0x2e, 0x8c, 0x3c, 0x38, 0x2e, 0x8c, 0x3c, 0x38, 0x2e, 0x8c,
    0x3c, 0x38, 0x2e, 0x8c, 0x3c, 0x38, 0x2e, 0x8c, 0x3c, 0x38, 0x2e, 0x8c, 0x3c, 0x38, 0x2e, 0x8c,
    0x3c, 0x38, 0x2e, 0x8c, 0x3c, 0x38, 0x2e, 0x8c, 0x3c, 0x38, 0x2e, 0x8c, 0x3c, 0x38, 0x2e, 0x8c,
    0x3c, 0x38, 0x2e, 0x8c, 0x3c, 0x38, 0x2e, 0x8c, 0x3c, 0x38, 0x2e, 0x8c, 0x3c, 0x38, 0x2e, 0x8c,
    0x3c, 0x38, 0x2e, 0x8c, 0x3c, 0x38, 0x2e, 0x8c, 0x3c, 0x38, 0x2e, 0x8c, 0x3c, 0x38, 0x2e, 0x8c,
    0x3c, 0x38, 0x2e, 0x8c, 0x3c, 0x38, 0x2e, 0x8c, 0x3c, 0x38, 0x2e, 0x8c, 0x3c, 0x38, 0x2e, 0x8c,
    0x3c, 0x38, 0x2e, 0x8c, 0x3c, 0x38, 0x2e, 0x8c, 0x3c, 0x38, 0x2e, 0x8c, 0x3c, 0x38, 0x2e, 0x8c,
    0x3c, 0x38, 0x2e, 0x8c, 0x3c, 0x38, 0x2e, 0x8c, 0x3c, 0x38, 0x2e, 0x8c, 0x3c, 0x38, 0x2e, 0x8c,
    0x3c, 0x38, 0x2e, 0x8c, 0x3c, 0x38, 0x2e, 0x8c, 0x3c, 0x38, 0x2e, 0x8c, 0x3c, 0x38, 0x2e, 0x8c,
    0x3c, 0x38, 0x2e, 0x8c, 0x3c, 0x38, 0x2e, 0x8c, 0x3c, 0x38, 0x2e, 0x8c, 0x3c, 0x38, 0x2e, 0x8c,
    0x3c, 0x38, 0x2e, 0x8c, 0x3c, 0x38, 0x2e, 0x8c, 0x3c, 0x38, 0x2e, 0x8c, 0x3c, 0x38, 0x2e, 0x8c,
    0x3c, 0x38, 0x2e, 0x8c, 0x3c, 0x38, 0x2e, 0x8c, 0x3c, 0x38, 0x2e, 0x8c, 0x3c, 0x38, 0x2e, 0x8c,
    0x3c, 0x38, 0x2e, 0x8c, 0x3c, 0x38, 0x2e, 0x8c, 0x3c, 0x38, 0x2e, 0x8c, 0x3c, 0x38, 0x2e, 0x8c,
    0x3c, 0x38, 0x2e, 0x8c, 0x3c, 0x38, 0x2e, 0x8c, 0x3c, 0x38, 0x2e, 0x8c, 0x3c, 0x38, 0x2e, 0x8c,
    0xaa, 0xc6, 0xd3, 0x14, 0xaa, 0xc6, 0xd3, 0x04, 0xaa, 0xc6, 0xd3, 0x0a, 0xaa, 0xc6, 0xd3, 0x14,
    0x3c, 0x38, 0x2e, 0x8c, 0x3c, 0x38, 0x2e, 0x8c, 0x3c, 0x38, 0x2e, 0x8c, 0x3c, 0x38, 0x2e, 0x8c,
    0x3c, 0x38, 0x2e, 0x8c, 0x3c, 0x38, 0x2e, 0x8c, 0x3c, 0x38, 0x2e, 0x8c, 0x3c, 0x38, 0x2e, 0x8c,
    0x3c, 0x38, 0x2e, 0x8c, 0x3c, 0x38, 0x2e, 0x8c, 0x3c, 0x38, 0x2e, 0x8c, 0x3c, 0x38, 0x2e, 0x8c,
    0x3c, 0x38, 0x2e, 0x8c, 0x3c, 0x38, 0x2e, 0x8c, 0x3c, 0x38, 0x2e, 0x8c, 0x3c, 0x38, 0x2e, 0x8c,
    0x3c, 0x38, 0x2e, 0x8c, 0x3c, 0x38, 0x2e, 0x8c, 0x3c, 0x38, 0x2e, 0x8c, 0x3c, 0x38, 0x2e, 0x8c,
    0x3c, 0x38, 0x2e, 0x8c, 0x3c, 0x38, 0x2e, 0x8c, 0x3c, 0x38, 0x2e, 0x8c, 0x3c, 0x38, 0x2e, 0x8c,
    0x3c, 0x38, 0x2e, 0x8c, 0x3c, 0x38, 0x2e, 0x8c, 0x3c, 0x38, 0x2e, 0x8c, 0x3c, 0x38, 0x2e, 0x8c,
    0x3c, 0x38, 0x2e, 0x8c, 0x3c, 0x38, 0x2e, 0x8c, 0x3c, 0x38, 0x2e, 0x8c, 0x3c, 0x38, 0x2e, 0x8c,
    0x3c, 0x38, 0x2e, 0x8c, 0x3c, 0x38, 0x2e, 0x8c, 0x3c, 0x38, 0x2e, 0x8c, 0x3c, 0x38, 0x2e, 0x8c,
    0x3c, 0x38, 0x2e, 0x8c, 0x3c, 0x38, 0x2e, 0x8c, 0x3c, 0x38, 0x2e, 0x8c, 0x3c, 0x38, 0x2e, 0x8c,
    0x3c, 0x38, 0x2e, 0x8c, 0x3c, 0x38, 0x2e, 0x8c, 0x3c, 0x38, 0x2e, 0x8c, 0x3c, 0x38, 0x2e, 0x8c,
    0x3c, 0x38, 0x2e, 0x8c, 0x3c, 0x38, 0x2e, 0x8c, 0x3c, 0x38, 0x2e, 0x8c, 0x3c, 0x38, 0x2e, 0x8c,
    0x3c, 0x38, 0x2e, 0x8c, 0x3c, 0x38, 0x2e, 0x8c, 0x3c, 0x38, 0x2e, 0x8c, 0x3c, 0x38, 0x2e, 0x8c,
    0x3c, 0x38, 0x2e, 0x8c, 0x3c, 0x38, 0x2e, 0x8c, 0x3c, 0x38, 0x2e, 0x8c, 0x3c, 0x38, 0x2e, 0x8c,
    0x3c, 0x38, 0x2e, 0x8c, 0x3c, 0x38, 0x2e, 0x8c, 0x3c, 0x38, 0x2e, 0x8c, 0x3c, 0x38, 0x2e, 0x8c,
    0x3c, 0x38, 0x2e, 0x8c, 0x3c, 0x38, 0x2e, 0x8c, 0x3c, 0x38, 0x2e, 0x8c, 0x3c, 0x38, 0x2e, 0x8c,
    0x3c, 0x38, 0x2e, 0x8c, 0x3c, 0x38, 0x2e, 0x8c, 0xaa, 0xc6, 0xd3, 0x14, 0xaa, 0xc6, 0xd3, 0x0a,
    0xaa, 0xc6, 0xd3, 0x0f, 0x3c, 0x38, 0x2e, 0x8c, 0x3c, 0x38, 0x2e, 0x8c, 0x3c, 0x38, 0x2e, 0x8c,
    0x3c, 0x38, 0x2e, 0x8c, 0x3c, 0x38, 0x2e, 0x8c, 0x3c, 0x38, 0x2e, 0x8c, 0x3c, 0x38, 0x2e, 0x8c,
    0x3c, 0x38, 0x2e, 0x8c, 0x3c, 0x38, 0x2e, 0x8c, 0x3c, 0x38, 0x2e, 0x8c, 0x3c, 0x38, 0x2e, 0x8c,
    0x3c, 0x38, 0x2e, 0x8c, 0x3c, 0x38, 0x2e, 0x8c, 0x3c, 0x38, 0x2e, 0x8c, 0x3c, 0x38, 0x2e, 0x8c,
    0x3c, 0x38, 0x2e, 0x8c, 0x3c, 0x38, 0x2e, 0x8c, 0x3c, 0x38, 0x2e, 0x8c, 0x3c, 0x38, 0x2e, 0x8c,
    0x3c, 0x38, 0x2e, 0x8c, 0x3c, 0x38, 0x2e, 0x8c, 0x3c, 0x38, 0x2e, 0x8c, 0x3c, 0x38, 0x2e, 0x8c,
    0x3c, 0x38, 0x2e, 0x8c, 0x3c, 0x38, 0x2e, 0x8c, 0x3c, 0x38, 0x2e, 0x8c, 0x3c, 0x38, 0x2e, 0x8c,
    0x3c, 0x38, 0x2e, 0x8c, 0x3c, 0x38, 0x2e, 0x8c, 0x3c, 0x38, 0x2e, 0x8c, 0x3c, 0x38, 0x2e, 0x8c,
    0x3c, 0x38, 0x2e, 0x8c, 0x3c, 0x38, 0x2e, 0x8c, 0x3c, 0x38, 0x2e, 0x8c, 0x3c, 0x38, 0x2e, 0x8c,
    0x3c, 0x38, 0x2e, 0x8c, 0x3c, 0x38, 0x2e, 0x8c, 0x3c, 0x38, 0x2e, 0x8c, 0x3c, 0x38, 0x2e, 0x8c,
    0x3c, 0x38, 0x2e, 0x8c, 0x3c, 0x38, 0x2e, 0x8c, 0x3c, 0x38, 0x2e, 0x8c, 0x3c, 0x38, 0x2e, 0x8c,
    0x3c, 0x38, 0x2e, 0x8c, 0x3c, 0x38, 0x2e, 0x8c, 0x3c, 0x38, 0x2e, 0x8c, 0x3c, 0x38, 0x2e, 0x8c,
    0x3c, 0x38, 0x2e, 0x8c, 0x3c, 0x38, 0x2e, 0x8c, 0x3c, 0x38, 0x2e, 0x8c, 0x3c, 0x38, 0x2e, 0x8c,
    0x3c, 0x38, 0x2e, 0x8c, 0x3c, 0x38, 0x2e, 0x8c, 0x3c, 0x38, 0x2e, 0x8c, 0x3c, 0x38, 0x2e, 0x8c,
    0x3c, 0x38, 0x2e, 0x8c, 0x3c, 0x38, 0x2e, 0x8c, 0x3c, 0x38, 0x2e, 0x8c, 0x3c, 0x38, 0x2e, 0x8c,
    0x3c, 0x38, 0x2e, 0x8c, 0x3c, 0x38, 0x2e, 0x8c, 0x3c, 0x38, 0x2e, 0x8c, 0x3c, 0x38, 0x2e, 0x8c,
    0x3c, 0x38, 0x2e, 0x8c, 0x3c, 0x38, 0x2e, 0x8c, 0x3c, 0x38, 0x2e, 0x8c, 0x3c, 0x38, 0x2e, 0x8c,
    0x3c, 0x38, 0x2e, 0x8c, 0xaa, 0xc6, 0xd3, 0x0f, 0xaa, 0xc6, 0xd3, 0x12, 0x3c, 0x38, 0x2e, 0x8c,
    0x3c, 0x38, 0x2e, 0x8c, 0x3c, 0x38, 0x2e, 0x8c, 0x3c, 0x38, 0x2e, 0x8c, 0x3c, 0x38, 0x2e, 0x8c,
    0x3c, 0x38, 0x2e, 0x8c, 0x3c, 0x38, 0x2e, 0x8c, 0x3c, 0x38, 0x2e, 0x8c, 0x3c, 0x38, 0x2e, 0x8c,
    0x3c, 0x38, 0x2e, 0x8c, 0x3c, 0x38, 0x2e, 0x8c, 0x3c, 0x38, 0x2e, 0x8c, 0x3c, 0x38, 0x2e, 0x8c,
    0x3c, 0x38, 0x2e, 0x8c, 0x3c, 0x38, 0x2e, 0x8c, 0x3c, 0x38, 0x2e, 0x8c, 0x3c, 0x38, 0x2e, 0x8c,
    0x3c, 0x38, 0x2e, 0x8c, 0x3c, 0x38, 0x2e, 0x8c, 0x3c, 0x38, 0x2e, 0x8c, 0x3c, 0x38, 0x2e, 0x8c,
    0x3c, 0x38, 0x2e, 0x8c, 0x3c, 0x38, 0x2e, 0x8c, 0x3c, 0x38, 0x2e, 0x8c, 0x3c, 0x38, 0x2e, 0x8c,
    0x3c, 0x38, 0x2e, 0x8c, 0x3c, 0x38, 0x2e, 0x8c, 0x3c, 0x38, 0x2e, 0x8c, 0x3c, 0x38, 0x2e, 0x8c,
    0x3c, 0x38, 0x2e, 0x8c, 0x3c, 0x38, 0x2e, 0x8c, 0x3c, 0x38, 0x2e, 0x8c, 0x3c, 0x38, 0x2e, 0x8c,
    0x3c, 0x38, 0x2e, 0x8c, 0x3c, 0x38, 0x2e, 0x8c, 0x3c, 0x38, 0x2e, 0x8c, 0x3c, 0x38, 0x2e, 0x8c,
    0x3c, 0x38, 0x2e, 0x8c, 0x3c, 0x38, 0x2e, 0x8c, 0x3c, 0x38, 0x2e, 0x8c, 0x3c, 0x38, 0x2e, 0x8c,
    0x3c, 0x38, 0x2e, 0x8c, 0x3c, 0x38, 0x2e, 0x8c, 0x3c, 0x38, 0x2e, 0x8c, 0x3c, 0x38, 0x2e, 0x8c,
    0x3c, 0x38, 0x2e, 0x8c, 0x3c, 0x38, 0x2e, 0x8c, 0x3c, 0x38, 0x2e, 0x8c, 0x3c, 0x38, 0x2e, 0x8c,
    0x3c, 0x38, 0x2e, 0x8c, 0x3c, 0x38, 0x2e, 0x8c, 0x3c, 0x38, 0x2e, 0x8c, 0x3c, 0x38, 0x2e, 0x8c,
    0x3c, 0x38, 0x2e, 0x8c, 0x3c, 0x38, 0x2e, 0x8c, 0x3c, 0x38, 0x2e, 0x8c, 0x3c, 0x38, 0x2e, 0x8c,
    0x3c, 0x38, 0x2e, 0x8c, 0x3c, 0x38, 0x2e, 0x8c, 0x3c, 0x38, 0x2e, 0x8c, 0x3c, 0x38, 0x2e, 0x8c,
    0x3c, 0x38, 0x2e, 0x8c, 0x3c, 0x38, 0x2e, 0x8c, 0x3c, 0x38, 0x2e, 0x8c, 0x3c, 0x38, 0x2e, 0x8c,
    0x3c, 0x38, 0x2e, 0x8c, 0x3c, 0x38, 0x2e, 0x8c, 0x3c, 0x38, 0x2e, 0x8c, 0xaa, 0xc6, 0xd3, 0x12,
    0xaa, 0xc6, 0xd3, 0x13, 0x3c, 0x38, 0x2e, 0x8c, 0x3c, 0x38, 0x2e, 0x8c, 0x3c, 0x38, 0x2e, 0x8c,
    0x3c, 0x38, 0x2e, 0x8c, 0x3c, 0x38, 0x2e, 0x8c, 0x3c, 0x38, 0x2e, 0x8c, 0x3c, 0x38, 0x2e, 0x8c,
    0x3c, 0x38, 0x2e, 0x8c, 0x3c, 0x38, 0x2e, 0x8c, 0x3c, 0x38, 0x2e, 0x8c, 0x3c, 0x38, 0x2e, 0x8c,
    0x3c, 0x38, 0x2e, 0x8c, 0x3c, 0x38, 0x2e, 0x8c, 0x3c, 0x38, 0x2e, 0x8c, 0x3c, 0x38, 0x2e, 0x8c,
    0x3c, 0x38, 0x2e, 0x8c, 0x3c, 0x38, 0x2e, 0x8c, 0x3c, 0x38, 0x2e, 0x8c, 0x3c, 0x38, 0x2e, 0x8c,
    0x3c, 0x38, 0x2e, 0x8c, 0x3c, 0x38, 0x2e, 0x8c, 0x3c, 0x38, 0x2e, 0x8c, 0x3c, 0x38, 0x2e, 0x8c,
    0x3c, 0x38, 0x2e, 0x8c, 0x3c, 0x38, 0x2e, 0x8c, 0x3c, 0x38, 0x2e, 0x8c, 0x3c, 0x38, 0x2e, 0x8c,
    0x3c, 0x38, 0x2e, 0x8c, 0x3c, 0x38, 0x2e, 0x8c, 0x3c, 0x38, 0x2e, 0x8c, 0x3c, 0x38, 0x2e, 0x8c,
    0x3c, 0x38, 0x2e, 0x8c, 0x3c, 0x38, 0x2e, 0x8c, 0x3c, 0x38, 0x2e, 0x8c, 0x3c, 0x38, 0x2e, 0x8c,
    0x3c, 0x38, 0x2e, 0x8c, 0x3c, 0x38, 0x2e, 0x8c, 0x3c, 0x38, 0x2e, 0x8c, 0x3c, 0x38, 0x2e, 0x8c,
    0x3c, 0x38, 0x2e, 0x8c, 0x3c, 0x38, 0x2e, 0x8c, 0x3c, 0x38, 0x2e, 0x8c, 0x3c, 0x38, 0x2e, 0x8c,
    0x3c, 0x38, 0x2e, 0x8c, 0x3c, 0x38, 0x2e, 0x8c, 0x3c, 0x38, 0x2e, 0x8c, 0x3c, 0x38, 0x2e, 0x8c,
    0x3c, 0x38, 0x2e, 0x8c, 0x3c, 0x38, 0x2e, 0x8c, 0x3c, 0x38, 0x2e, 0x8c, 0x3c, 0x38, 0x2e, 0x8c,
    0x3c, 0x38, 0x2e, 0x8c, 0x3c, 0x38, 0x2e, 0x8c, 0x3c, 0x38, 0x2e, 0x8c, 0x3c, 0x38, 0x2e, 0x8c,
    0x3c, 0x38, 0x2e, 0x8c, 0x3c, 0x38, 0x2e, 0x8c, 0x3c, 0x38, 0x2e, 0x8c, 0x3c, 0x38, 0x2e, 0x8c,
    0x3c, 0x38, 0x2e, 0x8c, 0x3c, 0x38, 0x2e, 0x8c, 0x3c, 0x38, 0x2e, 0x8c, 0x3c, 0x38, 0x2e, 0x8c,
    0x3c, 0x38, 0x2e, 0x8c, 0x3c, 0x38, 0x2e, 0x8c, 0x3c, 0x38, 0x2e, 0x8c, 0x3c, 0x38, 0x2e, 0x8c,
    0x3c, 0x38, 0x2e, 0x8c, 0xaa, 0xc6, 0xd3, 0x13, 0xaa, 0xc6, 0xd3, 0x14, 0x3c, 0x38, 0x2e, 0x8c,
    0x3c, 0x38, 0x2e, 0x8c, 0x3c, 0x38, 0x2e, 0x8c, 0x3c, 0x38, 0x2e, 0x8c, 0x3c, 0x38, 0x2e, 0x8c,
    0x3c, 0x38, 0x2e, 0x8c, 0x3c, 0x38, 0x2e, 0x8c, 0x3c, 0x38, 0x2e, 0x8c, 0x3c, 0x38, 0x2e, 0x8c,
    0x3c, 0x38, 0x2e, 0x8c, 0x3c, 0x38, 0x2e, 0x8c, 0x3c, 0x38, 0x2e, 0x8c, 0x3c, 0x38, 0x2e, 0x8c,
    0x3c, 0x38, 0x2e, 0x8c, 0x3c, 0x38, 0x2e, 0x8c, 0x3c, 0x38, 0x2e, 0x8c, 0x3c, 0x38, 0x2e, 0x8c,
    0x3c, 0x38, 0x2e, 0x8c, 0x3c, 0x38, 0x2e, 0x8c, 0x3c, 0x38, 0x2e, 0x8c, 0x3c, 0x38, 0x2e, 0x8c,
    0x3c, 0x38, 0x2e, 0x8c, 0x3c, 0x38, 0x2e, 0x8c, 0x3c, 0x38, 0x2e, 0x8c, 0x3c, 0x38, 0x2e, 0x8c,
    0x3c, 0x38, 0x2e, 0x8c, 0x3c, 0x38, 0x2e, 0x8c, 0x3c, 0x38, 0x2e, 0x8c, 0x3c, 0x38, 0x2e, 0x8c,
    0x3c, 0x38, 0x2e, 0x8c, 0x3c, 0x38, 0x2e, 0x8c, 0x3c, 0x38, 0x2e, 0x8c, 0x3c, 0x38, 0x2e, 0x8c,
    0x3c, 0x38, 0x2e, 0x8c, 0x3c, 0x38, 0x2e, 0x8c, 0x3c, 0x38, 0x2e, 0x8c, 0x3c, 0x38, 0x2e, 0x8c,
    0x3c, 0x38, 0x2e, 0x8c, 0x3c, 0x38, 0x2e, 0x8c, 0x3c, 0x38, 0x2e, 0x8c, 0x3c, 0x38, 0x2e, 0x8c,
    0x3c, 0x38, 0x2e, 0x8c, 0x3c, 0x38, 0x2e, 0x8c, 0x3c, 0x38, 0x2e, 0x8c, 0x3c, 0x38, 0x2e, 0x8c,
    0x3c, 0x38, 0x2e, 0x8c, 0x3c, 0x38, 0x2e, 0x8c, 0x3c, 0x38, 0x2e, 0x8c, 0x3c, 0x38, 0x2e, 0x8c,
    0x3c, 0x38, 0x2e, 0x8c, 0x3c, 0x38, 0x2e, 0x8c, 0x3c, 0x38, 0x2e, 0x8c, 0x3c, 0x38, 0x2e, 0x8c,
    0x3c, 0x38, 0x2e, 0x8c, 0x3c, 0x38, 0x2e, 0x8c, 0x3c, 0x38, 0x2e, 0x8c, 0x3c, 0x38, 0x2e, 0x8c,
    0x3c, 0x38, 0x2e, 0x8c, 0x3c, 0x38, 0x2e, 0x8c, 0x3c, 0x38, 0x2e, 0x8c, 0x3c, 0x38, 0x2e, 0x8c,
    0x3c, 0x38, 0x2e, 0x8c, 0x3c, 0x38, 0x2e, 0x8c, 0x3c, 0x38, 0x2e, 0x8c, 0x3c, 0x38, 0x2e, 0x8c,
    0x3c, 0x38, 0x2e, 0x8c, 0x3c, 0x38, 0x2e, 0x8c, 0x3c, 0x38, 0x2e, 0x8c, 0xaa, 0xc6, 0xd3, 0x14,
    0xaa, 0xc6, 0xd3, 0x13, 0x3c, 0x38, 0x2e, 0x8c, 0x3c, 0x38, 0x2e, 0x8c, 0x3c, 0x38, 0x2e, 0x8c,
    0x3c, 0x38, 0x2e, 0x8c, 0x3c, 0x38, 0x2e, 0x8c, 0x3c, 0x38, 0x2e, 0x8c, 0x3c, 0x38, 0x2e, 0x8c,
    0x3c, 0x38, 0x2e, 0x8c, 0x3c, 0x38, 0x2e, 0x8c, 0x3c, 0x38, 0x2e, 0x8c, 0x3c, 0x38, 0x2e, 0x8c,
    0x3c, 0x38, 0x2e, 0x8c, 0x3c, 0x38, 0x2e, 0x8c, 0x3c, 0x38, 0x2e, 0x8c, 0x3c, 0x38, 0x2e, 0x8c,
    0x3c, 0x38, 0x2e, 0x8c, 0x3c, 0x38, 0x2e, 0x8c, 0x3c, 0x38, 0x2e, 0x8c, 0x3c, 0x38, 0x2e, 0x8c,
    0x3c, 0x38, 0x2e, 0x8c, 0x3c, 0x38, 0x2e, 0x8c, 0x3c, 0x38, 0x2e, 0x8c, 0x3c, 0x38, 0x2e, 0x8c,
    0x3c, 0x38, 0x2e, 0x8c, 0x3c, 0x38, 0x2e, 0x8c, 0x3c, 0x38, 0x2e, 0x8c, 0x3c, 0x38, 0x2e, 0x8c,
    0x3c, 0x38, 0x2e, 0x8c, 0x3c, 0x38, 0x2e, 0x8c, 0x3c, 0x38, 0x2e, 0x8c, 0x3c, 0x38, 0x2e, 0x8c,
    0x3c, 0x38, 0x2e, 0x8c, 0x3c, 0x38, 0x2e, 0x8c, 0x3c, 0x38, 0x2e, 0x8c, 0x3c, 0x38, 0x2e, 0x8c,
    0x3c, 0x38, 0x2e, 0x8c, 0x3c, 0x38, 0x2e, 0x8c, 0x3c, 0x38, 0x2e, 0x8c, 0x3c, 0x38, 0x2e, 0x8c,
    0x3c, 0x38, 0x2e, 0x8c, 0x3c, 0x38, 0x2e, 0x8c, 0x3c, 0x38, 0x2e, 0x8c, 0x3c, 0x38, 0x2e, 0x8c,
    0x3c, 0x38, 0x2e, 0x8c, 0x3c, 0x38, 0x2e, 0x8c, 0x3c, 0x38, 0x2e, 0x8c, 0x3c, 0x38, 0x2e, 0x8c,
    0x3c, 0x38, 0x2e, 0x8c, 0x3c, 0x38, 0x2e, 0x8c, 0x3c, 0x38, 0x2e, 0x8c, 0x3c, 0x38, 0x2e, 0x8c,
    0x3c, 0x38, 0x2e, 0x8c, 0x3c, 0x38, 0x2e, 0x8c, 0x3c, 0x38, 0x2e, 0x8c, 0x3c, 0x38, 0x2e, 0x8c,
    0x3c, 0x38, 0x2e, 0x8c, 0x3c, 0x38, 0x2e, 0x8c, 0x3c, 0x38, 0x2e, 0x8c, 0x3c, 0x38, 0x2e, 0x8c,
    0x3c, 0x38, 0x2e, 0x8c, 0x3c, 0x38, 0x2e, 0x8c, 0x3c, 0x38, 0x2e, 0x8c, 0x3c, 0x38, 0x2e, 0x8c,
    0x3c, 0x38, 0x2e, 0x8c, 0x3c, 0x38, 0x2e, 0x8c, 0x3c, 0x38, 0x2e, 0x8c, 0x3c, 0x38, 0x2e, 0x8c,
    0x3c, 0x38, 0x2e, 0x8c, 0xaa, 0xc6, 0xd3, 0x13, 0xaa, 0xc6, 0xd3, 0x12, 0x3c, 0x38, 0x2e, 0x8c,
    0x3c, 0x38, 0x2e, 0x8c, 0x3c, 0x38, 0x2e, 0x8c, 0x3c, 0x38, 0x2e, 0x8c, 0x3c, 0x38, 0x2e, 0x8c,
    0x3c, 0x38, 0x2e, 0x8c, 0x3c, 0x38, 0x2e, 0x8c, 0x3c, 0x38, 0x2e, 0x8c, 0x3c, 0x38, 0x2e, 0x8c,
    0x3c, 0x38, 0x2e, 0x8c, 0x3c, 0x38, 0x2e, 0x8c, 0x3c, 0x38, 0x2e, 0x8c, 0x3c, 0x38, 0x2e, 0x8c,
    0x3c, 0x38, 0x2e, 0x8c, 0x3c, 0x38, 0x2e, 0x8c, 0x3c, 0x38, 0x2e, 0x8c, 0x3c, 0x38, 0x2e, 0x8c,
    0x3c, 0x38, 0x2e, 0x8c, 0x3c, 0x38, 0x2e, 0x8c, 0x3c, 0x38, 0x2e, 0x8c, 0x3c, 0x38, 0x2e, 0x8c,
    0x3c, 0x38, 0x2e, 0x8c, 0x3c, 0x38, 0x2e, 0x8c, 0x3c, 0x38, 0x2e, 0x8c, 0x3c, 0x38, 0x2e, 0x8c,
    0x3c, 0x38, 0x2e, 0x8c, 0x3c, 0x38, 0x2e, 0x8c, 0x3c, 0x38, 0x2e, 0x8c, 0x3c, 0x38, 0x2e, 0x8c,
    0x3c, 0x38, 0x2e, 0x8c, 0x3c, 0x38, 0x2e, 0x8c, 0x3c, 0x38, 0x2e, 0x8c, 0x3c, 0x38, 0x2e, 0x8c,
    0x3c, 0x38, 0x2e, 0x8c, 0x3c, 0x38, 0x2e, 0x8c, 0x3c, 0x38, 0x2e, 0x8c, 0x3c, 0x38, 0x2e, 0x8c,
    0x3c, 0x38, 0x2e, 0x8c, 0x3c, 0x38, 0x2e, 0x8c, 0x3c, 0x38, 0x2e, 0x8c, 0x3c, 0x38, 0x2e, 0x8c,
    0x3c, 0x38, 0x2e, 0x8c, 0x3c, 0x38, 0x2e, 0x8c, 0x3c, 0x38, 0x2e, 0x8c, 0x3c, 0x38, 0x2e, 0x8c,
    0x3c, 0x38, 0x2e, 0x8c, 0x3c, 0x38, 0x2e, 0x8c, 0x3c, 0x38, 0x2e, 0x8c, 0x3c, 0x38, 0x2e, 0x8c,
    0x3c, 0x38, 0x2e, 0x8c, 0x3c, 0x38, 0x2e, 0x8c, 0x3c, 0x38, 0x2e, 0x8c, 0x3c, 0x38, 0x2e, 0x8c,
    0x3c, 0x38, 0x2e, 0x8c, 0x3c, 0x38, 0x2e, 0x8c, 0x3c, 0x38, 0x2e, 0x8c, 0x3c, 0x38, 0x2e, 0x8c,
    0x3c, 0x38, 0x2e, 0x8c, 0x3c, 0x38, 0x2e, 0x8c, 0x3c, 0x38, 0x2e, 0x8c, 0x3c, 0x38, 0x2e, 0x8c,
    0x3c, 0x38, 0x2e, 0x8c, 0x3c, 0x38, 0x2e, 0x8c, 0x3c, 0x38, 0x2e, 0x8c, 0x3c, 0x38, 0x2e, 0x8c,
    0x3c, 0x38, 0x2e, 0x8c, 0x3c, 0x38, 0x2e, 0x8c, 0x3c, 0x38, 0x2e, 0x8c, 0xaa, 0xc6, 0xd3, 0x12,
    0xaa, 0xc6, 0xd3, 0x0f, 0x3c, 0x38, 0x2e, 0x8c, 0x3c, 0x38, 0x2e, 0x8c, 0x3c, 0x38, 0x2e, 0x8c,
    0x3c, 0x38, 0x2e, 0x8c, 0x3c, 0x38, 0x2e, 0x8c, 0x3c, 0x38, 0x2e, 0x8c, 0x3c, 0x38, 0x2e, 0x8c,
    0x3c, 0x38, 0x2e, 0x8c, 0x3c, 0x38, 0x2e, 0x8c, 0x3c, 0x38, 0x2e, 0x8c, 0x3c, 0x38, 0x2e, 0x8c,
    0x3c, 0x38, 0x2e, 0x8c, 0x3c, 0x38, 0x2e, 0x8c, 0x3c, 0x38, 0x2e, 0x8c, 0x3c, 0x38, 0x2e, 0x8c,
    0x3c, 0x38, 0x2e, 0x8c, 0x3c, 0x38, 0x2e, 0x8c, 0x3c, 0x38, 0x2e, 0x8c, 0x3c, 0x38, 0x2e, 0x8c,
    0x3c, 0x38, 0x2e, 0x8c, 0x3c, 0x38, 0x2e, 0x8c, 0x3c, 0x38, 0x2e, 0x8c, 0x3c, 0x38, 0x2e, 0x8c,
    0x3c, 0x38, 0x2e, 0x8c, 0x3c, 0x38, 0x2e, 0x8c, 0x3c, 0x38, 0x2e, 0x8c, 0x3c, 0x38, 0x2e, 0x8c,
    0x3c, 0x38, 0x2e, 0x8c, 0x3c, 0x38, 0x2e, 0x8c, 0x3c, 0x38, 0x2e, 0x8c, 0x3c, 0x38, 0x2e, 0x8c,
    0x3c, 0x38, 0x2e, 0x8c, 0x3c, 0x38, 0x2e, 0x8c, 0x3c, 0x38, 0x2e, 0x8c, 0x3c, 0x38, 0x2e, 0x8c,
    0x3c, 0x38, 0x2e, 0x8c, 0x3c, 0x38, 0x2e, 0x8c, 0x3c, 0x38, 0x2e, 0x8c, 0x3c, 0x38, 0x2e, 0x8c,
    0x3c, 0x38, 0x2e, 0x8c, 0x3c, 0x38, 0x2e, 0x8c, 0x3c, 0x38, 0x2e, 0x8c, 0x3c, 0x38, 0x2e, 0x8c,
    0x3c, 0x38, 0x2e, 0x8c, 0x3c, 0x38, 0x2e, 0x8c, 0x3c, 0x38, 0x2e, 0x8c, 0x3c, 0x38, 0x2e, 0x8c,
    0x3c, 0x38, 0x2e, 0x8c, 0x3c, 0x38, 0x2e, 0x8c, 0x3c, 0x38, 0x2e, 0x8c, 0x3c, 0x38, 0x2e, 0x8c,
    0x3c, 0x38, 0x2e, 0x8c, 0x3c, 0x38, 0x2e, 0x8c, 0x3c, 0x38, 0x2e, 0x8c, 0x3c, 0x38, 0x2e, 0x8c,
    0x3c, 0x38, 0x2e, 0x8c, 0x3c, 0x38, 0x2e, 0x8c, 0x3c, 0x38, 0x2e, 0x8c, 0x3c, 0x38, 0x2e, 0x8c,
    0x3c, 0x38, 0x2e, 0x8c, 0x3c, 0x38, 0x2e, 0x8c, 0x3c, 0x38, 0x2e, 0x8c, 0x3c, 0x38, 0x2e, 0x8c,
    0x3c, 0x38, 0x2e, 0x8c, 0x3c, 0x38, 0x2e, 0x8c, 0x3c, 0x38, 0x2e, 0x8c, 0x3c, 0x38, 0x2e, 0x8c,
    0x3c, 0x38, 0x2e, 0x8c, 0xaa, 0xc6, 0xd3, 0x0f, 0xaa, 0xc6, 0xd3, 0x0a, 0xaa, 0xc6, 0xd3, 0x14,
    0x3c, 0x38, 0x2e, 0x8c, 0x3c, 0x38, 0x2e, 0x8c, 0x3c, 0x38, 0x2e, 0x8c, 0x3c, 0x38, 0x2e, 0x8c,
    0x3c, 0x38, 0x2e, 0x8c, 0x3c, 0x38, 0x2e, 0x8c, 0x3c, 0x38, 0x2e, 0x8c, 0x3c, 0x38, 0x2e, 0x8c,
    0x3c, 0x38, 0x2e, 0x8c, 0x3c, 0x38, 0x2e, 0x8c, 0x3c, 0x38, 0x2e, 0x8c, 0x3c, 0x38, 0x2e, 0x8c,
    0x3c, 0x38, 0x2e, 0x8c, 0x3c, 0x38, 0x2e, 0x8c, 0x3c, 0x38, 0x2e, 0x8c, 0x3c, 0x38, 0x2e, 0x8c,
    0x3c, 0x38, 0x2e, 0x8c, 0x3c, 0x38, 0x2e, 0x8c, 0x3c, 0x38, 0x2e, 0x8c, 0x3c, 0x38, 0x2e, 0x8c,
    0x3c, 0x38, 0x2e, 0x8c, 0x3c, 0x38, 0x2e, 0x8c, 0x3c, 0x38, 0x2e, 0x8c, 0x3c, 0x38, 0x2e, 0x8c,
    0x3c, 0x38, 0x2e, 0x8c, 0x3c, 0x38, 0x2e, 0x8c, 0x3c, 0x38, 0x2e, 0x8c, 0x3c, 0x38, 0x2e, 0x8c,
    0x3c, 0x38, 0x2e, 0x8c, 0x3c, 0x38, 0x2e, 0x8c, 0x3c, 0x38, 0x2e, 0x8c, 0x3c, 0x38, 0x2e, 0x8c,
    0x3c, 0x38, 0x2e, 0x8c, 0x3c, 0x38, 0x2e, 0x8c, 0x3c, 0x38, 0x2e, 0x8c, 0x3c, 0x38, 0x2e, 0x8c,
    0x3c, 0x38, 0x2e, 0x8c, 0x3c, 0x38, 0x2e, 0x8c, 0x3c, 0x38, 0x2e, 0x8c, 0x3c, 0x38, 0x2e, 0x8c,
    0x3c, 0x38, 0x2e, 0x8c, 0x3c, 0x38, 0x2e, 0x8c, 0x3c, 0x38, 0x2e, 0x8c, 0x3c, 0x38, 0x2e, 0x8c,
    0x3c, 0x38, 0x2e, 0x8c, 0x3c, 0x38, 0x2e, 0x8c, 0x3c, 0x38, 0x2e, 0x8c, 0x3c, 0x38, 0x2e, 0x8c,
    0x3c, 0x38, 0x2e, 0x8c, 0x3c, 0x38, 0x2e, 0x8c, 0x3c, 0x38, 0x2e, 0x8c, 0x3c, 0x38, 0x2e, 0x8c,
    0x3c, 0x38, 0x2e, 0x8c, 0x3c, 0x38, 0x2e, 0x8c, 0x3c, 0x38, 0x2e, 0x8c, 0x3c, 0x38, 0x2e, 0x8c,
    0x3c, 0x38, 0x2e, 0x8c, 0x3c, 0x38, 0x2e, 0x8c, 0x3c, 0x38, 0x2e, 0x8c, 0x3c, 0x38, 0x2e, 0x8c,
    0x3c, 0x38, 0x2e, 0x8c, 0x3c, 0x38, 0x2e, 0x8c, 0x3c, 0x38, 0x2e, 0x8c, 0x3c, 0x38, 0x2e, 0x8c,
    0x3c, 0x38, 0x2e, 0x8c, 0x3c, 0x38, 0x2e, 0x8c, 0xaa, 0xc6, 0xd3, 0x14, 0xaa, 0xc6, 0xd3, 0x0a,
    0xaa, 0xc6, 0xd3, 0x04, 0xaa, 0xc6, 0xd3, 0x14, 0x3c, 0x38, 0x2e, 0x8c, 0x3c, 0x38, 0x2e, 0x8c,
    0x3c, 0x38, 0x2e, 0x8c, 0x3c, 0x38, 0x2e, 0x8c, 0x3c, 0x38, 0x2e, 0x8c, 0x3c, 0x38, 0x2e, 0x8c,
    0x3c, 0x38, 0x2e, 0x8c, 0x3c, 0x38, 0x2e, 0x8c, 0x3c, 0x38, 0x2e, 0x8c, 0x3c, 0x38, 0x2e, 0x8c,
    0x3c, 0x38, 0x2e, 0x8c, 0x3c, 0x38, 0x2e, 0x8c, 0x3c, 0x38, 0x2e, 0x8c, 0x3c, 0x38, 0x2e, 0x8c,
    0x3c, 0x38, 0x2e, 0x8c, 0x3c, 0x38, 0x2e, 0x8c, 0x3c, 0x38, 0x2e, 0x8c, 0x3c, 0x38, 0x2e, 0x8c,
    0x3c, 0x38, 0x2e, 0x8c, 0x3c, 0x38, 0x2e, 0x8c, 0x3c, 0x38, 0x2e, 0x8c, 0x3c, 0x38, 0x2e, 0x8c,
    0x3c, 0x38, 0x2e, 0x8c, 0x3c, 0x38, 0x2e, 0x8c, 0x3c, 0x38, 0x2e, 0x8c, 0x3c, 0x38, 0x2e, 0x8c,
    0x3c, 0x38, 0x2e, 0x8c, 0x3c, 0x38, 0x2e, 0x8c, 0x3c, 0x38, 0x2e, 0x8c, 0x3c, 0x38, 0x2e, 0x8c,
    0x3c, 0x38, 0x2e, 0x8c, 0x3c, 0x38, 0x2e, 0x8c, 0x3c, 0x38, 0x2e, 0x8c, 0x3c, 0x38, 0x2e, 0x8c,
    0x3c, 0x38, 0x2e, 0x8c, 0x3c, 0x38, 0x2e, 0x8c, 0x3c, 0x38, 0x2e, 0x8c, 0x3c, 0x38, 0x2e, 0x8c,
    0x3c, 0x38, 0x2e, 0x8c, 0x3c, 0x38, 0x2e, 0x8c, 0x3c, 0x38, 0x2e, 0x8c, 0x3c, 0x38, 0x2e, 0x8c,
    0x3c, 0x38, 0x2e, 0x8c, 0x3c, 0x38, 0x2e, 0x8c, 0x3c, 0x38, 0x2e, 0x8c, 0x3c, 0x38, 0x2e, 0x8c,
    0x3c, 0x38, 0x2e, 0x8c, 0x3c, 0x38, 0x2e, 0x8c, 0x3c, 0x38, 0x2e, 0x8c, 0x3c, 0x38, 0x2e, 0x8c,
    0x3c, 0x38, 0x2e, 0x8c, 0x3c, 0x38, 0x2e, 0x8c, 0x3c, 0x38, 0x2e, 0x8c, 0x3c, 0x38, 0x2e, 0x8c,
    0x3c, 0x38, 0x2e, 0x8c, 0x3c, 0x38, 0x2e, 0x8c, 0x3c, 0x38, 0x2e, 0x8c, 0x3c, 0x38, 0x2e, 0x8c,
    0x3c, 0x38, 0x2e, 0x8c, 0x3c, 0x38, 0x2e, 0x8c, 0x3c, 0x38, 0x2e, 0x8c, 0x3c, 0x38, 0x2e, 0x8c,
    0x3c, 0x38, 0x2e, 0x8c, 0x3c, 0x38, 0x2e, 0x8c, 0x3c, 0x38, 0x2e, 0x8c, 0x3c, 0x38, 0x2e, 0x8c,
    0xaa, 0xc6, 0xd3, 0x14, 0xaa, 0xc6, 0xd3, 0x04, 0x00, 0x00, 0x00, 0x00, 0xaa, 0xc6, 0xd3, 0x0f,
    0x3c, 0x38, 0x2e, 0x8c, 0x3c, 0x38, 0x2e, 0x8c, 0x3c, 0x38, 0x2e, 0x8c, 0x3c, 0x38, 0x2e, 0x8c,
    0x3c, 0x38, 0x2e, 0x8c, 0x3c, 0x38, 0x2e, 0x8c, 0x3c, 0x38, 0x2e, 0x8c, 0x3c, 0x38, 0x2e, 0x8c,
    0x3c, 0x38, 0x2e, 0x8c, 0x3c, 0x38, 0x2e, 0x8c, 0x3c, 0x38, 0x2e, 0x8c, 0x3c, 0x38, 0x2e, 0x8c,
    0x3c, 0x38, 0x2e, 0x8c, 0x3c, 0x38, 0x2e, 0x8c, 0x3c, 0x38, 0x2e, 0x8c, 0x3c, 0x38, 0x2e, 0x8c,
    0x3c, 0x38, 0x2e, 0x8c, 0x3c, 0x38, 0x2e, 0x8c, 0x3c, 0x38, 0x2e, 0x8c, 0x3c, 0x38, 0x2e, 0x8c,
    0x3c, 0x38, 0x2e, 0x8c, 0x3c, 0x38, 0x2e, 0x8c, 0x3c, 0x38, 0x2e, 0x8c, 0x3c, 0x38, 0x2e, 0x8c,
    0x3c, 0x38, 0x2e, 0x8c, 0x3c, 0x38, 0x2e, 0x8c, 0x3c, 0x38, 0x2e, 0x8c, 0x3c, 0x38, 0x2e, 0x8c,
    0x3c, 0x38, 0x2e, 0x8c, 0x3c, 0x38, 0x2e, 0x8c, 0x3c, 0x38, 0x2e, 0x8c, 0x3c, 0x38, 0x2e, 0x8c,
    0x3c, 0x38, 0x2e, 0x8c, 0x3c, 0x38, 0x2e, 0x8c, 0x3c, 0x38, 0x2e, 0x8c, 0x3c, 0x38, 0x2e, 0x8c,
    0x3c, 0x38, 0x2e, 0x8c, 0x3c, 0x38, 0x2e, 0x8c, 0x3c, 0x38, 0x2e, 0x8c, 0x3c, 0x38, 0x2e, 0x8c,
    0x3c, 0x38, 0x2e, 0x8c, 0x3c, 0x38, 0x2e, 0x8c, 0x3c, 0x38, 0x2e, 0x8c, 0x3c, 0x38, 0x2e, 0x8c,
    0x3c, 0x38, 0x2e, 0x8c, 0x3c, 0x38, 0x2e, 0x8c, 0x3c, 0x38, 0x2e, 0x8c, 0x3c, 0x38, 0x2e, 0x8c,
    0x3c, 0x38, 0x2e, 0x8c, 0x3c, 0x38, 0x2e, 0x8c, 0x3c, 0x38, 0x2e, 0x8c, 0x3c, 0x38, 0x2e, 0x8c,
    0x3c, 0x38, 0x2e, 0x8c, 0x3c, 0x38, 0x2e, 0x8c, 0x3c, 0x38, 0x2e, 0x8c, 0x3c, 0x38, 0x2e, 0x8c,
    0x3c, 0x38, 0x2e, 0x8c, 0x3c, 0x38, 0x2e, 0x8c, 0x3c, 0x38, 0x2e, 0x8c, 0x3c, 0x38, 0x2e, 0x8c,
    0x3c, 0x38, 0x2e, 0x8c, 0x3c, 0x38, 0x2e, 0x8c, 0x3c, 0x38, 0x2e, 0x8c, 0x3c, 0x38, 0x2e, 0x8c,
    0x3c, 0x38, 0x2e, 0x8c, 0x3c, 0x38, 0x2e, 0x8c, 0xaa, 0xc6, 0xd3, 0x0f, 0x00, 0x00, 0x00, 0x00,
    0x00, 0x00, 0x00, 0x00, 0xaa, 0xc6, 0xd3, 0x05, 0xaa, 0xc6, 0xd3, 0x14, 0x3c, 0x38, 0x2e, 0x8c,
    0x3c, 0x38, 0x2e, 0x8c, 0x3c, 0x38, 0x2e, 0x8c, 0x3c, 0x38, 0x2e, 0x8c, 0x3c, 0x38, 0x2e, 0x8c,
    0x3c, 0x38, 0x2e, 0x8c, 0x3c, 0x38, 0x2e, 0x8c, 0x3c, 0x38, 0x2e, 0x8c, 0x3c, 0x38, 0x2e, 0x8c,
    0x3c, 0x38, 0x2e, 0x8c, 0x3c, 0x38, 0x2e, 0x8c, 0x3c, 0x38, 0x2e, 0x8c, 0x3c, 0x38, 0x2e, 0x8c,
    0x3c, 0x38, 0x2e, 0x8c, 0x3c, 0x38, 0x2e, 0x8c, 0x3c, 0x38, 0x2e, 0x8c, 0x3c, 0x38, 0x2e, 0x8c,
    0x3c, 0x38, 0x2e, 0x8c, 0x3c, 0x38, 0x2e, 0x8c, 0x3c, 0x38, 0x2e, 0x8c, 0x3c, 0x38, 0x2e, 0x8c,
    0x3c, 0x38, 0x2e, 0x8c, 0x3c, 0x38, 0x2e, 0x8c, 0x3c, 0x38, 0x2e, 0x8c, 0x3c, 0x38, 0x2e, 0x8c,
    0x3c, 0x38, 0x2e, 0x8c, 0x3c, 0x38, 0x2e, 0x8c, 0x3c, 0x38, 0x2e, 0x8c, 0x3c, 0x38, 0x2e, 0x8c,
    0x3c, 0x38, 0x2e, 0x8c, 0x3c, 0x38, 0x2e, 0x8c, 0x3c, 0x38, 0x2e, 0x8c, 0x3c, 0x38, 0x2e, 0x8c,
    0x3c, 0x38, 0x2e, 0x8c, 0x3c, 0x38, 0x2e, 0x8c, 0x3c, 0x38, 0x2e, 0x8c, 0x3c, 0x38, 0x2e, 0x8c,
    0x3c, 0x38, 0x2e, 0x8c, 0x3c, 0x38, 0x2e, 0x8c, 0x3c, 0x38, 0x2e, 0x8c, 0x3c, 0x38, 0x2e, 0x8c,
    0x3c, 0x38, 0x2e, 0x8c, 0x3c, 0x38, 0x2e, 0x8c, 0x3c, 0x38, 0x2e, 0x8c, 0x3c, 0x38, 0x2e, 0x8c,
    0x3c, 0x38, 0x2e, 0x8c, 0x3c, 0x38, 0x2e, 0x8c, 0x3c, 0x38, 0x2e, 0x8c, 0x3c, 0x38, 0x2e, 0x8c,
    0x3c, 0x38, 0x2e, 0x8c, 0x3c, 0x38, 0x2e, 0x8c, 0x3c, 0x38, 0x2e, 0x8c, 0x3c, 0x38, 0x2e, 0x8c,
    0x3c, 0x38, 0x2e, 0x8c, 0x3c, 0x38, 0x2e, 0x8c, 0x3c, 0x38, 0x2e, 0x8c, 0x3c, 0x38, 0x2e, 0x8c,
    0x3c, 0x38, 0x2e, 0x8c, 0x3c, 0x38, 0x2e, 0x8c, 0x3c, 0x38, 0x2e, 0x8c, 0x3c, 0x38, 0x2e, 0x8c,
    0x3c, 0x38, 0x2e, 0x8c, 0x3c, 0x38, 0x2e, 0x8c, 0x3c, 0x38, 0x2e, 0x8c, 0xaa, 0xc6, 0xd3, 0x14,
    0xaa, 0xc6, 0xd3, 0x05, 0x00, 0x00, 0x00, 0x00, 0x00, 0x00, 0x00, 0x00, 0x00, 0x00, 0x00, 0x00,
    0xaa, 0xc6, 0xd3, 0x0b, 0xaa, 0xc6, 0xd3, 0x14, 0x3c, 0x38, 0x2e, 0x8c, 0x3c, 0x38, 0x2e, 0x8c,
    0x3c, 0x38, 0x2e, 0x8c, 0x3c, 0x38, 0x2e, 0x8c, 0x3c, 0x38, 0x2e, 0x8c, 0x3c, 0x38, 0x2e, 0x8c,
    0x3c, 0x38, 0x2e, 0x8c, 0x3c, 0x38, 0x2e, 0x8c, 0x3c, 0x38, 0x2e, 0x8c, 0x3c, 0x38, 0x2e, 0x8c,
    0x3c, 0x38, 0x2e, 0x8c, 0x3c, 0x38, 0x2e, 0x8c, 0x3c, 0x38, 0x2e, 0x8c, 0x3c, 0x38, 0x2e, 0x8c,
    0x3c, 0x38, 0x2e, 0x8c, 0x3c, 0x38, 0x2e, 0x8c, 0x3c, 0x38, 0x2e, 0x8c, 0x3c, 0x38, 0x2e, 0x8c,
    0x3c, 0x38, 0x2e, 0x8c, 0x3c, 0x38, 0x2e, 0x8c, 0x3c, 0x38, 0x2e, 0x8c, 0x3c, 0x38, 0x2e, 0x8c,
    0x3c, 0x38, 0x2e, 0x8c, 0x3c, 0x38, 0x2e, 0x8c, 0x3c, 0x38, 0x2e, 0x8c, 0x3c, 0x38, 0x2e, 0x8c,
    0x3c, 0x38, 0x2e, 0x8c, 0x3c, 0x38, 0x2e, 0x8c, 0x3c, 0x38, 0x2e, 0x8c, 0x3c, 0x38, 0x2e, 0x8c,
    0x3c, 0x38, 0x2e, 0x8c, 0x3c, 0x38, 0x2e, 0x8c, 0x3c, 0x38, 0x2e, 0x8c, 0x3c, 0x38, 0x2e, 0x8c,
    0x3c, 0x38, 0x2e, 0x8c, 0x3c, 0x38, 0x2e, 0x8c, 0x3c, 0x38, 0x2e, 0x8c, 0x3c, 0x38, 0x2e, 0x8c,
    0x3c, 0x38, 0x2e, 0x8c, 0x3c, 0x38, 0x2e, 0x8c, 0x3c, 0x38, 0x2e, 0x8c, 0x3c, 0x38, 0x2e, 0x8c,
    0x3c, 0x38, 0x2e, 0x8c, 0x3c, 0x38, 0x2e, 0x8c, 0x3c, 0x38, 0x2e, 0x8c, 0x3c, 0x38, 0x2e, 0x8c,
    0x3c, 0x38, 0x2e, 0x8c, 0x3c, 0x38, 0x2e, 0x8c, 0x3c, 0x38, 0x2e, 0x8c, 0x3c, 0x38, 0x2e, 0x8c,
    0x3c, 0x38, 0x2e, 0x8c, 0x3c, 0x38, 0x2e, 0x8c, 0x3c, 0x38, 0x2e, 0x8c, 0x3c, 0x38, 0x2e, 0x8c,
    0x3c, 0x38, 0x2e, 0x8c, 0x3c, 0x38, 0x2e, 0x8c, 0x3c, 0x38, 0x2e, 0x8c, 0x3c, 0x38, 0x2e, 0x8c,
    0x3c, 0x38, 0x2e, 0x8c, 0x3c, 0x38, 0x2e, 0x8c, 0x3c, 0x38, 0x2e, 0x8c, 0x3c, 0x38, 0x2e, 0x8c,
    0xaa, 0xc6, 0xd3, 0x14, 0xaa, 0xc6, 0xd3, 0x0b, 0x00, 0x00, 0x00, 0x00, 0x00, 0x00, 0x00, 0x00,
    0x00, 0x00, 0x00, 0x00, 0x00, 0x00, 0x00, 0x00, 0x00, 0x00, 0x00, 0x00, 0xaa, 0xc6, 0xd3, 0x0f,
    0xaa, 0xc6, 0xd3, 0x14, 0x3c, 0x38, 0x2e, 0x8c, 0x3c, 0x38, 0x2e, 0x8c, 0x3c, 0x38, 0x2e, 0x8c,
    0x3c, 0x38, 0x2e, 0x8c, 0x3c, 0x38, 0x2e, 0x8c, 0x3c, 0x38, 0x2e, 0x8c, 0x3c, 0x38, 0x2e, 0x8c,
    0x3c, 0x38, 0x2e, 0x8c, 0x3c, 0x38, 0x2e, 0x8c, 0x3c, 0x38, 0x2e, 0x8c, 0x3c, 0x38, 0x2e, 0x8c,
    0x3c, 0x38, 0x2e, 0x8c, 0x3c, 0x38, 0x2e, 0x8c, 0x3c, 0x38, 0x2e, 0x8c, 0x3c, 0x38, 0x2e, 0x8c,
    0x3c, 0x38, 0x2e, 0x8c, 0x3c, 0x38, 0x2e, 0x8c, 0x3c, 0x38, 0x2e, 0x8c, 0x3c, 0x38, 0x2e, 0x8c,
    0x3c, 0x38, 0x2e, 0x8c, 0x3c, 0x38, 0x2e, 0x8c, 0x3c, 0x38, 0x2e, 0x8c, 0x3c, 0x38, 0x2e, 0x8c,
    0x3c, 0x38, 0x2e, 0x8c, 0x3c, 0x38, 0x2e, 0x8c, 0x3c, 0x38, 0x2e, 0x8c, 0x3c, 0x38, 0x2e, 0x8c,
    0x3c, 0x38, 0x2e, 0x8c, 0x3c, 0x38, 0x2e, 0x8c, 0x3c, 0x38, 0x2e, 0x8c, 0x3c, 0x38, 0x2e, 0x8c,
    0x3c, 0x38, 0x2e, 0x8c, 0x3c, 0x38, 0x2e, 0x8c, 0x3c, 0x38, 0x2e, 0x8c, 0x3c, 0x38, 0x2e, 0x8c,
    0x3c, 0x38, 0x2e, 0x8c, 0x3c, 0x38, 0x2e, 0x8c, 0x3c, 0x38, 0x2e, 0x8c, 0x3c, 0x38, 0x2e, 0x8c,
    0x3c, 0x38, 0x2e, 0x8c, 0x3c, 0x38, 0x2e, 0x8c, 0x3c, 0x38, 0x2e, 0x8c, 0x3c, 0x38, 0x2e, 0x8c,
    0x3c, 0x38, 0x2e, 0x8c, 0x3c, 0x38, 0x2e, 0x8c, 0x3c, 0x38, 0x2e, 0x8c, 0x3c, 0x38, 0x2e, 0x8c,
    0x3c, 0x38, 0x2e, 0x8c, 0x3c, 0x38, 0x2e, 0x8c, 0x3c, 0x38, 0x2e, 0x8c, 0x3c, 0x38, 0x2e, 0x8c,
    0x3c, 0x38, 0x2e, 0x8c, 0x3c, 0x38, 0x2e, 0x8c, 0x3c, 0x38, 0x2e, 0x8c, 0x3c, 0x38, 0x2e, 0x8c,
    0x3c, 0x38, 0x2e, 0x8c, 0x3c, 0x38, 0x2e, 0x8c, 0x3c, 0x38, 0x2e, 0x8c, 0x3c, 0x38, 0x2e, 0x8c,
    0x3c, 0x38, 0x2e, 0x8c, 0xaa, 0xc6, 0xd3, 0x14, 0xaa, 0xc6, 0xd3, 0x0f, 0x00, 0x00, 0x00, 0x00,
    0x00, 0x00, 0x00, 0x00, 0x00, 0x00, 0x00, 0x00, 0x00, 0x00, 0x00, 0x00, 0x00, 0x00, 0x00, 0x00,
    0x00, 0x00, 0x00, 0x00, 0xaa, 0xc6, 0xd3, 0x01, 0xaa, 0xc6, 0xd3, 0x0f, 0xaa, 0xc6, 0xd3, 0x14,
    0x3c, 0x38, 0x2e, 0x8c, 0x3c, 0x38, 0x2e, 0x8c, 0x3c, 0x38, 0x2e, 0x8c, 0x3c, 0x38, 0x2e, 0x8c,
    0x3c, 0x38, 0x2e, 0x8c, 0x3c, 0x38, 0x2e, 0x8c, 0x3c, 0x38, 0x2e, 0x8c, 0x3c, 0x38, 0x2e, 0x8c,
    0x3c, 0x38, 0x2e, 0x8c, 0x3c, 0x38, 0x2e, 0x8c, 0x3c, 0x38, 0x2e, 0x8c, 0x3c, 0x38, 0x2e, 0x8c,
    0x3c, 0x38, 0x2e, 0x8c, 0x3c, 0x38, 0x2e, 0x8c, 0x3c, 0x38, 0x2e, 0x8c, 0x3c, 0x38, 0x2e, 0x8c,
    0x3c, 0x38, 0x2e, 0x8c, 0x3c, 0x38, 0x2e, 0x8c, 0x3c, 0x38, 0x2e, 0x8c, 0x3c, 0x38, 0x2e, 0x8c,
    0x3c, 0x38, 0x2e, 0x8c, 0x3c, 0x38, 0x2e, 0x8c, 0x3c, 0x38, 0x2e, 0x8c, 0x3c, 0x38, 0x2e, 0x8c,
    0x3c, 0x38, 0x2e, 0x8c, 0x3c, 0x38, 0x2e, 0x8c, 0x3c, 0x38, 0x2e, 0x8c, 0x3c, 0x38, 0x2e, 0x8c,
    0x3c, 0x38, 0x2e, 0x8c, 0x3c, 0x38, 0x2e, 0x8c, 0x3c, 0x38, 0x2e, 0x8c, 0x3c, 0x38, 0x2e, 0x8c,
    0x3c, 0x38, 0x2e, 0x8c, 0x3c, 0x38, 0x2e, 0x8c, 0x3c, 0x38, 0x2e, 0x8c, 0x3c, 0x38, 0x2e, 0x8c,
    0x3c, 0x38, 0x2e, 0x8c, 0x3c, 0x38, 0x2e, 0x8c, 0x3c, 0x38, 0x2e, 0x8c, 0x3c, 0x38, 0x2e, 0x8c,
    0x3c, 0x38, 0x2e, 0x8c, 0x3c, 0x38, 0x2e, 0x8c, 0x3c, 0x38, 0x2e, 0x8c, 0x3c, 0x38, 0x2e, 0x8c,
    0x3c, 0x38, 0x2e, 0x8c, 0x3c, 0x38, 0x2e, 0x8c, 0x3c, 0x38, 0x2e, 0x8c, 0x3c, 0x38, 0x2e, 0x8c,
    0x3c, 0x38, 0x2e, 0x8c, 0x3c, 0x38, 0x2e, 0x8c, 0x3c, 0x38, 0x2e, 0x8c, 0x3c, 0x38, 0x2e, 0x8c,
    0x3c, 0x38, 0x2e, 0x8c, 0x3c, 0x38, 0x2e, 0x8c, 0x3c, 0x38, 0x2e, 0x8c, 0x3c, 0x38, 0x2e, 0x8c,
    0x3c, 0x38, 0x2e, 0x8c, 0x3c, 0x38, 0x2e, 0x8c, 0xaa, 0xc6, 0xd3, 0x14, 0xaa, 0xc6, 0xd3, 0x0f,
    0xaa, 0xc6, 0xd3, 0x01, 0x00, 0x00, 0x00, 0x00, 0x00, 0x00, 0x00, 0x00, 0x00, 0x00, 0x00, 0x00,
    0x00, 0x00, 0x00, 0x00, 0x00, 0x00, 0x00, 0x00, 0x00, 0x00, 0x00, 0x00, 0x00, 0x00, 0x00, 0x00,
    0x00, 0x00, 0x00, 0x00, 0xaa, 0xc6, 0xd3, 0x0b, 0xaa, 0xc6, 0xd3, 0x14, 0x3c, 0x38, 0x2e, 0x8c,
    0x3c, 0x38, 0x2e, 0x8c, 0x3c, 0x38, 0x2e, 0x8c, 0x3c, 0x38, 0x2e, 0x8c, 0x3c, 0x38, 0x2e, 0x8c,
    0x3c, 0x38, 0x2e, 0x8c, 0x3c, 0x38, 0x2e, 0x8c, 0x3c, 0x38, 0x2e, 0x8c, 0x3c, 0x38, 0x2e, 0x8c,
    0x3c, 0x38, 0x2e, 0x8c, 0x3c, 0x38, 0x2e, 0x8c, 0x3c, 0x38, 0x2e, 0x8c, 0x3c, 0x38, 0x2e, 0x8c,
    0x3c, 0x38, 0x2e, 0x8c, 0x3c, 0x38, 0x2e, 0x8c, 0x3c, 0x38, 0x2e, 0x8c, 0x3c, 0x38, 0x2e, 0x8c,
    0x3c, 0x38, 0x2e, 0x8c, 0x3c, 0x38, 0x2e, 0x8c, 0x3c, 0x38, 0x2e, 0x8c, 0x3c, 0x38, 0x2e, 0x8c,
    0x3c, 0x38, 0x2e, 0x8c, 0x3c, 0x38, 0x2e, 0x8c, 0x3c, 0x38, 0x2e, 0x8c, 0x3c, 0x38, 0x2e, 0x8c,
    0x3c, 0x38, 0x2e, 0x8c, 0x3c, 0x38, 0x2e, 0x8c, 0x3c, 0x38, 0x2e, 0x8c, 0x3c, 0x38, 0x2e, 0x8c,
    0x3c, 0x38, 0x2e, 0x8c, 0x3c, 0x38, 0x2e, 0x8c, 0x3c, 0x38, 0x2e, 0x8c, 0x3c, 0x38, 0x2e, 0x8c,
    0x3c, 0x38, 0x2e, 0x8c, 0x3c, 0x38, 0x2e, 0x8c, 0x3c, 0x38, 0x2e, 0x8c, 0x3c, 0x38, 0x2e, 0x8c,
    0x3c, 0x38, 0x2e, 0x8c, 0x3c, 0x38, 0x2e, 0x8c, 0x3c, 0x38, 0x2e, 0x8c, 0x3c, 0x38, 0x2e, 0x8c,
    0x3c, 0x38, 0x2e, 0x8c, 0x3c, 0x38, 0x2e, 0x8c, 0x3c, 0x38, 0x2e, 0x8c, 0x3c, 0x38, 0x2e, 0x8c,
    0x3c, 0x38, 0x2e, 0x8c, 0x3c, 0x38, 0x2e, 0x8c, 0x3c, 0x38, 0x2e, 0x8c, 0x3c, 0x38, 0x2e, 0x8c,
    0x3c, 0x38, 0x2e, 0x8c, 0x3c, 0x38, 0x2e, 0x8c, 0x3c, 0x38, 0x2e, 0x8c, 0x3c, 0x38, 0x2e, 0x8c,
    0x3c, 0x38, 0x2e, 0x8c, 0x3c, 0x38, 0x2e, 0x8c, 0x3c, 0x38, 0x2e, 0x8c, 0xaa, 0xc6, 0xd3, 0x14,
    0xaa, 0xc6, 0xd3, 0x0b, 0x00, 0x00, 0x00, 0x00, 0x00, 0x00, 0x00, 0x00, 0x00, 0x00, 0x00, 0x00,
    0x00, 0x00, 0x00, 0x00, 0x00, 0x00, 0x00, 0x00, 0x00, 0x00, 0x00, 0x00, 0x00, 0x00, 0x00, 0x00,
    0x00, 0x00, 0x00, 0x00, 0x00, 0x00, 0x00, 0x00, 0x00, 0x00, 0x00, 0x00, 0x00, 0x00, 0x00, 0x00,
    0xaa, 0xc6, 0xd3, 0x05, 0xaa, 0xc6, 0xd3, 0x0f, 0xaa, 0xc6, 0xd3, 0x14, 0xaa, 0xc6, 0xd3, 0x14,
    0x3c, 0x38, 0x2e, 0x8c, 0x3c, 0x38, 0x2e, 0x8c, 0x3c, 0x38, 0x2e, 0x8c, 0x3c, 0x38, 0x2e, 0x8c,
    0x3c, 0x38, 0x2e, 0x8c, 0x3c, 0x38, 0x2e, 0x8c, 0x3c, 0x38, 0x2e, 0x8c, 0x3c, 0x38, 0x2e, 0x8c,
    0x3c, 0x38, 0x2e, 0x8c, 0x3c, 0x38, 0x2e, 0x8c, 0x3c, 0x38, 0x2e, 0x8c, 0x3c, 0x38, 0x2e, 0x8c,
    0x3c, 0x38, 0x2e, 0x8c, 0x3c, 0x38, 0x2e, 0x8c, 0x3c, 0x38, 0x2e, 0x8c, 0x3c, 0x38, 0x2e, 0x8c,
    0x3c, 0x38, 0x2e, 0x8c, 0x3c, 0x38, 0x2e, 0x8c, 0x3c, 0x38, 0x2e, 0x8c, 0x3c, 0x38, 0x2e, 0x8c,
    0x3c, 0x38, 0x2e, 0x8c, 0x3c, 0x38, 0x2e, 0x8c, 0x3c, 0x38, 0x2e, 0x8c, 0x3c, 0x38, 0x2e, 0x8c,
    0x3c, 0x38, 0x2e, 0x8c, 0x3c, 0x38, 0x2e, 0x8c, 0x3c, 0x38, 0x2e, 0x8c, 0x3c, 0x38, 0x2e, 0x8c,
    0x3c, 0x38, 0x2e, 0x8c, 0x3c, 0x38, 0x2e, 0x8c, 0x3c, 0x38, 0x2e, 0x8c, 0x3c, 0x38, 0x2e, 0x8c,
    0x3c, 0x38, 0x2e, 0x8c, 0x3c, 0x38, 0x2e, 0x8c, 0x3c, 0x38, 0x2e, 0x8c, 0x3c, 0x38, 0x2e, 0x8c,
    0x3c, 0x38, 0x2e, 0x8c, 0x3c, 0x38, 0x2e, 0x8c, 0x3c, 0x38, 0x2e, 0x8c, 0x3c, 0x38, 0x2e, 0x8c,
    0x3c, 0x38, 0x2e, 0x8c, 0x3c, 0x38, 0x2e, 0x8c, 0x3c, 0x38, 0x2e, 0x8c, 0x3c, 0x38, 0x2e, 0x8c,
    0x3c, 0x38, 0x2e, 0x8c, 0x3c, 0x38, 0x2e, 0x8c, 0x3c, 0x38, 0x2e, 0x8c, 0x3c, 0x38, 0x2e, 0x8c,
    0x3c, 0x38, 0x2e, 0x8c, 0x3c, 0x38, 0x2e, 0x8c, 0xaa, 0xc6, 0xd3, 0x14, 0xaa, 0xc6, 0xd3, 0x14,
    0xaa, 0xc6, 0xd3, 0x0f, 0xaa, 0xc6, 0xd3, 0x05, 0x00, 0x00, 0x00, 0x00, 0x00, 0x00, 0x00, 0x00,
    0x00, 0x00, 0x00, 0x00, 0x00, 0x00, 0x00, 0x00, 0x00, 0x00, 0x00, 0x00, 0x00, 0x00, 0x00, 0x00,
    0x00, 0x00, 0x00, 0x00, 0x00, 0x00, 0x00, 0x00, 0x00, 0x00, 0x00, 0x00, 0x00, 0x00, 0x00, 0x00,
    0x00, 0x00, 0x00, 0x00, 0x00, 0x00, 0x00, 0x00, 0x00, 0x00, 0x00, 0x00, 0x00, 0x00, 0x00, 0x00,
    0xaa, 0xc6, 0xd3, 0x04, 0xaa, 0xc6, 0xd3, 0x0a, 0xaa, 0xc6, 0xd3, 0x0f, 0xaa, 0xc6, 0xd3, 0x12,
    0xaa, 0xc6, 0xd3, 0x13, 0xaa, 0xc6, 0xd3, 0x14, 0xaa, 0xc6, 0xd3, 0x14, 0xaa, 0xc6, 0xd3, 0x14,
    0xaa, 0xc6, 0xd3, 0x14, 0xaa, 0xc6, 0xd3, 0x14, 0xaa, 0xc6, 0xd3, 0x14, 0xaa, 0xc6, 0xd3, 0x14,
    0xaa, 0xc6, 0xd3, 0x14, 0xaa, 0xc6, 0xd3, 0x14, 0xaa, 0xc6, 0xd3, 0x14, 0xaa, 0xc6, 0xd3, 0x14,
    0xaa, 0xc6, 0xd3, 0x14, 0xaa, 0xc6, 0xd3, 0x14, 0xaa, 0xc6, 0xd3, 0x14, 0xaa, 0xc6, 0xd3, 0x14,
    0xaa, 0xc6, 0xd3, 0x14, 0xaa, 0xc6, 0xd3, 0x14, 0xaa, 0xc6, 0xd3, 0x14, 0xaa, 0xc6, 0xd3, 0x14,
    0xaa, 0xc6, 0xd3, 0x14, 0xaa, 0xc6, 0xd3, 0x14, 0xaa, 0xc6, 0xd3, 0x14, 0xaa, 0xc6, 0xd3, 0x14,
    0xaa, 0xc6, 0xd3, 0x14, 0xaa, 0xc6, 0xd3, 0x14, 0xaa, 0xc6, 0xd3, 0x14, 0xaa, 0xc6, 0xd3, 0x14,
    0xaa, 0xc6, 0xd3, 0x14, 0xaa, 0xc6, 0xd3, 0x14, 0xaa, 0xc6, 0xd3, 0x14, 0xaa, 0xc6, 0xd3, 0x14,
    0xaa, 0xc6, 0xd3, 0x14, 0xaa, 0xc6, 0xd3, 0x14, 0xaa, 0xc6, 0xd3, 0x14, 0xaa, 0xc6, 0xd3, 0x14,
    0xaa, 0xc6, 0xd3, 0x14, 0xaa, 0xc6, 0xd3, 0x14, 0xaa, 0xc6, 0xd3, 0x14, 0xaa, 0xc6, 0xd3, 0x14,
    0xaa, 0xc6, 0xd3, 0x14, 0xaa, 0xc6, 0xd3, 0x14, 0xaa, 0xc6, 0xd3, 0x14, 0xaa, 0xc6, 0xd3, 0x14,
    0xaa, 0xc6, 0xd3, 0x14, 0xaa, 0xc6, 0xd3, 0x13, 0xaa, 0xc6, 0xd3, 0x12, 0xaa, 0xc6, 0xd3, 0x0f,
    0xaa, 0xc6, 0xd3, 0x0a, 0xaa, 0xc6, 0xd3, 0x04, 0x00, 0x00, 0x00, 0x00, 0x00, 0x00, 0x00, 0x00,
    0x00, 0x00, 0x00, 0x00, 0x00, 0x00, 0x00, 0x00, 0x00, 0x00, 0x00, 0x00, 0x00, 0x00, 0x00, 0x00,
    0x00, 0x00, 0x00, 0x00, 0x00, 0x00, 0x00, 0x00,
};
static const lv_img_dsc_t pill_chip_clock = {
    .header.always_zero = 0,
    .header.w = 70,
    .header.h = 27,
    .header.cf = LV_IMG_CF_TRUE_COLOR_ALPHA,
    .data_size = sizeof(pill_chip_clock_data),
    .data = pill_chip_clock_data,
};

static const uint8_t pill_meta_launches_data[] = {
    0x00, 0x00, 0x00, 0x00, 0x00, 0x00, 0x00, 0x00, 0x00, 0x00, 0x00, 0x00, 0x00, 0x00, 0x00, 0x00,
    0x00, 0x00, 0x00, 0x00, 0x00, 0x00, 0x00, 0x00, 0x00, 0x00, 0x00, 0x00, 0xaa, 0xc6, 0xd3, 0x03,
    0xaa, 0xc6, 0xd3, 0x09, 0xaa, 0xc6, 0xd3, 0x0e, 0xaa, 0xc6, 0xd3, 0x12, 0xaa, 0xc6, 0xd3, 0x13,
    0xaa, 0xc6, 0xd3, 0x14, 0xaa, 0xc6, 0xd3, 0x14, 0xaa, 0xc6, 0xd3, 0x14, 0xaa, 0xc6, 0xd3, 0x14,
    0xaa, 0xc6, 0xd3, 0x14, 0xaa, 0xc6, 0xd3, 0x14, 0xaa, 0xc6, 0xd3, 0x14, 0xaa, 0xc6, 0xd3, 0x14,
    0xaa, 0xc6, 0xd3, 0x14, 0xaa, 0xc6, 0xd3, 0x14, 0xaa, 0xc6, 0xd3, 0x14, 0xaa, 0xc6, 0xd3, 0x14,
    0xaa, 0xc6, 0xd3, 0x14, 0xaa, 0xc6, 0xd3, 0x14, 0xaa, 0xc6, 0xd3, 0x14, 0xaa, 0xc6, 0xd3, 0x14,
    0xaa, 0xc6, 0xd3, 0x14, 0xaa, 0xc6, 0xd3, 0x14, 0xaa, 0xc6, 0xd3, 0x14, 0xaa, 0xc6, 0xd3, 0x14,
    0xaa, 0xc6, 0xd3, 0x14, 0xaa, 0xc6, 0xd3, 0x14, 0xaa, 0xc6, 0xd3, 0x14, 0xaa, 0xc6, 0xd3, 0x14,
    0xaa, 0xc6, 0xd3, 0x14, 0xaa, 0xc6, 0xd3, 0x14, 0xaa, 0xc6, 0xd3, 0x14, 0xaa, 0xc6, 0xd3, 0x14,
    0xaa, 0xc6, 0xd3, 0x14, 0xaa, 0xc6, 0xd3, 0x14, 0xaa, 0xc6, 0xd3, 0x14, 0xaa, 0xc6, 0xd3, 0x14,
    0xaa, 0xc6, 0xd3, 0x14, 0xaa, 0xc6, 0xd3, 0x14, 0xaa, 0xc6, 0xd3, 0x14, 0xaa, 0xc6, 0xd3, 0x14,
    0xaa, 0xc6, 0xd3, 0x14, 0xaa, 0xc6, 0xd3, 0x14, 0xaa, 0xc6, 0xd3, 0x14, 0xaa, 0xc6, 0xd3, 0x14,
    0xaa, 0xc6, 0xd3, 0x14, 0xaa, 0xc6, 0xd3, 0x14, 0xaa, 0xc6, 0xd3, 0x14, 0xaa, 0xc6, 0xd3, 0x14,
    0xaa, 0xc6, 0xd3, 0x14, 0xaa, 0xc6, 0xd3, 0x14, 0xaa, 0xc6, 0xd3, 0x14, 0xaa, 0xc6, 0xd3, 0x14,
    0xaa, 0xc6, 0xd3, 0x14, 0xaa, 0xc6, 0xd3, 0x14, 0xaa, 0xc6, 0xd3, 0x14, 0xaa, 0xc6, 0xd3, 0x14,
    0xaa, 0xc6, 0xd3, 0x14, 0xaa, 0xc6, 0xd3, 0x14, 0xaa, 0xc6, 0xd3, 0x14, 0xaa, 0xc6, 0xd3, 0x14,
    0xaa, 0xc6, 0xd3, 0x14, 0xaa, 0xc6, 0xd3, 0x14, 0xaa, 0xc6, 0xd3, 0x14, 0xaa, 0xc6, 0xd3, 0x14,
    0xaa, 0xc6, 0xd3, 0x14, 0xaa, 0xc6, 0xd3, 0x14, 0xaa, 0xc6, 0xd3, 0x14, 0xaa, 0xc6, 0xd3, 0x14,
    0xaa, 0xc6, 0xd3, 0x14, 0xaa, 0xc6, 0xd3, 0x14, 0xaa, 0xc6, 0xd3, 0x14, 0xaa, 0xc6, 0xd3, 0x14,
    0xaa, 0xc6, 0xd3, 0x14, 0xaa, 0xc6, 0xd3, 0x14, 0xaa, 0xc6, 0xd3, 0x14, 0xaa, 0xc6, 0xd3, 0x14,
    0xaa, 0xc6, 0xd3, 0x14, 0xaa, 0xc6, 0xd3, 0x14, 0xaa, 0xc6, 0xd3, 0x14, 0xaa, 0xc6, 0xd3, 0x14,
    0xaa, 0xc6, 0xd3, 0x14, 0xaa, 0xc6, 0xd3, 0x14, 0xaa, 0xc6, 0xd3, 0x14, 0xaa, 0xc6, 0xd3, 0x14,
    0xaa, 0xc6, 0xd3, 0x14, 0xaa, 0xc6, 0xd3, 0x14, 0xaa, 0xc6, 0xd3, 0x14, 0xaa, 0xc6, 0xd3, 0x14,
    0xaa, 0xc6, 0xd3, 0x14, 0xaa, 0xc6, 0xd3, 0x14, 0xaa, 0xc6, 0xd3, 0x14, 0xaa, 0xc6, 0xd3, 0x14,
    0xaa, 0xc6, 0xd3, 0x14, 0xaa, 0xc6, 0xd3, 0x14, 0xaa, 0xc6, 0xd3, 0x14, 0xaa, 0xc6, 0xd3, 0x14,
    0xaa, 0xc6, 0xd3, 0x14, 0xaa, 0xc6, 0xd3, 0x14, 0xaa, 0xc6, 0xd3, 0x14, 0xaa, 0xc6, 0xd3, 0x14,
    0xaa, 0xc6, 0xd3, 0x13, 0xaa, 0xc6, 0xd3, 0x12, 0xaa, 0xc6, 0xd3, 0x0e, 0xaa, 0xc6, 0xd3, 0x09,
    0xaa, 0xc6, 0xd3, 0x03, 0x00, 0x00, 0x00, 0x00, 0x00, 0x00, 0x00, 0x00, 0x00, 0x00, 0x00, 0x00,
    0x00, 0x00, 0x00, 0x00, 0x00, 0x00, 0x00, 0x00, 0x00, 0x00, 0x00, 0x00, 0x00, 0x00, 0x00, 0x00,
    0x00, 0x00, 0x00, 0x00, 0x00, 0x00, 0x00, 0x00, 0x00, 0x00, 0x00, 0x00, 0x00, 0x00, 0x00, 0x00,
    0x00, 0x00, 0x00, 0x00, 0xaa, 0xc6, 0xd3, 0x03, 0xaa, 0xc6, 0xd3, 0x0c, 0xaa, 0xc6, 0xd3, 0x14,
    0xaa, 0xc6, 0xd3, 0x14, 0x45, 0x41, 0x37, 0xb3, 0x45, 0x41, 0x37, 0xb3, 0x45, 0x41, 0x37, 0xb3,
    0x45, 0x41, 0x37, 0xb3, 0x45, 0x41, 0x37, 0xb3, 0x45, 0x41, 0x37, 0xb3, 0x45, 0x41, 0x37, 0xb3,
    0x45, 0x41, 0x37, 0xb3, 0x45, 0x41, 0x37, 0xb3, 0x45, 0x41, 0x37, 0xb3, 0x45, 0x41, 0x37, 0xb3,
    0x45, 0x41, 0x37, 0xb3, 0x45, 0x41, 0x37, 0xb3, 0x45, 0x41, 0x37, 0xb3, 0x45, 0x41, 0x37, 0xb3,
    0x45, 0x41, 0x37, 0xb3, 0x45, 0x41, 0x37, 0xb3, 0x45, 0x41, 0x37, 0xb3, 0x45, 0x41, 0x37, 0xb3,
    0x45, 0x41, 0x37, 0xb3, 0x45, 0x41, 0x37, 0xb3, 0x45, 0x41, 0x37, 0xb3, 0x45, 0x41, 0x37, 0xb3,
    0x45, 0x41, 0x37, 0xb3, 0x45, 0x41, 0x37, 0xb3, 0x45, 0x41, 0x37, 0xb3, 0x45, 0x41, 0x37, 0xb3,
    0x45, 0x41, 0x37, 0xb3, 0x45, 0x41, 0x37, 0xb3, 0x45, 0x41, 0x37, 0xb3, 0x45, 0x41, 0x37, 0xb3,
    0x45, 0x41, 0x37, 0xb3, 0x45, 0x41, 0x37, 0xb3, 0x45, 0x41, 0x37, 0xb3, 0x45, 0x41, 0x37, 0xb3,
    0x45, 0x41, 0x37, 0xb3, 0x45, 0x41, 0x37, 0xb3, 0x45, 0x41, 0x37, 0xb3, 0x45, 0x41, 0x37, 0xb3,
    0x45, 0x41, 0x37, 0xb3, 0x45, 0x41, 0x37, 0xb3, 0x45, 0x41, 0x37, 0xb3, 0x45, 0x41, 0x37, 0xb3,
    0x45, 0x41, 0x37, 0xb3, 0x45, 0x41, 0x37, 0xb3, 0x45, 0x41, 0x37, 0xb3, 0x45, 0x41, 0x37, 0xb3,
    0x45, 0x41, 0x37, 0xb3, 0x45, 0x41, 0x37, 0xb3, 0x45, 0x41, 0x37, 0xb3, 0x45, 0x41, 0x37, 0xb3,
    0x45, 0x41, 0x37, 0xb3, 0x45, 0x41, 0x37, 0xb3, 0x45, 0x41, 0x37, 0xb3, 0x45, 0x41, 0x37, 0xb3,
    0x45, 0x41, 0x37, 0xb3, 0x45, 0x41, 0x37, 0xb3, 0x45, 0x41, 0x37, 0xb3, 0x45, 0x41, 0x37, 0xb3,
    0x45, 0x41, 0x37, 0xb3, 0x45, 0x41, 0x37, 0xb3, 0x45, 0x41, 0x37, 0xb3, 0x45, 0x41, 0x37, 0xb3,
    0x45, 0x41, 0x37, 0xb3, 0x45, 0x41, 0x37, 0xb3, 0x45, 0x41, 0x37, 0xb3, 0x45, 0x41, 0x37, 0xb3,
    0x45, 0x41, 0x37, 0xb3, 0x45, 0x41, 0x37, 0xb3, 0x45, 0x41, 0x37, 0xb3, 0x45, 0x41, 0x37, 0xb3,
    0x45, 0x41, 0x37, 0xb3, 0x45, 0x41, 0x37, 0xb3, 0x45, 0x41, 0x37, 0xb3, 0x45, 0x41, 0x37, 0xb3,
    0x45, 0x41, 0x37, 0xb3, 0x45, 0x41, 0x37, 0xb3, 0x45, 0x41, 0x37, 0xb3, 0x45, 0x41, 0x37, 0xb3,
    0x45, 0x41, 0x37, 0xb3, 0x45, 0x41, 0x37, 0xb3, 0x45, 0x41, 0x37, 0xb3, 0x45, 0x41, 0x37, 0xb3,
    0x45, 0x41, 0x37, 0xb3, 0x45, 0x41, 0x37, 0xb3, 0x45, 0x41, 0x37, 0xb3, 0x45, 0x41, 0x37, 0xb3,
    0x45, 0x41, 0x37, 0xb3, 0x45, 0x41, 0x37, 0xb3, 0x45, 0x41, 0x37, 0xb3, 0x45, 0x41, 0x37, 0xb3,
    0x45, 0x41, 0x37, 0xb3, 0x45, 0x41, 0x37, 0xb3, 0x45, 0x41, 0x37, 0xb3, 0x45, 0x41, 0x37, 0xb3,
    0x45, 0x41, 0x37, 0xb3, 0x45, 0x41, 0x37, 0xb3, 0x45, 0x41, 0x37, 0xb3, 0x45, 0x41, 0x37, 0xb3,
    0x45, 0x41, 0x37, 0xb3, 0x45, 0x41, 0x37, 0xb3, 0x45, 0x41, 0x37, 0xb3, 0xaa, 0xc6, 0xd3, 0x14,
    0xaa, 0xc6, 0xd3, 0x14, 0xaa, 0xc6, 0xd3, 0x0c, 0xaa, 0xc6, 0xd3, 0x03, 0x00, 0x00, 0x00, 0x00,
    0x00, 0x00, 0x00, 0x00, 0x00, 0x00, 0x00, 0x00, 0x00, 0x00, 0x00, 0x00, 0x00, 0x00, 0x00, 0x00,
    0x00, 0x00, 0x00, 0x00, 0x00, 0x00, 0x00, 0x00, 0x00, 0x00, 0x00, 0x00, 0x00, 0x00, 0x00, 0x00,
    0xaa, 0xc6, 0xd3, 0x07, 0xaa, 0xc6, 0xd3, 0x13, 0x45, 0x41, 0x37, 0xb3, 0x45, 0x41, 0x37, 0xb3,
    0x45, 0x41, 0x37, 0xb3, 0x45, 0x41, 0x37, 0xb3, 0x45, 0x41, 0x37, 0xb3, 0x45, 0x41, 0x37, 0xb3,
    0x45, 0x41, 0x37, 0xb3, 0x45, 0x41, 0x37, 0xb3, 0x45, 0x41, 0x37, 0xb3, 0x45, 0x41, 0x37, 0xb3,
    0x45, 0x41, 0x37, 0xb3, 0x45, 0x41, 0x37, 0xb3, 0x45, 0x41, 0x37, 0xb3, 0x45, 0x41, 0x37, 0xb3,
    0x45, 0x41, 0x37, 0xb3, 0x45, 0x41, 0x37, 0xb3, 0x45, 0x41, 0x37, 0xb3, 0x45, 0x41, 0x37, 0xb3,
    0x45, 0x41, 0x37, 0xb3, 0x45, 0x41, 0x37, 0xb3, 0x45, 0x41, 0x37, 0xb3, 0x45, 0x41, 0x37, 0xb3,
    0x45, 0x41, 0x37, 0xb3, 0x45, 0x41, 0x37, 0xb3, 0x45, 0x41, 0x37, 0xb3, 0x45, 0x41, 0x37, 0xb3,
    0x45, 0x41, 0x37, 0xb3, 0x45, 0x41, 0x37, 0xb3, 0x45, 0x41, 0x37, 0xb3, 0x45, 0x41, 0x37, 0xb3,
    0x45, 0x41, 0x37, 0xb3, 0x45, 0x41, 0x37, 0xb3, 0x45, 0x41, 0x37, 0xb3, 0x45, 0x41, 0x37, 0xb3,
    0x45, 0x41, 0x37, 0xb3, 0x45, 0x41, 0x37, 0xb3, 0x45, 0x41, 0x37, 0xb3, 0x45, 0x41, 0x37, 0xb3,
    0x45, 0x41, 0x37, 0xb3, 0x45, 0x41, 0x37, 0xb3, 0x45, 0x41, 0x37, 0xb3, 0x45, 0x41, 0x37, 0xb3,
    0x45, 0x41, 0x37, 0xb3, 0x45, 0x41, 0x37, 0xb3, 0x45, 0x41, 0x37, 0xb3, 0x45, 0x41, 0x37, 0xb3,
    0x45, 0x41, 0x37, 0xb3, 0x45, 0x41, 0x37, 0xb3, 0x45, 0x41, 0x37, 0xb3, 0x45, 0x41, 0x37, 0xb3,
    0x45, 0x41, 0x37, 0xb3, 0x45, 0x41, 0x37, 0xb3, 0x45, 0x41, 0x37, 0xb3, 0x45, 0x41, 0x37, 0xb3,
    0x45, 0x41, 0x37, 0xb3, 0x45, 0x41, 0x37, 0xb3, 0x45, 0x41, 0x37, 0xb3, 0x45, 0x41, 0x37, 0xb3,
    0x45, 0x41, 0x37, 0xb3, 0x45, 0x41, 0x37, 0xb3, 0x45, 0x41, 0x37, 0xb3, 0x45, 0x41, 0x37, 0xb3,
    0x45, 0x41, 0x37, 0xb3, 0x45, 0x41, 0x37, 0xb3, 0x45, 0x41, 0x37, 0xb3, 0x45, 0x41, 0x37, 0xb3,
    0x45, 0x41, 0x37, 0xb3, 0x45, 0x41, 0x37, 0xb3, 0x45, 0x41, 0x37, 0xb3, 0x45, 0x41, 0x37, 0xb3,
    0x45, 0x41, 0x37, 0xb3, 0x45, 0x41, 0x37, 0xb3, 0x45, 0x41, 0x37, 0xb3, 0x45, 0x41, 0x37, 0xb3,
    0x45, 0x41, 0x37, 0xb3, 0x45, 0x41, 0x37, 0xb3, 0x45, 0x41, 0x37, 0xb3, 0x45, 0x41, 0x37, 0xb3,
    0x45, 0x41, 0x37, 0xb3, 0x45, 0x41, 0x37, 0xb3, 0x45, 0x41, 0x37, 0xb3, 0x45, 0x41, 0x37, 0xb3,
    0x45, 0x41, 0x37, 0xb3, 0x45, 0x41, 0x37, 0xb3, 0x45, 0x41, 0x37, 0xb3, 0x45, 0x41, 0x37, 0xb3,
    0x45, 0x41, 0x37, 0xb3, 0x45, 0x41, 0x37, 0xb3, 0x45, 0x41, 0x37, 0xb3, 0x45, 0x41, 0x37, 0xb3,
    0x45, 0x41, 0x37, 0xb3, 0x45, 0x41, 0x37, 0xb3, 0x45, 0x41, 0x37, 0xb3, 0x45, 0x41, 0x37, 0xb3,
    0x45, 0x41, 0x37, 0xb3, 0x45, 0x41, 0x37, 0xb3, 0x45, 0x41, 0x37, 0xb3, 0x45, 0x41, 0x37, 0xb3,
    0x45, 0x41, 0x37, 0xb3, 0x45, 0x41, 0x37, 0xb3, 0x45, 0x41, 0x37, 0xb3, 0x45, 0x41, 0x37, 0xb3,
    0x45, 0x41, 0x37, 0xb3, 0x45, 0x41, 0x37, 0xb3, 0x45, 0x41, 0x37, 0xb3, 0x45, 0x41, 0x37, 0xb3,
    0x45, 0x41, 0x37, 0xb3, 0x45, 0x41, 0x37, 0xb3, 0xaa, 0xc6, 0xd3, 0x13, 0xaa, 0xc6, 0xd3, 0x07,
    0x00, 0x00, 0x00, 0x00, 0x00, 0x00, 0x00, 0x00, 0x00, 0x00, 0x00, 0x00, 0x00, 0x00, 0x00, 0x00,
    0x00, 0x00, 0x00, 0x00, 0x00, 0x00, 0x00, 0x00, 0x00, 0x00, 0x00, 0x00, 0xaa, 0xc6, 0xd3, 0x09,
    0xaa, 0xc6, 0xd3, 0x14, 0x45, 0x41, 0x37, 0xb3, 0x45, 0x41, 0x37, 0xb3, 0x45, 0x41, 0x37, 0xb3,
    0x45, 0x41, 0x37, 0xb3, 0x45, 0x41, 0x37, 0xb3, 0x45, 0x41, 0x37, 0xb3, 0x45, 0x41, 0x37, 0xb3,
    0x45, 0x41, 0x37, 0xb3, 0x45, 0x41, 0x37, 0xb3, 0x45, 0x41, 0x37, 0xb3, 0x45, 0x41, 0x37, 0xb3,
    0x45, 0x41, 0x37, 0xb3, 0x45, 0x41, 0x37, 0xb3, 0x45, 0x41, 0x37, 0xb3, 0x45, 0x41, 0x37, 0xb3,
    0x45, 0x41, 0x37, 0xb3, 0x45, 0x41, 0x37, 0xb3, 0x45, 0x41, 0x37, 0xb3, 0x45, 0x41, 0x37, 0xb3,
    0x45, 0x41, 0x37, 0xb3, 0x45, 0x41, 0x37, 0xb3, 0x45, 0x41, 0x37, 0xb3, 0x45, 0x41, 0x37, 0xb3,
    0x45, 0x41, 0x37, 0xb3, 0x45, 0x41, 0x37, 0xb3, 0x45, 0x41, 0x37, 0xb3, 0x45, 0x41, 0x37, 0xb3,
    0x45, 0x41, 0x37, 0xb3, 0x45, 0x41, 0x37, 0xb3, 0x45, 0x41, 0x37, 0xb3, 0x45, 0x41, 0x37, 0xb3,
    0x45, 0x41, 0x37, 0xb3, 0x45, 0x41, 0x37, 0xb3, 0x45, 0x41, 0x37, 0xb3, 0x45, 0x41, 0x37, 0xb3,
    0x45, 0x41, 0x37, 0xb3, 0x45, 0x41, 0x37, 0xb3, 0x45, 0x41, 0x37, 0xb3, 0x45, 0x41, 0x37, 0xb3,
    0x45, 0x41, 0x37, 0xb3, 0x45, 0x41, 0x37, 0xb3, 0x45, 0x41, 0x37, 0xb3, 0x45, 0x41, 0x37, 0xb3,
    0x45, 0x41, 0x37, 0xb3, 0x45, 0x41, 0x37, 0xb3, 0x45, 0x41, 0x37, 0xb3, 0x45, 0x41, 0x37, 0xb3,
    0x45, 0x41, 0x37, 0xb3, 0x45, 0x41, 0x37, 0xb3, 0x45, 0x41, 0x37, 0xb3, 0x45, 0x41, 0x37, 0xb3,
    0x45, 0x41, 0x37, 0xb3, 0x45, 0x41, 0x37, 0xb3, 0x45, 0x41, 0x37, 0xb3, 0x45, 0x41, 0x37, 0xb3,
    0x45, 0x41, 0x37, 0xb3, 0x45, 0x41, 0x37, 0xb3, 0x45, 0x41, 0x37, 0xb3, 0x45, 0x41, 0x37, 0xb3,
    0x45, 0x41, 0x37, 0xb3, 0x45, 0x41, 0x37, 0xb3, 0x45, 0x41, 0x37, 0xb3, 0x45, 0x41, 0x37, 0xb3,
    0x45, 0x41, 0x37, 0xb3, 0x45, 0x41, 0x37, 0xb3, 0x45, 0x41, 0x37, 0xb3, 0x45, 0x41, 0x37, 0xb3,
    0x45, 0x41, 0x37, 0xb3, 0x45, 0x41, 0x37, 0xb3, 0x45, 0x41, 0x37, 0xb3, 0x45, 0x41, 0x37, 0xb3,
    0x45, 0x41, 0x37, 0xb3, 0x45, 0x41, 0x37, 0xb3, 0x45, 0x41, 0x37, 0xb3, 0x45, 0x41, 0x37, 0xb3,
    0x45, 0x41, 0x37, 0xb3, 0x45, 0x41, 0x37, 0xb3, 0x45, 0x41, 0x37, 0xb3, 0x45, 0x41, 0x37, 0xb3,
    0x45, 0x41, 0x37, 0xb3, 0x45, 0x41, 0x37, 0xb3, 0x45, 0x41, 0x37, 0xb3, 0x45, 0x41, 0x37, 0xb3,
    0x45, 0x41, 0x37, 0xb3, 0x45, 0x41, 0x37, 0xb3, 0x45, 0x41, 0x37, 0xb3, 0x45, 0x41, 0x37, 0xb3,
    0x45, 0x41, 0x37, 0xb3, 0x45, 0x41, 0x37, 0xb3, 0x45, 0x41, 0x37, 0xb3, 0x45, 0x41, 0x37, 0xb3,
    0x45, 0x41, 0x37, 0xb3, 0x45, 0x41, 0x37, 0xb3, 0x45, 0x41, 0x37, 0xb3, 0x45, 0x41, 0x37, 0xb3,
    0x45, 0x41, 0x37, 0xb3, 0x45, 0x41, 0x37, 0xb3, 0x45, 0x41, 0x37, 0xb3, 0x45, 0x41, 0x37, 0xb3,
    0x45, 0x41, 0x37, 0xb3, 0x45, 0x41, 0x37, 0xb3, 0x45, 0x41, 0x37, 0xb3, 0x45, 0x41, 0x37, 0xb3,
    0x45, 0x41, 0x37, 0xb3, 0x45, 0x41, 0x37, 0xb3, 0x45, 0x41, 0x37, 0xb3, 0x45, 0x41, 0x37, 0xb3,
    0x45, 0x41, 0x37, 0xb3, 0x45, 0x41, 0x37, 0xb3, 0x45, 0x41, 0x37, 0xb3, 0xaa, 0xc6, 0xd3, 0x14,
    0xaa, 0xc6, 0xd3, 0x09, 0x00, 0x00, 0x00, 0x00, 0x00, 0x00, 0x00, 0x00, 0x00, 0x00, 0x00, 0x00,
    0x00, 0x00, 0x00, 0x00, 0x00, 0x00, 0x00, 0x00, 0xaa, 0xc6, 0xd3, 0x07, 0xaa, 0xc6, 0xd3, 0x14,
    0x45, 0x41, 0x37, 0xb3, 0x45, 0x41, 0x37, 0xb3, 0x45, 0x41, 0x37, 0xb3, 0x45, 0x41, 0x37, 0xb3,
    0x45, 0x41, 0x37, 0xb3, 0x45, 0x41, 0x37, 0xb3, 0x45, 0x41, 0x37, 0xb3, 0x45, 0x41, 0x37, 0xb3,
    0x45, 0x41, 0x37, 0xb3, 0x45, 0x41, 0x37, 0xb3, 0x45, 0x41, 0x37, 0xb3, 0x45, 0x41, 0x37, 0xb3,
    0x45, 0x41, 0x37, 0xb3, 0x45, 0x41, 0x37, 0xb3, 0x45, 0x41, 0x37, 0xb3, 0x45, 0x41, 0x37, 0xb3,
    0x45, 0x41, 0x37, 0xb3, 0x45, 0x41, 0x37, 0xb3, 0x45, 0x41, 0x37, 0xb3, 0x45, 0x41, 0x37, 0xb3,
    0x45, 0x41, 0x37, 0xb3, 0x45, 0x41, 0x37, 0xb3, 0x45, 0x41, 0x37, 0xb3, 0x45, 0x41, 0x37, 0xb3,
    0x45, 0x41, 0x37, 0xb3, 0x45, 0x41, 0x37, 0xb3, 0x45, 0x41, 0x37, 0xb3, 0x45, 0x41, 0x37, 0xb3,
    0x45, 0x41, 0x37, 0xb3, 0x45, 0x41, 0x37, 0xb3, 0x45, 0x41, 0x37, 0xb3, 0x45, 0x41, 0x37, 0xb3,
    0x45, 0x41, 0x37, 0xb3, 0x45, 0x41, 0x37, 0xb3, 0x45, 0x41, 0x37, 0xb3, 0x45, 0x41, 0x37, 0xb3,
    0x45, 0x41, 0x37, 0xb3, 0x45, 0x41, 0x37, 0xb3, 0x45, 0x41, 0x37, 0xb3, 0x45, 0x41, 0x37, 0xb3,
    0x45, 0x41, 0x37, 0xb3, 0x45, 0x41, 0x37, 0xb3, 0x45, 0x41, 0x37, 0xb3, 0x45, 0x41, 0x37, 0xb3,
    0x45, 0x41, 0x37, 0xb3, 0x45, 0x41, 0x37, 0xb3, 0x45, 0x41, 0x37, 0xb3, 0x45, 0x41, 0x37, 0xb3,
    0x45, 0x41, 0x37, 0xb3, 0x45, 0x41, 0x37, 0xb3, 0x45, 0x41, 0x37, 0xb3, 0x45, 0x41, 0x37, 0xb3,
    0x45, 0x41, 0x37, 0xb3, 0x45, 0x41, 0x37, 0xb3, 0x45, 0x41, 0x37, 0xb3, 0x45, 0x41, 0x37, 0xb3,
    0x45, 0x41, 0x37, 0xb3, 0x45, 0x41, 0x37, 0xb3, 0x45, 0x41, 0x37, 0xb3, 0x45, 0x41, 0x37, 0xb3,
    0x45, 0x41, 0x37, 0xb3, 0x45, 0x41, 0x37, 0xb3, 0x45, 0x41, 0x37, 0xb3, 0x45, 0x41, 0x37, 0xb3,
    0x45, 0x41, 0x37, 0xb3, 0x45, 0x41, 0x37, 0xb3, 0x45, 0x41, 0x37, 0xb3, 0x45, 0x41, 0x37, 0xb3,
    0x45, 0x41, 0x37, 0xb3, 0x45, 0x41, 0x37, 0xb3, 0x45, 0x41, 0x37, 0xb3, 0x45, 0x41, 0x37, 0xb3,
    0x45, 0x41, 0x37, 0xb3, 0x45, 0x41, 0x37, 0xb3, 0x45, 0x41, 0x37, 0xb3, 0x45, 0x41, 0x37, 0xb3,
    0x45, 0x41, 0x37, 0xb3, 0x45, 0x41, 0x37, 0xb3, 0x45, 0x41, 0x37, 0xb3, 0x45, 0x41, 0x37, 0xb3,
    0x45, 0x41, 0x37, 0xb3, 0x45, 0x41, 0x37, 0xb3, 0x45, 0x41, 0x37, 0xb3, 0x45, 0x41, 0x37, 0xb3,
    0x45, 0x41, 0x37, 0xb3, 0x45, 0x41, 0x37, 0xb3, 0x45, 0x41, 0x37, 0xb3, 0x45, 0x41, 0x37, 0xb3,
    0x45, 0x41, 0x37, 0xb3, 0x45, 0x41, 0x37, 0xb3, 0x45, 0x41, 0x37, 0xb3, 0x45, 0x41, 0x37, 0xb3,
    0x45, 0x41, 0x37, 0xb3, 0x45, 0x41, 0x37, 0xb3, 0x45, 0x41, 0x37, 0xb3, 0x45, 0x41, 0x37, 0xb3,
    0x45, 0x41, 0x37, 0xb3, 0x45, 0x41, 0x37, 0xb3, 0x45, 0x41, 0x37, 0xb3, 0x45, 0x41, 0x37, 0xb3,
    0x45, 0x41, 0x37, 0xb3, 0x45, 0x41, 0x37, 0xb3, 0x45, 0x41, 0x37, 0xb3, 0x45, 0x41, 0x37, 0xb3,
    0x45, 0x41, 0x37, 0xb3, 0x45, 0x41, 0x37, 0xb3, 0x45, 0x41, 0x37, 0xb3, 0x45, 0x41, 0x37, 0xb3,
    0x45, 0x41, 0x37, 0xb3, 0x45, 0x41, 0x37, 0xb3, 0x45, 0x41, 0x37, 0xb3, 0x45, 0x41, 0x37, 0xb3,
    0xaa, 0xc6, 0xd3, 0x14, 0xaa, 0xc6, 0xd3, 0x07, 0x00, 0x00, 0x00, 0x00, 0x00, 0x00, 0x00, 0x00,
    0x00, 0x00, 0x00, 0x00, 0xaa, 0xc6, 0xd3, 0x03, 0xaa, 0xc6, 0xd3, 0x13, 0x45, 0x41, 0x37, 0xb3,
    0x45, 0x41, 0x37, 0xb3, 0x45, 0x41, 0x37, 0xb3, 0x45, 0x41, 0x37, 0xb3, 0x45, 0x41, 0x37, 0xb3,
    0x45, 0x41, 0x37, 0xb3, 0x45, 0x41, 0x37, 0xb3, 0x45, 0x41, 0x37, 0xb3, 0x45, 0x41, 0x37, 0xb3,
    0x45, 0x41, 0x37, 0xb3, 0x45, 0x41, 0x37, 0xb3, 0x45, 0x41, 0x37, 0xb3, 0x45, 0x41, 0x37, 0xb3,
    0x45, 0x41, 0x37, 0xb3, 0x45, 0x41, 0x37, 0xb3, 0x45, 0x41, 0x37, 0xb3, 0x45, 0x41, 0x37, 0xb3,
    0x45, 0x41, 0x37, 0xb3, 0x45, 0x41, 0x37, 0xb3, 0x45, 0x41, 0x37, 0xb3, 0x45, 0x41, 0x37, 0xb3,
    0x45, 0x41, 0x37, 0xb3, 0x45, 0x41, 0x37, 0xb3, 0x45, 0x41, 0x37, 0xb3, 0x45, 0x41, 0x37, 0xb3,
    0x45, 0x41, 0x37, 0xb3, 0x45, 0x41, 0x37, 0xb3, 0x45, 0x41, 0x37, 0xb3, 0x45, 0x41, 0x37, 0xb3,
    0x45, 0x41, 0x37, 0xb3, 0x45, 0x41, 0x37, 0xb3, 0x45, 0x41, 0x37, 0xb3, 0x45, 0x41, 0x37, 0xb3,
    0x45, 0x41, 0x37, 0xb3, 0x45, 0x41, 0x37, 0xb3, 0x45, 0x41, 0x37, 0xb3, 0x45, 0x41, 0x37, 0xb3,
    0x45, 0x41, 0x37, 0xb3, 0x45, 0x41, 0x37, 0xb3, 0x45, 0x41, 0x37, 0xb3, 0x45, 0x41, 0x37, 0xb3,
    0x45, 0x41, 0x37, 0xb3, 0x45, 0x41, 0x37, 0xb3, 0x45, 0x41, 0x37, 0xb3, 0x45, 0x41, 0x37, 0xb3,
    0x45, 0x41, 0x37, 0xb3, 0x45, 0x41, 0x37, 0xb3, 0x45, 0x41, 0x37, 0xb3, 0x45, 0x41, 0x37, 0xb3,
    0x45, 0x41, 0x37, 0xb3, 0x45, 0x41, 0x37, 0xb3, 0x45, 0x41, 0x37, 0xb3, 0x45, 0x41, 0x37, 0xb3,
    0x45, 0x41, 0x37, 0xb3, 0x45, 0x41, 0x37, 0xb3, 0x45, 0x41, 0x37, 0xb3, 0x45, 0x41, 0x37, 0xb3,
    0x45, 0x41, 0x37, 0xb3, 0x45, 0x41, 0x37, 0xb3, 0x45, 0x41, 0x37, 0xb3, 0x45, 0x41, 0x37, 0xb3,
    0x45, 0x41, 0x37, 0xb3, 0x45, 0x41, 0x37, 0xb3, 0x45, 0x41, 0x37, 0xb3, 0x45, 0x41, 0x37, 0xb3,
    0x45, 0x41, 0x37, 0xb3, 0x45, 0x41, 0x37, 0xb3, 0x45, 0x41, 0x37, 0xb3, 0x45, 0x41, 0x37, 0xb3,
    0x45, 0x41, 0x37, 0xb3, 0x45, 0x41, 0x37, 0xb3, 0x45, 0x41, 0x37, 0xb3, 0x45, 0x41, 0x37, 0xb3,
    0x45, 0x41, 0x37, 0xb3, 0x45, 0x41, 0x37, 0xb3, 0x45, 0x41, 0x37, 0xb3, 0x45, 0x41, 0x37, 0xb3,
    0x45, 0x41, 0x37, 0xb3, 0x45, 0x41, 0x37, 0xb3, 0x45, 0x41, 0x37, 0xb3, 0x45, 0x41, 0x37, 0xb3,
    0x45, 0x41, 0x37, 0xb3, 0x45, 0x41, 0x37, 0xb3, 0x45, 0x41, 0x37, 0xb3, 0x45, 0x41, 0x37, 0xb3,
    0x45, 0x41, 0x37, 0xb3, 0x45, 0x41, 0x37, 0xb3, 0x45, 0x41, 0x37, 0xb3, 0x45, 0x41, 0x37, 0xb3,
    0x45, 0x41, 0x37, 0xb3, 0x45, 0x41, 0x37, 0xb3, 0x45, 0x41, 0x37, 0xb3, 0x45, 0x41, 0x37, 0xb3,
    0x45, 0x41, 0x37, 0xb3, 0x45, 0x41, 0x37, 0xb3, 0x45, 0x41, 0x37, 0xb3, 0x45, 0x41, 0x37, 0xb3,
    0x45, 0x41, 0x37, 0xb3, 0x45, 0x41, 0x37, 0xb3, 0x45, 0x41, 0x37, 0xb3, 0x45, 0x41, 0x37, 0xb3,
    0x45, 0x41, 0x37, 0xb3, 0x45, 0x41, 0x37, 0xb3, 0x45, 0x41, 0x37, 0xb3, 0x45, 0x41, 0x37, 0xb3,
    0x45, 0x41, 0x37, 0xb3, 0x45, 0x41, 0x37, 0xb3, 0x45, 0x41, 0x37, 0xb3, 0x45, 0x41, 0x37, 0xb3,
    0x45, 0x41, 0x37, 0xb3, 0x45, 0x41, 0x37, 0xb3, 0x45, 0x41, 0x37, 0xb3, 0x45, 0x41, 0x37, 0xb3,
    0x45, 0x41, 0x37, 0xb3, 0xaa, 0xc6, 0xd3, 0x13, 0xaa, 0xc6, 0xd3, 0x03, 0x00, 0x00, 0x00, 0x00,
    0x00, 0x00, 0x00, 0x00, 0xaa, 0xc6, 0xd3, 0x0c, 0x45, 0x41, 0x37, 0xb3, 0x45, 0x41, 0x37, 0xb3,
    0x45, 0x41, 0x37, 0xb3, 0x45, 0x41, 0x37, 0xb3, 0x45, 0x41, 0x37, 0xb3, 0x45, 0x41, 0x37, 0xb3,
    0x45, 0x41, 0x37, 0xb3, 0x45, 0x41, 0x37, 0xb3, 0x45, 0x41, 0x37, 0xb3, 0x45, 0x41, 0x37, 0xb3,
    0x45, 0x41, 0x37, 0xb3, 0x45, 0x41, 0x37, 0xb3, 0x45, 0x41, 0x37, 0xb3, 0x45, 0x41, 0x37, 0xb3,
    0x45, 0x41, 0x37, 0xb3, 0x45, 0x41, 0x37, 0xb3, 0x45, 0x41, 0x37, 0xb3, 0x45, 0x41, 0x37, 0xb3,
    0x45, 0x41, 0x37, 0xb3, 0x45, 0x41, 0x37, 0xb3, 0x45, 0x41, 0x37, 0xb3, 0x45, 0x41, 0x37, 0xb3,
    0x45, 0x41, 0x37, 0xb3, 0x45, 0x41, 0x37, 0xb3, 0x45, 0x41, 0x37, 0xb3, 0x45, 0x41, 0x37, 0xb3,
    0x45, 0x41, 0x37, 0xb3, 0x45, 0x41, 0x37, 0xb3, 0x45, 0x41, 0x37, 0xb3, 0x45, 0x41, 0x37, 0xb3,
    0x45, 0x41, 0x37, 0xb3, 0x45, 0x41, 0x37, 0xb3, 0x45, 0x41, 0x37, 0xb3, 0x45, 0x41, 0x37, 0xb3,
    0x45, 0x41, 0x37, 0xb3, 0x45, 0x41, 0x37, 0xb3, 0x45, 0x41, 0x37, 0xb3, 0x45, 0x41, 0x37, 0xb3,
    0x45, 0x41, 0x37, 0xb3, 0x45, 0x41, 0x37, 0xb3, 0x45, 0x41, 0x37, 0xb3, 0x45, 0x41, 0x37, 0xb3,
    0x45, 0x41, 0x37, 0xb3, 0x45, 0x41, 0x37, 0xb3, 0x45, 0x41, 0x37, 0xb3, 0x45, 0x41, 0x37, 0xb3,
    0x45, 0x41, 0x37, 0xb3, 0x45, 0x41, 0x37, 0xb3, 0x45, 0x41, 0x37, 0xb3, 0x45, 0x41, 0x37, 0xb3,
    0x45, 0x41, 0x37, 0xb3, 0x45, 0x41, 0x37, 0xb3, 0x45, 0x41, 0x37, 0xb3, 0x45, 0x41, 0x37, 0xb3,
    0x45, 0x41, 0x37, 0xb3, 0x45, 0x41, 0x37, 0xb3, 0x45, 0x41, 0x37, 0xb3, 0x45, 0x41, 0x37, 0xb3,
    0x45, 0x41, 0x37, 0xb3, 0x45, 0x41, 0x37, 0xb3, 0x45, 0x41, 0x37, 0xb3, 0x45, 0x41, 0x37, 0xb3,
    0x45, 0x41, 0x37, 0xb3, 0x45, 0x41, 0x37, 0xb3, 0x45, 0x41, 0x37, 0xb3, 0x45, 0x41, 0x37, 0xb3,
    0x45, 0x41, 0x37, 0xb3, 0x45, 0x41, 0x37, 0xb3, 0x45, 0x41, 0x37, 0xb3, 0x45, 0x41, 0x37, 0xb3,
    0x45, 0x41, 0x37, 0xb3, 0x45, 0x41, 0x37, 0xb3, 0x45, 0x41, 0x37, 0xb3, 0x45, 0x41, 0x37, 0xb3,
    0x45, 0x41, 0x37, 0xb3, 0x45, 0x41, 0x37, 0xb3, 0x45, 0x41, 0x37, 0xb3, 0x45, 0x41, 0x37, 0xb3,
    0x45, 0x41, 0x37, 0xb3, 0x45, 0x41, 0x37, 0xb3, 0x45, 0x41, 0x37, 0xb3, 0x45, 0x41, 0x37, 0xb3,
    0x45, 0x41, 0x37, 0xb3, 0x45, 0x41, 0x37, 0xb3, 0x45, 0x41, 0x37, 0xb3, 0x45, 0x41, 0x37, 0xb3,
    0x45, 0x41, 0x37, 0xb3, 0x45, 0x41, 0x37, 0xb3, 0x45, 0x41, 0x37, 0xb3, 0x45, 0x41, 0x37, 0xb3,
    0x45, 0x41, 0x37, 0xb3, 0x45, 0x41, 0x37, 0xb3, 0x45, 0x41, 0x37, 0xb3, 0x45, 0x41, 0x37, 0xb3,
    0x45, 0x41, 0x37, 0xb3, 0x45, 0x41, 0x37, 0xb3, 0x45, 0x41, 0x37, 0xb3, 0x45, 0x41, 0x37, 0xb3,
    0x45, 0x41, 0x37, 0xb3, 0x45, 0x41, 0x37, 0xb3, 0x45, 0x41, 0x37, 0xb3, 0x45, 0x41, 0x37, 0xb3,
    0x45, 0x41, 0x37, 0xb3, 0x45, 0x41, 0x37, 0xb3, 0x45, 0x41, 0x37, 0xb3, 0x45, 0x41, 0x37, 0xb3,
    0x45, 0x41, 0x37, 0xb3, 0x45, 0x41, 0x37, 0xb3, 0x45, 0x41, 0x37, 0xb3, 0x45, 0x41, 0x37, 0xb3,
    0x45, 0x41, 0x37, 0xb3, 0x45, 0x41, 0x37, 0xb3, 0x45, 0x41, 0x37, 0xb3, 0x45, 0x41, 0x37, 0xb3,
    0x45, 0x41, 0x37, 0xb3, 0x45, 0x41, 0x37, 0xb3, 0xaa, 0xc6, 0xd3, 0x0c, 0x00, 0x00, 0x00, 0x00,
    0xaa, 0xc6, 0xd3, 0x03, 0xaa, 0xc6, 0xd3, 0x14, 0x45, 0x41, 0x37, 0xb3, 0x45, 0x41, 0x37, 0xb3,
    0x45, 0x41, 0x37, 0xb3, 0x45, 0x41, 0x37, 0xb3, 0x45, 0x41, 0x37, 0xb3, 0x45, 0x41, 0x37, 0xb3,
    0x45, 0x41, 0x37, 0xb3, 0x45, 0x41, 0x37, 0xb3, 0x45, 0x41, 0x37, 0xb3, 0x45, 0x41, 0x37, 0xb3,
    0x45, 0x41, 0x37, 0xb3, 0x45, 0x41, 0x37, 0xb3, 0x45, 0x41, 0x37, 0xb3, 0x45, 0x41, 0x37, 0xb3,
    0x45, 0x41, 0x37, 0xb3, 0x45, 0x41, 0x37, 0xb3, 0x45, 0x41, 0x37, 0xb3, 0x45, 0x41, 0x37, 0xb3,
    0x45, 0x41, 0x37, 0xb3, 0x45, 0x41, 0x37, 0xb3, 0x45, 0x41, 0x37, 0xb3, 0x45, 0x41, 0x37, 0xb3,
    0x45, 0x41, 0x37, 0xb3, 0x45, 0x41, 0x37, 0xb3, 0x45, 0x41, 0x37, 0xb3, 0x45, 0x41, 0x37, 0xb3,
    0x45, 0x41, 0x37, 0xb3, 0x45, 0x41, 0x37, 0xb3, 0x45, 0x41, 0x37, 0xb3, 0x45, 0x41, 0x37, 0xb3,
    0x45, 0x41, 0x37, 0xb3, 0x45, 0x41, 0x37, 0xb3, 0x45, 0x41, 0x37, 0xb3, 0x45, 0x41, 0x37, 0xb3,
    0x45, 0x41, 0x37, 0xb3, 0x45, 0x41, 0x37, 0xb3, 0x45, 0x41, 0x37, 0xb3, 0x45, 0x41, 0x37, 0xb3,
    0x45, 0x41, 0x37, 0xb3, 0x45, 0x41, 0x37, 0xb3, 0x45, 0x41, 0x37, 0xb3, 0x45, 0x41, 0x37, 0xb3,
    0x45, 0x41, 0x37, 0xb3, 0x45, 0x41, 0x37, 0xb3, 0x45, 0x41, 0x37, 0xb3, 0x45, 0x41, 0x37, 0xb3,
    0x45, 0x41, 0x37, 0xb3, 0x45, 0x41, 0x37, 0xb3, 0x45, 0x41, 0x37, 0xb3, 0x45, 0x41, 0x37, 0xb3,
    0x45, 0x41, 0x37, 0xb3, 0x45, 0x41, 0x37, 0xb3, 0x45, 0x41, 0x37, 0xb3, 0x45, 0x41, 0x37, 0xb3,
    0x45, 0x41, 0x37, 0xb3, 0x45, 0x41, 0x37, 0xb3, 0x45, 0x41, 0x37, 0xb3, 0x45, 0x41, 0x37, 0xb3,
    0x45, 0x41, 0x37, 0xb3, 0x45, 0x41, 0x37, 0xb3, 0x45, 0x41, 0x37, 0xb3, 0x45, 0x41, 0x37, 0xb3,
    0x45, 0x41, 0x37, 0xb3, 0x45, 0x41, 0x37, 0xb3, 0x45, 0x41, 0x37, 0xb3, 0x45, 0x41, 0x37, 0xb3,
    0x45, 0x41, 0x37, 0xb3, 0x45, 0x41, 0x37, 0xb3, 0x45, 0x41, 0x37, 0xb3, 0x45, 0x41, 0x37, 0xb3,
    0x45, 0x41, 0x37, 0xb3, 0x45, 0x41, 0x37, 0xb3, 0x45, 0x41, 0x37, 0xb3, 0x45, 0x41, 0x37, 0xb3,
    0x45, 0x41, 0x37, 0xb3, 0x45, 0x41, 0x37, 0xb3, 0x45, 0x41, 0x37, 0xb3, 0x45, 0x41, 0x37, 0xb3,
    0x45, 0x41, 0x37, 0xb3, 0x45, 0x41, 0x37, 0xb3, 0x45, 0x41, 0x37, 0xb3, 0x45, 0x41, 0x37, 0xb3,
    0x45, 0x41, 0x37, 0xb3, 0x45, 0x41, 0x37, 0xb3, 0x45, 0x41, 0x37, 0xb3, 0x45, 0x41, 0x37, 0xb3,
    0x45, 0x41, 0x37, 0xb3, 0x45, 0x41, 0x37, 0xb3, 0x45, 0x41, 0x37, 0xb3, 0x45, 0x41, 0x37, 0xb3,
    0x45, 0x41, 0x37, 0xb3, 0x45, 0x41, 0x37, 0xb3, 0x45, 0x41, 0x37, 0xb3, 0x45, 0x41, 0x37, 0xb3,
    0x45, 0x41, 0x37, 0xb3, 0x45, 0x41, 0x37, 0xb3, 0x45, 0x41, 0x37, 0xb3, 0x45, 0x41, 0x37, 0xb3,
    0x45, 0x41, 0x37, 0xb3, 0x45, 0x41, 0x37, 0xb3, 0x45, 0x41, 0x37, 0xb3, 0x45, 0x41, 0x37, 0xb3,
    0x45, 0x41, 0x37, 0xb3, 0x45, 0x41, 0x37, 0xb3, 0x45, 0x41, 0x37, 0xb3, 0x45, 0x41, 0x37, 0xb3,
    0x45, 0x41, 0x37, 0xb3, 0x45, 0x41, 0x37, 0xb3, 0x45, 0x41, 0x37, 0xb3, 0x45, 0x41, 0x37, 0xb3,
    0x45, 0x41, 0x37, 0xb3, 0x45, 0x41, 0x37, 0xb3, 0x45, 0x41, 0x37, 0xb3, 0x45, 0x41, 0x37, 0xb3,
    0x45, 0x41, 0x37, 0xb3, 0x45, 0x41, 0x37, 0xb3, 0xaa, 0xc6, 0xd3, 0x14, 0xaa, 0xc6, 0xd3, 0x03,
    0xaa, 0xc6, 0xd3, 0x09, 0xaa, 0xc6, 0xd3, 0x14, 0x45, 0x41, 0x37, 0xb3, 0x45, 0x41, 0x37, 0xb3,
    0x45, 0x41, 0x37, 0xb3, 0x45, 0x41, 0x37, 0xb3, 0x45, 0x41, 0x37, 0xb3, 0x45, 0x41, 0x37, 0xb3,
    0x45, 0x41, 0x37, 0xb3, 0x45, 0x41, 0x37, 0xb3, 0x45, 0x41, 0x37, 0xb3, 0x45, 0x41, 0x37, 0xb3,
    0x45, 0x41, 0x37, 0xb3, 0x45, 0x41, 0x37, 0xb3, 0x45, 0x41, 0x37, 0xb3, 0x45, 0x41, 0x37, 0xb3,
    0x45, 0x41, 0x37, 0xb3, 0x45, 0x41, 0x37, 0xb3, 0x45, 0x41, 0x37, 0xb3, 0x45, 0x41, 0x37, 0xb3,
    0x45, 0x41, 0x37, 0xb3, 0x45, 0x41, 0x37, 0xb3, 0x45, 0x41, 0x37, 0xb3, 0x45, 0x41, 0x37, 0xb3,
    0x45, 0x41, 0x37, 0xb3, 0x45, 0x41, 0x37, 0xb3, 0x45, 0x41, 0x37, 0xb3, 0x45, 0x41, 0x37, 0xb3,
    0x45, 0x41, 0x37, 0xb3, 0x45, 0x41, 0x37, 0xb3, 0x45, 0x41, 0x37, 0xb3, 0x45, 0x41, 0x37, 0xb3,
    0x45, 0x41, 0x37, 0xb3, 0x45, 0x41, 0x37, 0xb3, 0x45, 0x41, 0x37, 0xb3, 0x45, 0x41, 0x37, 0xb3,
    0x45, 0x41, 0x37, 0xb3, 0x45, 0x41, 0x37, 0xb3, 0x45, 0x41, 0x37, 0xb3, 0x45, 0x41, 0x37, 0xb3,
    0x45, 0x41, 0x37, 0xb3, 0x45, 0x41, 0x37, 0xb3, 0x45, 0x41, 0x37, 0xb3, 0x45, 0x41, 0x37, 0xb3,
    0x45, 0x41, 0x37, 0xb3, 0x45, 0x41, 0x37, 0xb3, 0x45, 0x41, 0x37, 0xb3, 0x45, 0x41, 0x37, 0xb3,
    0x45, 0x41, 0x37, 0xb3, 0x45, 0x41, 0x37, 0xb3, 0x45, 0x41, 0x37, 0xb3, 0x45, 0x41, 0x37, 0xb3,
    0x45, 0x41, 0x37, 0xb3, 0x45, 0x41, 0x37, 0xb3, 0x45, 0x41, 0x37, 0xb3, 0x45, 0x41, 0x37, 0xb3,
    0x45, 0x41, 0x37, 0xb3, 0x45, 0x41, 0x37, 0xb3, 0x45, 0x41, 0x37, 0xb3, 0x45, 0x41, 0x37, 0xb3,
    0x45, 0x41, 0x37, 0xb3, 0x45, 0x41, 0x37, 0xb3, 0x45, 0x41, 0x37, 0xb3, 0x45, 0x41, 0x37, 0xb3,
    0x45, 0x41, 0x37, 0xb3, 0x45, 0x41, 0x37, 0xb3, 0x45, 0x41, 0x37, 0xb3, 0x45, 0x41, 0x37, 0xb3,
    0x45, 0x41, 0x37, 0xb3, 0x45, 0x41, 0x37, 0xb3, 0x45, 0x41, 0x37, 0xb3, 0x45, 0x41, 0x37, 0xb3,
    0x45, 0x41, 0x37, 0xb3, 0x45, 0x41, 0x37, 0xb3, 0x45, 0x41, 0x37, 0xb3, 0x45, 0x41, 0x37, 0xb3,
    0x45, 0x41, 0x37, 0xb3, 0x45, 0x41, 0x37, 0xb3, 0x45, 0x41, 0x37, 0xb3, 0x45, 0x41, 0x37, 0xb3,
    0x45, 0x41, 0x37, 0xb3, 0x45, 0x41, 0x37, 0xb3, 0x45, 0x41, 0x37, 0xb3, 0x45, 0x41, 0x37, 0xb3,
    0x45, 0x41, 0x37, 0xb3, 0x45, 0x41, 0x37, 0xb3, 0x45, 0x41, 0x37, 0xb3, 0x45, 0x41, 0x37, 0xb3,
    0x45, 0x41, 0x37, 0xb3, 0x45, 0x41, 0x37, 0xb3, 0x45, 0x41, 0x37, 0xb3, 0x45, 0x41, 0x37, 0xb3,
    0x45, 0x41, 0x37, 0xb3, 0x45, 0x41, 0x37, 0xb3, 0x45, 0x41, 0x37, 0xb3, 0x45, 0x41, 0x37, 0xb3,
    0x45, 0x41, 0x37, 0xb3, 0x45, 0x41, 0x37, 0xb3, 0x45, 0x41, 0x37, 0xb3, 0x45, 0x41, 0x37, 0xb3,
    0x45, 0x41, 0x37, 0xb3, 0x45, 0x41, 0x37, 0xb3, 0x45, 0x41, 0x37, 0xb3, 0x45, 0x41, 0x37, 0xb3,
    0x45, 0x41, 0x37, 0xb3, 0x45, 0x41, 0x37, 0xb3, 0x45, 0x41, 0x37, 0xb3, 0x45, 0x41, 0x37, 0xb3,
    0x45, 0x41, 0x37, 0xb3, 0x45, 0x41, 0x37, 0xb3, 0x45, 0x41, 0x37, 0xb3, 0x45, 0x41, 0x37, 0xb3,
    0x45, 0x41, 0x37, 0xb3, 0x45, 0x41, 0x37, 0xb3, 0x45, 0x41, 0x37, 0xb3, 0x45, 0x41, 0x37, 0xb3,
    0x45, 0x41, 0x37, 0xb3, 0x45, 0x41, 0x37, 0xb3, 0xaa, 0xc6, 0xd3, 0x14, 0xaa, 0xc6, 0xd3, 0x09,
    0xaa, 0xc6, 0xd3, 0x0e, 0x45, 0x41, 0x37, 0xb3, 0x45, 0x41, 0x37, 0xb3, 0x45, 0x41, 0x37, 0xb3,
    0x45, 0x41, 0x37, 0xb3, 0x45, 0x41, 0x37, 0xb3, 0x45, 0x41, 0x37, 0xb3, 0x45, 0x41, 0x37, 0xb3,
    0x45, 0x41, 0x37, 0xb3, 0x45, 0x41, 0x37, 0xb3, 0x45, 0x41, 0x37, 0xb3, 0x45, 0x41, 0x37, 0xb3,
    0x45, 0x41, 0x37, 0xb3, 0x45, 0x41, 0x37, 0xb3, 0x45, 0x41, 0x37, 0xb3, 0x45, 0x41, 0x37, 0xb3,
    0x45, 0x41, 0x37, 0xb3, 0x45, 0x41, 0x37, 0xb3, 0x45, 0x41, 0x37, 0xb3, 0x45, 0x41, 0x37, 0xb3,
    0x45, 0x41, 0x37, 0xb3, 0x45, 0x41, 0x37, 0xb3, 0x45, 0x41, 0x37, 0xb3, 0x45, 0x41, 0x37, 0xb3,
    0x45, 0x41, 0x37, 0xb3, 0x45, 0x41, 0x37, 0xb3, 0x45, 0x41, 0x37, 0xb3, 0x45, 0x41, 0x37, 0xb3,
    0x45, 0x41, 0x37, 0xb3, 0x45, 0x41, 0x37, 0xb3, 0x45, 0x41, 0x37, 0xb3, 0x45, 0x41, 0x37, 0xb3,
    0x45, 0x41, 0x37, 0xb3, 0x45, 0x41, 0x37, 0xb3, 0x45, 0x41, 0x37, 0xb3, 0x45, 0x41, 0x37, 0xb3,
    0x45, 0x41, 0x37, 0xb3, 0x45, 0x41, 0x37, 0xb3, 0x45, 0x41, 0x37, 0xb3, 0x45, 0x41, 0x37, 0xb3,
    0x45, 0x41, 0x37, 0xb3, 0x45, 0x41, 0x37, 0xb3, 0x45, 0x41, 0x37, 0xb3, 0x45, 0x41, 0x37, 0xb3,
    0x45, 0x41, 0x37, 0xb3, 0x45, 0x41, 0x37, 0xb3, 0x45, 0x41, 0x37, 0xb3, 0x45, 0x41, 0x37, 0xb3,
    0x45, 0x41, 0x37, 0xb3, 0x45, 0x41, 0x37, 0xb3, 0x45, 0x41, 0x37, 0xb3, 0x45, 0x41, 0x37, 0xb3,
    0x45, 0x41, 0x37, 0xb3, 0x45, 0x41, 0x37, 0xb3, 0x45, 0x41, 0x37, 0xb3, 0x45, 0x41, 0x37, 0xb3,
    0x45, 0x41, 0x37, 0xb3, 0x45, 0x41, 0x37, 0xb3, 0x45, 0x41, 0x37, 0xb3, 0x45, 0x41, 0x37, 0xb3,
    0x45, 0x41, 0x37, 0xb3, 0x45, 0x41, 0x37, 0xb3, 0x45, 0x41, 0x37, 0xb3, 0x45, 0x41, 0x37, 0xb3,
    0x45, 0x41, 0x37, 0xb3, 0x45, 0x41, 0x37, 0xb3, 0x45, 0x41, 0x37, 0xb3, 0x45, 0x41, 0x37, 0xb3,
    0x45, 0x41, 0x37, 0xb3, 0x45, 0x41, 0x37, 0xb3, 0x45, 0x41, 0x37, 0xb3, 0x45, 0x41, 0x37, 0xb3,
    0x45, 0x41, 0x37, 0xb3, 0x45, 0x41, 0x37, 0xb3, 0x45, 0x41, 0x37, 0xb3, 0x45, 0x41, 0x37, 0xb3,
    0x45, 0x41, 0x37, 0xb3, 0x45, 0x41, 0x37, 0xb3, 0x45, 0x41, 0x37, 0xb3, 0x45, 0x41, 0x37, 0xb3,
    0x45, 0x41, 0x37, 0xb3, 0x45, 0x41, 0x37, 0xb3, 0x45, 0x41, 0x37, 0xb3, 0x45, 0x41, 0x37, 0xb3,
    0x45, 0x41, 0x37, 0xb3, 0x45, 0x41, 0x37, 0xb3, 0x45, 0x41, 0x37, 0xb3, 0x45, 0x41, 0x37, 0xb3,
    0x45, 0x41, 0x37, 0xb3, 0x45, 0x41, 0x37, 0xb3, 0x45, 0x41, 0x37, 0xb3, 0x45, 0x41, 0x37, 0xb3,
    0x45, 0x41, 0x37, 0xb3, 0x45, 0x41, 0x37, 0xb3, 0x45, 0x41, 0x37, 0xb3, 0x45, 0x41, 0x37, 0xb3,
    0x45, 0x41, 0x37, 0xb3, 0x45, 0x41, 0x37, 0xb3, 0x45, 0x41, 0x37, 0xb3, 0x45, 0x41, 0x37, 0xb3,
    0x45, 0x41, 0x37, 0xb3, 0x45, 0x41, 0x37, 0xb3, 0x45, 0x41, 0x37, 0xb3, 0x45, 0x41, 0x37, 0xb3,
    0x45, 0x41, 0x37, 0xb3, 0x45, 0x41, 0x37, 0xb3, 0x45, 0x41, 0x37, 0xb3, 0x45, 0x41, 0x37, 0xb3,
    0x45, 0x41, 0x37, 0xb3, 0x45, 0x41, 0x37, 0xb3, 0x45, 0x41, 0x37, 0xb3, 0x45, 0x41, 0x37, 0xb3,
    0x45, 0x41, 0x37, 0xb3, 0x45, 0x41, 0x37, 0xb3, 0x45, 0x41, 0x37, 0xb3, 0x45, 0x41, 0x37, 0xb3,
    0x45, 0x41, 0x37, 0xb3, 0x45, 0x41, 0x37, 0xb3, 0x45, 0x41, 0x37, 0xb3, 0xaa, 0xc6, 0xd3, 0x0e,
    0xaa, 0xc6, 0xd3, 0x12, 0x45, 0x41, 0x37, 0xb3, 0x45, 0x41, 0x37, 0xb3, 0x45, 0x41, 0x37, 0xb3,
    0x45, 0x41, 0x37, 0xb3, 0x45, 0x41, 0x37, 0xb3, 0x45, 0x41, 0x37, 0xb3, 0x45, 0x41, 0x37, 0xb3,
    0x45, 0x41, 0x37, 0xb3, 0x45, 0x41, 0x37, 0xb3, 0x45, 0x41, 0x37, 0xb3, 0x45, 0x41, 0x37, 0xb3,
    0x45, 0x41, 0x37, 0xb3, 0x45, 0x41, 0x37, 0xb3, 0x45, 0x41, 0x37, 0xb3, 0x45, 0x41, 0x37, 0xb3,
    0x45, 0x41, 0x37, 0xb3, 0x45, 0x41, 0x37, 0xb3, 0x45, 0x41, 0x37, 0xb3, 0x45, 0x41, 0x37, 0xb3,
    0x45, 0x41, 0x37, 0xb3, 0x45, 0x41, 0x37, 0xb3, 0x45, 0x41, 0x37, 0xb3, 0x45, 0x41, 0x37, 0xb3,
    0x45, 0x41, 0x37, 0xb3, 0x45, 0x41, 0x37, 0xb3, 0x45, 0x41, 0x37, 0xb3, 0x45, 0x41, 0x37, 0xb3,
    0x45, 0x41, 0x37, 0xb3, 0x45, 0x41, 0x37, 0xb3, 0x45, 0x41, 0x37, 0xb3, 0x45, 0x41, 0x37, 0xb3,
    0x45, 0x41, 0x37, 0xb3, 0x45, 0x41, 0x37, 0xb3, 0x45, 0x41, 0x37, 0xb3, 0x45, 0x41, 0x37, 0xb3,
    0x45, 0x41, 0x37, 0xb3, 0x45, 0x41, 0x37, 0xb3, 0x45, 0x41, 0x37, 0xb3, 0x45, 0x41, 0x37, 0xb3,
    0x45, 0x41, 0x37, 0xb3, 0x45, 0x41, 0x37, 0xb3, 0x45, 0x41, 0x37, 0xb3, 0x45, 0x41, 0x37, 0xb3,
    0x45, 0x41, 0x37, 0xb3, 0x45, 0x41, 0x37, 0xb3, 0x45, 0x41, 0x37, 0xb3, 0x45, 0x41, 0x37, 0xb3,
    0x45, 0x41, 0x37, 0xb3, 0x45, 0x41, 0x37, 0xb3, 0x45, 0x41, 0x37, 0xb3, 0x45, 0x41, 0x37, 0xb3,
    0x45, 0x41, 0x37, 0xb3, 0x45, 0x41, 0x37, 0xb3, 0x45, 0x41, 0x37, 0xb3, 0x45, 0x41, 0x37, 0xb3,
    0x45, 0x41, 0x37, 0xb3, 0x45, 0x41, 0x37, 0xb3, 0x45, 0x41, 0x37, 0xb3, 0x45, 0x41, 0x37, 0xb3,
    0x45, 0x41, 0x37, 0xb3, 0x45, 0x41, 0x37, 0xb3, 0x45, 0x41, 0x37, 0xb3, 0x45, 0x41, 0x37, 0xb3,
    0x45, 0x41, 0x37, 0xb3, 0x45, 0x41, 0x37, 0xb3, 0x45, 0x41, 0x37, 0xb3, 0x45, 0x41, 0x37, 0xb3,
    0x45, 0x41, 0x37, 0xb3, 0x45, 0x41, 0x37, 0xb3, 0x45, 0x41, 0x37, 0xb3, 0x45, 0x41, 0x37, 0xb3,
    0x45, 0x41, 0x37, 0xb3, 0x45, 0x41, 0x37, 0xb3, 0x45, 0x41, 0x37, 0xb3, 0x45, 0x41, 0x37, 0xb3,
    0x45, 0x41, 0x37, 0xb3, 0x45, 0x41, 0x37, 0xb3, 0x45, 0x41, 0x37, 0xb3, 0x45, 0x41, 0x37, 0xb3,
    0x45, 0x41, 0x37, 0xb3, 0x45, 0x41, 0x37, 0xb3, 0x45, 0x41, 0x37, 0xb3, 0x45, 0x41, 0x37, 0xb3,
    0x45, 0x41, 0x37, 0xb3, 0x45, 0x41, 0x37, 0xb3, 0x45, 0x41, 0x37, 0xb3, 0x45, 0x41, 0x37, 0xb3,
    0x45, 0x41, 0x37, 0xb3, 0x45, 0x41, 0x37, 0xb3, 0x45, 0x41, 0x37, 0xb3, 0x45, 0x41, 0x37, 0xb3,
    0x45, 0x41, 0x37, 0xb3, 0x45, 0x41, 0x37, 0xb3, 0x45, 0x41, 0x37, 0xb3, 0x45, 0x41, 0x37, 0xb3,
    0x45, 0x41, 0x37, 0xb3, 0x45, 0x41, 0x37, 0xb3, 0x45, 0x41, 0x37, 0xb3, 0x45, 0x41, 0x37, 0xb3,
    0x45, 0x41, 0x37, 0xb3, 0x45, 0x41, 0x37, 0xb3, 0x45, 0x41, 0x37, 0xb3, 0x45, 0x41, 0x37, 0xb3,
    0x45, 0x41, 0x37, 0xb3, 0x45, 0x41, 0x37, 0xb3, 0x45, 0x41, 0x37, 0xb3, 0x45, 0x41, 0x37, 0xb3,
    0x45, 0x41, 0x37, 0xb3, 0x45, 0x41, 0x37, 0xb3, 0x45, 0x41, 0x37, 0xb3, 0x45, 0x41, 0x37, 0xb3,
    0x45, 0x41, 0x37, 0xb3, 0x45, 0x41, 0x37, 0xb3, 0x45, 0x41, 0x37, 0xb3, 0x45, 0x41, 0x37, 0xb3,
    0x45, 0x41, 0x37, 0xb3, 0x45, 0x41, 0x37, 0xb3, 0x45, 0x41, 0x37, 0xb3, 0xaa, 0xc6, 0xd3, 0x12,
    0xaa, 0xc6, 0xd3, 0x13, 0x45, 0x41, 0x37, 0xb3, 0x45, 0x41, 0x37, 0xb3, 0x45, 0x41, 0x37, 0xb3,
    0x45, 0x41, 0x37, 0xb3, 0x45, 0x41, 0x37, 0xb3, 0x45, 0x41, 0x37, 0xb3, 0x45, 0x41, 0x37, 0xb3,
    0x45, 0x41, 0x37, 0xb3, 0x45, 0x41, 0x37, 0xb3, 0x45, 0x41, 0x37, 0xb3, 0x45, 0x41, 0x37, 0xb3,
    0x45, 0x41, 0x37, 0xb3, 0x45, 0x41, 0x37, 0xb3, 0x45, 0x41, 0x37, 0xb3, 0x45, 0x41, 0x37, 0xb3,
    0x45, 0x41, 0x37, 0xb3, 0x45, 0x41, 0x37, 0xb3, 0x45, 0x41, 0x37, 0xb3, 0x45, 0x41, 0x37, 0xb3,
    0x45, 0x41, 0x37, 0xb3, 0x45, 0x41, 0x37, 0xb3, 0x45, 0x41, 0x37, 0xb3, 0x45, 0x41, 0x37, 0xb3,
    0x45, 0x41, 0x37, 0xb3, 0x45, 0x41, 0x37, 0xb3, 0x45, 0x41, 0x37, 0xb3, 0x45, 0x41, 0x37, 0xb3,
    0x45, 0x41, 0x37, 0xb3, 0x45, 0x41, 0x37, 0xb3, 0x45, 0x41, 0x37, 0xb3, 0x45, 0x41, 0x37, 0xb3,
    0x45, 0x41, 0x37, 0xb3, 0x45, 0x41, 0x37, 0xb3, 0x45, 0x41, 0x37, 0xb3, 0x45, 0x41, 0x37, 0xb3,
    0x45, 0x41, 0x37, 0xb3, 0x45, 0x41, 0x37, 0xb3, 0x45, 0x41, 0x37, 0xb3, 0x45, 0x41, 0x37, 0xb3,
    0x45, 0x41, 0x37, 0xb3, 0x45, 0x41, 0x37, 0xb3, 0x45, 0x41, 0x37, 0xb3, 0x45, 0x41, 0x37, 0xb3,
    0x45, 0x41, 0x37, 0xb3, 0x45, 0x41, 0x37, 0xb3, 0x45, 0x41, 0x37, 0xb3, 0x45, 0x41, 0x37, 0xb3,
    0x45, 0x41, 0x37, 0xb3, 0x45, 0x41, 0x37, 0xb3, 0x45, 0x41, 0x37, 0xb3, 0x45, 0x41, 0x37, 0xb3,
    0x45, 0x41, 0x37, 0xb3, 0x45, 0x41, 0x37, 0xb3, 0x45, 0x41, 0x37, 0xb3, 0x45, 0x41, 0x37, 0xb3,
    0x45, 0x41, 0x37, 0xb3, 0x45, 0x41, 0x37, 0xb3, 0x45, 0x41, 0x37, 0xb3, 0x45, 0x41, 0x37, 0xb3,
    0x45, 0x41, 0x37, 0xb3, 0x45, 0x41, 0x37, 0xb3, 0x45, 0x41, 0x37, 0xb3, 0x45, 0x41, 0x37, 0xb3,
    0x45, 0x41, 0x37, 0xb3, 0x45, 0x41, 0x37, 0xb3, 0x45, 0x41, 0x37, 0xb3, 0x45, 0x41, 0x37, 0xb3,
    0x45, 0x41, 0x37, 0xb3, 0x45, 0x41, 0x37, 0xb3, 0x45, 0x41, 0x37, 0xb3, 0x45, 0x41, 0x37, 0xb3,
    0x45, 0x41, 0x37, 0xb3, 0x45, 0x41, 0x37, 0xb3, 0x45, 0x41, 0x37, 0xb3, 0x45, 0x41, 0x37, 0xb3,
    0x45, 0x41, 0x37, 0xb3, 0x45, 0x41, 0x37, 0xb3, 0x45, 0x41, 0x37, 0xb3, 0x45, 0x41, 0x37, 0xb3,
    0x45, 0x41, 0x37, 0xb3, 0x45, 0x41, 0x37, 0xb3, 0x45, 0x41, 0x37, 0xb3, 0x45, 0x41, 0x37, 0xb3,
    0x45, 0x41, 0x37, 0xb3, 0x45, 0x41, 0x37, 0xb3, 0x45, 0x41, 0x37, 0xb3, 0x45, 0x41, 0x37, 0xb3,
    0x45, 0x41, 0x37, 0xb3, 0x45, 0x41, 0x37, 0xb3, 0x45, 0x41, 0x37, 0xb3, 0x45, 0x41, 0x37, 0xb3,
    0x45, 0x41, 0x37, 0xb3, 0x45, 0x41, 0x37, 0xb3, 0x45, 0x41, 0x37, 0xb3, 0x45, 0x41, 0x37, 0xb3,
    0x45, 0x41, 0x37, 0xb3, 0x45, 0x41, 0x37, 0xb3, 0x45, 0x41, 0x37, 0xb3, 0x45, 0x41, 0x37, 0xb3,
    0x45, 0x41, 0x37, 0xb3, 0x45, 0x41, 0x37, 0xb3, 0x45, 0x41, 0x37, 0xb3, 0x45, 0x41, 0x37, 0xb3,
    0x45, 0x41, 0x37, 0xb3, 0x45, 0x41, 0x37, 0xb3, 0x45, 0x41, 0x37, 0xb3, 0x45, 0x41, 0x37, 0xb3,
    0x45, 0x41, 0x37, 0xb3, 0x45, 0x41, 0x37, 0xb3, 0x45, 0x41, 0x37, 0xb3, 0x45, 0x41, 0x37, 0xb3,
    0x45, 0x41, 0x37, 0xb3, 0x45, 0x41, 0x37, 0xb3, 0x45, 0x41, 0x37, 0xb3, 0x45, 0x41, 0x37, 0xb3,
    0x45, 0x41, 0x37, 0xb3, 0x45, 0x41, 0x37, 0xb3, 0x45, 0x41, 0x37, 0xb3, 0xaa, 0xc6, 0xd3, 0x13,
    0xaa, 0xc6, 0xd3, 0x14, 0x45, 0x41, 0x37, 0xb3, 0x45, 0x41, 0x37, 0xb3, 0x45, 0x41, 0x37, 0xb3,
    0x45, 0x41, 0x37, 0xb3, 0x45, 0x41, 0x37, 0xb3, 0x45, 0x41, 0x37, 0xb3, 0x45, 0x41, 0x37, 0xb3,
    0x45, 0x41, 0x37, 0xb3, 0x45, 0x41, 0x37, 0xb3, 0x45, 0x41, 0x37, 0xb3, 0x45, 0x41, 0x37, 0xb3,
    0x45, 0x41, 0x37, 0xb3, 0x45, 0x41, 0x37, 0xb3, 0x45, 0x41, 0x37, 0xb3, 0x45, 0x41, 0x37, 0xb3,
    0x45, 0x41, 0x37, 0xb3, 0x45, 0x41, 0x37, 0xb3, 0x45, 0x41, 0x37, 0xb3, 0x45, 0x41, 0x37, 0xb3,
    0x45, 0x41, 0x37, 0xb3, 0x45, 0x41, 0x37, 0xb3, 0x45, 0x41, 0x37, 0xb3, 0x45, 0x41, 0x37, 0xb3,
    0x45, 0x41, 0x37, 0xb3, 0x45, 0x41, 0x37, 0xb3, 0x45, 0x41, 0x37, 0xb3, 0x45, 0x41, 0x37, 0xb3,
    0x45, 0x41, 0x37, 0xb3, 0x45, 0x41, 0x37, 0xb3, 0x45, 0x41, 0x37, 0xb3, 0x45, 0x41, 0x37, 0xb3,
    0x45, 0x41, 0x37, 0xb3, 0x45, 0x41, 0x37, 0xb3, 0x45, 0x41, 0x37, 0xb3, 0x45, 0x41, 0x37, 0xb3,
    0x45, 0x41, 0x37, 0xb3, 0x45, 0x41, 0x37, 0xb3, 0x45, 0x41, 0x37, 0xb3, 0x45, 0x41, 0x37, 0xb3,
    0x45, 0x41, 0x37, 0xb3, 0x45, 0x41, 0x37, 0xb3, 0x45, 0x41, 0x37, 0xb3, 0x45, 0x41, 0x37, 0xb3,
    0x45, 0x41, 0x37, 0xb3, 0x45, 0x41, 0x37, 0xb3, 0x45, 0x41, 0x37, 0xb3, 0x45, 0x41, 0x37, 0xb3,
    0x45, 0x41, 0x37, 0xb3, 0x45, 0x41, 0x37, 0xb3, 0x45, 0x41, 0x37, 0xb3, 0x45, 0x41, 0x37, 0xb3,
    0x45, 0x41, 0x37, 0xb3, 0x45, 0x41, 0x37, 0xb3, 0x45, 0x41, 0x37, 0xb3, 0x45, 0x41, 0x37, 0xb3,
    0x45, 0x41, 0x37, 0xb3, 0x45, 0x41, 0x37, 0xb3, 0x45, 0x41, 0x37, 0xb3, 0x45, 0x41, 0x37, 0xb3,
    0x45, 0x41, 0x37, 0xb3, 0x45, 0x41, 0x37, 0xb3, 0x45, 0x41, 0x37, 0xb3, 0x45, 0x41, 0x37, 0xb3,
    0x45, 0x41, 0x37, 0xb3, 0x45, 0x41, 0x37, 0xb3, 0x45, 0x41, 0x37, 0xb3, 0x45, 0x41, 0x37, 0xb3,
    0x45, 0x41, 0x37, 0xb3, 0x45, 0x41, 0x37, 0xb3, 0x45, 0x41, 0x37, 0xb3, 0x45, 0x41, 0x37, 0xb3,
    0x45, 0x41, 0x37, 0xb3, 0x45, 0x41, 0x37, 0xb3, 0x45, 0x41, 0x37, 0xb3, 0x45, 0x41, 0x37, 0xb3,
    0x45, 0x41, 0x37, 0xb3, 0x45, 0x41, 0x37, 0xb3, 0x45, 0x41, 0x37, 0xb3, 0x45, 0x41, 0x37, 0xb3,
    0x45, 0x41, 0x37, 0xb3, 0x45, 0x41, 0x37, 0xb3, 0x45, 0x41, 0x37, 0xb3, 0x45, 0x41, 0x37, 0xb3,
    0x45, 0x41, 0x37, 0xb3, 0x45, 0x41, 0x37, 0xb3, 0x45, 0x41, 0x37, 0xb3, 0x45, 0x41, 0x37, 0xb3,
    0x45, 0x41, 0x37, 0xb3, 0x45, 0x41, 0x37, 0xb3, 0x45, 0x41, 0x37, 0xb3, 0x45, 0x41, 0x37, 0xb3,
    0x45, 0x41, 0x37, 0xb3, 0x45, 0x41, 0x37, 0xb3, 0x45, 0x41, 0x37, 0xb3, 0x45, 0x41, 0x37, 0xb3,
    0x45, 0x41, 0x37, 0xb3, 0x45, 0x41, 0x37, 0xb3, 0x45, 0x41, 0x37, 0xb3, 0x45, 0x41, 0x37, 0xb3,
    0x45, 0x41, 0x37, 0xb3, 0x45, 0x41, 0x37, 0xb3, 0x45, 0x41, 0x37, 0xb3, 0x45, 0x41, 0x37, 0xb3,
    0x45, 0x41, 0x37, 0xb3, 0x45, 0x41, 0x37, 0xb3, 0x45, 0x41, 0x37, 0xb3, 0x45, 0x41, 0x37, 0xb3,
    0x45, 0x41, 0x37, 0xb3, 0x45, 0x41, 0x37, 0xb3, 0x45, 0x41, 0x37, 0xb3, 0x45, 0x41, 0x37, 0xb3,
    0x45, 0x41, 0x37, 0xb3, 0x45, 0x41, 0x37, 0xb3, 0x45, 0x41, 0x37, 0xb3, 0x45, 0x41, 0x37, 0xb3,
    0x45, 0x41, 0x37, 0xb3, 0x45, 0x41, 0x37, 0xb3, 0x45, 0x41, 0x37, 0xb3, 0xaa, 0xc6, 0xd3, 0x14,
    0xaa, 0xc6, 0xd3, 0x13, 0x45, 0x41, 0x37, 0xb3, 0x45, 0x41, 0x37, 0xb3, 0x45, 0x41, 0x37, 0xb3,
    0x45, 0x41, 0x37, 0xb3, 0x45, 0x41, 0x37, 0xb3, 0x45, 0x41, 0x37, 0xb3, 0x45, 0x41, 0x37, 0xb3,
    0x45, 0x41, 0x37, 0xb3, 0x45, 0x41, 0x37, 0xb3, 0x45, 0x41, 0x37, 0xb3, 0x45, 0x41, 0x37, 0xb3,
    0x45, 0x41, 0x37, 0xb3, 0x45, 0x41, 0x37, 0xb3, 0x45, 0x41, 0x37, 0xb3, 0x45, 0x41, 0x37, 0xb3,
    0x45, 0x41, 0x37, 0xb3, 0x45, 0x41, 0x37, 0xb3, 0x45, 0x41, 0x37, 0xb3, 0x45, 0x41, 0x37, 0xb3,
    0x45, 0x41, 0x37, 0xb3, 0x45, 0x41, 0x37, 0xb3, 0x45, 0x41, 0x37, 0xb3, 0x45, 0x41, 0x37, 0xb3,
    0x45, 0x41, 0x37, 0xb3, 0x45, 0x41, 0x37, 0xb3, 0x45, 0x41, 0x37, 0xb3, 0x45, 0x41, 0x37, 0xb3,
    0x45, 0x41, 0x37, 0xb3, 0x45, 0x41, 0x37, 0xb3, 0x45, 0x41, 0x37, 0xb3, 0x45, 0x41, 0x37, 0xb3,
    0x45, 0x41, 0x37, 0xb3, 0x45, 0x41, 0x37, 0xb3, 0x45, 0x41, 0x37, 0xb3, 0x45, 0x41, 0x37, 0xb3,
    0x45, 0x41, 0x37, 0xb3, 0x45, 0x41, 0x37, 0xb3, 0x45, 0x41, 0x37, 0xb3, 0x45, 0x41, 0x37, 0xb3,
    0x45, 0x41, 0x37, 0xb3, 0x45, 0x41, 0x37, 0xb3, 0x45, 0x41, 0x37, 0xb3, 0x45, 0x41, 0x37, 0xb3,
    0x45, 0x41, 0x37, 0xb3, 0x45, 0x41, 0x37, 0xb3, 0x45, 0x41, 0x37, 0xb3, 0x45, 0x41, 0x37, 0xb3,
    0x45, 0x41, 0x37, 0xb3, 0x45, 0x41, 0x37, 0xb3, 0x45, 0x41, 0x37, 0xb3, 0x45, 0x41, 0x37, 0xb3,
    0x45, 0x41, 0x37, 0xb3, 0x45, 0x41, 0x37, 0xb3, 0x45, 0x41, 0x37, 0xb3, 0x45, 0x41, 0x37, 0xb3,
    0x45, 0x41, 0x37, 0xb3, 0x45, 0x41, 0x37, 0xb3, 0x45, 0x41, 0x37, 0xb3, 0x45, 0x41, 0x37, 0xb3,
    0x45, 0x41, 0x37, 0xb3, 0x45, 0x41, 0x37, 0xb3, 0x45, 0x41, 0x37, 0xb3, 0x45, 0x41, 0x37, 0xb3,
    0x45, 0x41, 0x37, 0xb3, 0x45, 0x41, 0x37, 0xb3, 0x45, 0x41, 0x37, 0xb3, 0x45, 0x41, 0x37, 0xb3,
    0x45, 0x41, 0x37, 0xb3, 0x45, 0x41, 0x37, 0xb3, 0x45, 0x41, 0x37, 0xb3, 0x45, 0x41, 0x37, 0xb3,
    0x45, 0x41, 0x37, 0xb3, 0x45, 0x41, 0x37, 0xb3, 0x45, 0x41, 0x37, 0xb3, 0x45, 0x41, 0x37, 0xb3,
    0x45, 0x41, 0x37, 0xb3, 0x45, 0x41, 0x37, 0xb3, 0x45, 0x41, 0x37, 0xb3, 0x45, 0x41, 0x37, 0xb3,
    0x45, 0x41, 0x37, 0xb3, 0x45, 0x41, 0x37, 0xb3, 0x45, 0x41, 0x37, 0xb3, 0x45, 0x41, 0x37, 0xb3,
    0x45, 0x41, 0x37, 0xb3, 0x45, 0x41, 0x37, 0xb3, 0x45, 0x41, 0x37, 0xb3, 0x45, 0x41, 0x37, 0xb3,
    0x45, 0x41, 0x37, 0xb3, 0x45, 0x41, 0x37, 0xb3, 0x45, 0x41, 0x37, 0xb3, 0x45, 0x41, 0x37, 0xb3,
    0x45, 0x41, 0x37, 0xb3, 0x45, 0x41, 0x37, 0xb3, 0x45, 0x41, 0x37, 0xb3, 0x45, 0x41, 0x37, 0xb3,
    0x45, 0x41, 0x37, 0xb3, 0x45, 0x41, 0x37, 0xb3, 0x45, 0x41, 0x37, 0xb3, 0x45, 0x41, 0x37, 0xb3,
    0x45, 0x41, 0x37, 0xb3, 0x45, 0x41, 0x37, 0xb3, 0x45, 0x41, 0x37, 0xb3, 0x45, 0x41, 0x37, 0xb3,
    0x45, 0x41, 0x37, 0xb3, 0x45, 0x41, 0x37, 0xb3, 0x45, 0x41, 0x37, 0xb3, 0x45, 0x41, 0x37, 0xb3,
    0x45, 0x41, 0x37, 0xb3, 0x45, 0x41, 0x37, 0xb3, 0x45, 0x41, 0x37, 0xb3, 0x45, 0x41, 0x37, 0xb3,
    0x45, 0x41, 0x37, 0xb3, 0x45, 0x41, 0x37, 0xb3, 0x45, 0x41, 0x37, 0xb3, 0x45, 0x41, 0x37, 0xb3,
    0x45, 0x41, 0x37, 0xb3, 0x45, 0x41, 0x37, 0xb3, 0x45, 0x41, 0x37, 0xb3, 0xaa, 0xc6, 0xd3, 0x13,
    0xaa, 0xc6, 0xd3, 0x12, 0x45, 0x41, 0x37, 0xb3, 0x45, 0x41, 0x37, 0xb3, 0x45, 0x41, 0x37, 0xb3,
    0x45, 0x41, 0x37, 0xb3, 0x45, 0x41, 0x37, 0xb3, 0x45, 0x41, 0x37, 0xb3, 0x45, 0x41, 0x37, 0xb3,
    0x45, 0x41, 0x37, 0xb3, 0x45, 0x41, 0x37, 0xb3, 0x45, 0x41, 0x37, 0xb3, 0x45, 0x41, 0x37, 0xb3,
    0x45, 0x41, 0x37, 0xb3, 0x45, 0x41, 0x37, 0xb3, 0x45, 0x41, 0x37, 0xb3, 0x45, 0x41, 0x37, 0xb3,
    0x45, 0x41, 0x37, 0xb3, 0x45, 0x41, 0x37, 0xb3, 0x45, 0x41, 0x37, 0xb3, 0x45, 0x41, 0x37, 0xb3,
    0x45, 0x41, 0x37, 0xb3, 0x45, 0x41, 0x37, 0xb3, 0x45, 0x41, 0x37, 0xb3, 0x45, 0x41, 0x37, 0xb3,
    0x45, 0x41, 0x37, 0xb3, 0x45, 0x41, 0x37, 0xb3, 0x45, 0x41, 0x37, 0xb3, 0x45, 0x41, 0x37, 0xb3,
    0x45, 0x41, 0x37, 0xb3, 0x45, 0x41, 0x37, 0xb3, 0x45, 0x41, 0x37, 0xb3, 0x45, 0x41, 0x37, 0xb3,
    0x45, 0x41, 0x37, 0xb3, 0x45, 0x41, 0x37, 0xb3, 0x45, 0x41, 0x37, 0xb3, 0x45, 0x41, 0x37, 0xb3,
    0x45, 0x41, 0x37, 0xb3, 0x45, 0x41, 0x37, 0xb3, 0x45, 0x41, 0x37, 0xb3, 0x45, 0x41, 0x37, 0xb3,
    0x45, 0x41, 0x37, 0xb3, 0x45, 0x41, 0x37, 0xb3, 0x45, 0x41, 0x37, 0xb3, 0x45, 0x41, 0x37, 0xb3,
    0x45, 0x41, 0x37, 0xb3, 0x45, 0x41, 0x37, 0xb3, 0x45, 0x41, 0x37, 0xb3, 0x45, 0x41, 0x37, 0xb3,
    0x45, 0x41, 0x37, 0xb3, 0x45, 0x41, 0x37, 0xb3, 0x45, 0x41, 0x37, 0xb3, 0x45, 0x41, 0x37, 0xb3,
    0x45, 0x41, 0x37, 0xb3, 0x45, 0x41, 0x37, 0xb3, 0x45, 0x41, 0x37, 0xb3, 0x45, 0x41, 0x37, 0xb3,
    0x45, 0x41, 0x37, 0xb3, 0x45, 0x41, 0x37, 0xb3, 0x45, 0x41, 0x37, 0xb3, 0x45, 0x41, 0x37, 0xb3,
    0x45, 0x41, 0x37, 0xb3, 0x45, 0x41, 0x37, 0xb3, 0x45, 0x41, 0x37, 0xb3, 0x45, 0x41, 0x37, 0xb3,
    0x45, 0x41, 0x37, 0xb3, 0x45, 0x41, 0x37, 0xb3, 0x45, 0x41, 0x37, 0xb3, 0x45, 0x41, 0x37, 0xb3,
    0x45, 0x41, 0x37, 0xb3, 0x45, 0x41, 0x37, 0xb3, 0x45, 0x41, 0x37, 0xb3, 0x45, 0x41, 0x37, 0xb3,
    0x45, 0x41, 0x37, 0xb3, 0x45, 0x41, 0x37, 0xb3, 0x45, 0x41, 0x37, 0xb3, 0x45, 0x41, 0x37, 0xb3,
    0x45, 0x41, 0x37, 0xb3, 0x45, 0x41, 0x37, 0xb3, 0x45, 0x41, 0x37, 0xb3, 0x45, 0x41, 0x37, 0xb3,
    0x45, 0x41, 0x37, 0xb3, 0x45, 0x41, 0x37, 0xb3, 0x45, 0x41, 0x37, 0xb3, 0x45, 0x41, 0x37, 0xb3,
    0x45, 0x41, 0x37, 0xb3, 0x45, 0x41, 0x37, 0xb3, 0x45, 0x41, 0x37, 0xb3, 0x45, 0x41, 0x37, 0xb3,
    0x45, 0x41, 0x37, 0xb3, 0x45, 0x41, 0x37, 0xb3, 0x45, 0x41, 0x37, 0xb3, 0x45, 0x41, 0x37, 0xb3,
    0x45, 0x41, 0x37, 0xb3, 0x45, 0x41, 0x37, 0xb3, 0x45, 0x41, 0x37, 0xb3, 0x45, 0x41, 0x37, 0xb3,
    0x45, 0x41, 0x37, 0xb3, 0x45, 0x41, 0x37, 0xb3, 0x45, 0x41, 0x37, 0xb3, 0x45, 0x41, 0x37, 0xb3,
    0x45, 0x41, 0x37, 0xb3, 0x45, 0x41, 0x37, 0xb3, 0x45, 0x41, 0x37, 0xb3, 0x45, 0x41, 0x37, 0xb3,
    0x45, 0x41, 0x37, 0xb3, 0x45, 0x41, 0x37, 0xb3, 0x45, 0x41, 0x37, 0xb3, 0x45, 0x41, 0x37, 0xb3,
    0x45, 0x41, 0x37, 0xb3, 0x45, 0x41, 0x37, 0xb3, 0x45, 0x41, 0x37, 0xb3, 0x45, 0x41, 0x37, 0xb3,
    0x45, 0x41, 0x37, 0xb3, 0x45, 0x41, 0x37, 0xb3, 0x45, 0x41, 0x37, 0xb3, 0x45, 0x41, 0x37, 0xb3,
    0x45, 0x41, 0x37, 0xb3, 0x45, 0x41, 0x37, 0xb3, 0x45, 0x41, 0x37, 0xb3, 0xaa, 0xc6, 0xd3, 0x12,
    0xaa, 0xc6, 0xd3, 0x0e, 0x45, 0x41, 0x37, 0xb3, 0x45, 0x41, 0x37, 0xb3, 0x45, 0x41, 0x37, 0xb3,
    0x45, 0x41, 0x37, 0xb3, 0x45, 0x41, 0x37, 0xb3, 0x45, 0x41, 0x37, 0xb3, 0x45, 0x41, 0x37, 0xb3,
    0x45, 0x41, 0x37, 0xb3, 0x45, 0x41, 0x37, 0xb3, 0x45, 0x41, 0x37, 0xb3, 0x45, 0x41, 0x37, 0xb3,
    0x45, 0x41, 0x37, 0xb3, 0x45, 0x41, 0x37, 0xb3, 0x45, 0x41, 0x37, 0xb3, 0x45, 0x41, 0x37, 0xb3,
    0x45, 0x41, 0x37, 0xb3, 0x45, 0x41, 0x37, 0xb3, 0x45, 0x41, 0x37, 0xb3, 0x45, 0x41, 0x37, 0xb3,
    0x45, 0x41, 0x37, 0xb3, 0x45, 0x41, 0x37, 0xb3, 0x45, 0x41, 0x37, 0xb3, 0x45, 0x41, 0x37, 0xb3,
    0x45, 0x41, 0x37, 0xb3, 0x45, 0x41, 0x37, 0xb3, 0x45, 0x41, 0x37, 0xb3, 0x45, 0x41, 0x37, 0xb3,
    0x45, 0x41, 0x37, 0xb3, 0x45, 0x41, 0x37, 0xb3, 0x45, 0x41, 0x37, 0xb3, 0x45, 0x41, 0x37, 0xb3,
    0x45, 0x41, 0x37, 0xb3, 0x45, 0x41, 0x37, 0xb3, 0x45, 0x41, 0x37, 0xb3, 0x45, 0x41, 0x37, 0xb3,
    0x45, 0x41, 0x37, 0xb3, 0x45, 0x41, 0x37, 0xb3, 0x45, 0x41, 0x37, 0xb3, 0x45, 0x41, 0x37, 0xb3,
    0x45, 0x41, 0x37, 0xb3, 0x45, 0x41, 0x37, 0xb3, 0x45, 0x41, 0x37, 0xb3, 0x45, 0x41, 0x37, 0xb3,
    0x45, 0x41, 0x37, 0xb3, 0x45, 0x41, 0x37, 0xb3, 0x45, 0x41, 0x37, 0xb3, 0x45, 0x41, 0x37, 0xb3,
    0x45, 0x41, 0x37, 0xb3, 0x45, 0x41, 0x37, 0xb3, 0x45, 0x41, 0x37, 0xb3, 0x45, 0x41, 0x37, 0xb3,
    0x45, 0x41, 0x37, 0xb3, 0x45, 0x41, 0x37, 0xb3, 0x45, 0x41, 0x37, 0xb3, 0x45, 0x41, 0x37, 0xb3,
    0x45, 0x41, 0x37, 0xb3, 0x45, 0x41, 0x37, 0xb3, 0x45, 0x41, 0x37, 0xb3, 0x45, 0x41, 0x37, 0xb3,
    0x45, 0x41, 0x37, 0xb3, 0x45, 0x41, 0x37, 0xb3, 0x45, 0x41, 0x37, 0xb3, 0x45, 0x41, 0x37, 0xb3,
    0x45, 0x41, 0x37, 0xb3, 0x45, 0x41, 0x37, 0xb3, 0x45, 0x41, 0x37, 0xb3, 0x45, 0x41, 0x37, 0xb3,
    0x45, 0x41, 0x37, 0xb3, 0x45, 0x41, 0x37, 0xb3, 0x45, 0x41, 0x37, 0xb3, 0x45, 0x41, 0x37, 0xb3,
    0x45, 0x41, 0x37, 0xb3, 0x45, 0x41, 0x37, 0xb3, 0x45, 0x41, 0x37, 0xb3, 0x45, 0x41, 0x37, 0xb3,
    0x45, 0x41, 0x37, 0xb3, 0x45, 0x41, 0x37, 0xb3, 0x45, 0x41, 0x37, 0xb3, 0x45, 0x41, 0x37, 0xb3,
    0x45, 0x41, 0x37, 0xb3, 0x45, 0x41, 0x37, 0xb3, 0x45, 0x41, 0x37, 0xb3, 0x45, 0x41, 0x37, 0xb3,
    0x45, 0x41, 0x37, 0xb3, 0x45, 0x41, 0x37, 0xb3, 0x45, 0x41, 0x37, 0xb3, 0x45, 0x41, 0x37, 0xb3,
    0x45, 0x41, 0x37, 0xb3, 0x45, 0x41, 0x37, 0xb3, 0x45, 0x41, 0x37, 0xb3, 0x45, 0x41, 0x37, 0xb3,
    0x45, 0x41, 0x37, 0xb3, 0x45, 0x41, 0x37, 0xb3, 0x45, 0x41, 0x37, 0xb3, 0x45, 0x41, 0x37, 0xb3,
    0x45, 0x41, 0x37, 0xb3, 0x45, 0x41, 0x37, 0xb3, 0x45, 0x41, 0x37, 0xb3, 0x45, 0x41, 0x37, 0xb3,
    0x45, 0x41, 0x37, 0xb3, 0x45, 0x41, 0x37, 0xb3, 0x45, 0x41, 0x37, 0xb3, 0x45, 0x41, 0x37, 0xb3,
    0x45, 0x41, 0x37, 0xb3, 0x45, 0x41, 0x37, 0xb3, 0x45, 0x41, 0x37, 0xb3, 0x45, 0x41, 0x37, 0xb3,
    0x45, 0x41, 0x37, 0xb3, 0x45, 0x41, 0x37, 0xb3, 0x45, 0x41, 0x37, 0xb3, 0x45, 0x41, 0x37, 0xb3,
    0x45, 0x41, 0x37, 0xb3, 0x45, 0x41, 0x37, 0xb3, 0x45, 0x41, 0x37, 0xb3, 0x45, 0x41, 0x37, 0xb3,
    0x45, 0x41, 0x37, 0xb3, 0x45, 0x41, 0x37, 0xb3, 0x45, 0x41, 0x37, 0xb3, 0xaa, 0xc6, 0xd3, 0x0e,
    0xaa, 0xc6, 0xd3, 0x09, 0xaa, 0xc6, 0xd3, 0x14, 0x45, 0x41, 0x37, 0xb3, 0x45, 0x41, 0x37, 0xb3,
    0x45, 0x41, 0x37, 0xb3, 0x45, 0x41, 0x37, 0xb3, 0x45, 0x41, 0x37, 0xb3, 0x45, 0x41, 0x37, 0xb3,
    0x45, 0x41, 0x37, 0xb3, 0x45, 0x41, 0x37, 0xb3, 0x45, 0x41, 0x37, 0xb3, 0x45, 0x41, 0x37, 0xb3,
    0x45, 0x41, 0x37, 0xb3, 0x45, 0x41, 0x37, 0xb3, 0x45, 0x41, 0x37, 0xb3, 0x45, 0x41, 0x37, 0xb3,
    0x45, 0x41, 0x37, 0xb3, 0x45, 0x41, 0x37, 0xb3, 0x45, 0x41, 0x37, 0xb3, 0x45, 0x41, 0x37, 0xb3,
    0x45, 0x41, 0x37, 0xb3, 0x45, 0x41, 0x37, 0xb3, 0x45, 0x41, 0x37, 0xb3, 0x45, 0x41, 0x37, 0xb3,
    0x45, 0x41, 0x37, 0xb3, 0x45, 0x41, 0x37, 0xb3, 0x45, 0x41, 0x37, 0xb3, 0x45, 0x41, 0x37, 0xb3,
    0x45, 0x41, 0x37, 0xb3, 0x45, 0x41, 0x37, 0xb3, 0x45, 0x41, 0x37, 0xb3, 0x45, 0x41, 0x37, 0xb3,
    0x45, 0x41, 0x37, 0xb3, 0x45, 0x41, 0x37, 0xb3, 0x45, 0x41, 0x37, 0xb3, 0x45, 0x41, 0x37, 0xb3,
    0x45, 0x41, 0x37, 0xb3, 0x45, 0x41, 0x37, 0xb3, 0x45, 0x41, 0x37, 0xb3, 0x45, 0x41, 0x37, 0xb3,
    0x45, 0x41, 0x37, 0xb3, 0x45, 0x41, 0x37, 0xb3, 0x45, 0x41, 0x37, 0xb3, 0x45, 0x41, 0x37, 0xb3,
    0x45, 0x41, 0x37, 0xb3, 0x45, 0x41, 0x37, 0xb3, 0x45, 0x41, 0x37, 0xb3, 0x45, 0x41, 0x37, 0xb3,
    0x45, 0x41, 0x37, 0xb3, 0x45, 0x41, 0x37, 0xb3, 0x45, 0x41, 0x37, 0xb3, 0x45, 0x41, 0x37, 0xb3,
    0x45, 0x41, 0x37, 0xb3, 0x45, 0x41, 0x37, 0xb3, 0x45, 0x41, 0x37, 0xb3, 0x45, 0x41, 0x37, 0xb3,
    0x45, 0x41, 0x37, 0xb3, 0x45, 0x41, 0x37, 0xb3, 0x45, 0x41, 0x37, 0xb3, 0x45, 0x41, 0x37, 0xb3,
    0x45, 0x41, 0x37, 0xb3, 0x45, 0x41, 0x37, 0xb3, 0x45, 0x41, 0x37, 0xb3, 0x45, 0x41, 0x37, 0xb3,
    0x45, 0x41, 0x37, 0xb3, 0x45, 0x41, 0x37, 0xb3, 0x45, 0x41, 0x37, 0xb3, 0x45, 0x41, 0x37, 0xb3,
    0x45, 0x41, 0x37, 0xb3, 0x45, 0x41, 0x37, 0xb3, 0x45, 0x41, 0x37, 0xb3, 0x45, 0x41, 0x37, 0xb3,
    0x45, 0x41, 0x37, 0xb3, 0x45, 0x41, 0x37, 0xb3, 0x45, 0x41, 0x37, 0xb3, 0x45, 0x41, 0x37, 0xb3,
    0x45, 0x41, 0x37, 0xb3, 0x45, 0x41, 0x37, 0xb3, 0x45, 0x41, 0x37, 0xb3, 0x45, 0x41, 0x37, 0xb3,
    0x45, 0x41, 0x37, 0xb3, 0x45, 0x41, 0x37, 0xb3, 0x45, 0x41, 0x37, 0xb3, 0x45, 0x41, 0x37, 0xb3,
    0x45, 0x41, 0x37, 0xb3, 0x45, 0x41, 0x37, 0xb3, 0x45, 0x41, 0x37, 0xb3, 0x45, 0x41, 0x37, 0xb3,
    0x45, 0x41, 0x37, 0xb3, 0x45, 0x41, 0x37, 0xb3, 0x45, 0x41, 0x37, 0xb3, 0x45, 0x41, 0x37, 0xb3,
    0x45, 0x41, 0x37, 0xb3, 0x45, 0x41, 0x37, 0xb3, 0x45, 0x41, 0x37, 0xb3, 0x45, 0x41, 0x37, 0xb3,
    0x45, 0x41, 0x37, 0xb3, 0x45, 0x41, 0x37, 0xb3, 0x45, 0x41, 0x37, 0xb3, 0x45, 0x41, 0x37, 0xb3,
    0x45, 0x41, 0x37, 0xb3, 0x45, 0x41, 0x37, 0xb3, 0x45, 0x41, 0x37, 0xb3, 0x45, 0x41, 0x37, 0xb3,
    0x45, 0x41, 0x37, 0xb3, 0x45, 0x41, 0x37, 0xb3, 0x45, 0x41, 0x37, 0xb3, 0x45, 0x41, 0x37, 0xb3,
    0x45, 0x41, 0x37, 0xb3, 0x45, 0x41, 0x37, 0xb3, 0x45, 0x41, 0x37, 0xb3, 0x45, 0x41, 0x37, 0xb3,
    0x45, 0x41, 0x37, 0xb3, 0x45, 0x41, 0x37, 0xb3, 0x45, 0x41, 0x37, 0xb3, 0x45, 0x41, 0x37, 0xb3,
    0x45, 0x41, 0x37, 0xb3, 0x45, 0x41, 0x37, 0xb3, 0xaa, 0xc6, 0xd3, 0x14, 0xaa, 0xc6, 0xd3, 0x09,
    0xaa, 0xc6, 0xd3, 0x03, 0xaa, 0xc6, 0xd3, 0x14, 0x45, 0x41, 0x37, 0xb3, 0x45, 0x41, 0x37, 0xb3,
    0x45, 0x41, 0x37, 0xb3, 0x45, 0x41, 0x37, 0xb3, 0x45, 0x41, 0x37, 0xb3, 0x45, 0x41, 0x37, 0xb3,
    0x45, 0x41, 0x37, 0xb3, 0x45, 0x41, 0x37, 0xb3, 0x45, 0x41, 0x37, 0xb3, 0x45, 0x41, 0x37, 0xb3,
    0x45, 0x41, 0x37, 0xb3, 0x45, 0x41, 0x37, 0xb3, 0x45, 0x41, 0x37, 0xb3, 0x45, 0x41, 0x37, 0xb3,
    0x45, 0x41, 0x37, 0xb3, 0x45, 0x41, 0x37, 0xb3, 0x45, 0x41, 0x37, 0xb3, 0x45, 0x41, 0x37, 0xb3,
    0x45, 0x41, 0x37, 0xb3, 0x45, 0x41, 0x37, 0xb3, 0x45, 0x41, 0x37, 0xb3, 0x45, 0x41, 0x37, 0xb3,
    0x45, 0x41, 0x37, 0xb3, 0x45, 0x41, 0x37, 0xb3, 0x45, 0x41, 0x37, 0xb3, 0x45, 0x41, 0x37, 0xb3,
    0x45, 0x41, 0x37, 0xb3, 0x45, 0x41, 0x37, 0xb3, 0x45, 0x41, 0x37, 0xb3, 0x45, 0x41, 0x37, 0xb3,
    0x45, 0x41, 0x37, 0xb3, 0x45, 0x41, 0x37, 0xb3, 0x45, 0x41, 0x37, 0xb3, 0x45, 0x41, 0x37, 0xb3,
    0x45, 0x41, 0x37, 0xb3, 0x45, 0x41, 0x37, 0xb3, 0x45, 0x41, 0x37, 0xb3, 0x45, 0x41, 0x37, 0xb3,
    0x45, 0x41, 0x37, 0xb3, 0x45, 0x41, 0x37, 0xb3, 0x45, 0x41, 0x37, 0xb3, 0x45, 0x41, 0x37, 0xb3,
    0x45, 0x41, 0x37, 0xb3, 0x45, 0x41, 0x37, 0xb3, 0x45, 0x41, 0x37, 0xb3, 0x45, 0x41, 0x37, 0xb3,
    0x45, 0x41, 0x37, 0xb3, 0x45, 0x41, 0x37, 0xb3, 0x45, 0x41, 0x37, 0xb3, 0x45, 0x41, 0x37, 0xb3,
    0x45, 0x41, 0x37, 0xb3, 0x45, 0x41, 0x37, 0xb3, 0x45, 0x41, 0x37, 0xb3, 0x45, 0x41, 0x37, 0xb3,
    0x45, 0x41, 0x37, 0xb3, 0x45, 0x41, 0x37, 0xb3, 0x45, 0x41, 0x37, 0xb3, 0x45, 0x41, 0x37, 0xb3,
    0x45, 0x41, 0x37, 0xb3, 0x45, 0x41, 0x37, 0xb3, 0x45, 0x41, 0x37, 0xb3, 0x45, 0x41, 0x37, 0xb3,
    0x45, 0x41, 0x37, 0xb3, 0x45, 0x41, 0x37, 0xb3, 0x45, 0x41, 0x37, 0xb3, 0x45, 0x41, 0x37, 0xb3,
    0x45, 0x41, 0x37, 0xb3, 0x45, 0x41, 0x37, 0xb3, 0x45, 0x41, 0x37, 0xb3, 0x45, 0x41, 0x37, 0xb3,
    0x45, 0x41, 0x37, 0xb3, 0x45, 0x41, 0x37, 0xb3, 0x45, 0x41, 0x37, 0xb3, 0x45, 0x41, 0x37, 0xb3,
    0x45, 0x41, 0x37, 0xb3, 0x45, 0x41, 0x37, 0xb3, 0x45, 0x41, 0x37, 0xb3, 0x45, 0x41, 0x37, 0xb3,
    0x45, 0x41, 0x37, 0xb3, 0x45, 0x41, 0x37, 0xb3, 0x45, 0x41, 0x37, 0xb3, 0x45, 0x41, 0x37, 0xb3,
    0x45, 0x41, 0x37, 0xb3, 0x45, 0x41, 0x37, 0xb3, 0x45, 0x41, 0x37, 0xb3, 0x45, 0x41, 0x37, 0xb3,
    0x45, 0x41, 0x37, 0xb3, 0x45, 0x41, 0x37, 0xb3, 0x45, 0x41, 0x37, 0xb3, 0x45, 0x41, 0x37, 0xb3,
    0x45, 0x41, 0x37, 0xb3, 0x45, 0x41, 0x37, 0xb3, 0x45, 0x41, 0x37, 0xb3, 0x45, 0x41, 0x37, 0xb3,
    0x45, 0x41, 0x37, 0xb3, 0x45, 0x41, 0x37, 0xb3, 0x45, 0x41, 0x37, 0xb3, 0x45, 0x41, 0x37, 0xb3,
    0x45, 0x41, 0x37, 0xb3, 0x45, 0x41, 0x37, 0xb3, 0x45, 0x41, 0x37, 0xb3, 0x45, 0x41, 0x37, 0xb3,
    0x45, 0x41, 0x37, 0xb3, 0x45, 0x41, 0x37, 0xb3, 0x45, 0x41, 0x37, 0xb3, 0x45, 0x41, 0x37, 0xb3,
    0x45, 0x41, 0x37, 0xb3, 0x45, 0x41, 0x37, 0xb3, 0x45, 0x41, 0x37, 0xb3, 0x45, 0x41, 0x37, 0xb3,
    0x45, 0x41, 0x37, 0xb3, 0x45, 0x41, 0x37, 0xb3, 0x45, 0x41, 0x37, 0xb3, 0x45, 0x41, 0x37, 0xb3,
    0x45, 0x41, 0x37, 0xb3, 0x45, 0x41, 0x37, 0xb3, 0xaa, 0xc6, 0xd3, 0x14, 0xaa, 0xc6, 0xd3, 0x03,
    0x00, 0x00, 0x00, 0x00, 0xaa, 0xc6, 0xd3, 0x0c, 0x45, 0x41, 0x37, 0xb3, 0x45, 0x41, 0x37, 0xb3,
    0x45, 0x41, 0x37, 0xb3, 0x45, 0x41, 0x37, 0xb3, 0x45, 0x41, 0x37, 0xb3, 0x45, 0x41, 0x37, 0xb3,
    0x45, 0x41, 0x37, 0xb3, 0x45, 0x41, 0x37, 0xb3, 0x45, 0x41, 0x37, 0xb3, 0x45, 0x41, 0x37, 0xb3,
    0x45, 0x41, 0x37, 0xb3, 0x45, 0x41, 0x37, 0xb3, 0x45, 0x41, 0x37, 0xb3, 0x45, 0x41, 0x37, 0xb3,
    0x45, 0x41, 0x37, 0xb3, 0x45, 0x41, 0x37, 0xb3, 0x45, 0x41, 0x37, 0xb3, 0x45, 0x41, 0x37, 0xb3,
    0x45, 0x41, 0x37, 0xb3, 0x45, 0x41, 0x37, 0xb3, 0x45, 0x41, 0x37, 0xb3, 0x45, 0x41, 0x37, 0xb3,
    0x45, 0x41, 0x37, 0xb3, 0x45, 0x41, 0x37, 0xb3, 0x45, 0x41, 0x37, 0xb3, 0x45, 0x41, 0x37, 0xb3,
    0x45, 0x41, 0x37, 0xb3, 0x45, 0x41, 0x37, 0xb3, 0x45, 0x41, 0x37, 0xb3, 0x45, 0x41, 0x37, 0xb3,
    0x45, 0x41, 0x37, 0xb3, 0x45, 0x41, 0x37, 0xb3, 0x45, 0x41, 0x37, 0xb3, 0x45, 0x41, 0x37, 0xb3,
    0x45, 0x41, 0x37, 0xb3, 0x45, 0x41, 0x37, 0xb3, 0x45, 0x41, 0x37, 0xb3, 0x45, 0x41, 0x37, 0xb3,
    0x45, 0x41, 0x37, 0xb3, 0x45, 0x41, 0x37, 0xb3, 0x45, 0x41, 0x37, 0xb3, 0x45, 0x41, 0x37, 0xb3,
    0x45, 0x41, 0x37, 0xb3, 0x45, 0x41, 0x37, 0xb3, 0x45, 0x41, 0x37, 0xb3, 0x45, 0x41, 0x37, 0xb3,
    0x45, 0x41, 0x37, 0xb3, 0x45, 0x41, 0x37, 0xb3, 0x45, 0x41, 0x37, 0xb3, 0x45, 0x41, 0x37, 0xb3,
    0x45, 0x41, 0x37, 0xb3, 0x45, 0x41, 0x37, 0xb3, 0x45, 0x41, 0x37, 0xb3, 0x45, 0x41, 0x37, 0xb3,
    0x45, 0x41, 0x37, 0xb3, 0x45, 0x41, 0x37, 0xb3, 0x45, 0x41, 0x37, 0xb3, 0x45, 0x41, 0x37, 0xb3,
    0x45, 0x41, 0x37, 0xb3, 0x45, 0x41, 0x37, 0xb3, 0x45, 0x41, 0x37, 0xb3, 0x45, 0x41, 0x37, 0xb3,
    0x45, 0x41, 0x37, 0xb3, 0x45, 0x41, 0x37, 0xb3, 0x45, 0x41, 0x37, 0xb3, 0x45, 0x41, 0x37, 0xb3,
    0x45, 0x41, 0x37, 0xb3, 0x45, 0x41, 0x37, 0xb3, 0x45, 0x41, 0x37, 0xb3, 0x45, 0x41, 0x37, 0xb3,
    0x45, 0x41, 0x37, 0xb3, 0x45, 0x41, 0x37, 0xb3, 0x45, 0x41, 0x37, 0xb3, 0x45, 0x41, 0x37, 0xb3,
    0x45, 0x41, 0x37, 0xb3, 0x45, 0x41, 0x37, 0xb3, 0x45, 0x41, 0x37, 0xb3, 0x45, 0x41, 0x37, 0xb3,
    0x45, 0x41, 0x37, 0xb3, 0x45, 0x41, 0x37, 0xb3, 0x45, 0x41, 0x37, 0xb3, 0x45, 0x41, 0x37, 0xb3,
    0x45, 0x41, 0x37, 0xb3, 0x45, 0x41, 0x37, 0xb3, 0x45, 0x41, 0x37, 0xb3, 0x45, 0x41, 0x37, 0xb3,
    0x45, 0x41, 0x37, 0xb3, 0x45, 0x41, 0x37, 0xb3, 0x45, 0x41, 0x37, 0xb3, 0x45, 0x41, 0x37, 0xb3,
    0x45, 0x41, 0x37, 0xb3, 0x45, 0x41, 0x37, 0xb3, 0x45, 0x41, 0x37, 0xb3, 0x45, 0x41, 0x37, 0xb3,
    0x45, 0x41, 0x37, 0xb3, 0x45, 0x41, 0x37, 0xb3, 0x45, 0x41, 0x37, 0xb3, 0x45, 0x41, 0x37, 0xb3,
    0x45, 0x41, 0x37, 0xb3, 0x45, 0x41, 0x37, 0xb3, 0x45, 0x41, 0x37, 0xb3, 0x45, 0x41, 0x37, 0xb3,
    0x45, 0x41, 0x37, 0xb3, 0x45, 0x41, 0x37, 0xb3, 0x45, 0x41, 0x37, 0xb3, 0x45, 0x41, 0x37, 0xb3,
    0x45, 0x41, 0x37, 0xb3, 0x45, 0x41, 0x37, 0xb3, 0x45, 0x41, 0x37, 0xb3, 0x45, 0x41, 0x37, 0xb3,
    0x45, 0x41, 0x37, 0xb3, 0x45, 0x41, 0x37, 0xb3, 0x45, 0x41, 0x37, 0xb3, 0x45, 0x41, 0x37, 0xb3,
    0x45, 0x41, 0x37, 0xb3, 0x45, 0x41, 0x37, 0xb3, 0xaa, 0xc6, 0xd3, 0x0c, 0x00, 0x00, 0x00, 0x00,
    0x00, 0x00, 0x00, 0x00, 0xaa, 0xc6, 0xd3, 0x03, 0xaa, 0xc6, 0xd3, 0x13, 0x45, 0x41, 0x37, 0xb3,
    0x45, 0x41, 0x37, 0xb3, 0x45, 0x41, 0x37, 0xb3, 0x45, 0x41, 0x37, 0xb3, 0x45, 0x41, 0x37, 0xb3,
    0x45, 0x41, 0x37, 0xb3, 0x45, 0x41, 0x37, 0xb3, 0x45, 0x41, 0x37, 0xb3, 0x45, 0x41, 0x37, 0xb3,
    0x45, 0x41, 0x37, 0xb3, 0x45, 0x41, 0x37, 0xb3, 0x45, 0x41, 0x37, 0xb3, 0x45, 0x41, 0x37, 0xb3,
    0x45, 0x41, 0x37, 0xb3, 0x45, 0x41, 0x37, 0xb3, 0x45, 0x41, 0x37, 0xb3, 0x45, 0x41, 0x37, 0xb3,
    0x45, 0x41, 0x37, 0xb3, 0x45, 0x41, 0x37, 0xb3, 0x45, 0x41, 0x37, 0xb3, 0x45, 0x41, 0x37, 0xb3,
    0x45, 0x41, 0x37, 0xb3, 0x45, 0x41, 0x37, 0xb3, 0x45, 0x41, 0x37, 0xb3, 0x45, 0x41, 0x37, 0xb3,
    0x45, 0x41, 0x37, 0xb3, 0x45, 0x41, 0x37, 0xb3, 0x45, 0x41, 0x37, 0xb3, 0x45, 0x41, 0x37, 0xb3,
    0x45, 0x41, 0x37, 0xb3, 0x45, 0x41, 0x37, 0xb3, 0x45, 0x41, 0x37, 0xb3, 0x45, 0x41, 0x37, 0xb3,
    0x45, 0x41, 0x37, 0xb3, 0x45, 0x41, 0x37, 0xb3, 0x45, 0x41, 0x37, 0xb3, 0x45, 0x41, 0x37, 0xb3,
    0x45, 0x41, 0x37, 0xb3, 0x45, 0x41, 0x37, 0xb3, 0x45, 0x41, 0x37, 0xb3, 0x45, 0x41, 0x37, 0xb3,
    0x45, 0x41, 0x37, 0xb3, 0x45, 0x41, 0x37, 0xb3, 0x45, 0x41, 0x37, 0xb3, 0x45, 0x41, 0x37, 0xb3,
    0x45, 0x41, 0x37, 0xb3, 0x45, 0x41, 0x37, 0xb3, 0x45, 0x41, 0x37, 0xb3, 0x45, 0x41, 0x37, 0xb3,
    0x45, 0x41, 0x37, 0xb3, 0x45, 0x41, 0x37, 0xb3, 0x45, 0x41, 0x37, 0xb3, 0x45, 0x41, 0x37, 0xb3,
    0x45, 0x41, 0x37, 0xb3, 0x45, 0x41, 0x37, 0xb3, 0x45, 0x41, 0x37, 0xb3, 0x45, 0x41, 0x37, 0xb3,
    0x45, 0x41, 0x37, 0xb3, 0x45, 0x41, 0x37, 0xb3, 0x45, 0x41, 0x37, 0xb3, 0x45, 0x41, 0x37, 0xb3,
    0x45, 0x41, 0x37, 0xb3, 0x45, 0x41, 0x37, 0xb3, 0x45, 0x41, 0x37, 0xb3, 0x45, 0x41, 0x37, 0xb3,
    0x45, 0x41, 0x37, 0xb3, 0x45, 0x41, 0x37, 0xb3, 0x45, 0x41, 0x37, 0xb3, 0x45, 0x41, 0x37, 0xb3,
    0x45, 0x41, 0x37, 0xb3, 0x45, 0x41, 0x37, 0xb3, 0x45, 0x41, 0x37, 0xb3, 0x45, 0x41, 0x37, 0xb3,
    0x45, 0x41, 0x37, 0xb3, 0x45, 0x41, 0x37, 0xb3, 0x45, 0x41, 0x37, 0xb3, 0x45, 0x41, 0x37, 0xb3,
    0x45, 0x41, 0x37, 0xb3, 0x45, 0x41, 0x37, 0xb3, 0x45, 0x41, 0x37, 0xb3, 0x45, 0x41, 0x37, 0xb3,
    0x45, 0x41, 0x37, 0xb3, 0x45, 0x41, 0x37, 0xb3, 0x45, 0x41, 0x37, 0xb3, 0x45, 0x41, 0x37, 0xb3,
    0x45, 0x41, 0x37, 0xb3, 0x45, 0x41, 0x37, 0xb3, 0x45, 0x41, 0x37, 0xb3, 0x45, 0x41, 0x37, 0xb3,
    0x45, 0x41, 0x37, 0xb3, 0x45, 0x41, 0x37, 0xb3, 0x45, 0x41, 0x37, 0xb3, 0x45, 0x41, 0x37, 0xb3,
    0x45, 0x41, 0x37, 0xb3, 0x45, 0x41, 0x37, 0xb3, 0x45, 0x41, 0x37, 0xb3, 0x45, 0x41, 0x37, 0xb3,
    0x45, 0x41, 0x37, 0xb3, 0x45, 0x41, 0x37, 0xb3, 0x45, 0x41, 0x37, 0xb3, 0x45, 0x41, 0x37, 0xb3,
    0x45, 0x41, 0x37, 0xb3, 0x45, 0x41, 0x37, 0xb3, 0x45, 0x41, 0x37, 0xb3, 0x45, 0x41, 0x37, 0xb3,
    0x45, 0x41, 0x37, 0xb3, 0x45, 0x41, 0x37, 0xb3, 0x45, 0x41, 0x37, 0xb3, 0x45, 0x41, 0x37, 0xb3,
    0x45, 0x41, 0x37, 0xb3, 0x45, 0x41, 0x37, 0xb3, 0x45, 0x41, 0x37, 0xb3, 0x45, 0x41, 0x37, 0xb3,
    0x45, 0x41, 0x37, 0xb3, 0xaa, 0xc6, 0xd3, 0x13, 0xaa, 0xc6, 0xd3, 0x03, 0x00, 0x00, 0x00, 0x00,
    0x00, 0x00, 0x00, 0x00, 0x00, 0x00, 0x00, 0x00, 0xaa, 0xc6, 0xd3, 0x07, 0xaa, 0xc6, 0xd3, 0x14,
    0x45, 0x41, 0x37, 0xb3, 0x45, 0x41, 0x37, 0xb3, 0x45, 0x41, 0x37, 0xb3, 0x45, 0x41, 0x37, 0xb3,
    0x45, 0x41, 0x37, 0xb3, 0x45, 0x41, 0x37, 0xb3, 0x45, 0x41, 0x37, 0xb3, 0x45, 0x41, 0x37, 0xb3,
    0x45, 0x41, 0x37, 0xb3, 0x45, 0x41, 0x37, 0xb3, 0x45, 0x41, 0x37, 0xb3, 0x45, 0x41, 0x37, 0xb3,
    0x45, 0x41, 0x37, 0xb3, 0x45, 0x41, 0x37, 0xb3, 0x45, 0x41, 0x37, 0xb3, 0x45, 0x41, 0x37, 0xb3,
    0x45, 0x41, 0x37, 0xb3, 0x45, 0x41, 0x37, 0xb3, 0x45, 0x41, 0x37, 0xb3, 0x45, 0x41, 0x37, 0xb3,
    0x45, 0x41, 0x37, 0xb3, 0x45, 0x41, 0x37, 0xb3, 0x45, 0x41, 0x37, 0xb3, 0x45, 0x41, 0x37, 0xb3,
    0x45, 0x41, 0x37, 0xb3, 0x45, 0x41, 0x37, 0xb3, 0x45, 0x41, 0x37, 0xb3, 0x45, 0x41, 0x37, 0xb3,
    0x45, 0x41, 0x37, 0xb3, 0x45, 0x41, 0x37, 0xb3, 0x45, 0x41, 0x37, 0xb3, 0x45, 0x41, 0x37, 0xb3,
    0x45, 0x41, 0x37, 0xb3, 0x45, 0x41, 0x37, 0xb3, 0x45, 0x41, 0x37, 0xb3, 0x45, 0x41, 0x37, 0xb3,
    0x45, 0x41, 0x37, 0xb3, 0x45, 0x41, 0x37, 0xb3, 0x45, 0x41, 0x37, 0xb3, 0x45, 0x41, 0x37, 0xb3,
    0x45, 0x41, 0x37, 0xb3, 0x45, 0x41, 0x37, 0xb3, 0x45, 0x41, 0x37, 0xb3, 0x45, 0x41, 0x37, 0xb3,
    0x45, 0x41, 0x37, 0xb3, 0x45, 0x41, 0x37, 0xb3, 0x45, 0x41, 0x37, 0xb3, 0x45, 0x41, 0x37, 0xb3,
    0x45, 0x41, 0x37, 0xb3, 0x45, 0x41, 0x37, 0xb3, 0x45, 0x41, 0x37, 0xb3, 0x45, 0x41, 0x37, 0xb3,
    0x45, 0x41, 0x37, 0xb3, 0x45, 0x41, 0x37, 0xb3, 0x45, 0x41, 0x37, 0xb3, 0x45, 0x41, 0x37, 0xb3,
    0x45, 0x41, 0x37, 0xb3, 0x45, 0x41, 0x37, 0xb3, 0x45, 0x41, 0x37, 0xb3, 0x45, 0x41, 0x37, 0xb3,
    0x45, 0x41, 0x37, 0xb3, 0x45, 0x41, 0x37, 0xb3, 0x45, 0x41, 0x37, 0xb3, 0x45, 0x41, 0x37, 0xb3,
    0x45, 0x41, 0x37, 0xb3, 0x45, 0x41, 0x37, 0xb3, 0x45, 0x41, 0x37, 0xb3, 0x45, 0x41, 0x37, 0xb3,
    0x45, 0x41, 0x37, 0xb3, 0x45, 0x41, 0x37, 0xb3, 0x45, 0x41, 0x37, 0xb3, 0x45, 0x41, 0x37, 0xb3,
    0x45, 0x41, 0x37, 0xb3, 0x45, 0x41, 0x37, 0xb3, 0x45, 0x41, 0x37, 0xb3, 0x45, 0x41, 0x37, 0xb3,
    0x45, 0x41, 0x37, 0xb3, 0x45, 0x41, 0x37, 0xb3, 0x45, 0x41, 0x37, 0xb3, 0x45, 0x41, 0x37, 0xb3,
    0x45, 0x41, 0x37, 0xb3, 0x45, 0x41, 0x37, 0xb3, 0x45, 0x41, 0x37, 0xb3, 0x45, 0x41, 0x37, 0xb3,
    0x45, 0x41, 0x37, 0xb3, 0x45, 0x41, 0x37, 0xb3, 0x45, 0x41, 0x37, 0xb3, 0x45, 0x41, 0x37, 0xb3,
    0x45, 0x41, 0x37, 0xb3, 0x45, 0x41, 0x37, 0xb3, 0x45, 0x41, 0x37, 0xb3, 0x45, 0x41, 0x37, 0xb3,
    0x45, 0x41, 0x37, 0xb3, 0x45, 0x41, 0x37, 0xb3, 0x45, 0x41, 0x37, 0xb3, 0x45, 0x41, 0x37, 0xb3,
    0x45, 0x41, 0x37, 0xb3, 0x45, 0x41, 0x37, 0xb3, 0x45, 0x41, 0x37, 0xb3, 0x45, 0x41, 0x37, 0xb3,
    0x45, 0x41, 0x37, 0xb3, 0x45, 0x41, 0x37, 0xb3, 0x45, 0x41, 0x37, 0xb3, 0x45, 0x41, 0x37, 0xb3,
    0x45, 0x41, 0x37, 0xb3, 0x45, 0x41, 0x37, 0xb3, 0x45, 0x41, 0x37, 0xb3, 0x45, 0x41, 0x37, 0xb3,
    0x45, 0x41, 0x37, 0xb3, 0x45, 0x41, 0x37, 0xb3, 0x45, 0x41, 0x37, 0xb3, 0x45, 0x41, 0x37, 0xb3,
    0xaa, 0xc6, 0xd3, 0x14, 0xaa, 0xc6, 0xd3, 0x07, 0x00, 0x00, 0x00, 0x00, 0x00, 0x00, 0x00, 0x00,
    0x00, 0x00, 0x00, 0x00, 0x00, 0x00, 0x00, 0x00, 0x00, 0x00, 0x00, 0x00, 0xaa, 0xc6, 0xd3, 0x09,
    0xaa, 0xc6, 0xd3, 0x14, 0x45, 0x41, 0x37, 0xb3, 0x45, 0x41, 0x37, 0xb3, 0x45, 0x41, 0x37, 0xb3,
    0x45, 0x41, 0x37, 0xb3, 0x45, 0x41, 0x37, 0xb3, 0x45, 0x41, 0x37, 0xb3, 0x45, 0x41, 0x37, 0xb3,
    0x45, 0x41, 0x37, 0xb3, 0x45, 0x41, 0x37, 0xb3, 0x45, 0x41, 0x37, 0xb3, 0x45, 0x41, 0x37, 0xb3,
    0x45, 0x41, 0x37, 0xb3, 0x45, 0x41, 0x37, 0xb3, 0x45, 0x41, 0x37, 0xb3, 0x45, 0x41, 0x37, 0xb3,
    0x45, 0x41, 0x37, 0xb3, 0x45, 0x41, 0x37, 0xb3, 0x45, 0x41, 0x37, 0xb3, 0x45, 0x41, 0x37, 0xb3,
    0x45, 0x41, 0x37, 0xb3, 0x45, 0x41, 0x37, 0xb3, 0x45, 0x41, 0x37, 0xb3, 0x45, 0x41, 0x37, 0xb3,
    0x45, 0x41, 0x37, 0xb3, 0x45, 0x41, 0x37, 0xb3, 0x45, 0x41, 0x37, 0xb3, 0x45, 0x41, 0x37, 0xb3,
    0x45, 0x41, 0x37, 0xb3, 0x45, 0x41, 0x37, 0xb3, 0x45, 0x41, 0x37, 0xb3, 0x45, 0x41, 0x37, 0xb3,
    0x45, 0x41, 0x37, 0xb3, 0x45, 0x41, 0x37, 0xb3, 0x45, 0x41, 0x37, 0xb3, 0x45, 0x41, 0x37, 0xb3,
    0x45, 0x41, 0x37, 0xb3, 0x45, 0x41, 0x37, 0xb3, 0x45, 0x41, 0x37, 0xb3, 0x45, 0x41, 0x37, 0xb3,
    0x45, 0x41, 0x37, 0xb3, 0x45, 0x41, 0x37, 0xb3, 0x45, 0x41, 0x37, 0xb3, 0x45, 0x41, 0x37, 0xb3,
    0x45, 0x41, 0x37, 0xb3, 0x45, 0x41, 0x37, 0xb3, 0x45, 0x41, 0x37, 0xb3, 0x45, 0x41, 0x37, 0xb3,
    0x45, 0x41, 0x37, 0xb3, 0x45, 0x41, 0x37, 0xb3, 0x45, 0x41, 0x37, 0xb3, 0x45, 0x41, 0x37, 0xb3,
    0x45, 0x41, 0x37, 0xb3, 0x45, 0x41, 0x37, 0xb3, 0x45, 0x41, 0x37, 0xb3, 0x45, 0x41, 0x37, 0xb3,
    0x45, 0x41, 0x37, 0xb3, 0x45, 0x41, 0x37, 0xb3, 0x45, 0x41, 0x37, 0xb3, 0x45, 0x41, 0x37, 0xb3,
    0x45, 0x41, 0x37, 0xb3, 0x45, 0x41, 0x37, 0xb3, 0x45, 0x41, 0x37, 0xb3, 0x45, 0x41, 0x37, 0xb3,
    0x45, 0x41, 0x37, 0xb3, 0x45, 0x41, 0x37, 0xb3, 0x45, 0x41, 0x37, 0xb3, 0x45, 0x41, 0x37, 0xb3,
    0x45, 0x41, 0x37, 0xb3, 0x45, 0x41, 0x37, 0xb3, 0x45, 0x41, 0x37, 0xb3, 0x45, 0x41, 0x37, 0xb3,
    0x45, 0x41, 0x37, 0xb3, 0x45, 0x41, 0x37, 0xb3, 0x45, 0x41, 0x37, 0xb3, 0x45, 0x41, 0x37, 0xb3,
    0x45, 0x41, 0x37, 0xb3, 0x45, 0x41, 0x37, 0xb3, 0x45, 0x41, 0x37, 0xb3, 0x45, 0x41, 0x37, 0xb3,
    0x45, 0x41, 0x37, 0xb3, 0x45, 0x41, 0x37, 0xb3, 0x45, 0x41, 0x37, 0xb3, 0x45, 0x41, 0x37, 0xb3,
    0x45, 0x41, 0x37, 0xb3, 0x45, 0x41, 0x37, 0xb3, 0x45, 0x41, 0x37, 0xb3, 0x45, 0x41, 0x37, 0xb3,
    0x45, 0x41, 0x37, 0xb3, 0x45, 0x41, 0x37, 0xb3, 0x45, 0x41, 0x37, 0xb3, 0x45, 0x41, 0x37, 0xb3,
    0x45, 0x41, 0x37, 0xb3, 0x45, 0x41, 0x37, 0xb3, 0x45, 0x41, 0x37, 0xb3, 0x45, 0x41, 0x37, 0xb3,
    0x45, 0x41, 0x37, 0xb3, 0x45, 0x41, 0x37, 0xb3, 0x45, 0x41, 0x37, 0xb3, 0x45, 0x41, 0x37, 0xb3,
    0x45, 0x41, 0x37, 0xb3, 0x45, 0x41, 0x37, 0xb3, 0x45, 0x41, 0x37, 0xb3, 0x45, 0x41, 0x37, 0xb3,
    0x45, 0x41, 0x37, 0xb3, 0x45, 0x41, 0x37, 0xb3, 0x45, 0x41, 0x37, 0xb3, 0x45, 0x41, 0x37, 0xb3,
    0x45, 0x41, 0x37, 0xb3, 0x45, 0x41, 0x37, 0xb3, 0x45, 0x41, 0x37, 0xb3, 0xaa, 0xc6, 0xd3, 0x14,
    0xaa, 0xc6, 0xd3, 0x09, 0x00, 0x00, 0x00, 0x00, 0x00, 0x00, 0x00, 0x00, 0x00, 0x00, 0x00, 0x00,
    0x00, 0x00, 0x00, 0x00, 0x00, 0x00, 0x00, 0x00, 0x00, 0x00, 0x00, 0x00, 0x00, 0x00, 0x00, 0x00,
    0xaa, 0xc6, 0xd3, 0x07, 0xaa, 0xc6, 0xd3, 0x13, 0x45, 0x41, 0x37, 0xb3, 0x45, 0x41, 0x37, 0xb3,
    0x45, 0x41, 0x37, 0xb3, 0x45, 0x41, 0x37, 0xb3, 0x45, 0x41, 0x37, 0xb3, 0x45, 0x41, 0x37, 0xb3,
    0x45, 0x41, 0x37, 0xb3, 0x45, 0x41, 0x37, 0xb3, 0x45, 0x41, 0x37, 0xb3, 0x45, 0x41, 0x37, 0xb3,
    0x45, 0x41, 0x37, 0xb3, 0x45, 0x41, 0x37, 0xb3, 0x45, 0x41, 0x37, 0xb3, 0x45, 0x41, 0x37, 0xb3,
    0x45, 0x41, 0x37, 0xb3, 0x45, 0x41, 0x37, 0xb3, 0x45, 0x41, 0x37, 0xb3, 0x45, 0x41, 0x37, 0xb3,
    0x45, 0x41, 0x37, 0xb3, 0x45, 0x41, 0x37, 0xb3, 0x45, 0x41, 0x37, 0xb3, 0x45, 0x41, 0x37, 0xb3,
    0x45, 0x41, 0x37, 0xb3, 0x45, 0x41, 0x37, 0xb3, 0x45, 0x41, 0x37, 0xb3, 0x45, 0x41, 0x37, 0xb3,
    0x45, 0x41, 0x37, 0xb3, 0x45, 0x41, 0x37, 0xb3, 0x45, 0x41, 0x37, 0xb3, 0x45, 0x41, 0x37, 0xb3,
    0x45, 0x41, 0x37, 0xb3, 0x45, 0x41, 0x37, 0xb3, 0x45, 0x41, 0x37, 0xb3, 0x45, 0x41, 0x37, 0xb3,
    0x45, 0x41, 0x37, 0xb3, 0x45, 0x41, 0x37, 0xb3, 0x45, 0x41, 0x37, 0xb3, 0x45, 0x41, 0x37, 0xb3,
    0x45, 0x41, 0x37, 0xb3, 0x45, 0x41, 0x37, 0xb3, 0x45, 0x41, 0x37, 0xb3, 0x45, 0x41, 0x37, 0xb3,
    0x45, 0x41, 0x37, 0xb3, 0x45, 0x41, 0x37, 0xb3, 0x45, 0x41, 0x37, 0xb3, 0x45, 0x41, 0x37, 0xb3,
    0x45, 0x41, 0x37, 0xb3, 0x45, 0x41, 0x37, 0xb3, 0x45, 0x41, 0x37, 0xb3, 0x45, 0x41, 0x37, 0xb3,
    0x45, 0x41, 0x37, 0xb3, 0x45, 0x41, 0x37, 0xb3, 0x45, 0x41, 0x37, 0xb3, 0x45, 0x41, 0x37, 0xb3,
    0x45, 0x41, 0x37, 0xb3, 0x45, 0x41, 0x37, 0xb3, 0x45, 0x41, 0x37, 0xb3, 0x45, 0x41, 0x37, 0xb3,
    0x45, 0x41, 0x37, 0xb3, 0x45, 0x41, 0x37, 0xb3, 0x45, 0x41, 0x37, 0xb3, 0x45, 0x41, 0x37, 0xb3,
    0x45, 0x41, 0x37, 0xb3, 0x45, 0x41, 0x37, 0xb3, 0x45, 0x41, 0x37, 0xb3, 0x45, 0x41, 0x37, 0xb3,
    0x45, 0x41, 0x37, 0xb3, 0x45, 0x41, 0x37, 0xb3, 0x45, 0x41, 0x37, 0xb3, 0x45, 0x41, 0x37, 0xb3,
    0x45, 0x41, 0x37, 0xb3, 0x45, 0x41, 0x37, 0xb3, 0x45, 0x41, 0x37, 0xb3, 0x45, 0x41, 0x37, 0xb3,
    0x45, 0x41, 0x37, 0xb3, 0x45, 0x41, 0x37, 0xb3, 0x45, 0x41, 0x37, 0xb3, 0x45, 0x41, 0x37, 0xb3,
    0x45, 0x41, 0x37, 0xb3, 0x45, 0x41, 0x37, 0xb3, 0x45, 0x41, 0x37, 0xb3, 0x45, 0x41, 0x37, 0xb3,
    0x45, 0x41, 0x37, 0xb3, 0x45, 0x41, 0x37, 0xb3, 0x45, 0x41, 0x37, 0xb3, 0x45, 0x41, 0x37, 0xb3,
    0x45, 0x41, 0x37, 0xb3, 0x45, 0x41, 0x37, 0xb3, 0x45, 0x41, 0x37, 0xb3, 0x45, 0x41, 0x37, 0xb3,
    0x45, 0x41, 0x37, 0xb3, 0x45, 0x41, 0x37, 0xb3, 0x45, 0x41, 0x37, 0xb3, 0x45, 0x41, 0x37, 0xb3,
    0x45, 0x41, 0x37, 0xb3, 0x45, 0x41, 0x37, 0xb3, 0x45, 0x41, 0x37, 0xb3, 0x45, 0x41, 0x37, 0xb3,
    0x45, 0x41, 0x37, 0xb3, 0x45, 0x41, 0x37, 0xb3, 0x45, 0x41, 0x37, 0xb3, 0x45, 0x41, 0x37, 0xb3,
    0x45, 0x41, 0x37, 0xb3, 0x45, 0x41, 0x37, 0xb3, 0x45, 0x41, 0x37, 0xb3, 0x45, 0x41, 0x37, 0xb3,
    0x45, 0x41, 0x37, 0xb3, 0x45, 0x41, 0x37, 0xb3, 0xaa, 0xc6, 0xd3, 0x13, 0xaa, 0xc6, 0xd3, 0x07,
    0x00, 0x00, 0x00, 0x00, 0x00, 0x00, 0x00, 0x00, 0x00, 0x00, 0x00, 0x00, 0x00, 0x00, 0x00, 0x00,
    0x00, 0x00, 0x00, 0x00, 0x00, 0x00, 0x00, 0x00, 0x00, 0x00, 0x00, 0x00, 0x00, 0x00, 0x00, 0x00,
    0x00, 0x00, 0x00, 0x00, 0xaa, 0xc6, 0xd3, 0x03, 0xaa, 0xc6, 0xd3, 0x0c, 0xaa, 0xc6, 0xd3, 0x14,
    0xaa, 0xc6, 0xd3, 0x14, 0x45, 0x41, 0x37, 0xb3, 0x45, 0x41, 0x37, 0xb3, 0x45, 0x41, 0x37, 0xb3,
    0x45, 0x41, 0x37, 0xb3, 0x45, 0x41, 0x37, 0xb3, 0x45, 0x41, 0x37, 0xb3, 0x45, 0x41, 0x37, 0xb3,
    0x45, 0x41, 0x37, 0xb3, 0x45, 0x41, 0x37, 0xb3, 0x45, 0x41, 0x37, 0xb3, 0x45, 0x41, 0x37, 0xb3,
    0x45, 0x41, 0x37, 0xb3, 0x45, 0x41, 0x37, 0xb3, 0x45, 0x41, 0x37, 0xb3, 0x45, 0x41, 0x37, 0xb3,
    0x45, 0x41, 0x37, 0xb3, 0x45, 0x41, 0x37, 0xb3, 0x45, 0x41, 0x37, 0xb3, 0x45, 0x41, 0x37, 0xb3,
    0x45, 0x41, 0x37, 0xb3, 0x45, 0x41, 0x37, 0xb3, 0x45, 0x41, 0x37, 0xb3, 0x45, 0x41, 0x37, 0xb3,
    0x45, 0x41, 0x37, 0xb3, 0x45, 0x41, 0x37, 0xb3, 0x45, 0x41, 0x37, 0xb3, 0x45, 0x41, 0x37, 0xb3,
    0x45, 0x41, 0x37, 0xb3, 0x45, 0x41, 0x37, 0xb3, 0x45, 0x41, 0x37, 0xb3, 0x45, 0x41, 0x37, 0xb3,
    0x45, 0x41, 0x37, 0xb3, 0x45, 0x41, 0x37, 0xb3, 0x45, 0x41, 0x37, 0xb3, 0x45, 0x41, 0x37, 0xb3,
    0x45, 0x41, 0x37, 0xb3, 0x45, 0x41, 0x37, 0xb3, 0x45, 0x41, 0x37, 0xb3, 0x45, 0x41, 0x37, 0xb3,
    0x45, 0x41, 0x37, 0xb3, 0x45, 0x41, 0x37, 0xb3, 0x45, 0x41, 0x37, 0xb3, 0x45, 0x41, 0x37, 0xb3,
    0x45, 0x41, 0x37, 0xb3, 0x45, 0x41, 0x37, 0xb3, 0x45, 0x41, 0x37, 0xb3, 0x45, 0x41, 0x37, 0xb3,
    0x45, 0x41, 0x37, 0xb3, 0x45, 0x41, 0x37, 0xb3, 0x45, 0x41, 0x37, 0xb3, 0x45, 0x41, 0x37, 0xb3,
    0x45, 0x41, 0x37, 0xb3, 0x45, 0x41, 0x37, 0xb3, 0x45, 0x41, 0x37, 0xb3, 0x45, 0x41, 0x37, 0xb3,
    0x45, 0x41, 0x37, 0xb3, 0x45, 0x41, 0x37, 0xb3, 0x45, 0x41, 0x37, 0xb3, 0x45, 0x41, 0x37, 0xb3,
    0x45, 0x41, 0x37, 0xb3, 0x45, 0x41, 0x37, 0xb3, 0x45, 0x41, 0x37, 0xb3, 0x45, 0x41, 0x37, 0xb3,
    0x45, 0x41, 0x37, 0xb3, 0x45, 0x41, 0x37, 0xb3, 0x45, 0x41, 0x37, 0xb3, 0x45, 0x41, 0x37, 0xb3,
    0x45, 0x41, 0x37, 0xb3, 0x45, 0x41, 0x37, 0xb3, 0x45, 0x41, 0x37, 0xb3, 0x45, 0x41, 0x37, 0xb3,
    0x45, 0x41, 0x37, 0xb3, 0x45, 0x41, 0x37, 0xb3, 0x45, 0x41, 0x37, 0xb3, 0x45, 0x41, 0x37, 0xb3,
    0x45, 0x41, 0x37, 0xb3, 0x45, 0x41, 0x37, 0xb3, 0x45, 0x41, 0x37, 0xb3, 0x45, 0x41, 0x37, 0xb3,
    0x45, 0x41, 0x37, 0xb3, 0x45, 0x41, 0x37, 0xb3, 0x45, 0x41, 0x37, 0xb3, 0x45, 0x41, 0x37, 0xb3,
    0x45, 0x41, 0x37, 0xb3, 0x45, 0x41, 0x37, 0xb3, 0x45, 0x41, 0x37, 0xb3, 0x45, 0x41, 0x37, 0xb3,
    0x45, 0x41, 0x37, 0xb3, 0x45, 0x41, 0x37, 0xb3, 0x45, 0x41, 0x37, 0xb3, 0x45, 0x41, 0x37, 0xb3,
    0x45, 0x41, 0x37, 0xb3, 0x45, 0x41, 0x37, 0xb3, 0x45, 0x41, 0x37, 0xb3, 0x45, 0x41, 0x37, 0xb3,
    0x45, 0x41, 0x37, 0xb3, 0x45, 0x41, 0x37, 0xb3, 0x45, 0x41, 0x37, 0xb3, 0x45, 0x41, 0x37, 0xb3,
    0x45, 0x41, 0x37, 0xb3, 0x45, 0x41, 0x37, 0xb3, 0x45, 0x41, 0x37, 0xb3, 0xaa, 0xc6, 0xd3, 0x14,
    0xaa, 0xc6, 0xd3, 0x14, 0xaa, 0xc6, 0xd3, 0x0c, 0xaa, 0xc6, 0xd3, 0x03, 0x00, 0x00, 0x00, 0x00,
    0x00, 0x00, 0x00, 0x00, 0x00, 0x00, 0x00, 0x00, 0x00, 0x00, 0x00, 0x00, 0x00, 0x00, 0x00, 0x00,
    0x00, 0x00, 0x00, 0x00, 0x00, 0x00, 0x00, 0x00, 0x00, 0x00, 0x00, 0x00, 0x00, 0x00, 0x00, 0x00,
    0x00, 0x00, 0x00, 0x00, 0x00, 0x00, 0x00, 0x00, 0x00, 0x00, 0x00, 0x00, 0xaa, 0xc6, 0xd3, 0x03,
    0xaa, 0xc6, 0xd3, 0x09, 0xaa, 0xc6, 0xd3, 0x0e, 0xaa, 0xc6, 0xd3, 0x12, 0xaa, 0xc6, 0xd3, 0x13,
    0xaa, 0xc6, 0xd3, 0x14, 0xaa, 0xc6, 0xd3, 0x14, 0xaa, 0xc6, 0xd3, 0x14, 0xaa, 0xc6, 0xd3, 0x14,
    0xaa, 0xc6, 0xd3, 0x14, 0xaa, 0xc6, 0xd3, 0x14, 0xaa, 0xc6, 0xd3, 0x14, 0xaa, 0xc6, 0xd3, 0x14,
    0xaa, 0xc6, 0xd3, 0x14, 0xaa, 0xc6, 0xd3, 0x14, 0xaa, 0xc6, 0xd3, 0x14, 0xaa, 0xc6, 0xd3, 0x14,
    0xaa, 0xc6, 0xd3, 0x14, 0xaa, 0xc6, 0xd3, 0x14, 0xaa, 0xc6, 0xd3, 0x14, 0xaa, 0xc6, 0xd3, 0x14,
    0xaa, 0xc6, 0xd3, 0x14, 0xaa, 0xc6, 0xd3, 0x14, 0xaa, 0xc6, 0xd3, 0x14, 0xaa, 0xc6, 0xd3, 0x14,
    0xaa, 0xc6, 0xd3, 0x14, 0xaa, 0xc6, 0xd3, 0x14, 0xaa, 0xc6, 0xd3, 0x14, 0xaa, 0xc6, 0xd3, 0x14,
    0xaa, 0xc6, 0xd3, 0x14, 0xaa, 0xc6, 0xd3, 0x14, 0xaa, 0xc6, 0xd3, 0x14, 0xaa, 0xc6, 0xd3, 0x14,
    0xaa, 0xc6, 0xd3, 0x14, 0xaa, 0xc6, 0xd3, 0x14, 0xaa, 0xc6, 0xd3, 0x14, 0xaa, 0xc6, 0xd3, 0x14,
    0xaa, 0xc6, 0xd3, 0x14, 0xaa, 0xc6, 0xd3, 0x14, 0xaa, 0xc6, 0xd3, 0x14, 0xaa, 0xc6, 0xd3, 0x14,
    0xaa, 0xc6, 0xd3, 0x14, 0xaa, 0xc6, 0xd3, 0x14, 0xaa, 0xc6, 0xd3, 0x14, 0xaa, 0xc6, 0xd3, 0x14,
    0xaa, 0xc6, 0xd3, 0x14, 0xaa, 0xc6, 0xd3, 0x14, 0xaa, 0xc6, 0xd3, 0x14, 0xaa, 0xc6, 0xd3, 0x14,
    0xaa, 0xc6, 0xd3, 0x14, 0xaa, 0xc6, 0xd3, 0x14, 0xaa, 0xc6, 0xd3, 0x14, 0xaa, 0xc6, 0xd3, 0x14,
    0xaa, 0xc6, 0xd3, 0x14, 0xaa, 0xc6, 0xd3, 0x14, 0xaa, 0xc6, 0xd3, 0x14, 0xaa, 0xc6, 0xd3, 0x14,
    0xaa, 0xc6, 0xd3, 0x14, 0xaa, 0xc6, 0xd3, 0x14, 0xaa, 0xc6, 0xd3, 0x14, 0xaa, 0xc6, 0xd3, 0x14,
    0xaa, 0xc6, 0xd3, 0x14, 0xaa, 0xc6, 0xd3, 0x14, 0xaa, 0xc6, 0xd3, 0x14, 0xaa, 0xc6, 0xd3, 0x14,
    0xaa, 0xc6, 0xd3, 0x14, 0xaa, 0xc6, 0xd3, 0x14, 0xaa, 0xc6, 0xd3, 0x14, 0xaa, 0xc6, 0xd3, 0x14,
    0xaa, 0xc6, 0xd3, 0x14, 0xaa, 0xc6, 0xd3, 0x14, 0xaa, 0xc6, 0xd3, 0x14, 0xaa, 0xc6, 0xd3, 0x14,
    0xaa, 0xc6, 0xd3, 0x14, 0xaa, 0xc6, 0xd3, 0x14, 0xaa, 0xc6, 0xd3, 0x14, 0xaa, 0xc6, 0xd3, 0x14,
    0xaa, 0xc6, 0xd3, 0x14, 0xaa, 0xc6, 0xd3, 0x14, 0xaa, 0xc6, 0xd3, 0x14, 0xaa, 0xc6, 0xd3, 0x14,
    0xaa, 0xc6, 0xd3, 0x14, 0xaa, 0xc6, 0xd3, 0x14, 0xaa, 0xc6, 0xd3, 0x14, 0xaa, 0xc6, 0xd3, 0x14,
    0xaa, 0xc6, 0xd3, 0x14, 0xaa, 0xc6, 0xd3, 0x14, 0xaa, 0xc6, 0xd3, 0x14, 0xaa, 0xc6, 0xd3, 0x14,
    0xaa, 0xc6, 0xd3, 0x14, 0xaa, 0xc6, 0xd3, 0x14, 0xaa, 0xc6, 0xd3, 0x14, 0xaa, 0xc6, 0xd3, 0x14,
    0xaa, 0xc6, 0xd3, 0x14, 0xaa, 0xc6, 0xd3, 0x14, 0xaa, 0xc6, 0xd3, 0x14, 0xaa, 0xc6, 0xd3, 0x14,
    0xaa, 0xc6, 0xd3, 0x14, 0xaa, 0xc6, 0xd3, 0x14, 0xaa, 0xc6, 0xd3, 0x14, 0xaa, 0xc6, 0xd3, 0x14,
    0xaa, 0xc6, 0xd3, 0x13, 0xaa, 0xc6, 0xd3, 0x12, 0xaa, 0xc6, 0xd3, 0x0e, 0xaa, 0xc6, 0xd3, 0x09,
    0xaa, 0xc6, 0xd3, 0x03, 0x00, 0x00, 0x00, 0x00, 0x00, 0x00, 0x00, 0x00, 0x00, 0x00, 0x00, 0x00,
    0x00, 0x00, 0x00, 0x00, 0x00, 0x00, 0x00, 0x00, 0x00, 0x00, 0x00, 0x00, 0x00, 0x00, 0x00, 0x00,
};
static const lv_img_dsc_t pill_meta_launches = {
    .header.always_zero = 0,
    .header.w = 120,
    .header.h = 25,
    .header.cf = LV_IMG_CF_TRUE_COLOR_ALPHA,
    .data_size = sizeof(pill_meta_launches_data),
    .data = pill_meta_launches_data,
};

static const uint8_t pill_meta_ready_data[] = {
    0x00, 0x00, 0x00, 0x00, 0x00, 0x00, 0x00, 0x00, 0x00, 0x00, 0x00, 0x00, 0x00, 0x00, 0x00, 0x00,
    0x00, 0x00, 0x00, 0x00, 0x00, 0x00, 0x00, 0x00, 0x00, 0x00, 0x00, 0x00, 0xaa, 0xc6, 0xd3, 0x03,
    0xaa, 0xc6, 0xd3, 0x09, 0xaa, 0xc6, 0xd3, 0x0e, 0xaa, 0xc6, 0xd3, 0x12, 0xaa, 0xc6, 0xd3, 0x13,
    0xaa, 0xc6, 0xd3, 0x14, 0xaa, 0xc6, 0xd3, 0x14, 0xaa, 0xc6, 0xd3, 0x14, 0xaa, 0xc6, 0xd3, 0x14,
    0xaa, 0xc6, 0xd3, 0x14, 0xaa, 0xc6, 0xd3, 0x14, 0xaa, 0xc6, 0xd3, 0x14, 0xaa, 0xc6, 0xd3, 0x14,
    0xaa, 0xc6, 0xd3, 0x14, 0xaa, 0xc6, 0xd3, 0x14, 0xaa, 0xc6, 0xd3, 0x14, 0xaa, 0xc6, 0xd3, 0x14,
    0xaa, 0xc6, 0xd3, 0x14, 0xaa, 0xc6, 0xd3, 0x14, 0xaa, 0xc6, 0xd3, 0x14, 0xaa, 0xc6, 0xd3, 0x14,
    0xaa, 0xc6, 0xd3, 0x14, 0xaa, 0xc6, 0xd3, 0x14, 0xaa, 0xc6, 0xd3, 0x14, 0xaa, 0xc6, 0xd3, 0x14,
    0xaa, 0xc6, 0xd3, 0x14, 0xaa, 0xc6, 0xd3, 0x14, 0xaa, 0xc6, 0xd3, 0x14, 0xaa, 0xc6, 0xd3, 0x14,
    0xaa, 0xc6, 0xd3, 0x14, 0xaa, 0xc6, 0xd3, 0x14, 0xaa, 0xc6, 0xd3, 0x14, 0xaa, 0xc6, 0xd3, 0x14,
    0xaa, 0xc6, 0xd3, 0x14, 0xaa, 0xc6, 0xd3, 0x14, 0xaa, 0xc6, 0xd3, 0x14, 0xaa, 0xc6, 0xd3, 0x14,
    0xaa, 0xc6, 0xd3, 0x14, 0xaa, 0xc6, 0xd3, 0x14, 0xaa, 0xc6, 0xd3, 0x14, 0xaa, 0xc6, 0xd3, 0x14,
    0xaa, 0xc6, 0xd3, 0x14, 0xaa, 0xc6, 0xd3, 0x14, 0xaa, 0xc6, 0xd3, 0x14, 0xaa, 0xc6, 0xd3, 0x14,
    0xaa, 0xc6, 0xd3, 0x14, 0xaa, 0xc6, 0xd3, 0x14, 0xaa, 0xc6, 0xd3, 0x14, 0xaa, 0xc6, 0xd3, 0x14,
    0xaa, 0xc6, 0xd3, 0x14, 0xaa, 0xc6, 0xd3, 0x14, 0xaa, 0xc6, 0xd3, 0x14, 0xaa, 0xc6, 0xd3, 0x14,
    0xaa, 0xc6, 0xd3, 0x14, 0xaa, 0xc6, 0xd3, 0x14, 0xaa, 0xc6, 0xd3, 0x14, 0xaa, 0xc6, 0xd3, 0x14,
    0xaa, 0xc6, 0xd3, 0x14, 0xaa, 0xc6, 0xd3, 0x14, 0xaa, 0xc6, 0xd3, 0x14, 0xaa, 0xc6, 0xd3, 0x14,
    0xaa, 0xc6, 0xd3, 0x13, 0xaa, 0xc6, 0xd3, 0x12, 0xaa, 0xc6, 0xd3, 0x0e, 0xaa, 0xc6, 0xd3, 0x09,
    0xaa, 0xc6, 0xd3, 0x03, 0x00, 0x00, 0x00, 0x00, 0x00, 0x00, 0x00, 0x00, 0x00, 0x00, 0x00, 0x00,
    0x00, 0x00, 0x00, 0x00, 0x00, 0x00, 0x00, 0x00, 0x00, 0x00, 0x00, 0x00, 0x00, 0x00, 0x00, 0x00,
    0x00, 0x00, 0x00, 0x00, 0x00, 0x00, 0x00, 0x00, 0x00, 0x00, 0x00, 0x00, 0x00, 0x00, 0x00, 0x00,
    0x00, 0x00, 0x00, 0x00, 0xaa, 0xc6, 0xd3, 0x03, 0xaa, 0xc6, 0xd3, 0x0c, 0xaa, 0xc6, 0xd3, 0x14,
    0xaa, 0xc6, 0xd3, 0x14, 0x45, 0x41, 0x37, 0xb3, 0x45, 0x41, 0x37, 0xb3, 0x45, 0x41, 0x37, 0xb3,
    0x45, 0x41, 0x37, 0xb3, 0x45, 0x41, 0x37, 0xb3, 0x45, 0x41, 0x37, 0xb3, 0x45, 0x41, 0x37, 0xb3,
    0x45, 0x41, 0x37, 0xb3, 0x45, 0x41, 0x37, 0xb3, 0x45, 0x41, 0x37, 0xb3, 0x45, 0x41, 0x37, 0xb3,
    0x45, 0x41, 0x37, 0xb3, 0x45, 0x41, 0x37, 0xb3, 0x45, 0x41, 0x37, 0xb3, 0x45, 0x41, 0x37, 0xb3,
    0x45, 0x41, 0x37, 0xb3, 0x45, 0x41, 0x37, 0xb3, 0x45, 0x41, 0x37, 0xb3, 0x45, 0x41, 0x37, 0xb3,
    0x45, 0x41, 0x37, 0xb3, 0x45, 0x41, 0x37, 0xb3, 0x45, 0x41, 0x37, 0xb3, 0x45, 0x41, 0x37, 0xb3,
    0x45, 0x41, 0x37, 0xb3, 0x45, 0x41, 0x37, 0xb3, 0x45, 0x41, 0x37, 0xb3, 0x45, 0x41, 0x37, 0xb3,
    0x45, 0x41, 0x37, 0xb3, 0x45, 0x41, 0x37, 0xb3, 0x45, 0x41, 0x37, 0xb3, 0x45, 0x41, 0x37, 0xb3,
    0x45, 0x41, 0x37, 0xb3, 0x45, 0x41, 0x37, 0xb3, 0x45, 0x41, 0x37, 0xb3, 0x45, 0x41, 0x37, 0xb3,
    0x45, 0x41, 0x37, 0xb3, 0x45, 0x41, 0x37, 0xb3, 0x45, 0x41, 0x37, 0xb3, 0x45, 0x41, 0x37, 0xb3,
    0x45, 0x41, 0x37, 0xb3, 0x45, 0x41, 0x37, 0xb3, 0x45, 0x41, 0x37, 0xb3, 0x45, 0x41, 0x37, 0xb3,
    0x45, 0x41, 0x37, 0xb3, 0x45, 0x41, 0x37, 0xb3, 0x45, 0x41, 0x37, 0xb3, 0x45, 0x41, 0x37, 0xb3,
    0x45, 0x41, 0x37, 0xb3, 0x45, 0x41, 0x37, 0xb3, 0x45, 0x41, 0x37, 0xb3, 0x45, 0x41, 0x37, 0xb3,
    0x45, 0x41, 0x37, 0xb3, 0x45, 0x41, 0x37, 0xb3, 0x45, 0x41, 0x37, 0xb3, 0x45, 0x41, 0x37, 0xb3,
    0x45, 0x41, 0x37, 0xb3, 0x45, 0x41, 0x37, 0xb3, 0x45, 0x41, 0x37, 0xb3, 0x45, 0x41, 0x37, 0xb3,
    0x45, 0x41, 0x37, 0xb3, 0x45, 0x41, 0x37, 0xb3, 0x45, 0x41, 0x37, 0xb3, 0xaa, 0xc6, 0xd3, 0x14,
    0xaa, 0xc6, 0xd3, 0x14, 0xaa, 0xc6, 0xd3, 0x0c, 0xaa, 0xc6, 0xd3, 0x03, 0x00, 0x00, 0x00, 0x00,
    0x00, 0x00, 0x00, 0x00, 0x00, 0x00, 0x00, 0x00, 0x00, 0x00, 0x00, 0x00, 0x00, 0x00, 0x00, 0x00,
    0x00, 0x00, 0x00, 0x00, 0x00, 0x00, 0x00, 0x00, 0x00, 0x00, 0x00, 0x00, 0x00, 0x00, 0x00, 0x00,
    0xaa, 0xc6, 0xd3, 0x07, 0xaa, 0xc6, 0xd3, 0x13, 0x45, 0x41, 0x37, 0xb3, 0x45, 0x41, 0x37, 0xb3,
    0x45, 0x41, 0x37, 0xb3, 0x45, 0x41, 0x37, 0xb3, 0x45, 0x41, 0x37, 0xb3, 0x45, 0x41, 0x37, 0xb3,
    0x45, 0x41, 0x37, 0xb3, 0x45, 0x41, 0x37, 0xb3, 0x45, 0x41, 0x37, 0xb3, 0x45, 0x41, 0x37, 0xb3,
    0x45, 0x41, 0x37, 0xb3, 0x45, 0x41, 0x37, 0xb3, 0x45, 0x41, 0x37, 0xb3, 0x45, 0x41, 0x37, 0xb3,
    0x45, 0x41, 0x37, 0xb3, 0x45, 0x41, 0x37, 0xb3, 0x45, 0x41, 0x37, 0xb3, 0x45, 0x41, 0x37, 0xb3,
    0x45, 0x41, 0x37, 0xb3, 0x45, 0x41, 0x37, 0xb3, 0x45, 0x41, 0x37, 0xb3, 0x45, 0x41, 0x37, 0xb3,
    0x45, 0x41, 0x37, 0xb3, 0x45, 0x41, 0x37, 0xb3, 0x45, 0x41, 0x37, 0xb3, 0x45, 0x41, 0x37, 0xb3,
    0x45, 0x41, 0x37, 0xb3, 0x45, 0x41, 0x37, 0xb3, 0x45, 0x41, 0x37, 0xb3, 0x45, 0x41, 0x37, 0xb3,
    0x45, 0x41, 0x37, 0xb3, 0x45, 0x41, 0x37, 0xb3, 0x45, 0x41, 0x37, 0xb3, 0x45, 0x41, 0x37, 0xb3,
    0x45, 0x41, 0x37, 0xb3, 0x45, 0x41, 0x37, 0xb3, 0x45, 0x41, 0x37, 0xb3, 0x45, 0x41, 0x37, 0xb3,
    0x45, 0x41, 0x37, 0xb3, 0x45, 0x41, 0x37, 0xb3, 0x45, 0x41, 0x37, 0xb3, 0x45, 0x41, 0x37, 0xb3,
    0x45, 0x41, 0x37, 0xb3, 0x45, 0x41, 0x37, 0xb3, 0x45, 0x41, 0x37, 0xb3, 0x45, 0x41, 0x37, 0xb3,
    0x45, 0x41, 0x37, 0xb3, 0x45, 0x41, 0x37, 0xb3, 0x45, 0x41, 0x37, 0xb3, 0x45, 0x41, 0x37, 0xb3,
    0x45, 0x41, 0x37, 0xb3, 0x45, 0x41, 0x37, 0xb3, 0x45, 0x41, 0x37, 0xb3, 0x45, 0x41, 0x37, 0xb3,
    0x45, 0x41, 0x37, 0xb3, 0x45, 0x41, 0x37, 0xb3, 0x45, 0x41, 0x37, 0xb3, 0x45, 0x41, 0x37, 0xb3,
    0x45, 0x41, 0x37, 0xb3, 0x45, 0x41, 0x37, 0xb3, 0x45, 0x41, 0x37, 0xb3, 0x45, 0x41, 0x37, 0xb3,
    0x45, 0x41, 0x37, 0xb3, 0x45, 0x41, 0x37, 0xb3, 0x45, 0x41, 0x37, 0xb3, 0x45, 0x41, 0x37, 0xb3,
    0x45, 0x41, 0x37, 0xb3, 0x45, 0x41, 0x37, 0xb3, 0xaa, 0xc6, 0xd3, 0x13, 0xaa, 0xc6, 0xd3, 0x07,
    0x00, 0x00, 0x00, 0x00, 0x00, 0x00, 0x00, 0x00, 0x00, 0x00, 0x00, 0x00, 0x00, 0x00, 0x00, 0x00,
    0x00, 0x00, 0x00, 0x00, 0x00, 0x00, 0x00, 0x00, 0x00, 0x00, 0x00, 0x00, 0xaa, 0xc6, 0xd3, 0x09,
    0xaa, 0xc6, 0xd3, 0x14, 0x45, 0x41, 0x37, 0xb3, 0x45, 0x41, 0x37, 0xb3, 0x45, 0x41, 0x37, 0xb3,
    0x45, 0x41, 0x37, 0xb3, 0x45, 0x41, 0x37, 0xb3, 0x45, 0x41, 0x37, 0xb3, 0x45, 0x41, 0x37, 0xb3,
    0x45, 0x41, 0x37, 0xb3, 0x45, 0x41, 0x37, 0xb3, 0x45, 0x41, 0x37, 0xb3, 0x45, 0x41, 0x37, 0xb3,
    0x45, 0x41, 0x37, 0xb3, 0x45, 0x41, 0x37, 0xb3, 0x45, 0x41, 0x37, 0xb3, 0x45, 0x41, 0x37, 0xb3,
    0x45, 0x41, 0x37, 0xb3, 0x45, 0x41, 0x37, 0xb3, 0x45, 0x41, 0x37, 0xb3, 0x45, 0x41, 0x37, 0xb3,
    0x45, 0x41, 0x37, 0xb3, 0x45, 0x41, 0x37, 0xb3, 0x45, 0x41, 0x37, 0xb3, 0x45, 0x41, 0x37, 0xb3,
    0x45, 0x41, 0x37, 0xb3, 0x45, 0x41, 0x37, 0xb3, 0x45, 0x41, 0x37, 0xb3, 0x45, 0x41, 0x37, 0xb3,
    0x45, 0x41, 0x37, 0xb3, 0x45, 0x41, 0x37, 0xb3, 0x45, 0x41, 0x37, 0xb3, 0x45, 0x41, 0x37, 0xb3,
    0x45, 0x41, 0x37, 0xb3, 0x45, 0x41, 0x37, 0xb3, 0x45, 0x41, 0x37, 0xb3, 0x45, 0x41, 0x37, 0xb3,
    0x45, 0x41, 0x37, 0xb3, 0x45, 0x41, 0x37, 0xb3, 0x45, 0x41, 0x37, 0xb3, 0x45, 0x41, 0x37, 0xb3,
    0x45, 0x41, 0x37, 0xb3, 0x45, 0x41, 0x37, 0xb3, 0x45, 0x41, 0x37, 0xb3, 0x45, 0x41, 0x37, 0xb3,
    0x45, 0x41, 0x37, 0xb3, 0x45, 0x41, 0x37, 0xb3, 0x45, 0x41, 0x37, 0xb3, 0x45, 0x41, 0x37, 0xb3,
    0x45, 0x41, 0x37, 0xb3, 0x45, 0x41, 0x37, 0xb3, 0x45, 0x41, 0x37, 0xb3, 0x45, 0x41, 0x37, 0xb3,
    0x45, 0x41, 0x37, 0xb3, 0x45, 0x41, 0x37, 0xb3, 0x45, 0x41, 0x37, 0xb3, 0x45, 0x41, 0x37, 0xb3,
    0x45, 0x41, 0x37, 0xb3, 0x45, 0x41, 0x37, 0xb3, 0x45, 0x41, 0x37, 0xb3, 0x45, 0x41, 0x37, 0xb3,
    0x45, 0x41, 0x37, 0xb3, 0x45, 0x41, 0x37, 0xb3, 0x45, 0x41, 0x37, 0xb3, 0x45, 0x41, 0x37, 0xb3,
    0x45, 0x41, 0x37, 0xb3, 0x45, 0x41, 0x37, 0xb3, 0x45, 0x41, 0x37, 0xb3, 0x45, 0x41, 0x37, 0xb3,
    0x45, 0x41, 0x37, 0xb3, 0x45, 0x41, 0x37, 0xb3, 0x45, 0x41, 0x37, 0xb3, 0xaa, 0xc6, 0xd3, 0x14,
    0xaa, 0xc6, 0xd3, 0x09, 0x00, 0x00, 0x00, 0x00, 0x00, 0x00, 0x00, 0x00, 0x00, 0x00, 0x00, 0x00,
    0x00, 0x00, 0x00, 0x00, 0x00, 0x00, 0x00, 0x00, 0xaa, 0xc6, 0xd3, 0x07, 0xaa, 0xc6, 0xd3, 0x14,
    0x45, 0x41, 0x37, 0xb3, 0x45, 0x41, 0x37, 0xb3, 0x45, 0x41, 0x37, 0xb3, 0x45, 0x41, 0x37, 0xb3,
    0x45, 0x41, 0x37, 0xb3, 0x45, 0x41, 0x37, 0xb3, 0x45, 0x41, 0x37, 0xb3, 0x45, 0x41, 0x37, 0xb3,
    0x45, 0x41, 0x37, 0xb3, 0x45, 0x41, 0x37, 0xb3, 0x45, 0x41, 0x37, 0xb3, 0x45, 0x41, 0x37, 0xb3,
    0x45, 0x41, 0x37, 0xb3, 0x45, 0x41, 0x37, 0xb3, 0x45, 0x41, 0x37, 0xb3, 0x45, 0x41, 0x37, 0xb3,
    0x45, 0x41, 0x37, 0xb3, 0x45, 0x41, 0x37, 0xb3, 0x45, 0x41, 0x37, 0xb3, 0x45, 0x41, 0x37, 0xb3,
    0x45, 0x41, 0x37, 0xb3, 0x45, 0x41, 0x37, 0xb3, 0x45, 0x41, 0x37, 0xb3, 0x45, 0x41, 0x37, 0xb3,
    0x45, 0x41, 0x37, 0xb3, 0x45, 0x41, 0x37, 0xb3, 0x45, 0x41, 0x37, 0xb3, 0x45, 0x41, 0x37, 0xb3,
    0x45, 0x41, 0x37, 0xb3, 0x45, 0x41, 0x37, 0xb3, 0x45, 0x41, 0x37, 0xb3, 0x45, 0x41, 0x37, 0xb3,
    0x45, 0x41, 0x37, 0xb3, 0x45, 0x41, 0x37, 0xb3, 0x45, 0x41, 0x37, 0xb3, 0x45, 0x41, 0x37, 0xb3,
    0x45, 0x41, 0x37, 0xb3, 0x45, 0x41, 0x37, 0xb3, 0x45, 0x41, 0x37, 0xb3, 0x45, 0x41, 0x37, 0xb3,
    0x45, 0x41, 0x37, 0xb3, 0x45, 0x41, 0x37, 0xb3, 0x45, 0x41, 0x37, 0xb3, 0x45, 0x41, 0x37, 0xb3,
    0x45, 0x41, 0x37, 0xb3, 0x45, 0x41, 0x37, 0xb3, 0x45, 0x41, 0x37, 0xb3, 0x45, 0x41, 0x37, 0xb3,
    0x45, 0x41, 0x37, 0xb3, 0x45, 0x41, 0x37, 0xb3, 0x45, 0x41, 0x37, 0xb3, 0x45, 0x41, 0x37, 0xb3,
    0x45, 0x41, 0x37, 0xb3, 0x45, 0x41, 0x37, 0xb3, 0x45, 0x41, 0x37, 0xb3, 0x45, 0x41, 0x37, 0xb3,
    0x45, 0x41, 0x37, 0xb3, 0x45, 0x41, 0x37, 0xb3, 0x45, 0x41, 0x37, 0xb3, 0x45, 0x41, 0x37, 0xb3,
    0x45, 0x41, 0x37, 0xb3, 0x45, 0x41, 0x37, 0xb3, 0x45, 0x41, 0x37, 0xb3, 0x45, 0x41, 0x37, 0xb3,
    0x45, 0x41, 0x37, 0xb3, 0x45, 0x41, 0x37, 0xb3, 0x45, 0x41, 0x37, 0xb3, 0x45, 0x41, 0x37, 0xb3,
    0x45, 0x41, 0x37, 0xb3, 0x45, 0x41, 0x37, 0xb3, 0x45, 0x41, 0x37, 0xb3, 0x45, 0x41, 0x37, 0xb3,
    0xaa, 0xc6, 0xd3, 0x14, 0xaa, 0xc6, 0xd3, 0x07, 0x00, 0x00, 0x00, 0x00, 0x00, 0x00, 0x00, 0x00,
    0x00, 0x00, 0x00, 0x00, 0xaa, 0xc6, 0xd3, 0x03, 0xaa, 0xc6, 0xd3, 0x13, 0x45, 0x41, 0x37, 0xb3,
    0x45, 0x41, 0x37, 0xb3, 0x45, 0x41, 0x37, 0xb3, 0x45, 0x41, 0x37, 0xb3, 0x45, 0x41, 0x37, 0xb3,
    0x45, 0x41, 0x37, 0xb3, 0x45, 0x41, 0x37, 0xb3, 0x45, 0x41, 0x37, 0xb3, 0x45, 0x41, 0x37, 0xb3,
    0x45, 0x41, 0x37, 0xb3, 0x45, 0x41, 0x37, 0xb3, 0x45, 0x41, 0x37, 0xb3, 0x45, 0x41, 0x37, 0xb3,
    0x45, 0x41, 0x37, 0xb3, 0x45, 0x41, 0x37, 0xb3, 0x45, 0x41, 0x37, 0xb3, 0x45, 0x41, 0x37, 0xb3,
    0x45, 0x41, 0x37, 0xb3, 0x45, 0x41, 0x37, 0xb3, 0x45, 0x41, 0x37, 0xb3, 0x45, 0x41, 0x37, 0xb3,
    0x45, 0x41, 0x37, 0xb3, 0x45, 0x41, 0x37, 0xb3, 0x45, 0x41, 0x37, 0xb3, 0x45, 0x41, 0x37, 0xb3,
    0x45, 0x41, 0x37, 0xb3, 0x45, 0x41, 0x37, 0xb3, 0x45, 0x41, 0x37, 0xb3, 0x45, 0x41, 0x37, 0xb3,
    0x45, 0x41, 0x37, 0xb3, 0x45, 0x41, 0x37, 0xb3, 0x45, 0x41, 0x37, 0xb3, 0x45, 0x41, 0x37, 0xb3,
    0x45, 0x41, 0x37, 0xb3, 0x45, 0x41, 0x37, 0xb3, 0x45, 0x41, 0x37, 0xb3, 0x45, 0x41, 0x37, 0xb3,
    0x45, 0x41, 0x37, 0xb3, 0x45, 0x41, 0x37, 0xb3, 0x45, 0x41, 0x37, 0xb3, 0x45, 0x41, 0x37, 0xb3,
    0x45, 0x41, 0x37, 0xb3, 0x45, 0x41, 0x37, 0xb3, 0x45, 0x41, 0x37, 0xb3, 0x45, 0x41, 0x37, 0xb3,
    0x45, 0x41, 0x37, 0xb3, 0x45, 0x41, 0x37, 0xb3, 0x45, 0x41, 0x37, 0xb3, 0x45, 0x41, 0x37, 0xb3,
    0x45, 0x41, 0x37, 0xb3, 0x45, 0x41, 0x37, 0xb3, 0x45, 0x41, 0x37, 0xb3, 0x45, 0x41, 0x37, 0xb3,
    0x45, 0x41, 0x37, 0xb3, 0x45, 0x41, 0x37, 0xb3, 0x45, 0x41, 0x37, 0xb3, 0x45, 0x41, 0x37, 0xb3,
    0x45, 0x41, 0x37, 0xb3, 0x45, 0x41, 0x37, 0xb3, 0x45, 0x41, 0x37, 0xb3, 0x45, 0x41, 0x37, 0xb3,
    0x45, 0x41, 0x37, 0xb3, 0x45, 0x41, 0x37, 0xb3, 0x45, 0x41, 0x37, 0xb3, 0x45, 0x41, 0x37, 0xb3,
    0x45, 0x41, 0x37, 0xb3, 0x45, 0x41, 0x37, 0xb3, 0x45, 0x41, 0x37, 0xb3, 0x45, 0x41, 0x37, 0xb3,
    0x45, 0x41, 0x37, 0xb3, 0x45, 0x41, 0x37, 0xb3, 0x45, 0x41, 0x37, 0xb3, 0x45, 0x41, 0x37, 0xb3,
    0x45, 0x41, 0x37, 0xb3, 0xaa, 0xc6, 0xd3, 0x13, 0xaa, 0xc6, 0xd3, 0x03, 0x00, 0x00, 0x00, 0x00,
    0x00, 0x00, 0x00, 0x00, 0xaa, 0xc6, 0xd3, 0x0c, 0x45, 0x41, 0x37, 0xb3, 0x45, 0x41, 0x37, 0xb3,
    0x45, 0x41, 0x37, 0xb3, 0x45, 0x41, 0x37, 0xb3, 0x45, 0x41, 0x37, 0xb3, 0x45, 0x41, 0x37, 0xb3,
    0x45, 0x41, 0x37, 0xb3, 0x45, 0x41, 0x37, 0xb3, 0x45, 0x41, 0x37, 0xb3, 0x45, 0x41, 0x37, 0xb3,
    0x45, 0x41, 0x37, 0xb3, 0x45, 0x41, 0x37, 0xb3, 0x45, 0x41, 0x37, 0xb3, 0x45, 0x41, 0x37, 0xb3,
    0x45, 0x41, 0x37, 0xb3, 0x45, 0x41, 0x37, 0xb3, 0x45, 0x41, 0x37, 0xb3, 0x45, 0x41, 0x37, 0xb3,
    0x45, 0x41, 0x37, 0xb3, 0x45, 0x41, 0x37, 0xb3, 0x45, 0x41, 0x37, 0xb3, 0x45, 0x41, 0x37, 0xb3,
    0x45, 0x41, 0x37, 0xb3, 0x45, 0x41, 0x37, 0xb3, 0x45, 0x41, 0x37, 0xb3, 0x45, 0x41, 0x37, 0xb3,
    0x45, 0x41, 0x37, 0xb3, 0x45, 0x41, 0x37, 0xb3, 0x45, 0x41, 0x37, 0xb3, 0x45, 0x41, 0x37, 0xb3,
    0x45, 0x41, 0x37, 0xb3, 0x45, 0x41, 0x37, 0xb3, 0x45, 0x41, 0x37, 0xb3, 0x45, 0x41, 0x37, 0xb3,
    0x45, 0x41, 0x37, 0xb3, 0x45, 0x41, 0x37, 0xb3, 0x45, 0x41, 0x37, 0xb3, 0x45, 0x41, 0x37, 0xb3,
    0x45, 0x41, 0x37, 0xb3, 0x45, 0x41, 0x37, 0xb3, 0x45, 0x41, 0x37, 0xb3, 0x45, 0x41, 0x37, 0xb3,
    0x45, 0x41, 0x37, 0xb3, 0x45, 0x41, 0x37, 0xb3, 0x45, 0x41, 0x37, 0xb3, 0x45, 0x41, 0x37, 0xb3,
    0x45, 0x41, 0x37, 0xb3, 0x45, 0x41, 0x37, 0xb3, 0x45, 0x41, 0x37, 0xb3, 0x45, 0x41, 0x37, 0xb3,
    0x45, 0x41, 0x37, 0xb3, 0x45, 0x41, 0x37, 0xb3, 0x45, 0x41, 0x37, 0xb3, 0x45, 0x41, 0x37, 0xb3,
    0x45, 0x41, 0x37, 0xb3, 0x45, 0x41, 0x37, 0xb3, 0x45, 0x41, 0x37, 0xb3, 0x45, 0x41, 0x37, 0xb3,
    0x45, 0x41, 0x37, 0xb3, 0x45, 0x41, 0x37, 0xb3, 0x45, 0x41, 0x37, 0xb3, 0x45, 0x41, 0x37, 0xb3,
    0x45, 0x41, 0x37, 0xb3, 0x45, 0x41, 0x37, 0xb3, 0x45, 0x41, 0x37, 0xb3, 0x45, 0x41, 0x37, 0xb3,
    0x45, 0x41, 0x37, 0xb3, 0x45, 0x41, 0x37, 0xb3, 0x45, 0x41, 0x37, 0xb3, 0x45, 0x41, 0x37, 0xb3,
    0x45, 0x41, 0x37, 0xb3, 0x45, 0x41, 0x37, 0xb3, 0x45, 0x41, 0x37, 0xb3, 0x45, 0x41, 0x37, 0xb3,
    0x45, 0x41, 0x37, 0xb3, 0x45, 0x41, 0x37, 0xb3, 0xaa, 0xc6, 0xd3, 0x0c, 0x00, 0x00, 0x00, 0x00,
    0xaa, 0xc6, 0xd3, 0x03, 0xaa, 0xc6, 0xd3, 0x14, 0x45, 0x41, 0x37, 0xb3, 0x45, 0x41, 0x37, 0xb3,
    0x45, 0x41, 0x37, 0xb3, 0x45, 0x41, 0x37, 0xb3, 0x45, 0x41, 0x37, 0xb3, 0x45, 0x41, 0x37, 0xb3,
    0x45, 0x41, 0x37, 0xb3, 0x45, 0x41, 0x37, 0xb3, 0x45, 0x41, 0x37, 0xb3, 0x45, 0x41, 0x37, 0xb3,
    0x45, 0x41, 0x37, 0xb3, 0x45, 0x41, 0x37, 0xb3, 0x45, 0x41, 0x37, 0xb3, 0x45, 0x41, 0x37, 0xb3,
    0x45, 0x41, 0x37, 0xb3, 0x45, 0x41, 0x37, 0xb3, 0x45, 0x41, 0x37, 0xb3, 0x45, 0x41, 0x37, 0xb3,
    0x45, 0x41, 0x37, 0xb3, 0x45, 0x41, 0x37, 0xb3, 0x45, 0x41, 0x37, 0xb3, 0x45, 0x41, 0x37, 0xb3,
    0x45, 0x41, 0x37, 0xb3, 0x45, 0x41, 0x37, 0xb3, 0x45, 0x41, 0x37, 0xb3, 0x45, 0x41, 0x37, 0xb3,
    0x45, 0x41, 0x37, 0xb3, 0x45, 0x41, 0x37, 0xb3, 0x45, 0x41, 0x37, 0xb3, 0x45, 0x41, 0x37, 0xb3,
    0x45, 0x41, 0x37, 0xb3, 0x45, 0x41, 0x37, 0xb3, 0x45, 0x41, 0x37, 0xb3, 0x45, 0x41, 0x37, 0xb3,
    0x45, 0x41, 0x37, 0xb3, 0x45, 0x41, 0x37, 0xb3, 0x45, 0x41, 0x37, 0xb3, 0x45, 0x41, 0x37, 0xb3,
    0x45, 0x41, 0x37, 0xb3, 0x45, 0x41, 0x37, 0xb3, 0x45, 0x41, 0x37, 0xb3, 0x45, 0x41, 0x37, 0xb3,
    0x45, 0x41, 0x37, 0xb3, 0x45, 0x41, 0x37, 0xb3, 0x45, 0x41, 0x37, 0xb3, 0x45, 0x41, 0x37, 0xb3,
    0x45, 0x41, 0x37, 0xb3, 0x45, 0x41, 0x37, 0xb3, 0x45, 0x41, 0x37, 0xb3, 0x45, 0x41, 0x37, 0xb3,
    0x45, 0x41, 0x37, 0xb3, 0x45, 0x41, 0x37, 0xb3, 0x45, 0x41, 0x37, 0xb3, 0x45, 0x41, 0x37, 0xb3,
    0x45, 0x41, 0x37, 0xb3, 0x45, 0x41, 0x37, 0xb3, 0x45, 0x41, 0x37, 0xb3, 0x45, 0x41, 0x37, 0xb3,
    0x45, 0x41, 0x37, 0xb3, 0x45, 0x41, 0x37, 0xb3, 0x45, 0x41, 0x37, 0xb3, 0x45, 0x41, 0x37, 0xb3,
    0x45, 0x41, 0x37, 0xb3, 0x45, 0x41, 0x37, 0xb3, 0x45, 0x41, 0x37, 0xb3, 0x45, 0x41, 0x37, 0xb3,
    0x45, 0x41, 0x37, 0xb3, 0x45, 0x41, 0x37, 0xb3, 0x45, 0x41, 0x37, 0xb3, 0x45, 0x41, 0x37, 0xb3,
    0x45, 0x41, 0x37, 0xb3, 0x45, 0x41, 0x37, 0xb3, 0x45, 0x41, 0x37, 0xb3, 0x45, 0x41, 0x37, 0xb3,
    0x45, 0x41, 0x37, 0xb3, 0x45, 0x41, 0x37, 0xb3, 0xaa, 0xc6, 0xd3, 0x14, 0xaa, 0xc6, 0xd3, 0x03,
    0xaa, 0xc6, 0xd3, 0x09, 0xaa, 0xc6, 0xd3, 0x14, 0x45, 0x41, 0x37, 0xb3, 0x45, 0x41, 0x37, 0xb3,
    0x45, 0x41, 0x37, 0xb3, 0x45, 0x41, 0x37, 0xb3, 0x45, 0x41, 0x37, 0xb3, 0x45, 0x41, 0x37, 0xb3,
    0x45, 0x41, 0x37, 0xb3, 0x45, 0x41, 0x37, 0xb3, 0x45, 0x41, 0x37, 0xb3, 0x45, 0x41, 0x37, 0xb3,
    0x45, 0x41, 0x37, 0xb3, 0x45, 0x41, 0x37, 0xb3, 0x45, 0x41, 0x37, 0xb3, 0x45, 0x41, 0x37, 0xb3,
    0x45, 0x41, 0x37, 0xb3, 0x45, 0x41, 0x37, 0xb3, 0x45, 0x41, 0x37, 0xb3, 0x45, 0x41, 0x37, 0xb3,
    0x45, 0x41, 0x37, 0xb3, 0x45, 0x41, 0x37, 0xb3, 0x45, 0x41, 0x37, 0xb3, 0x45, 0x41, 0x37, 0xb3,
    0x45, 0x41, 0x37, 0xb3, 0x45, 0x41, 0x37, 0xb3, 0x45, 0x41, 0x37, 0xb3, 0x45, 0x41, 0x37, 0xb3,
    0x45, 0x41, 0x37, 0xb3, 0x45, 0x41, 0x37, 0xb3, 0x45, 0x41, 0x37, 0xb3, 0x45, 0x41, 0x37, 0xb3,
    0x45, 0x41, 0x37, 0xb3, 0x45, 0x41, 0x37, 0xb3, 0x45, 0x41, 0x37, 0xb3, 0x45, 0x41, 0x37, 0xb3,
    0x45, 0x41, 0x37, 0xb3, 0x45, 0x41, 0x37, 0xb3, 0x45, 0x41, 0x37, 0xb3, 0x45, 0x41, 0x37, 0xb3,
    0x45, 0x41, 0x37, 0xb3, 0x45, 0x41, 0x37, 0xb3, 0x45, 0x41, 0x37, 0xb3, 0x45, 0x41, 0x37, 0xb3,
    0x45, 0x41, 0x37, 0xb3, 0x45, 0x41, 0x37, 0xb3, 0x45, 0x41, 0x37, 0xb3, 0x45, 0x41, 0x37, 0xb3,
    0x45, 0x41, 0x37, 0xb3, 0x45, 0x41, 0x37, 0xb3, 0x45, 0x41, 0x37, 0xb3, 0x45, 0x41, 0x37, 0xb3,
    0x45, 0x41, 0x37, 0xb3, 0x45, 0x41, 0x37, 0xb3, 0x45, 0x41, 0x37, 0xb3, 0x45, 0x41, 0x37, 0xb3,
    0x45, 0x41, 0x37, 0xb3, 0x45, 0x41, 0x37, 0xb3, 0x45, 0x41, 0x37, 0xb3, 0x45, 0x41, 0x37, 0xb3,
    0x45, 0x41, 0x37, 0xb3, 0x45, 0x41, 0x37, 0xb3, 0x45, 0x41, 0x37, 0xb3, 0x45, 0x41, 0x37, 0xb3,
    0x45, 0x41, 0x37, 0xb3, 0x45, 0x41, 0x37, 0xb3, 0x45, 0x41, 0x37, 0xb3, 0x45, 0x41, 0x37, 0xb3,
    0x45, 0x41, 0x37, 0xb3, 0x45, 0x41, 0x37, 0xb3, 0x45, 0x41, 0x37, 0xb3, 0x45, 0x41, 0x37, 0xb3,
    0x45, 0x41, 0x37, 0xb3, 0x45, 0x41, 0x37, 0xb3, 0x45, 0x41, 0x37, 0xb3, 0x45, 0x41, 0x37, 0xb3,
    0x45, 0x41, 0x37, 0xb3, 0x45, 0x41, 0x37, 0xb3, 0xaa, 0xc6, 0xd3, 0x14, 0xaa, 0xc6, 0xd3, 0x09,
    0xaa, 0xc6, 0xd3, 0x0e, 0x45, 0x41, 0x37, 0xb3, 0x45, 0x41, 0x37, 0xb3, 0x45, 0x41, 0x37, 0xb3,
    0x45, 0x41, 0x37, 0xb3, 0x45, 0x41, 0x37, 0xb3, 0x45, 0x41, 0x37, 0xb3, 0x45, 0x41, 0x37, 0xb3,
    0x45, 0x41, 0x37, 0xb3, 0x45, 0x41, 0x37, 0xb3, 0x45, 0x41, 0x37, 0xb3, 0x45, 0x41, 0x37, 0xb3,
    0x45, 0x41, 0x37, 0xb3, 0x45, 0x41, 0x37, 0xb3, 0x45, 0x41, 0x37, 0xb3, 0x45, 0x41, 0x37, 0xb3,
    0x45, 0x41, 0x37, 0xb3, 0x45, 0x41, 0x37, 0xb3, 0x45, 0x41, 0x37, 0xb3, 0x45, 0x41, 0x37, 0xb3,
    0x45, 0x41, 0x37, 0xb3, 0x45, 0x41, 0x37, 0xb3, 0x45, 0x41, 0x37, 0xb3, 0x45, 0x41, 0x37, 0xb3,
    0x45, 0x41, 0x37, 0xb3, 0x45, 0x41, 0x37, 0xb3, 0x45, 0x41, 0x37, 0xb3, 0x45, 0x41, 0x37, 0xb3,
    0x45, 0x41, 0x37, 0xb3, 0x45, 0x41, 0x37, 0xb3, 0x45, 0x41, 0x37, 0xb3, 0x45, 0x41, 0x37, 0xb3,
    0x45, 0x41, 0x37, 0xb3, 0x45, 0x41, 0x37, 0xb3, 0x45, 0x41, 0x37, 0xb3, 0x45, 0x41, 0x37, 0xb3,
    0x45, 0x41, 0x37, 0xb3, 0x45, 0x41, 0x37, 0xb3, 0x45, 0x41, 0x37, 0xb3, 0x45, 0x41, 0x37, 0xb3,
    0x45, 0x41, 0x37, 0xb3, 0x45, 0x41, 0x37, 0xb3, 0x45, 0x41, 0x37, 0xb3, 0x45, 0x41, 0x37, 0xb3,
    0x45, 0x41, 0x37, 0xb3, 0x45, 0x41, 0x37, 0xb3, 0x45, 0x41, 0x37, 0xb3, 0x45, 0x41, 0x37, 0xb3,
    0x45, 0x41, 0x37, 0xb3, 0x45, 0x41, 0x37, 0xb3, 0x45, 0x41, 0x37, 0xb3, 0x45, 0x41, 0x37, 0xb3,
    0x45, 0x41, 0x37, 0xb3, 0x45, 0x41, 0x37, 0xb3, 0x45, 0x41, 0x37, 0xb3, 0x45, 0x41, 0x37, 0xb3,
    0x45, 0x41, 0x37, 0xb3, 0x45, 0x41, 0x37, 0xb3, 0x45, 0x41, 0x37, 0xb3, 0x45, 0x41, 0x37, 0xb3,
    0x45, 0x41, 0x37, 0xb3, 0x45, 0x41, 0x37, 0xb3, 0x45, 0x41, 0x37, 0xb3, 0x45, 0x41, 0x37, 0xb3,
    0x45, 0x41, 0x37, 0xb3, 0x45, 0x41, 0x37, 0xb3, 0x45, 0x41, 0x37, 0xb3, 0x45, 0x41, 0x37, 0xb3,
    0x45, 0x41, 0x37, 0xb3, 0x45, 0x41, 0x37, 0xb3, 0x45, 0x41, 0x37, 0xb3, 0x45, 0x41, 0x37, 0xb3,
    0x45, 0x41, 0x37, 0xb3, 0x45, 0x41, 0x37, 0xb3, 0x45, 0x41, 0x37, 0xb3, 0x45, 0x41, 0x37, 0xb3,
    0x45, 0x41, 0x37, 0xb3, 0x45, 0x41, 0x37, 0xb3, 0x45, 0x41, 0x37, 0xb3, 0xaa, 0xc6, 0xd3, 0x0e,
    0xaa, 0xc6, 0xd3, 0x12, 0x45, 0x41, 0x37, 0xb3, 0x45, 0x41, 0x37, 0xb3, 0x45, 0x41, 0x37, 0xb3,
    0x45, 0x41, 0x37, 0xb3, 0x45, 0x41, 0x37, 0xb3, 0x45, 0x41, 0x37, 0xb3, 0x45, 0x41, 0x37, 0xb3,
    0x45, 0x41, 0x37, 0xb3, 0x45, 0x41, 0x37, 0xb3, 0x45, 0x41, 0x37, 0xb3, 0x45, 0x41, 0x37, 0xb3,
    0x45, 0x41, 0x37, 0xb3, 0x45, 0x41, 0x37, 0xb3, 0x45, 0x41, 0x37, 0xb3, 0x45, 0x41, 0x37, 0xb3,
    0x45, 0x41, 0x37, 0xb3, 0x45, 0x41, 0x37, 0xb3, 0x45, 0x41, 0x37, 0xb3, 0x45, 0x41, 0x37, 0xb3,
    0x45, 0x41, 0x37, 0xb3, 0x45, 0x41, 0x37, 0xb3, 0x45, 0x41, 0x37, 0xb3, 0x45, 0x41, 0x37, 0xb3,
    0x45, 0x41, 0x37, 0xb3, 0x45, 0x41, 0x37, 0xb3, 0x45, 0x41, 0x37, 0xb3, 0x45, 0x41, 0x37, 0xb3,
    0x45, 0x41, 0x37, 0xb3, 0x45, 0x41, 0x37, 0xb3, 0x45, 0x41, 0x37, 0xb3, 0x45, 0x41, 0x37, 0xb3,
    0x45, 0x41, 0x37, 0xb3, 0x45, 0x41, 0x37, 0xb3, 0x45, 0x41, 0x37, 0xb3, 0x45, 0x41, 0x37, 0xb3,
    0x45, 0x41, 0x37, 0xb3, 0x45, 0x41, 0x37, 0xb3, 0x45, 0x41, 0x37, 0xb3, 0x45, 0x41, 0x37, 0xb3,
    0x45, 0x41, 0x37, 0xb3, 0x45, 0x41, 0x37, 0xb3, 0x45, 0x41, 0x37, 0xb3, 0x45, 0x41, 0x37, 0xb3,
    0x45, 0x41, 0x37, 0xb3, 0x45, 0x41, 0x37, 0xb3, 0x45, 0x41, 0x37, 0xb3, 0x45, 0x41, 0x37, 0xb3,
    0x45, 0x41, 0x37, 0xb3, 0x45, 0x41, 0x37, 0xb3, 0x45, 0x41, 0x37, 0xb3, 0x45, 0x41, 0x37, 0xb3,
    0x45, 0x41, 0x37, 0xb3, 0x45, 0x41, 0x37, 0xb3, 0x45, 0x41, 0x37, 0xb3, 0x45, 0x41, 0x37, 0xb3,
    0x45, 0x41, 0x37, 0xb3, 0x45, 0x41, 0x37, 0xb3, 0x45, 0x41, 0x37, 0xb3, 0x45, 0x41, 0x37, 0xb3,
    0x45, 0x41, 0x37, 0xb3, 0x45, 0x41, 0x37, 0xb3, 0x45, 0x41, 0x37, 0xb3, 0x45, 0x41, 0x37, 0xb3,
    0x45, 0x41, 0x37, 0xb3, 0x45, 0x41, 0x37, 0xb3, 0x45, 0x41, 0x37, 0xb3, 0x45, 0x41, 0x37, 0xb3,
    0x45, 0x41, 0x37, 0xb3, 0x45, 0x41, 0x37, 0xb3, 0x45, 0x41, 0x37, 0xb3, 0x45, 0x41, 0x37, 0xb3,
    0x45, 0x41, 0x37, 0xb3, 0x45, 0x41, 0x37, 0xb3, 0x45, 0x41, 0x37, 0xb3, 0x45, 0x41, 0x37, 0xb3,
    0x45, 0x41, 0x37, 0xb3, 0x45, 0x41, 0x37, 0xb3, 0x45, 0x41, 0x37, 0xb3, 0xaa, 0xc6, 0xd3, 0x12,
    0xaa, 0xc6, 0xd3, 0x13, 0x45, 0x41, 0x37, 0xb3, 0x45, 0x41, 0x37, 0xb3, 0x45, 0x41, 0x37, 0xb3,
    0x45, 0x41, 0x37, 0xb3, 0x45, 0x41, 0x37, 0xb3, 0x45, 0x41, 0x37, 0xb3, 0x45, 0x41, 0x37, 0xb3,
    0x45, 0x41, 0x37, 0xb3, 0x45, 0x41, 0x37, 0xb3, 0x45, 0x41, 0x37, 0xb3, 0x45, 0x41, 0x37, 0xb3,
    0x45, 0x41, 0x37, 0xb3, 0x45, 0x41, 0x37, 0xb3, 0x45, 0x41, 0x37, 0xb3, 0x45, 0x41, 0x37, 0xb3,
    0x45, 0x41, 0x37, 0xb3, 0x45, 0x41, 0x37, 0xb3, 0x45, 0x41, 0x37, 0xb3, 0x45, 0x41, 0x37, 0xb3,
    0x45, 0x41, 0x37, 0xb3, 0x45, 0x41, 0x37, 0xb3, 0x45, 0x41, 0x37, 0xb3, 0x45, 0x41, 0x37, 0xb3,
    0x45, 0x41, 0x37, 0xb3, 0x45, 0x41, 0x37, 0xb3, 0x45, 0x41, 0x37, 0xb3, 0x45, 0x41, 0x37, 0xb3,
    0x45, 0x41, 0x37, 0xb3, 0x45, 0x41, 0x37, 0xb3, 0x45, 0x41, 0x37, 0xb3, 0x45, 0x41, 0x37, 0xb3,
    0x45, 0x41, 0x37, 0xb3, 0x45, 0x41, 0x37, 0xb3, 0x45, 0x41, 0x37, 0xb3, 0x45, 0x41, 0x37, 0xb3,
    0x45, 0x41, 0x37, 0xb3, 0x45, 0x41, 0x37, 0xb3, 0x45, 0x41, 0x37, 0xb3, 0x45, 0x41, 0x37, 0xb3,
    0x45, 0x41, 0x37, 0xb3, 0x45, 0x41, 0x37, 0xb3, 0x45, 0x41, 0x37, 0xb3, 0x45, 0x41, 0x37, 0xb3,
    0x45, 0x41, 0x37, 0xb3, 0x45, 0x41, 0x37, 0xb3, 0x45, 0x41, 0x37, 0xb3, 0x45, 0x41, 0x37, 0xb3,
    0x45, 0x41, 0x37, 0xb3, 0x45, 0x41, 0x37, 0xb3, 0x45, 0x41, 0x37, 0xb3, 0x45, 0x41, 0x37, 0xb3,
    0x45, 0x41, 0x37, 0xb3, 0x45, 0x41, 0x37, 0xb3, 0x45, 0x41, 0x37, 0xb3, 0x45, 0x41, 0x37, 0xb3,
    0x45, 0x41, 0x37, 0xb3, 0x45, 0x41, 0x37, 0xb3, 0x45, 0x41, 0x37, 0xb3, 0x45, 0x41, 0x37, 0xb3,
    0x45, 0x41, 0x37, 0xb3, 0x45, 0x41, 0x37, 0xb3, 0x45, 0x41, 0x37, 0xb3, 0x45, 0x41, 0x37, 0xb3,
    0x45, 0x41, 0x37, 0xb3, 0x45, 0x41, 0x37, 0xb3, 0x45, 0x41, 0x37, 0xb3, 0x45, 0x41, 0x37, 0xb3,
    0x45, 0x41, 0x37, 0xb3, 0x45, 0x41, 0x37, 0xb3, 0x45, 0x41, 0x37, 0xb3, 0x45, 0x41, 0x37, 0xb3,
    0x45, 0x41, 0x37, 0xb3, 0x45, 0x41, 0x37, 0xb3, 0x45, 0x41, 0x37, 0xb3, 0x45, 0x41, 0x37, 0xb3,
    0x45, 0x41, 0x37, 0xb3, 0x45, 0x41, 0x37, 0xb3, 0x45, 0x41, 0x37, 0xb3, 0xaa, 0xc6, 0xd3, 0x13,
    0xaa, 0xc6, 0xd3, 0x14, 0x45, 0x41, 0x37, 0xb3, 0x45, 0x41, 0x37, 0xb3, 0x45, 0x41, 0x37, 0xb3,
    0x45, 0x41, 0x37, 0xb3, 0x45, 0x41, 0x37, 0xb3, 0x45, 0x41, 0x37, 0xb3, 0x45, 0x41, 0x37, 0xb3,
    0x45, 0x41, 0x37, 0xb3, 0x45, 0x41, 0x37, 0xb3, 0x45, 0x41, 0x37, 0xb3, 0x45, 0x41, 0x37, 0xb3,
    0x45, 0x41, 0x37, 0xb3, 0x45, 0x41, 0x37, 0xb3, 0x45, 0x41, 0x37, 0xb3, 0x45, 0x41, 0x37, 0xb3,
    0x45, 0x41, 0x37, 0xb3, 0x45, 0x41, 0x37, 0xb3, 0x45, 0x41, 0x37, 0xb3, 0x45, 0x41, 0x37, 0xb3,
    0x45, 0x41, 0x37, 0xb3, 0x45, 0x41, 0x37, 0xb3, 0x45, 0x41, 0x37, 0xb3, 0x45, 0x41, 0x37, 0xb3,
    0x45, 0x41, 0x37, 0xb3, 0x45, 0x41, 0x37, 0xb3, 0x45, 0x41, 0x37, 0xb3, 0x45, 0x41, 0x37, 0xb3,
    0x45, 0x41, 0x37, 0xb3, 0x45, 0x41, 0x37, 0xb3, 0x45, 0x41, 0x37, 0xb3, 0x45, 0x41, 0x37, 0xb3,
    0x45, 0x41, 0x37, 0xb3, 0x45, 0x41, 0x37, 0xb3, 0x45, 0x41, 0x37, 0xb3, 0x45, 0x41, 0x37, 0xb3,
    0x45, 0x41, 0x37, 0xb3, 0x45, 0x41, 0x37, 0xb3, 0x45, 0x41, 0x37, 0xb3, 0x45, 0x41, 0x37, 0xb3,
    0x45, 0x41, 0x37, 0xb3, 0x45, 0x41, 0x37, 0xb3, 0x45, 0x41, 0x37, 0xb3, 0x45, 0x41, 0x37, 0xb3,
    0x45, 0x41, 0x37, 0xb3, 0x45, 0x41, 0x37, 0xb3, 0x45, 0x41, 0x37, 0xb3, 0x45, 0x41, 0x37, 0xb3,
    0x45, 0x41, 0x37, 0xb3, 0x45, 0x41, 0x37, 0xb3, 0x45, 0x41, 0x37, 0xb3, 0x45, 0x41, 0x37, 0xb3,
    0x45, 0x41, 0x37, 0xb3, 0x45, 0x41, 0x37, 0xb3, 0x45, 0x41, 0x37, 0xb3, 0x45, 0x41, 0x37, 0xb3,
    0x45, 0x41, 0x37, 0xb3, 0x45, 0x41, 0x37, 0xb3, 0x45, 0x41, 0x37, 0xb3, 0x45, 0x41, 0x37, 0xb3,
    0x45, 0x41, 0x37, 0xb3, 0x45, 0x41, 0x37, 0xb3, 0x45, 0x41, 0x37, 0xb3, 0x45, 0x41, 0x37, 0xb3,
    0x45, 0x41, 0x37, 0xb3, 0x45, 0x41, 0x37, 0xb3, 0x45, 0x41, 0x37, 0xb3, 0x45, 0x41, 0x37, 0xb3,
    0x45, 0x41, 0x37, 0xb3, 0x45, 0x41, 0x37, 0xb3, 0x45, 0x41, 0x37, 0xb3, 0x45, 0x41, 0x37, 0xb3,
    0x45, 0x41, 0x37, 0xb3, 0x45, 0x41, 0x37, 0xb3, 0x45, 0x41, 0x37, 0xb3, 0x45, 0x41, 0x37, 0xb3,
    0x45, 0x41, 0x37, 0xb3, 0x45, 0x41, 0x37, 0xb3, 0x45, 0x41, 0x37, 0xb3, 0xaa, 0xc6, 0xd3, 0x14,
    0xaa, 0xc6, 0xd3, 0x13, 0x45, 0x41, 0x37, 0xb3, 0x45, 0x41, 0x37, 0xb3, 0x45, 0x41, 0x37, 0xb3,
    0x45, 0x41, 0x37, 0xb3, 0x45, 0x41, 0x37, 0xb3, 0x45, 0x41, 0x37, 0xb3, 0x45, 0x41, 0x37, 0xb3,
    0x45, 0x41, 0x37, 0xb3, 0x45, 0x41, 0x37, 0xb3, 0x45, 0x41, 0x37, 0xb3, 0x45, 0x41, 0x37, 0xb3,
    0x45, 0x41, 0x37, 0xb3, 0x45, 0x41, 0x37, 0xb3, 0x45, 0x41, 0x37, 0xb3, 0x45, 0x41, 0x37, 0xb3,
    0x45, 0x41, 0x37, 0xb3, 0x45, 0x41, 0x37, 0xb3, 0x45, 0x41, 0x37, 0xb3, 0x45, 0x41, 0x37, 0xb3,
    0x45, 0x41, 0x37, 0xb3, 0x45, 0x41, 0x37, 0xb3, 0x45, 0x41, 0x37, 0xb3, 0x45, 0x41, 0x37, 0xb3,
    0x45, 0x41, 0x37, 0xb3, 0x45, 0x41, 0x37, 0xb3, 0x45, 0x41, 0x37, 0xb3, 0x45, 0x41, 0x37, 0xb3,
    0x45, 0x41, 0x37, 0xb3, 0x45, 0x41, 0x37, 0xb3, 0x45, 0x41, 0x37, 0xb3, 0x45, 0x41, 0x37, 0xb3,
    0x45, 0x41, 0x37, 0xb3, 0x45, 0x41, 0x37, 0xb3, 0x45, 0x41, 0x37, 0xb3, 0x45, 0x41, 0x37, 0xb3,
    0x45, 0x41, 0x37, 0xb3, 0x45, 0x41, 0x37, 0xb3, 0x45, 0x41, 0x37, 0xb3, 0x45, 0x41, 0x37, 0xb3,
    0x45, 0x41, 0x37, 0xb3, 0x45, 0x41, 0x37, 0xb3, 0x45, 0x41, 0x37, 0xb3, 0x45, 0x41, 0x37, 0xb3,
    0x45, 0x41, 0x37, 0xb3, 0x45, 0x41, 0x37, 0xb3, 0x45, 0x41, 0x37, 0xb3, 0x45, 0x41, 0x37, 0xb3,
    0x45, 0x41, 0x37, 0xb3, 0x45, 0x41, 0x37, 0xb3, 0x45, 0x41, 0x37, 0xb3, 0x45, 0x41, 0x37, 0xb3,
    0x45, 0x41, 0x37, 0xb3, 0x45, 0x41, 0x37, 0xb3, 0x45, 0x41, 0x37, 0xb3, 0x45, 0x41, 0x37, 0xb3,
    0x45, 0x41, 0x37, 0xb3, 0x45, 0x41, 0x37, 0xb3, 0x45, 0x41, 0x37, 0xb3, 0x45, 0x41, 0x37, 0xb3,
    0x45, 0x41, 0x37, 0xb3, 0x45, 0x41, 0x37, 0xb3, 0x45, 0x41, 0x37, 0xb3, 0x45, 0x41, 0x37, 0xb3,
    0x45, 0x41, 0x37, 0xb3, 0x45, 0x41, 0x37, 0xb3, 0x45, 0x41, 0x37, 0xb3, 0x45, 0x41, 0x37, 0xb3,
    0x45, 0x41, 0x37, 0xb3, 0x45, 0x41, 0x37, 0xb3, 0x45, 0x41, 0x37, 0xb3, 0x45, 0x41, 0x37, 0xb3,
    0x45, 0x41, 0x37, 0xb3, 0x45, 0x41, 0x37, 0xb3, 0x45, 0x41, 0x37, 0xb3, 0x45, 0x41, 0x37, 0xb3,
    0x45, 0x41, 0x37, 0xb3, 0x45, 0x41, 0x37, 0xb3, 0x45, 0x41, 0x37, 0xb3, 0xaa, 0xc6, 0xd3, 0x13,
    0xaa, 0xc6, 0xd3, 0x12, 0x45, 0x41, 0x37, 0xb3, 0x45, 0x41, 0x37, 0xb3, 0x45, 0x41, 0x37, 0xb3,
    0x45, 0x41, 0x37, 0xb3, 0x45, 0x41, 0x37, 0xb3, 0x45, 0x41, 0x37, 0xb3, 0x45, 0x41, 0x37, 0xb3,
    0x45, 0x41, 0x37, 0xb3, 0x45, 0x41, 0x37, 0xb3, 0x45, 0x41, 0x37, 0xb3, 0x45, 0x41, 0x37, 0xb3,
    0x45, 0x41, 0x37, 0xb3, 0x45, 0x41, 0x37, 0xb3, 0x45, 0x41, 0x37, 0xb3, 0x45, 0x41, 0x37, 0xb3,
    0x45, 0x41, 0x37, 0xb3, 0x45, 0x41, 0x37, 0xb3, 0x45, 0x41, 0x37, 0xb3, 0x45, 0x41, 0x37, 0xb3,
    0x45, 0x41, 0x37, 0xb3, 0x45, 0x41, 0x37, 0xb3, 0x45, 0x41, 0x37, 0xb3, 0x45, 0x41, 0x37, 0xb3,
    0x45, 0x41, 0x37, 0xb3, 0x45, 0x41, 0x37, 0xb3, 0x45, 0x41, 0x37, 0xb3, 0x45, 0x41, 0x37, 0xb3,
    0x45, 0x41, 0x37, 0xb3, 0x45, 0x41, 0x37, 0xb3, 0x45, 0x41, 0x37, 0xb3, 0x45, 0x41, 0x37, 0xb3,
    0x45, 0x41, 0x37, 0xb3, 0x45, 0x41, 0x37, 0xb3, 0x45, 0x41, 0x37, 0xb3, 0x45, 0x41, 0x37, 0xb3,
    0x45, 0x41, 0x37, 0xb3, 0x45, 0x41, 0x37, 0xb3, 0x45, 0x41, 0x37, 0xb3, 0x45, 0x41, 0x37, 0xb3,
    0x45, 0x41, 0x37, 0xb3, 0x45, 0x41, 0x37, 0xb3, 0x45, 0x41, 0x37, 0xb3, 0x45, 0x41, 0x37, 0xb3,
    0x45, 0x41, 0x37, 0xb3, 0x45, 0x41, 0x37, 0xb3, 0x45, 0x41, 0x37, 0xb3, 0x45, 0x41, 0x37, 0xb3,
    0x45, 0x41, 0x37, 0xb3, 0x45, 0x41, 0x37, 0xb3, 0x45, 0x41, 0x37, 0xb3, 0x45, 0x41, 0x37, 0xb3,
    0x45, 0x41, 0x37, 0xb3, 0x45, 0x41, 0x37, 0xb3, 0x45, 0x41, 0x37, 0xb3, 0x45, 0x41, 0x37, 0xb3,
    0x45, 0x41, 0x37, 0xb3, 0x45, 0x41, 0x37, 0xb3, 0x45, 0x41, 0x37, 0xb3, 0x45, 0x41, 0x37, 0xb3,
    0x45, 0x41, 0x37, 0xb3, 0x45, 0x41, 0x37, 0xb3, 0x45, 0x41, 0x37, 0xb3, 0x45, 0x41, 0x37, 0xb3,
    0x45, 0x41, 0x37, 0xb3, 0x45, 0x41, 0x37, 0xb3, 0x45, 0x41, 0x37, 0xb3, 0x45, 0x41, 0x37, 0xb3,
    0x45, 0x41, 0x37, 0xb3, 0x45, 0x41, 0x37, 0xb3, 0x45, 0x41, 0x37, 0xb3, 0x45, 0x41, 0x37, 0xb3,
    0x45, 0x41, 0x37, 0xb3, 0x45, 0x41, 0x37, 0xb3, 0x45, 0x41, 0x37, 0xb3, 0x45, 0x41, 0x37, 0xb3,
    0x45, 0x41, 0x37, 0xb3, 0x45, 0x41, 0x37, 0xb3, 0x45, 0x41, 0x37, 0xb3, 0xaa, 0xc6, 0xd3, 0x12,
    0xaa, 0xc6, 0xd3, 0x0e, 0x45, 0x41, 0x37, 0xb3, 0x45, 0x41, 0x37, 0xb3, 0x45, 0x41, 0x37, 0xb3,
    0x45, 0x41, 0x37, 0xb3, 0x45, 0x41, 0x37, 0xb3, 0x45, 0x41, 0x37, 0xb3, 0x45, 0x41, 0x37, 0xb3,
    0x45, 0x41, 0x37, 0xb3, 0x45, 0x41, 0x37, 0xb3, 0x45, 0x41, 0x37, 0xb3, 0x45, 0x41, 0x37, 0xb3,
    0x45, 0x41, 0x37, 0xb3, 0x45, 0x41, 0x37, 0xb3, 0x45, 0x41, 0x37, 0xb3, 0x45, 0x41, 0x37, 0xb3,
    0x45, 0x41, 0x37, 0xb3, 0x45, 0x41, 0x37, 0xb3, 0x45, 0x41, 0x37, 0xb3, 0x45, 0x41, 0x37, 0xb3,
    0x45, 0x41, 0x37, 0xb3, 0x45, 0x41, 0x37, 0xb3, 0x45, 0x41, 0x37, 0xb3, 0x45, 0x41, 0x37, 0xb3,
    0x45, 0x41, 0x37, 0xb3, 0x45, 0x41, 0x37, 0xb3, 0x45, 0x41, 0x37, 0xb3, 0x45, 0x41, 0x37, 0xb3,
    0x45, 0x41, 0x37, 0xb3, 0x45, 0x41, 0x37, 0xb3, 0x45, 0x41, 0x37, 0xb3, 0x45, 0x41, 0x37, 0xb3,
    0x45, 0x41, 0x37, 0xb3, 0x45, 0x41, 0x37, 0xb3, 0x45, 0x41, 0x37, 0xb3, 0x45, 0x41, 0x37, 0xb3,
    0x45, 0x41, 0x37, 0xb3, 0x45, 0x41, 0x37, 0xb3, 0x45, 0x41, 0x37, 0xb3, 0x45, 0x41, 0x37, 0xb3,
    0x45, 0x41, 0x37, 0xb3, 0x45, 0x41, 0x37, 0xb3, 0x45, 0x41, 0x37, 0xb3, 0x45, 0x41, 0x37, 0xb3,
    0x45, 0x41, 0x37, 0xb3, 0x45, 0x41, 0x37, 0xb3, 0x45, 0x41, 0x37, 0xb3, 0x45, 0x41, 0x37, 0xb3,
    0x45, 0x41, 0x37, 0xb3, 0x45, 0x41, 0x37, 0xb3, 0x45, 0x41, 0x37, 0xb3, 0x45, 0x41, 0x37, 0xb3,
    0x45, 0x41, 0x37, 0xb3, 0x45, 0x41, 0x37, 0xb3, 0x45, 0x41, 0x37, 0xb3, 0x45, 0x41, 0x37, 0xb3,
    0x45, 0x41, 0x37, 0xb3, 0x45, 0x41, 0x37, 0xb3, 0x45, 0x41, 0x37, 0xb3, 0x45, 0x41, 0x37, 0xb3,
    0x45, 0x41, 0x37, 0xb3, 0x45, 0x41, 0x37, 0xb3, 0x45, 0x41, 0x37, 0xb3, 0x45, 0x41, 0x37, 0xb3,
    0x45, 0x41, 0x37, 0xb3, 0x45, 0x41, 0x37, 0xb3, 0x45, 0x41, 0x37, 0xb3, 0x45, 0x41, 0x37, 0xb3,
    0x45, 0x41, 0x37, 0xb3, 0x45, 0x41, 0x37, 0xb3, 0x45, 0x41, 0x37, 0xb3, 0x45, 0x41, 0x37, 0xb3,
    0x45, 0x41, 0x37, 0xb3, 0x45, 0x41, 0x37, 0xb3, 0x45, 0x41, 0x37, 0xb3, 0x45, 0x41, 0x37, 0xb3,
    0x45, 0x41, 0x37, 0xb3, 0x45, 0x41, 0x37, 0xb3, 0x45, 0x41, 0x37, 0xb3, 0xaa, 0xc6, 0xd3, 0x0e,
    0xaa, 0xc6, 0xd3, 0x09, 0xaa, 0xc6, 0xd3, 0x14, 0x45, 0x41, 0x37, 0xb3, 0x45, 0x41, 0x37, 0xb3,
    0x45, 0x41, 0x37, 0xb3, 0x45, 0x41, 0x37, 0xb3, 0x45, 0x41, 0x37, 0xb3, 0x45, 0x41, 0x37, 0xb3,
    0x45, 0x41, 0x37, 0xb3, 0x45, 0x41, 0x37, 0xb3, 0x45, 0x41, 0x37, 0xb3, 0x45, 0x41, 0x37, 0xb3,
    0x45, 0x41, 0x37, 0xb3, 0x45, 0x41, 0x37, 0xb3, 0x45, 0x41, 0x37, 0xb3, 0x45, 0x41, 0x37, 0xb3,
    0x45, 0x41, 0x37, 0xb3, 0x45, 0x41, 0x37, 0xb3, 0x45, 0x41, 0x37, 0xb3, 0x45, 0x41, 0x37, 0xb3,
    0x45, 0x41, 0x37, 0xb3, 0x45, 0x41, 0x37, 0xb3, 0x45, 0x41, 0x37, 0xb3, 0x45, 0x41, 0x37, 0xb3,
    0x45, 0x41, 0x37, 0xb3, 0x45, 0x41, 0x37, 0xb3, 0x45, 0x41, 0x37, 0xb3, 0x45, 0x41, 0x37, 0xb3,
    0x45, 0x41, 0x37, 0xb3, 0x45, 0x41, 0x37, 0xb3, 0x45, 0x41, 0x37, 0xb3, 0x45, 0x41, 0x37, 0xb3,
    0x45, 0x41, 0x37, 0xb3, 0x45, 0x41, 0x37, 0xb3, 0x45, 0x41, 0x37, 0xb3, 0x45, 0x41, 0x37, 0xb3,
    0x45, 0x41, 0x37, 0xb3, 0x45, 0x41, 0x37, 0xb3, 0x45, 0x41, 0x37, 0xb3, 0x45, 0x41, 0x37, 0xb3,
    0x45, 0x41, 0x37, 0xb3, 0x45, 0x41, 0x37, 0xb3, 0x45, 0x41, 0x37, 0xb3, 0x45, 0x41, 0x37, 0xb3,
    0x45, 0x41, 0x37, 0xb3, 0x45, 0x41, 0x37, 0xb3, 0x45, 0x41, 0x37, 0xb3, 0x45, 0x41, 0x37, 0xb3,
    0x45, 0x41, 0x37, 0xb3, 0x45, 0x41, 0x37, 0xb3, 0x45, 0x41, 0x37, 0xb3, 0x45, 0x41, 0x37, 0xb3,
    0x45, 0x41, 0x37, 0xb3, 0x45, 0x41, 0x37, 0xb3, 0x45, 0x41, 0x37, 0xb3, 0x45, 0x41, 0x37, 0xb3,
    0x45, 0x41, 0x37, 0xb3, 0x45, 0x41, 0x37, 0xb3, 0x45, 0x41, 0x37, 0xb3, 0x45, 0x41, 0x37, 0xb3,
    0x45, 0x41, 0x37, 0xb3, 0x45, 0x41, 0x37, 0xb3, 0x45, 0x41, 0x37, 0xb3, 0x45, 0x41, 0x37, 0xb3,
    0x45, 0x41, 0x37, 0xb3, 0x45, 0x41, 0x37, 0xb3, 0x45, 0x41, 0x37, 0xb3, 0x45, 0x41, 0x37, 0xb3,
    0x45, 0x41, 0x37, 0xb3, 0x45, 0x41, 0x37, 0xb3, 0x45, 0x41, 0x37, 0xb3, 0x45, 0x41, 0x37, 0xb3,
    0x45, 0x41, 0x37, 0xb3, 0x45, 0x41, 0x37, 0xb3, 0x45, 0x41, 0x37, 0xb3, 0x45, 0x41, 0x37, 0xb3,
    0x45, 0x41, 0x37, 0xb3, 0x45, 0x41, 0x37, 0xb3, 0xaa, 0xc6, 0xd3, 0x14, 0xaa, 0xc6, 0xd3, 0x09,
    0xaa, 0xc6, 0xd3, 0x03, 0xaa, 0xc6, 0xd3, 0x14, 0x45, 0x41, 0x37, 0xb3, 0x45, 0x41, 0x37, 0xb3,
    0x45, 0x41, 0x37, 0xb3, 0x45, 0x41, 0x37, 0xb3, 0x45, 0x41, 0x37, 0xb3, 0x45, 0x41, 0x37, 0xb3,
    0x45, 0x41, 0x37, 0xb3, 0x45, 0x41, 0x37, 0xb3, 0x45, 0x41, 0x37, 0xb3, 0x45, 0x41, 0x37, 0xb3,
    0x45, 0x41, 0x37, 0xb3, 0x45, 0x41, 0x37, 0xb3, 0x45, 0x41, 0x37, 0xb3, 0x45, 0x41, 0x37, 0xb3,
    0x45, 0x41, 0x37, 0xb3, 0x45, 0x41, 0x37, 0xb3, 0x45, 0x41, 0x37, 0xb3, 0x45, 0x41, 0x37, 0xb3,
    0x45, 0x41, 0x37, 0xb3, 0x45, 0x41, 0x37, 0xb3, 0x45, 0x41, 0x37, 0xb3, 0x45, 0x41, 0x37, 0xb3,
    0x45, 0x41, 0x37, 0xb3, 0x45, 0x41, 0x37, 0xb3, 0x45, 0x41, 0x37, 0xb3, 0x45, 0x41, 0x37, 0xb3,
    0x45, 0x41, 0x37, 0xb3, 0x45, 0x41, 0x37, 0xb3, 0x45, 0x41, 0x37, 0xb3, 0x45, 0x41, 0x37, 0xb3,
    0x45, 0x41, 0x37, 0xb3, 0x45, 0x41, 0x37, 0xb3, 0x45, 0x41, 0x37, 0xb3, 0x45, 0x41, 0x37, 0xb3,
    0x45, 0x41, 0x37, 0xb3, 0x45, 0x41, 0x37, 0xb3, 0x45, 0x41, 0x37, 0xb3, 0x45, 0x41, 0x37, 0xb3,
    0x45, 0x41, 0x37, 0xb3, 0x45, 0x41, 0x37, 0xb3, 0x45, 0x41, 0x37, 0xb3, 0x45, 0x41, 0x37, 0xb3,
    0x45, 0x41, 0x37, 0xb3, 0x45, 0x41, 0x37, 0xb3, 0x45, 0x41, 0x37, 0xb3, 0x45, 0x41, 0x37, 0xb3,
    0x45, 0x41, 0x37, 0xb3, 0x45, 0x41, 0x37, 0xb3, 0x45, 0x41, 0x37, 0xb3, 0x45, 0x41, 0x37, 0xb3,
    0x45, 0x41, 0x37, 0xb3, 0x45, 0x41, 0x37, 0xb3, 0x45, 0x41, 0x37, 0xb3, 0x45, 0x41, 0x37, 0xb3,
    0x45, 0x41, 0x37, 0xb3, 0x45, 0x41, 0x37, 0xb3, 0x45, 0x41, 0x37, 0xb3, 0x45, 0x41, 0x37, 0xb3,
    0x45, 0x41, 0x37, 0xb3, 0x45, 0x41, 0x37, 0xb3, 0x45, 0x41, 0x37, 0xb3, 0x45, 0x41, 0x37, 0xb3,
    0x45, 0x41, 0x37, 0xb3, 0x45, 0x41, 0x37, 0xb3, 0x45, 0x41, 0x37, 0xb3, 0x45, 0x41, 0x37, 0xb3,
    0x45, 0x41, 0x37, 0xb3, 0x45, 0x41, 0x37, 0xb3, 0x45, 0x41, 0x37, 0xb3, 0x45, 0x41, 0x37, 0xb3,
    0x45, 0x41, 0x37, 0xb3, 0x45, 0x41, 0x37, 0xb3, 0x45, 0x41, 0x37, 0xb3, 0x45, 0x41, 0x37, 0xb3,
    0x45, 0x41, 0x37, 0xb3, 0x45, 0x41, 0x37, 0xb3, 0xaa, 0xc6, 0xd3, 0x14, 0xaa, 0xc6, 0xd3, 0x03,
    0x00, 0x00, 0x00, 0x00, 0xaa, 0xc6, 0xd3, 0x0c, 0x45, 0x41, 0x37, 0xb3, 0x45, 0x41, 0x37, 0xb3,
    0x45, 0x41, 0x37, 0xb3, 0x45, 0x41, 0x37, 0xb3, 0x45, 0x41, 0x37, 0xb3, 0x45, 0x41, 0x37, 0xb3,
    0x45, 0x41, 0x37, 0xb3, 0x45, 0x41, 0x37, 0xb3, 0x45, 0x41, 0x37, 0xb3, 0x45, 0x41, 0x37, 0xb3,
    0x45, 0x41, 0x37, 0xb3, 0x45, 0x41, 0x37, 0xb3, 0x45, 0x41, 0x37, 0xb3, 0x45, 0x41, 0x37, 0xb3,
    0x45, 0x41, 0x37, 0xb3, 0x45, 0x41, 0x37, 0xb3, 0x45, 0x41, 0x37, 0xb3, 0x45, 0x41, 0x37, 0xb3,
    0x45, 0x41, 0x37, 0xb3, 0x45, 0x41, 0x37, 0xb3, 0x45, 0x41, 0x37, 0xb3, 0x45, 0x41, 0x37, 0xb3,
    0x45, 0x41, 0x37, 0xb3, 0x45, 0x41, 0x37, 0xb3, 0x45, 0x41, 0x37, 0xb3, 0x45, 0x41, 0x37, 0xb3,
    0x45, 0x41, 0x37, 0xb3, 0x45, 0x41, 0x37, 0xb3, 0x45, 0x41, 0x37, 0xb3, 0x45, 0x41, 0x37, 0xb3,
    0x45, 0x41, 0x37, 0xb3, 0x45, 0x41, 0x37, 0xb3, 0x45, 0x41, 0x37, 0xb3, 0x45, 0x41, 0x37, 0xb3,
    0x45, 0x41, 0x37, 0xb3, 0x45, 0x41, 0x37, 0xb3, 0x45, 0x41, 0x37, 0xb3, 0x45, 0x41, 0x37, 0xb3,
    0x45, 0x41, 0x37, 0xb3, 0x45, 0x41, 0x37, 0xb3, 0x45, 0x41, 0x37, 0xb3, 0x45, 0x41, 0x37, 0xb3,
    0x45, 0x41, 0x37, 0xb3, 0x45, 0x41, 0x37, 0xb3, 0x45, 0x41, 0x37, 0xb3, 0x45, 0x41, 0x37, 0xb3,
    0x45, 0x41, 0x37, 0xb3, 0x45, 0x41, 0x37, 0xb3, 0x45, 0x41, 0x37, 0xb3, 0x45, 0x41, 0x37, 0xb3,
    0x45, 0x41, 0x37, 0xb3, 0x45, 0x41, 0x37, 0xb3, 0x45, 0x41, 0x37, 0xb3, 0x45, 0x41, 0x37, 0xb3,
    0x45, 0x41, 0x37, 0xb3, 0x45, 0x41, 0x37, 0xb3, 0x45, 0x41, 0x37, 0xb3, 0x45, 0x41, 0x37, 0xb3,
    0x45, 0x41, 0x37, 0xb3, 0x45, 0x41, 0x37, 0xb3, 0x45, 0x41, 0x37, 0xb3, 0x45, 0x41, 0x37, 0xb3,
    0x45, 0x41, 0x37, 0xb3, 0x45, 0x41, 0x37, 0xb3, 0x45, 0x41, 0x37, 0xb3, 0x45, 0x41, 0x37, 0xb3,
    0x45, 0x41, 0x37, 0xb3, 0x45, 0x41, 0x37, 0xb3, 0x45, 0x41, 0x37, 0xb3, 0x45, 0x41, 0x37, 0xb3,
    0x45, 0x41, 0x37, 0xb3, 0x45, 0x41, 0x37, 0xb3, 0x45, 0x41, 0x37, 0xb3, 0x45, 0x41, 0x37, 0xb3,
    0x45, 0x41, 0x37, 0xb3, 0x45, 0x41, 0x37, 0xb3, 0xaa, 0xc6, 0xd3, 0x0c, 0x00, 0x00, 0x00, 0x00,
    0x00, 0x00, 0x00, 0x00, 0xaa, 0xc6, 0xd3, 0x03, 0xaa, 0xc6, 0xd3, 0x13, 0x45, 0x41, 0x37, 0xb3,
    0x45, 0x41, 0x37, 0xb3, 0x45, 0x41, 0x37, 0xb3, 0x45, 0x41, 0x37, 0xb3, 0x45, 0x41, 0x37, 0xb3,
    0x45, 0x41, 0x37, 0xb3, 0x45, 0x41, 0x37, 0xb3, 0x45, 0x41, 0x37, 0xb3, 0x45, 0x41, 0x37, 0xb3,
    0x45, 0x41, 0x37, 0xb3, 0x45, 0x41, 0x37, 0xb3, 0x45, 0x41, 0x37, 0xb3, 0x45, 0x41, 0x37, 0xb3,
    0x45, 0x41, 0x37, 0xb3, 0x45, 0x41, 0x37, 0xb3, 0x45, 0x41, 0x37, 0xb3, 0x45, 0x41, 0x37, 0xb3,
    0x45, 0x41, 0x37, 0xb3, 0x45, 0x41, 0x37, 0xb3, 0x45, 0x41, 0x37, 0xb3, 0x45, 0x41, 0x37, 0xb3,
    0x45, 0x41, 0x37, 0xb3, 0x45, 0x41, 0x37, 0xb3, 0x45, 0x41, 0x37, 0xb3, 0x45, 0x41, 0x37, 0xb3,
    0x45, 0x41, 0x37, 0xb3, 0x45, 0x41, 0x37, 0xb3, 0x45, 0x41, 0x37, 0xb3, 0x45, 0x41, 0x37, 0xb3,
    0x45, 0x41, 0x37, 0xb3, 0x45, 0x41, 0x37, 0xb3, 0x45, 0x41, 0x37, 0xb3, 0x45, 0x41, 0x37, 0xb3,
    0x45, 0x41, 0x37, 0xb3, 0x45, 0x41, 0x37, 0xb3, 0x45, 0x41, 0x37, 0xb3, 0x45, 0x41, 0x37, 0xb3,
    0x45, 0x41, 0x37, 0xb3, 0x45, 0x41, 0x37, 0xb3, 0x45, 0x41, 0x37, 0xb3, 0x45, 0x41, 0x37, 0xb3,
    0x45, 0x41, 0x37, 0xb3, 0x45, 0x41, 0x37, 0xb3, 0x45, 0x41, 0x37, 0xb3, 0x45, 0x41, 0x37, 0xb3,
    0x45, 0x41, 0x37, 0xb3, 0x45, 0x41, 0x37, 0xb3, 0x45, 0x41, 0x37, 0xb3, 0x45, 0x41, 0x37, 0xb3,
    0x45, 0x41, 0x37, 0xb3, 0x45, 0x41, 0x37, 0xb3, 0x45, 0x41, 0x37, 0xb3, 0x45, 0x41, 0x37, 0xb3,
    0x45, 0x41, 0x37, 0xb3, 0x45, 0x41, 0x37, 0xb3, 0x45, 0x41, 0x37, 0xb3, 0x45, 0x41, 0x37, 0xb3,
    0x45, 0x41, 0x37, 0xb3, 0x45, 0x41, 0x37, 0xb3, 0x45, 0x41, 0x37, 0xb3, 0x45, 0x41, 0x37, 0xb3,
    0x45, 0x41, 0x37, 0xb3, 0x45, 0x41, 0x37, 0xb3, 0x45, 0x41, 0x37, 0xb3, 0x45, 0x41, 0x37, 0xb3,
    0x45, 0x41, 0x37, 0xb3, 0x45, 0x41, 0x37, 0xb3, 0x45, 0x41, 0x37, 0xb3, 0x45, 0x41, 0x37, 0xb3,
    0x45, 0x41, 0x37, 0xb3, 0x45, 0x41, 0x37, 0xb3, 0x45, 0x41, 0x37, 0xb3, 0x45, 0x41, 0x37, 0xb3,
    0x45, 0x41, 0x37, 0xb3, 0xaa, 0xc6, 0xd3, 0x13, 0xaa, 0xc6, 0xd3, 0x03, 0x00, 0x00, 0x00, 0x00,
    0x00, 0x00, 0x00, 0x00, 0x00, 0x00, 0x00, 0x00, 0xaa, 0xc6, 0xd3, 0x07, 0xaa, 0xc6, 0xd3, 0x14,
    0x45, 0x41, 0x37, 0xb3, 0x45, 0x41, 0x37, 0xb3, 0x45, 0x41, 0x37, 0xb3, 0x45, 0x41, 0x37, 0xb3,
    0x45, 0x41, 0x37, 0xb3, 0x45, 0x41, 0x37, 0xb3, 0x45, 0x41, 0x37, 0xb3, 0x45, 0x41, 0x37, 0xb3,
    0x45, 0x41, 0x37, 0xb3, 0x45, 0x41, 0x37, 0xb3, 0x45, 0x41, 0x37, 0xb3, 0x45, 0x41, 0x37, 0xb3,
    0x45, 0x41, 0x37, 0xb3, 0x45, 0x41, 0x37, 0xb3, 0x45, 0x41, 0x37, 0xb3, 0x45, 0x41, 0x37, 0xb3,
    0x45, 0x41, 0x37, 0xb3, 0x45, 0x41, 0x37, 0xb3, 0x45, 0x41, 0x37, 0xb3, 0x45, 0x41, 0x37, 0xb3,
    0x45, 0x41, 0x37, 0xb3, 0x45, 0x41, 0x37, 0xb3, 0x45, 0x41, 0x37, 0xb3, 0x45, 0x41, 0x37, 0xb3,
    0x45, 0x41, 0x37, 0xb3, 0x45, 0x41, 0x37, 0xb3, 0x45, 0x41, 0x37, 0xb3, 0x45, 0x41, 0x37, 0xb3,
    0x45, 0x41, 0x37, 0xb3, 0x45, 0x41, 0x37, 0xb3, 0x45, 0x41, 0x37, 0xb3, 0x45, 0x41, 0x37, 0xb3,
    0x45, 0x41, 0x37, 0xb3, 0x45, 0x41, 0x37, 0xb3, 0x45, 0x41, 0x37, 0xb3, 0x45, 0x41, 0x37, 0xb3,
    0x45, 0x41, 0x37, 0xb3, 0x45, 0x41, 0x37, 0xb3, 0x45, 0x41, 0x37, 0xb3, 0x45, 0x41, 0x37, 0xb3,
    0x45, 0x41, 0x37, 0xb3, 0x45, 0x41, 0x37, 0xb3, 0x45, 0x41, 0x37, 0xb3, 0x45, 0x41, 0x37, 0xb3,
    0x45, 0x41, 0x37, 0xb3, 0x45, 0x41, 0x37, 0xb3, 0x45, 0x41, 0x37, 0xb3, 0x45, 0x41, 0x37, 0xb3,
    0x45, 0x41, 0x37, 0xb3, 0x45, 0x41, 0x37, 0xb3, 0x45, 0x41, 0x37, 0xb3, 0x45, 0x41, 0x37, 0xb3,
    0x45, 0x41, 0x37, 0xb3, 0x45, 0x41, 0x37, 0xb3, 0x45, 0x41, 0x37, 0xb3, 0x45, 0x41, 0x37, 0xb3,
    0x45, 0x41, 0x37, 0xb3, 0x45, 0x41, 0x37, 0xb3, 0x45, 0x41, 0x37, 0xb3, 0x45, 0x41, 0x37, 0xb3,
    0x45, 0x41, 0x37, 0xb3, 0x45, 0x41, 0x37, 0xb3, 0x45, 0x41, 0x37, 0xb3, 0x45, 0x41, 0x37, 0xb3,
    0x45, 0x41, 0x37, 0xb3, 0x45, 0x41, 0x37, 0xb3, 0x45, 0x41, 0x37, 0xb3, 0x45, 0x41, 0x37, 0xb3,
    0x45, 0x41, 0x37, 0xb3, 0x45, 0x41, 0x37, 0xb3, 0x45, 0x41, 0x37, 0xb3, 0x45, 0x41, 0x37, 0xb3,
    0xaa, 0xc6, 0xd3, 0x14, 0xaa, 0xc6, 0xd3, 0x07, 0x00, 0x00, 0x00, 0x00, 0x00, 0x00, 0x00, 0x00,
    0x00, 0x00, 0x00, 0x00, 0x00, 0x00, 0x00, 0x00, 0x00, 0x00, 0x00, 0x00, 0xaa, 0xc6, 0xd3, 0x09,
    0xaa, 0xc6, 0xd3, 0x14, 0x45, 0x41, 0x37, 0xb3, 0x45, 0x41, 0x37, 0xb3, 0x45, 0x41, 0x37, 0xb3,
    0x45, 0x41, 0x37, 0xb3, 0x45, 0x41, 0x37, 0xb3, 0x45, 0x41, 0x37, 0xb3, 0x45, 0x41, 0x37, 0xb3,
    0x45, 0x41, 0x37, 0xb3, 0x45, 0x41, 0x37, 0xb3, 0x45, 0x41, 0x37, 0xb3, 0x45, 0x41, 0x37, 0xb3,
    0x45, 0x41, 0x37, 0xb3, 0x45, 0x41, 0x37, 0xb3, 0x45, 0x41, 0x37, 0xb3, 0x45, 0x41, 0x37, 0xb3,
    0x45, 0x41, 0x37, 0xb3, 0x45, 0x41, 0x37, 0xb3, 0x45, 0x41, 0x37, 0xb3, 0x45, 0x41, 0x37, 0xb3,
    0x45, 0x41, 0x37, 0xb3, 0x45, 0x41, 0x37, 0xb3, 0x45, 0x41, 0x37, 0xb3, 0x45, 0x41, 0x37, 0xb3,
    0x45, 0x41, 0x37, 0xb3, 0x45, 0x41, 0x37, 0xb3, 0x45, 0x41, 0x37, 0xb3, 0x45, 0x41, 0x37, 0xb3,
    0x45, 0x41, 0x37, 0xb3, 0x45, 0x41, 0x37, 0xb3, 0x45, 0x41, 0x37, 0xb3, 0x45, 0x41, 0x37, 0xb3,
    0x45, 0x41, 0x37, 0xb3, 0x45, 0x41, 0x37, 0xb3, 0x45, 0x41, 0x37, 0xb3, 0x45, 0x41, 0x37, 0xb3,
    0x45, 0x41, 0x37, 0xb3, 0x45, 0x41, 0x37, 0xb3, 0x45, 0x41, 0x37, 0xb3, 0x45, 0x41, 0x37, 0xb3,
    0x45, 0x41, 0x37, 0xb3, 0x45, 0x41, 0x37, 0xb3, 0x45, 0x41, 0x37, 0xb3, 0x45, 0x41, 0x37, 0xb3,
    0x45, 0x41, 0x37, 0xb3, 0x45, 0x41, 0x37, 0xb3, 0x45, 0x41, 0x37, 0xb3, 0x45, 0x41, 0x37, 0xb3,
    0x45, 0x41, 0x37, 0xb3, 0x45, 0x41, 0x37, 0xb3, 0x45, 0x41, 0x37, 0xb3, 0x45, 0x41, 0x37, 0xb3,
    0x45, 0x41, 0x37, 0xb3, 0x45, 0x41, 0x37, 0xb3, 0x45, 0x41, 0x37, 0xb3, 0x45, 0x41, 0x37, 0xb3,
    0x45, 0x41, 0x37, 0xb3, 0x45, 0x41, 0x37, 0xb3, 0x45, 0x41, 0x37, 0xb3, 0x45, 0x41, 0x37, 0xb3,
    0x45, 0x41, 0x37, 0xb3, 0x45, 0x41, 0x37, 0xb3, 0x45, 0x41, 0x37, 0xb3, 0x45, 0x41, 0x37, 0xb3,
    0x45, 0x41, 0x37, 0xb3, 0x45, 0x41, 0x37, 0xb3, 0x45, 0x41, 0x37, 0xb3, 0x45, 0x41, 0x37, 0xb3,
    0x45, 0x41, 0x37, 0xb3, 0x45, 0x41, 0x37, 0xb3, 0x45, 0x41, 0x37, 0xb3, 0xaa, 0xc6, 0xd3, 0x14,
    0xaa, 0xc6, 0xd3, 0x09, 0x00, 0x00, 0x00, 0x00, 0x00, 0x00, 0x00, 0x00, 0x00, 0x00, 0x00, 0x00,
    0x00, 0x00, 0x00, 0x00, 0x00, 0x00, 0x00, 0x00, 0x00, 0x00, 0x00, 0x00, 0x00, 0x00, 0x00, 0x00,
    0xaa, 0xc6, 0xd3, 0x07, 0xaa, 0xc6, 0xd3, 0x13, 0x45, 0x41, 0x37, 0xb3, 0x45, 0x41, 0x37, 0xb3,
    0x45, 0x41, 0x37, 0xb3, 0x45, 0x41, 0x37, 0xb3, 0x45, 0x41, 0x37, 0xb3, 0x45, 0x41, 0x37, 0xb3,
    0x45, 0x41, 0x37, 0xb3, 0x45, 0x41, 0x37, 0xb3, 0x45, 0x41, 0x37, 0xb3, 0x45, 0x41, 0x37, 0xb3,
    0x45, 0x41, 0x37, 0xb3, 0x45, 0x41, 0x37, 0xb3, 0x45, 0x41, 0x37, 0xb3, 0x45, 0x41, 0x37, 0xb3,
    0x45, 0x41, 0x37, 0xb3, 0x45, 0x41, 0x37, 0xb3, 0x45, 0x41, 0x37, 0xb3, 0x45, 0x41, 0x37, 0xb3,
    0x45, 0x41, 0x37, 0xb3, 0x45, 0x41, 0x37, 0xb3, 0x45, 0x41, 0x37, 0xb3, 0x45, 0x41, 0x37, 0xb3,
    0x45, 0x41, 0x37, 0xb3, 0x45, 0x41, 0x37, 0xb3, 0x45, 0x41, 0x37, 0xb3, 0x45, 0x41, 0x37, 0xb3,
    0x45, 0x41, 0x37, 0xb3, 0x45, 0x41, 0x37, 0xb3, 0x45, 0x41, 0x37, 0xb3, 0x45, 0x41, 0x37, 0xb3,
    0x45, 0x41, 0x37, 0xb3, 0x45, 0x41, 0x37, 0xb3, 0x45, 0x41, 0x37, 0xb3, 0x45, 0x41, 0x37, 0xb3,
    0x45, 0x41, 0x37, 0xb3, 0x45, 0x41, 0x37, 0xb3, 0x45, 0x41, 0x37, 0xb3, 0x45, 0x41, 0x37, 0xb3,
    0x45, 0x41, 0x37, 0xb3, 0x45, 0x41, 0x37, 0xb3, 0x45, 0x41, 0x37, 0xb3, 0x45, 0x41, 0x37, 0xb3,
    0x45, 0x41, 0x37, 0xb3, 0x45, 0x41, 0x37, 0xb3, 0x45, 0x41, 0x37, 0xb3, 0x45, 0x41, 0x37, 0xb3,
    0x45, 0x41, 0x37, 0xb3, 0x45, 0x41, 0x37, 0xb3, 0x45, 0x41, 0x37, 0xb3, 0x45, 0x41, 0x37, 0xb3,
    0x45, 0x41, 0x37, 0xb3, 0x45, 0x41, 0x37, 0xb3, 0x45, 0x41, 0x37, 0xb3, 0x45, 0x41, 0x37, 0xb3,
    0x45, 0x41, 0x37, 0xb3, 0x45, 0x41, 0x37, 0xb3, 0x45, 0x41, 0x37, 0xb3, 0x45, 0x41, 0x37, 0xb3,
    0x45, 0x41, 0x37, 0xb3, 0x45, 0x41, 0x37, 0xb3, 0x45, 0x41, 0x37, 0xb3, 0x45, 0x41, 0x37, 0xb3,
    0x45, 0x41, 0x37, 0xb3, 0x45, 0x41, 0x37, 0xb3, 0x45, 0x41, 0x37, 0xb3, 0x45, 0x41, 0x37, 0xb3,
    0x45, 0x41, 0x37, 0xb3, 0x45, 0x41, 0x37, 0xb3, 0xaa, 0xc6, 0xd3, 0x13, 0xaa, 0xc6, 0xd3, 0x07,
    0x00, 0x00, 0x00, 0x00, 0x00, 0x00, 0x00, 0x00, 0x00, 0x00, 0x00, 0x00, 0x00, 0x00, 0x00, 0x00,
    0x00, 0x00, 0x00, 0x00, 0x00, 0x00, 0x00, 0x00, 0x00, 0x00, 0x00, 0x00, 0x00, 0x00, 0x00, 0x00,
    0x00, 0x00, 0x00, 0x00, 0xaa, 0xc6, 0xd3, 0x03, 0xaa, 0xc6, 0xd3, 0x0c, 0xaa, 0xc6, 0xd3, 0x14,
    0xaa, 0xc6, 0xd3, 0x14, 0x45, 0x41, 0x37, 0xb3, 0x45, 0x41, 0x37, 0xb3, 0x45, 0x41, 0x37, 0xb3,
    0x45, 0x41, 0x37, 0xb3, 0x45, 0x41, 0x37, 0xb3, 0x45, 0x41, 0x37, 0xb3, 0x45, 0x41, 0x37, 0xb3,
    0x45, 0x41, 0x37, 0xb3, 0x45, 0x41, 0x37, 0xb3, 0x45, 0x41, 0x37, 0xb3, 0x45, 0x41, 0x37, 0xb3,
    0x45, 0x41, 0x37, 0xb3, 0x45, 0x41, 0x37, 0xb3, 0x45, 0x41, 0x37, 0xb3, 0x45, 0x41, 0x37, 0xb3,
    0x45, 0x41, 0x37, 0xb3, 0x45, 0x41, 0x37, 0xb3, 0x45, 0x41, 0x37, 0xb3, 0x45, 0x41, 0x37, 0xb3,
    0x45, 0x41, 0x37, 0xb3, 0x45, 0x41, 0x37, 0xb3, 0x45, 0x41, 0x37, 0xb3, 0x45, 0x41, 0x37, 0xb3,
    0x45, 0x41, 0x37, 0xb3, 0x45, 0x41, 0x37, 0xb3, 0x45, 0x41, 0x37, 0xb3, 0x45, 0x41, 0x37, 0xb3,
    0x45, 0x41, 0x37, 0xb3, 0x45, 0x41, 0x37, 0xb3, 0x45, 0x41, 0x37, 0xb3, 0x45, 0x41, 0x37, 0xb3,
    0x45, 0x41, 0x37, 0xb3, 0x45, 0x41, 0x37, 0xb3, 0x45, 0x41, 0x37, 0xb3, 0x45, 0x41, 0x37, 0xb3,
    0x45, 0x41, 0x37, 0xb3, 0x45, 0x41, 0x37, 0xb3, 0x45, 0x41, 0x37, 0xb3, 0x45, 0x41, 0x37, 0xb3,
    0x45, 0x41, 0x37, 0xb3, 0x45, 0x41, 0x37, 0xb3, 0x45, 0x41, 0x37, 0xb3, 0x45, 0x41, 0x37, 0xb3,
    0x45, 0x41, 0x37, 0xb3, 0x45, 0x41, 0x37, 0xb3, 0x45, 0x41, 0x37, 0xb3, 0x45, 0x41, 0x37, 0xb3,
    0x45, 0x41, 0x37, 0xb3, 0x45, 0x41, 0x37, 0xb3, 0x45, 0x41, 0x37, 0xb3, 0x45, 0x41, 0x37, 0xb3,
    0x45, 0x41, 0x37, 0xb3, 0x45, 0x41, 0x37, 0xb3, 0x45, 0x41, 0x37, 0xb3, 0x45, 0x41, 0x37, 0xb3,
    0x45, 0x41, 0x37, 0xb3, 0x45, 0x41, 0x37, 0xb3, 0x45, 0x41, 0x37, 0xb3, 0x45, 0x41, 0x37, 0xb3,
    0x45, 0x41, 0x37, 0xb3, 0x45, 0x41, 0x37, 0xb3, 0x45, 0x41, 0x37, 0xb3, 0xaa, 0xc6, 0xd3, 0x14,
    0xaa, 0xc6, 0xd3, 0x14, 0xaa, 0xc6, 0xd3, 0x0c, 0xaa, 0xc6, 0xd3, 0x03, 0x00, 0x00, 0x00, 0x00,
    0x00, 0x00, 0x00, 0x00, 0x00, 0x00, 0x00, 0x00, 0x00, 0x00, 0x00, 0x00, 0x00, 0x00, 0x00, 0x00,
    0x00, 0x00, 0x00, 0x00, 0x00, 0x00, 0x00, 0x00, 0x00, 0x00, 0x00, 0x00, 0x00, 0x00, 0x00, 0x00,
    0x00, 0x00, 0x00, 0x00, 0x00, 0x00, 0x00, 0x00, 0x00, 0x00, 0x00, 0x00, 0xaa, 0xc6, 0xd3, 0x03,
    0xaa, 0xc6, 0xd3, 0x09, 0xaa, 0xc6, 0xd3, 0x0e, 0xaa, 0xc6, 0xd3, 0x12, 0xaa, 0xc6, 0xd3, 0x13,
    0xaa, 0xc6, 0xd3, 0x14, 0xaa, 0xc6, 0xd3, 0x14, 0xaa, 0xc6, 0xd3, 0x14, 0xaa, 0xc6, 0xd3, 0x14,
    0xaa, 0xc6, 0xd3, 0x14, 0xaa, 0xc6, 0xd3, 0x14, 0xaa, 0xc6, 0xd3, 0x14, 0xaa, 0xc6, 0xd3, 0x14,
    0xaa, 0xc6, 0xd3, 0x14, 0xaa, 0xc6, 0xd3, 0x14, 0xaa, 0xc6, 0xd3, 0x14, 0xaa, 0xc6, 0xd3, 0x14,
    0xaa, 0xc6, 0xd3, 0x14, 0xaa, 0xc6, 0xd3, 0x14, 0xaa, 0xc6, 0xd3, 0x14, 0xaa, 0xc6, 0xd3, 0x14,
    0xaa, 0xc6, 0xd3, 0x14, 0xaa, 0xc6, 0xd3, 0x14, 0xaa, 0xc6, 0xd3, 0x14, 0xaa, 0xc6, 0xd3, 0x14,
    0xaa, 0xc6, 0xd3, 0x14, 0xaa, 0xc6, 0xd3, 0x14, 0xaa, 0xc6, 0xd3, 0x14, 0xaa, 0xc6, 0xd3, 0x14,
    0xaa, 0xc6, 0xd3, 0x14, 0xaa, 0xc6, 0xd3, 0x14, 0xaa, 0xc6, 0xd3, 0x14, 0xaa, 0xc6, 0xd3, 0x14,
    0xaa, 0xc6, 0xd3, 0x14, 0xaa, 0xc6, 0xd3, 0x14, 0xaa, 0xc6, 0xd3, 0x14, 0xaa, 0xc6, 0xd3, 0x14,
    0xaa, 0xc6, 0xd3, 0x14, 0xaa, 0xc6, 0xd3, 0x14, 0xaa, 0xc6, 0xd3, 0x14, 0xaa, 0xc6, 0xd3, 0x14,
    0xaa, 0xc6, 0xd3, 0x14, 0xaa, 0xc6, 0xd3, 0x14, 0xaa, 0xc6, 0xd3, 0x14, 0xaa, 0xc6, 0xd3, 0x14,
    0xaa, 0xc6, 0xd3, 0x14, 0xaa, 0xc6, 0xd3, 0x14, 0xaa, 0xc6, 0xd3, 0x14, 0xaa, 0xc6, 0xd3, 0x14,
    0xaa, 0xc6, 0xd3, 0x14, 0xaa, 0xc6, 0xd3, 0x14, 0xaa, 0xc6, 0xd3, 0x14, 0xaa, 0xc6, 0xd3, 0x14,
    0xaa, 0xc6, 0xd3, 0x14, 0xaa, 0xc6, 0xd3, 0x14, 0xaa, 0xc6, 0xd3, 0x14, 0xaa, 0xc6, 0xd3, 0x14,
    0xaa, 0xc6, 0xd3, 0x14, 0xaa, 0xc6, 0xd3, 0x14, 0xaa, 0xc6, 0xd3, 0x14, 0xaa, 0xc6, 0xd3, 0x14,
    0xaa, 0xc6, 0xd3, 0x13, 0xaa, 0xc6, 0xd3, 0x12, 0xaa, 0xc6, 0xd3, 0x0e, 0xaa, 0xc6, 0xd3, 0x09,
    0xaa, 0xc6, 0xd3, 0x03, 0x00, 0x00, 0x00, 0x00, 0x00, 0x00, 0x00, 0x00, 0x00, 0x00, 0x00, 0x00,
    0x00, 0x00, 0x00, 0x00, 0x00, 0x00, 0x00, 0x00, 0x00, 0x00, 0x00, 0x00, 0x00, 0x00, 0x00, 0x00,
};
static const lv_img_dsc_t pill_meta_ready = {
    .header.always_zero = 0,
    .header.w = 80,
    .header.h = 25,
    .header.cf = LV_IMG_CF_TRUE_COLOR_ALPHA,
    .data_size = sizeof(pill_meta_ready_data),
    .data = pill_meta_ready_data,
};

static const uint8_t pill_status_dot_data[] = {
    0x00, 0x00, 0x00, 0x00, 0x80, 0xc0, 0xa7, 0x95, 0x80, 0xc0, 0xa7, 0xf2, 0x80, 0xc0, 0xa7, 0xf2,
    0x80, 0xc0, 0xa7, 0x95, 0x00, 0x00, 0x00, 0x00, 0x80, 0xc0, 0xa7, 0x95, 0x80, 0xc0, 0xa7, 0xff,
    0x80, 0xc0, 0xa7, 0xff, 0x80, 0xc0, 0xa7, 0xff, 0x80, 0xc0, 0xa7, 0xff, 0x80, 0xc0, 0xa7, 0x95,
    0x80, 0xc0, 0xa7, 0xf2, 0x80, 0xc0, 0xa7, 0xff, 0x80, 0xc0, 0xa7, 0xff, 0x80, 0xc0, 0xa7, 0xff,
    0x80, 0xc0, 0xa7, 0xff, 0x80, 0xc0, 0xa7, 0xf2, 0x80, 0xc0, 0xa7, 0xf2, 0x80, 0xc0, 0xa7, 0xff,
    0x80, 0xc0, 0xa7, 0xff, 0x80, 0xc0, 0xa7, 0xff, 0x80, 0xc0, 0xa7, 0xff, 0x80, 0xc0, 0xa7, 0xf2,
    0x80, 0xc0, 0xa7, 0x95, 0x80, 0xc0, 0xa7, 0xff, 0x80, 0xc0, 0xa7, 0xff, 0x80, 0xc0, 0xa7, 0xff,
    0x80, 0xc0, 0xa7, 0xff, 0x80, 0xc0, 0xa7, 0x95, 0x00, 0x00, 0x00, 0x00, 0x80, 0xc0, 0xa7, 0x95,
    0x80, 0xc0, 0xa7, 0xf2, 0x80, 0xc0, 0xa7, 0xf2, 0x80, 0xc0, 0xa7, 0x95, 0x00, 0x00, 0x00, 0x00,
};
static const lv_img_dsc_t pill_status_dot = {
    .header.always_zero = 0,
    .header.w = 6,
    .header.h = 6,
    .header.cf = LV_IMG_CF_TRUE_COLOR_ALPHA,
    .data_size = sizeof(pill_status_dot_data),
    .data = pill_status_dot_data,
};

static const uint8_t pill_toggle_off_data[] = {
    0x00, 0x00, 0x00, 0x00, 0x00, 0x00, 0x00, 0x00, 0x00, 0x00, 0x00, 0x00, 0x00, 0x00, 0x00, 0x00,
    0x00, 0x00, 0x00, 0x00, 0x00, 0x00, 0x00, 0x00, 0x00, 0x00, 0x00, 0x00, 0x00, 0x00, 0x00, 0x00,
    0x50, 0x4b, 0x41, 0x36, 0x50, 0x4b, 0x41, 0x84, 0x50, 0x4b, 0x41, 0xbf, 0x50, 0x4b, 0x41, 0xe8,
    0x50, 0x4b, 0x41, 0xfc, 0x50, 0x4b, 0x41, 0xff, 0x50, 0x4b, 0x41, 0xff, 0x50, 0x4b, 0x41, 0xff,
    0x50, 0x4b, 0x41, 0xff, 0x50, 0x4b, 0x41, 0xff, 0x50, 0x4b, 0x41, 0xff, 0x50, 0x4b, 0x41, 0xff,
    0x50, 0x4b, 0x41, 0xff, 0x50, 0x4b, 0x41, 0xff, 0x50, 0x4b, 0x41, 0xff, 0x50, 0x4b, 0x41, 0xff,
    0x50, 0x4b, 0x41, 0xff, 0x50, 0x4b, 0x41, 0xff, 0x50, 0x4b, 0x41, 0xff, 0x50, 0x4b, 0x41, 0xff,
    0x50, 0x4b, 0x41, 0xff, 0x50, 0x4b, 0x41, 0xff, 0x50, 0x4b, 0x41, 0xff, 0x50, 0x4b, 0x41, 0xff,
    0x50, 0x4b, 0x41, 0xff, 0x50, 0x4b, 0x41, 0xff, 0x50, 0x4b, 0x41, 0xff, 0x50, 0x4b, 0x41, 0xfc,
    0x50, 0x4b, 0x41, 0xe8, 0x50, 0x4b, 0x41, 0xbf, 0x50, 0x4b, 0x41, 0x84, 0x50, 0x4b, 0x41, 0x36,
    0x00, 0x00, 0x00, 0x00, 0x00, 0x00, 0x00, 0x00, 0x00, 0x00, 0x00, 0x00, 0x00, 0x00, 0x00, 0x00,
    0x00, 0x00, 0x00, 0x00, 0x00, 0x00, 0x00, 0x00, 0x00, 0x00, 0x00, 0x00, 0x00, 0x00, 0x00, 0x00,
    0x00, 0x00, 0x00, 0x00, 0x00, 0x00, 0x00, 0x00, 0x00, 0x00, 0x00, 0x00, 0x00, 0x00, 0x00, 0x00,
    0x00, 0x00, 0x00, 0x00, 0x00, 0x00, 0x00, 0x00, 0x50, 0x4b, 0x41, 0x49, 0x50, 0x4b, 0x41, 0xbf,
    0x50, 0x4b, 0x41, 0xff, 0x50, 0x4b, 0x41, 0xff, 0x50, 0x4b, 0x41, 0xff, 0x50, 0x4b, 0x41, 0xff,
    0x50, 0x4b, 0x41, 0xff, 0x50, 0x4b, 0x41, 0xff, 0x50, 0x4b, 0x41, 0xff, 0x50, 0x4b, 0x41, 0xff,
    0x50, 0x4b, 0x41, 0xff, 0x50, 0x4b, 0x41, 0xff, 0x50, 0x4b, 0x41, 0xff, 0x50, 0x4b, 0x41, 0xff,
    0x50, 0x4b, 0x41, 0xff, 0x50, 0x4b, 0x41, 0xff, 0x50, 0x4b, 0x41, 0xff, 0x50, 0x4b, 0x41, 0xff,
    0x50, 0x4b, 0x41, 0xff, 0x50, 0x4b, 0x41, 0xff, 0x50, 0x4b, 0x41, 0xff, 0x50, 0x4b, 0x41, 0xff,
    0x50, 0x4b, 0x41, 0xff, 0x50, 0x4b, 0x41, 0xff, 0x50, 0x4b, 0x41, 0xff, 0x50, 0x4b, 0x41, 0xff,
    0x50, 0x4b, 0x41, 0xff, 0x50, 0x4b, 0x41, 0xff, 0x50, 0x4b, 0x41, 0xff, 0x50, 0x4b, 0x41, 0xff,
    0x50, 0x4b, 0x41, 0xff, 0x50, 0x4b, 0x41, 0xff, 0x50, 0x4b, 0x41, 0xff, 0x50, 0x4b, 0x41, 0xff,
    0x50, 0x4b, 0x41, 0xbf, 0x50, 0x4b, 0x41, 0x49, 0x00, 0x00, 0x00, 0x00, 0x00, 0x00, 0x00, 0x00,
    0x00, 0x00, 0x00, 0x00, 0x00, 0x00, 0x00, 0x00, 0x00, 0x00, 0x00, 0x00, 0x00, 0x00, 0x00, 0x00,
    0x00, 0x00, 0x00, 0x00, 0x00, 0x00, 0x00, 0x00, 0x00, 0x00, 0x00, 0x00, 0x00, 0x00, 0x00, 0x00,
    0x00, 0x00, 0x00, 0x00, 0x50, 0x4b, 0x41, 0x98, 0x50, 0x4b, 0x41, 0xff, 0x50, 0x4b, 0x41, 0xff,
    0x50, 0x4b, 0x41, 0xff, 0x50, 0x4b, 0x41, 0xff, 0x45, 0x41, 0x37, 0xff, 0x45, 0x41, 0x37, 0xff,
    0x45, 0x41, 0x37, 0xff, 0x45, 0x41, 0x37, 0xff, 0x45, 0x41, 0x37, 0xff, 0x45, 0x41, 0x37, 0xff,
    0x45, 0x41, 0x37, 0xff, 0x45, 0x41, 0x37, 0xff, 0x45, 0x41, 0x37, 0xff, 0x45, 0x41, 0x37, 0xff,
    0x45, 0x41, 0x37, 0xff, 0x45, 0x41, 0x37, 0xff, 0x45, 0x41, 0x37, 0xff, 0x45, 0x41, 0x37, 0xff,
    0x45, 0x41, 0x37, 0xff, 0x45, 0x41, 0x37, 0xff, 0x45, 0x41, 0x37, 0xff, 0x45, 0x41, 0x37, 0xff,
    0x45, 0x41, 0x37, 0xff, 0x45, 0x41, 0x37, 0xff, 0x45, 0x41, 0x37, 0xff, 0x45, 0x41, 0x37, 0xff,
    0x45, 0x41, 0x37, 0xff, 0x45, 0x41, 0x37, 0xff, 0x45, 0x41, 0x37, 0xff, 0x45, 0x41, 0x37, 0xff,
    0x45, 0x41, 0x37, 0xff, 0x45, 0x41, 0x37, 0xff, 0x50, 0x4b, 0x41, 0xff, 0x50, 0x4b, 0x41, 0xff,
    0x50, 0x4b, 0x41, 0xff, 0x50, 0x4b, 0x41, 0xff, 0x50, 0x4b, 0x41, 0x98, 0x00, 0x00, 0x00, 0x00,
    0x00, 0x00, 0x00, 0x00, 0x00, 0x00, 0x00, 0x00, 0x00, 0x00, 0x00, 0x00, 0x00, 0x00, 0x00, 0x00,
    0x00, 0x00, 0x00, 0x00, 0x00, 0x00, 0x00, 0x00, 0x00, 0x00, 0x00, 0x00, 0x50, 0x4b, 0x41, 0x10,
    0x50, 0x4b, 0x41, 0xbf, 0x50, 0x4b, 0x41, 0xff, 0x50, 0x4b, 0x41, 0xff, 0x45, 0x41, 0x37, 0xff,
    0x45, 0x41, 0x37, 0xff, 0x45, 0x41, 0x37, 0xff, 0x45, 0x41, 0x37, 0xff, 0x45, 0x41, 0x37, 0xff,
    0x45, 0x41, 0x37, 0xff, 0x45, 0x41, 0x37, 0xff, 0x45, 0x41, 0x37, 0xff, 0x45, 0x41, 0x37, 0xff,
    0x45, 0x41, 0x37, 0xff, 0x45, 0x41, 0x37, 0xff, 0x45, 0x41, 0x37, 0xff, 0x45, 0x41, 0x37, 0xff,
    0x45, 0x41, 0x37, 0xff, 0x45, 0x41, 0x37, 0xff, 0x45, 0x41, 0x37, 0xff, 0x45, 0x41, 0x37, 0xff,
    0x45, 0x41, 0x37, 0xff, 0x45, 0x41, 0x37, 0xff, 0x45, 0x41, 0x37, 0xff, 0x45, 0x41, 0x37, 0xff,
    0x45, 0x41, 0x37, 0xff, 0x45, 0x41, 0x37, 0xff, 0x45, 0x41, 0x37, 0xff, 0x45, 0x41, 0x37, 0xff,
    0x45, 0x41, 0x37, 0xff, 0x45, 0x41, 0x37, 0xff, 0x45, 0x41, 0x37, 0xff, 0x45, 0x41, 0x37, 0xff,
    0x45, 0x41, 0x37, 0xff, 0x45, 0x41, 0x37, 0xff, 0x45, 0x41, 0x37, 0xff, 0x45, 0x41, 0x37, 0xff,
    0x45, 0x41, 0x37, 0xff, 0x50, 0x4b, 0x41, 0xff, 0x50, 0x4b, 0x41, 0xff, 0x50, 0x4b, 0x41, 0xbf,
    0x50, 0x4b, 0x41, 0x10, 0x00, 0x00, 0x00, 0x00, 0x00, 0x00, 0x00, 0x00, 0x00, 0x00, 0x00, 0x00,
    0x00, 0x00, 0x00, 0x00, 0x00, 0x00, 0x00, 0x00, 0x00, 0x00, 0x00, 0x00, 0x50, 0x4b, 0x41, 0xbf,
    0x50, 0x4b, 0x41, 0xff, 0x50, 0x4b, 0x41, 0xff, 0x45, 0x41, 0x37, 0xff, 0x45, 0x41, 0x37, 0xff,
    0x45, 0x41, 0x37, 0xff, 0x45, 0x41, 0x37, 0xff, 0x45, 0x41, 0x37, 0xff, 0x45, 0x41, 0x37, 0xff,
    0x45, 0x41, 0x37, 0xff, 0x45, 0x41, 0x37, 0xff, 0x45, 0x41, 0x37, 0xff, 0x45, 0x41, 0x37, 0xff,
    0x45, 0x41, 0x37, 0xff, 0x45, 0x41, 0x37, 0xff, 0x45, 0x41, 0x37, 0xff, 0x45, 0x41, 0x37, 0xff,
    0x45, 0x41, 0x37, 0xff, 0x45, 0x41, 0x37, 0xff, 0x45, 0x41, 0x37, 0xff, 0x45, 0x41, 0x37, 0xff,
    0x45, 0x41, 0x37, 0xff, 0x45, 0x41, 0x37, 0xff, 0x45, 0x41, 0x37, 0xff, 0x45, 0x41, 0x37, 0xff,
    0x45, 0x41, 0x37, 0xff, 0x45, 0x41, 0x37, 0xff, 0x45, 0x41, 0x37, 0xff, 0x45, 0x41, 0x37, 0xff,
    0x45, 0x41, 0x37, 0xff, 0x45, 0x41, 0x37, 0xff, 0x45, 0x41, 0x37, 0xff, 0x45, 0x41, 0x37, 0xff,
    0x45, 0x41, 0x37, 0xff, 0x45, 0x41, 0x37, 0xff, 0x45, 0x41, 0x37, 0xff, 0x45, 0x41, 0x37, 0xff,
    0x45, 0x41, 0x37, 0xff, 0x45, 0x41, 0x37, 0xff, 0x50, 0x4b, 0x41, 0xff, 0x50, 0x4b, 0x41, 0xff,
    0x50, 0x4b, 0x41, 0xbf, 0x00, 0x00, 0x00, 0x00, 0x00, 0x00, 0x00, 0x00, 0x00, 0x00, 0x00, 0x00,
    0x00, 0x00, 0x00, 0x00, 0x00, 0x00, 0x00, 0x00, 0x50, 0x4b, 0x41, 0x98, 0x50, 0x4b, 0x41, 0xff,
    0x50, 0x4b, 0x41, 0xff, 0x45, 0x41, 0x37, 0xff, 0x45, 0x41, 0x37, 0xff, 0x45, 0x41, 0x37, 0xff,
    0x45, 0x41, 0x37, 0xff, 0x45, 0x41, 0x37, 0xff, 0x45, 0x41, 0x37, 0xff, 0x45, 0x41, 0x37, 0xff,
    0x45, 0x41, 0x37, 0xff, 0x45, 0x41, 0x37, 0xff, 0x45, 0x41, 0x37, 0xff, 0x45, 0x41, 0x37, 0xff,
    0x45, 0x41, 0x37, 0xff, 0x45, 0x41, 0x37, 0xff, 0x45, 0x41, 0x37, 0xff, 0x45, 0x41, 0x37, 0xff,
    0x45, 0x41, 0x37, 0xff, 0x45, 0x41, 0x37, 0xff, 0x45, 0x41, 0x37, 0xff, 0x45, 0x41, 0x37, 0xff,
    0x45, 0x41, 0x37, 0xff, 0x45, 0x41, 0x37, 0xff, 0x45, 0x41, 0x37, 0xff, 0x45, 0x41, 0x37, 0xff,
    0x45, 0x41, 0x37, 0xff, 0x45, 0x41, 0x37, 0xff, 0x45, 0x41, 0x37, 0xff, 0x45, 0x41, 0x37, 0xff,
    0x45, 0x41, 0x37, 0xff, 0x45, 0x41, 0x37, 0xff, 0x45, 0x41, 0x37, 0xff, 0x45, 0x41, 0x37, 0xff,
    0x45, 0x41, 0x37, 0xff, 0x45, 0x41, 0x37, 0xff, 0x45, 0x41, 0x37, 0xff, 0x45, 0x41, 0x37, 0xff,
    0x45, 0x41, 0x37, 0xff, 0x45, 0x41, 0x37, 0xff, 0x45, 0x41, 0x37, 0xff, 0x50, 0x4b, 0x41, 0xff,
    0x50, 0x4b, 0x41, 0xff, 0x50, 0x4b, 0x41, 0x98, 0x00, 0x00, 0x00, 0x00, 0x00, 0x00, 0x00, 0x00,
    0x00, 0x00, 0x00, 0x00, 0x50, 0x4b, 0x41, 0x49, 0x50, 0x4b, 0x41, 0xff, 0x50, 0x4b, 0x41, 0xff,
    0x45, 0x41, 0x37, 0xff, 0x45, 0x41, 0x37, 0xff, 0x45, 0x41, 0x37, 0xff, 0x45, 0x41, 0x37, 0xff,
    0x45, 0x41, 0x37, 0xff, 0x45, 0x41, 0x37, 0xff, 0x45, 0x41, 0x37, 0xff, 0x45, 0x41, 0x37, 0xff,
    0x45, 0x41, 0x37, 0xff, 0x45, 0x41, 0x37, 0xff, 0x45, 0x41, 0x37, 0xff, 0x45, 0x41, 0x37, 0xff,
    0x45, 0x41, 0x37, 0xff, 0x45, 0x41, 0x37, 0xff, 0x45, 0x41, 0x37, 0xff, 0x45, 0x41, 0x37, 0xff,
    0x45, 0x41, 0x37, 0xff, 0x45, 0x41, 0x37, 0xff, 0x45, 0x41, 0x37, 0xff, 0x45, 0x41, 0x37, 0xff,
    0x45, 0x41, 0x37, 0xff, 0x45, 0x41, 0x37, 0xff, 0x45, 0x41, 0x37, 0xff, 0x45, 0x41, 0x37, 0xff,
    0x45, 0x41, 0x37, 0xff, 0x45, 0x41, 0x37, 0xff, 0x45, 0x41, 0x37, 0xff, 0x45, 0x41, 0x37, 0xff,
    0x45, 0x41, 0x37, 0xff, 0x45, 0x41, 0x37, 0xff, 0x45, 0x41, 0x37, 0xff, 0x45, 0x41, 0x37, 0xff,
    0x45, 0x41, 0x37, 0xff, 0x45, 0x41, 0x37, 0xff, 0x45, 0x41, 0x37, 0xff, 0x45, 0x41, 0x37, 0xff,
    0x45, 0x41, 0x37, 0xff, 0x45, 0x41, 0x37, 0xff, 0x45, 0x41, 0x37, 0xff, 0x45, 0x41, 0x37, 0xff,
    0x50, 0x4b, 0x41, 0xff, 0x50, 0x4b, 0x41, 0xff, 0x50, 0x4b, 0x41, 0x49, 0x00, 0x00, 0x00, 0x00,
    0x00, 0x00, 0x00, 0x00, 0x50, 0x4b, 0x41, 0xbf, 0x50, 0x4b, 0x41, 0xff, 0x45, 0x41, 0x37, 0xff,
    0x45, 0x41, 0x37, 0xff, 0x45, 0x41, 0x37, 0xff, 0x45, 0x41, 0x37, 0xff, 0x45, 0x41, 0x37, 0xff,
    0x45, 0x41, 0x37, 0xff, 0x45, 0x41, 0x37, 0xff, 0x45, 0x41, 0x37, 0xff, 0x45, 0x41, 0x37, 0xff,
    0x45, 0x41, 0x37, 0xff, 0x45, 0x41, 0x37, 0xff, 0x45, 0x41, 0x37, 0xff, 0x45, 0x41, 0x37, 0xff,
    0x45, 0x41, 0x37, 0xff, 0x45, 0x41, 0x37, 0xff, 0x45, 0x41, 0x37, 0xff, 0x45, 0x41, 0x37, 0xff,
    0x45, 0x41, 0x37, 0xff, 0x45, 0x41, 0x37, 0xff, 0x45, 0x41, 0x37, 0xff, 0x45, 0x41, 0x37, 0xff,
    0x45, 0x41, 0x37, 0xff, 0x45, 0x41, 0x37, 0xff, 0x45, 0x41, 0x37, 0xff, 0x45, 0x41, 0x37, 0xff,
    0x45, 0x41, 0x37, 0xff, 0x45, 0x41, 0x37, 0xff, 0x45, 0x41, 0x37, 0xff, 0x45, 0x41, 0x37, 0xff,
    0x45, 0x41, 0x37, 0xff, 0x45, 0x41, 0x37, 0xff, 0x45, 0x41, 0x37, 0xff, 0x45, 0x41, 0x37, 0xff,
    0x45, 0x41, 0x37, 0xff, 0x45, 0x41, 0x37, 0xff, 0x45, 0x41, 0x37, 0xff, 0x45, 0x41, 0x37, 0xff,
    0x45, 0x41, 0x37, 0xff, 0x45, 0x41, 0x37, 0xff, 0x45, 0x41, 0x37, 0xff, 0x45, 0x41, 0x37, 0xff,
    0x45, 0x41, 0x37, 0xff, 0x50, 0x4b, 0x41, 0xff, 0x50, 0x4b, 0x41, 0xbf, 0x00, 0x00, 0x00, 0x00,
    0x50, 0x4b, 0x41, 0x36, 0x50, 0x4b, 0x41, 0xff, 0x50, 0x4b, 0x41, 0xff, 0x45, 0x41, 0x37, 0xff,
    0x45, 0x41, 0x37, 0xff, 0x45, 0x41, 0x37, 0xff, 0x45, 0x41, 0x37, 0xff, 0x45, 0x41, 0x37, 0xff,
    0x45, 0x41, 0x37, 0xff, 0x45, 0x41, 0x37, 0xff, 0x45, 0x41, 0x37, 0xff, 0x45, 0x41, 0x37, 0xff,
    0x45, 0x41, 0x37, 0xff, 0x45, 0x41, 0x37, 0xff, 0x45, 0x41, 0x37, 0xff, 0x45, 0x41, 0x37, 0xff,
    0x45, 0x41, 0x37, 0xff, 0x45, 0x41, 0x37, 0xff, 0x45, 0x41, 0x37, 0xff, 0x45, 0x41, 0x37, 0xff,
    0x45, 0x41, 0x37, 0xff, 0x45, 0x41, 0x37, 0xff, 0x45, 0x41, 0x37, 0xff, 0x45, 0x41, 0x37, 0xff,
    0x45, 0x41, 0x37, 0xff, 0x45, 0x41, 0x37, 0xff, 0x45, 0x41, 0x37, 0xff, 0x45, 0x41, 0x37, 0xff,
    0x45, 0x41, 0x37, 0xff, 0x45, 0x41, 0x37, 0xff, 0x45, 0x41, 0x37, 0xff, 0x45, 0x41, 0x37, 0xff,
    0x45, 0x41, 0x37, 0xff, 0x45, 0x41, 0x37, 0xff, 0x45, 0x41, 0x37, 0xff, 0x45, 0x41, 0x37, 0xff,
    0x45, 0x41, 0x37, 0xff, 0x45, 0x41, 0x37, 0xff, 0x45, 0x41, 0x37, 0xff, 0x45, 0x41, 0x37, 0xff,
    0x45, 0x41, 0x37, 0xff, 0x45, 0x41, 0x37, 0xff, 0x45, 0x41, 0x37, 0xff, 0x45, 0x41, 0x37, 0xff,
    0x45, 0x41, 0x37, 0xff, 0x50, 0x4b, 0x41, 0xff, 0x50, 0x4b, 0x41, 0xff, 0x50, 0x4b, 0x41, 0x36,
    0x50, 0x4b, 0x41, 0x84, 0x50, 0x4b, 0x41, 0xff, 0x50, 0x4b, 0x41, 0xff, 0x45, 0x41, 0x37, 0xff,
    0x45, 0x41, 0x37, 0xff, 0x45, 0x41, 0x37, 0xff, 0x45, 0x41, 0x37, 0xff, 0x45, 0x41, 0x37, 0xff,
    0x45, 0x41, 0x37, 0xff, 0x45, 0x41, 0x37, 0xff, 0x45, 0x41, 0x37, 0xff, 0x45, 0x41, 0x37, 0xff,
    0x45, 0x41, 0x37, 0xff, 0x45, 0x41, 0x37, 0xff, 0x45, 0x41, 0x37, 0xff, 0x45, 0x41, 0x37, 0xff,
    0x45, 0x41, 0x37, 0xff, 0x45, 0x41, 0x37, 0xff, 0x45, 0x41, 0x37, 0xff, 0x45, 0x41, 0x37, 0xff,
    0x45, 0x41, 0x37, 0xff, 0x45, 0x41, 0x37, 0xff, 0x45, 0x41, 0x37, 0xff, 0x45, 0x41, 0x37, 0xff,
    0x45, 0x41, 0x37, 0xff, 0x45, 0x41, 0x37, 0xff, 0x45, 0x41, 0x37, 0xff, 0x45, 0x41, 0x37, 0xff,
    0x45, 0x41, 0x37, 0xff, 0x45, 0x41, 0x37, 0xff, 0x45, 0x41, 0x37, 0xff, 0x45, 0x41, 0x37, 0xff,
    0x45, 0x41, 0x37, 0xff, 0x45, 0x41, 0x37, 0xff, 0x45, 0x41, 0x37, 0xff, 0x45, 0x41, 0x37, 0xff,
    0x45, 0x41, 0x37, 0xff, 0x45, 0x41, 0x37, 0xff, 0x45, 0x41, 0x37, 0xff, 0x45, 0x41, 0x37, 0xff,
    0x45, 0x41, 0x37, 0xff, 0x45, 0x41, 0x37, 0xff, 0x45, 0x41, 0x37, 0xff, 0x45, 0x41, 0x37, 0xff,
    0x45, 0x41, 0x37, 0xff, 0x50, 0x4b, 0x41, 0xff, 0x50, 0x4b, 0x41, 0xff, 0x50, 0x4b, 0x41, 0x84,
    0x50, 0x4b, 0x41, 0xbf, 0x50, 0x4b, 0x41, 0xff, 0x45, 0x41, 0x37, 0xff, 0x45, 0x41, 0x37, 0xff,
    0x45, 0x41, 0x37, 0xff, 0x45, 0x41, 0x37, 0xff, 0x45, 0x41, 0x37, 0xff, 0x45, 0x41, 0x37, 0xff,
    0x45, 0x41, 0x37, 0xff, 0x45, 0x41, 0x37, 0xff, 0x45, 0x41, 0x37, 0xff, 0x45, 0x41, 0x37, 0xff,
    0x45, 0x41, 0x37, 0xff, 0x45, 0x41, 0x37, 0xff, 0x45, 0x41, 0x37, 0xff, 0x45, 0x41, 0x37, 0xff,
    0x45, 0x41, 0x37, 0xff, 0x45, 0x41, 0x37, 0xff, 0x45, 0x41, 0x37, 0xff, 0x45, 0x41, 0x37, 0xff,
    0x45, 0x41, 0x37, 0xff, 0x45, 0x41, 0x37, 0xff, 0x45, 0x41, 0x37, 0xff, 0x45, 0x41, 0x37, 0xff,
    0x45, 0x41, 0x37, 0xff, 0x45, 0x41, 0x37, 0xff, 0x45, 0x41, 0x37, 0xff, 0x45, 0x41, 0x37, 0xff,
    0x45, 0x41, 0x37, 0xff, 0x45, 0x41, 0x37, 0xff, 0x45, 0x41, 0x37, 0xff, 0x45, 0x41, 0x37, 0xff,
    0x45, 0x41, 0x37, 0xff, 0x45, 0x41, 0x37, 0xff, 0x45, 0x41, 0x37, 0xff, 0x45, 0x41, 0x37, 0xff,
    0x45, 0x41, 0x37, 0xff, 0x45, 0x41, 0x37, 0xff, 0x45, 0x41, 0x37, 0xff, 0x45, 0x41, 0x37, 0xff,
    0x45, 0x41, 0x37, 0xff, 0x45, 0x41, 0x37, 0xff, 0x45, 0x41, 0x37, 0xff, 0x45, 0x41, 0x37, 0xff,
    0x45, 0x41, 0x37, 0xff, 0x45, 0x41, 0x37, 0xff, 0x50, 0x4b, 0x41, 0xff, 0x50, 0x4b, 0x41, 0xbf,
    0x50, 0x4b, 0x41, 0xe8, 0x50, 0x4b, 0x41, 0xff, 0x45, 0x41, 0x37, 0xff, 0x45, 0x41, 0x37, 0xff,
    0x45, 0x41, 0x37, 0xff, 0x45, 0x41, 0x37, 0xff, 0x45, 0x41, 0x37, 0xff, 0x45, 0x41, 0x37, 0xff,
    0x45, 0x41, 0x37, 0xff, 0x45, 0x41, 0x37, 0xff, 0x45, 0x41, 0x37, 0xff, 0x45, 0x41, 0x37, 0xff,
    0x45, 0x41, 0x37, 0xff, 0x45, 0x41, 0x37, 0xff, 0x45, 0x41, 0x37, 0xff, 0x45, 0x41, 0x37, 0xff,
    0x45, 0x41, 0x37, 0xff, 0x45, 0x41, 0x37, 0xff, 0x45, 0x41, 0x37, 0xff, 0x45, 0x41, 0x37, 0xff,
    0x45, 0x41, 0x37, 0xff, 0x45, 0x41, 0x37, 0xff, 0x45, 0x41, 0x37, 0xff, 0x45, 0x41, 0x37, 0xff,
    0x45, 0x41, 0x37, 0xff, 0x45, 0x41, 0x37, 0xff, 0x45, 0x41, 0x37, 0xff, 0x45, 0x41, 0x37, 0xff,
    0x45, 0x41, 0x37, 0xff, 0x45, 0x41, 0x37, 0xff, 0x45, 0x41, 0x37, 0xff, 0x45, 0x41, 0x37, 0xff,
    0x45, 0x41, 0x37, 0xff, 0x45, 0x41, 0x37, 0xff, 0x45, 0x41, 0x37, 0xff, 0x45, 0x41, 0x37, 0xff,
    0x45, 0x41, 0x37, 0xff, 0x45, 0x41, 0x37, 0xff, 0x45, 0x41, 0x37, 0xff, 0x45, 0x41, 0x37, 0xff,
    0x45, 0x41, 0x37, 0xff, 0x45, 0x41, 0x37, 0xff, 0x45, 0x41, 0x37, 0xff, 0x45, 0x41, 0x37, 0xff,
    0x45, 0x41, 0x37, 0xff, 0x45, 0x41, 0x37, 0xff, 0x50, 0x4b, 0x41, 0xff, 0x50, 0x4b, 0x41, 0xe8,
    0x50, 0x4b, 0x41, 0xfc, 0x50, 0x4b, 0x41, 0xff, 0x45, 0x41, 0x37, 0xff, 0x45, 0x41, 0x37, 0xff,
    0x45, 0x41, 0x37, 0xff, 0x45, 0x41, 0x37, 0xff, 0x45, 0x41, 0x37, 0xff, 0x45, 0x41, 0x37, 0xff,
    0x45, 0x41, 0x37, 0xff, 0x45, 0x41, 0x37, 0xff, 0x45, 0x41, 0x37, 0xff, 0x45, 0x41, 0x37, 0xff,
    0x45, 0x41, 0x37, 0xff, 0x45, 0x41, 0x37, 0xff, 0x45, 0x41, 0x37, 0xff, 0x45, 0x41, 0x37, 0xff,
    0x45, 0x41, 0x37, 0xff, 0x45, 0x41, 0x37, 0xff, 0x45, 0x41, 0x37, 0xff, 0x45, 0x41, 0x37, 0xff,
    0x45, 0x41, 0x37, 0xff, 0x45, 0x41, 0x37, 0xff, 0x45, 0x41, 0x37, 0xff, 0x45, 0x41, 0x37, 0xff,
    0x45, 0x41, 0x37, 0xff, 0x45, 0x41, 0x37, 0xff, 0x45, 0x41, 0x37, 0xff, 0x45, 0x41, 0x37, 0xff,
    0x45, 0x41, 0x37, 0xff, 0x45, 0x41, 0x37, 0xff, 0x45, 0x41, 0x37, 0xff, 0x45, 0x41, 0x37, 0xff,
    0x45, 0x41, 0x37, 0xff, 0x45, 0x41, 0x37, 0xff, 0x45, 0x41, 0x37, 0xff, 0x45, 0x41, 0x37, 0xff,
    0x45, 0x41, 0x37, 0xff, 0x45, 0x41, 0x37, 0xff, 0x45, 0x41, 0x37, 0xff, 0x45, 0x41, 0x37, 0xff,
    0x45, 0x41, 0x37, 0xff, 0x45, 0x41, 0x37, 0xff, 0x45, 0x41, 0x37, 0xff, 0x45, 0x41, 0x37, 0xff,
    0x45, 0x41, 0x37, 0xff, 0x45, 0x41, 0x37, 0xff, 0x50, 0x4b, 0x41, 0xff, 0x50, 0x4b, 0x41, 0xfc,
    0x50, 0x4b, 0x41, 0xff, 0x50, 0x4b, 0x41, 0xff, 0x45, 0x41, 0x37, 0xff, 0x45, 0x41, 0x37, 0xff,
    0x45, 0x41, 0x37, 0xff, 0x45, 0x41, 0x37, 0xff, 0x45, 0x41, 0x37, 0xff, 0x45, 0x41, 0x37, 0xff,
    0x45, 0x41, 0x37, 0xff, 0x45, 0x41, 0x37, 0xff, 0x45, 0x41, 0x37, 0xff, 0x45, 0x41, 0x37, 0xff,
    0x45, 0x41, 0x37, 0xff, 0x45, 0x41, 0x37, 0xff, 0x45, 0x41, 0x37, 0xff, 0x45, 0x41, 0x37, 0xff,
    0x45, 0x41, 0x37, 0xff, 0x45, 0x41, 0x37, 0xff, 0x45, 0x41, 0x37, 0xff, 0x45, 0x41, 0x37, 0xff,
    0x45, 0x41, 0x37, 0xff, 0x45, 0x41, 0x37, 0xff, 0x45, 0x41, 0x37, 0xff, 0x45, 0x41, 0x37, 0xff,
    0x45, 0x41, 0x37, 0xff, 0x45, 0x41, 0x37, 0xff, 0x45, 0x41, 0x37, 0xff, 0x45, 0x41, 0x37, 0xff,
    0x45, 0x41, 0x37, 0xff, 0x45, 0x41, 0x37, 0xff, 0x45, 0x41, 0x37, 0xff, 0x45, 0x41, 0x37, 0xff,
    0x45, 0x41, 0x37, 0xff, 0x45, 0x41, 0x37, 0xff, 0x45, 0x41, 0x37, 0xff, 0x45, 0x41, 0x37, 0xff,
    0x45, 0x41, 0x37, 0xff, 0x45, 0x41, 0x37, 0xff, 0x45, 0x41, 0x37, 0xff, 0x45, 0x41, 0x37, 0xff,
    0x45, 0x41, 0x37, 0xff, 0x45, 0x41, 0x37, 0xff, 0x45, 0x41, 0x37, 0xff, 0x45, 0x41, 0x37, 0xff,
    0x45, 0x41, 0x37, 0xff, 0x45, 0x41, 0x37, 0xff, 0x50, 0x4b, 0x41, 0xff, 0x50, 0x4b, 0x41, 0xff,
    0x50, 0x4b, 0x41, 0xfc, 0x50, 0x4b, 0x41, 0xff, 0x45, 0x41, 0x37, 0xff, 0x45, 0x41, 0x37, 0xff,
    0x45, 0x41, 0x37, 0xff, 0x45, 0x41, 0x37, 0xff, 0x45, 0x41, 0x37, 0xff, 0x45, 0x41, 0x37, 0xff,
    0x45, 0x41, 0x37, 0xff, 0x45, 0x41, 0x37, 0xff, 0x45, 0x41, 0x37, 0xff, 0x45, 0x41, 0x37, 0xff,
    0x45, 0x41, 0x37, 0xff, 0x45, 0x41, 0x37, 0xff, 0x45, 0x41, 0x37, 0xff, 0x45, 0x41, 0x37, 0xff,
    0x45, 0x41, 0x37, 0xff, 0x45, 0x41, 0x37, 0xff, 0x45, 0x41, 0x37, 0xff, 0x45, 0x41, 0x37, 0xff,
    0x45, 0x41, 0x37, 0xff, 0x45, 0x41, 0x37, 0xff, 0x45, 0x41, 0x37, 0xff, 0x45, 0x41, 0x37, 0xff,
    0x45, 0x41, 0x37, 0xff, 0x45, 0x41, 0x37, 0xff, 0x45, 0x41, 0x37, 0xff, 0x45, 0x41, 0x37, 0xff,
    0x45, 0x41, 0x37, 0xff, 0x45, 0x41, 0x37, 0xff, 0x45, 0x41, 0x37, 0xff, 0x45, 0x41, 0x37, 0xff,
    0x45, 0x41, 0x37, 0xff, 0x45, 0x41, 0x37, 0xff, 0x45, 0x41, 0x37, 0xff, 0x45, 0x41, 0x37, 0xff,
    0x45, 0x41, 0x37, 0xff, 0x45, 0x41, 0x37, 0xff, 0x45, 0x41, 0x37, 0xff, 0x45, 0x41, 0x37, 0xff,
    0x45, 0x41, 0x37, 0xff, 0x45, 0x41, 0x37, 0xff, 0x45, 0x41, 0x37, 0xff, 0x45, 0x41, 0x37, 0xff,
    0x45, 0x41, 0x37, 0xff, 0x45, 0x41, 0x37, 0xff, 0x50, 0x4b, 0x41, 0xff, 0x50, 0x4b, 0x41, 0xfc,
    0x50, 0x4b, 0x41, 0xe8, 0x50, 0x4b, 0x41, 0xff, 0x45, 0x41, 0x37, 0xff, 0x45, 0x41, 0x37, 0xff,
    0x45, 0x41, 0x37, 0xff, 0x45, 0x41, 0x37, 0xff, 0x45, 0x41, 0x37, 0xff, 0x45, 0x41, 0x37, 0xff,
    0x45, 0x41, 0x37, 0xff, 0x45, 0x41, 0x37, 0xff, 0x45, 0x41, 0x37, 0xff, 0x45, 0x41, 0x37, 0xff,
    0x45, 0x41, 0x37, 0xff, 0x45, 0x41, 0x37, 0xff, 0x45, 0x41, 0x37, 0xff, 0x45, 0x41, 0x37, 0xff,
    0x45, 0x41, 0x37, 0xff, 0x45, 0x41, 0x37, 0xff, 0x45, 0x41, 0x37, 0xff, 0x45, 0x41, 0x37, 0xff,
    0x45, 0x41, 0x37, 0xff, 0x45, 0x41, 0x37, 0xff, 0x45, 0x41, 0x37, 0xff, 0x45, 0x41, 0x37, 0xff,
    0x45, 0x41, 0x37, 0xff, 0x45, 0x41, 0x37, 0xff, 0x45, 0x41, 0x37, 0xff, 0x45, 0x41, 0x37, 0xff,
    0x45, 0x41, 0x37, 0xff, 0x45, 0x41, 0x37, 0xff, 0x45, 0x41, 0x37, 0xff, 0x45, 0x41, 0x37, 0xff,
    0x45, 0x41, 0x37, 0xff, 0x45, 0x41, 0x37, 0xff, 0x45, 0x41, 0x37, 0xff, 0x45, 0x41, 0x37, 0xff,
    0x45, 0x41, 0x37, 0xff, 0x45, 0x41, 0x37, 0xff, 0x45, 0x41, 0x37, 0xff, 0x45, 0x41, 0x37, 0xff,
    0x45, 0x41, 0x37, 0xff, 0x45, 0x41, 0x37, 0xff, 0x45, 0x41, 0x37, 0xff, 0x45, 0x41, 0x37, 0xff,
    0x45, 0x41, 0x37, 0xff, 0x45, 0x41, 0x37, 0xff, 0x50, 0x4b, 0x41, 0xff, 0x50, 0x4b, 0x41, 0xe8,
    0x50, 0x4b, 0x41, 0xbf, 0x50, 0x4b, 0x41, 0xff, 0x45, 0x41, 0x37, 0xff, 0x45, 0x41, 0x37, 0xff,
    0x45, 0x41, 0x37, 0xff, 0x45, 0x41, 0x37, 0xff, 0x45, 0x41, 0x37, 0xff, 0x45, 0x41, 0x37, 0xff,
    0x45, 0x41, 0x37, 0xff, 0x45, 0x41, 0x37, 0xff, 0x45, 0x41, 0x37, 0xff, 0x45, 0x41, 0x37, 0xff,
    0x45, 0x41, 0x37, 0xff, 0x45, 0x41, 0x37, 0xff, 0x45, 0x41, 0x37, 0xff, 0x45, 0x41, 0x37, 0xff,
    0x45, 0x41, 0x37, 0xff, 0x45, 0x41, 0x37, 0xff, 0x45, 0x41, 0x37, 0xff, 0x45, 0x41, 0x37, 0xff,
    0x45, 0x41, 0x37, 0xff, 0x45, 0x41, 0x37, 0xff, 0x45, 0x41, 0x37, 0xff, 0x45, 0x41, 0x37, 0xff,
    0x45, 0x41, 0x37, 0xff, 0x45, 0x41, 0x37, 0xff, 0x45, 0x41, 0x37, 0xff, 0x45, 0x41, 0x37, 0xff,
    0x45, 0x41, 0x37, 0xff, 0x45, 0x41, 0x37, 0xff, 0x45, 0x41, 0x37, 0xff, 0x45, 0x41, 0x37, 0xff,
    0x45, 0x41, 0x37, 0xff, 0x45, 0x41, 0x37, 0xff, 0x45, 0x41, 0x37, 0xff, 0x45, 0x41, 0x37, 0xff,
    0x45, 0x41, 0x37, 0xff, 0x45, 0x41, 0x37, 0xff, 0x45, 0x41, 0x37, 0xff, 0x45, 0x41, 0x37, 0xff,
    0x45, 0x41, 0x37, 0xff, 0x45, 0x41, 0x37, 0xff, 0x45, 0x41, 0x37, 0xff, 0x45, 0x41, 0x37, 0xff,
    0x45, 0x41, 0x37, 0xff, 0x45, 0x41, 0x37, 0xff, 0x50, 0x4b, 0x41, 0xff, 0x50, 0x4b, 0x41, 0xbf,
    0x50, 0x4b, 0x41, 0x84, 0x50, 0x4b, 0x41, 0xff, 0x50, 0x4b, 0x41, 0xff, 0x45, 0x41, 0x37, 0xff,
    0x45, 0x41, 0x37, 0xff, 0x45, 0x41, 0x37, 0xff, 0x45, 0x41, 0x37, 0xff, 0x45, 0x41, 0x37, 0xff,
    0x45, 0x41, 0x37, 0xff, 0x45, 0x41, 0x37, 0xff, 0x45, 0x41, 0x37, 0xff, 0x45, 0x41, 0x37, 0xff,
    0x45, 0x41, 0x37, 0xff, 0x45, 0x41, 0x37, 0xff, 0x45, 0x41, 0x37, 0xff, 0x45, 0x41, 0x37, 0xff,
    0x45, 0x41, 0x37, 0xff, 0x45, 0x41, 0x37, 0xff, 0x45, 0x41, 0x37, 0xff, 0x45, 0x41, 0x37, 0xff,
    0x45, 0x41, 0x37, 0xff, 0x45, 0x41, 0x37, 0xff, 0x45, 0x41, 0x37, 0xff, 0x45, 0x41, 0x37, 0xff,
    0x45, 0x41, 0x37, 0xff, 0x45, 0x41, 0x37, 0xff, 0x45, 0x41, 0x37, 0xff, 0x45, 0x41, 0x37, 0xff,
    0x45, 0x41, 0x37, 0xff, 0x45, 0x41, 0x37, 0xff, 0x45, 0x41, 0x37, 0xff, 0x45, 0x41, 0x37, 0xff,
    0x45, 0x41, 0x37, 0xff, 0x45, 0x41, 0x37, 0xff, 0x45, 0x41, 0x37, 0xff, 0x45, 0x41, 0x37, 0xff,
    0x45, 0x41, 0x37, 0xff, 0x45, 0x41, 0x37, 0xff, 0x45, 0x41, 0x37, 0xff, 0x45, 0x41, 0x37, 0xff,
    0x45, 0x41, 0x37, 0xff, 0x45, 0x41, 0x37, 0xff, 0x45, 0x41, 0x37, 0xff, 0x45, 0x41, 0x37, 0xff,
    0x45, 0x41, 0x37, 0xff, 0x50, 0x4b, 0x41, 0xff, 0x50, 0x4b, 0x41, 0xff, 0x50, 0x4b, 0x41, 0x84,
    0x50, 0x4b, 0x41, 0x36, 0x50, 0x4b, 0x41, 0xff, 0x50, 0x4b, 0x41, 0xff, 0x45, 0x41, 0x37, 0xff,
    0x45, 0x41, 0x37, 0xff, 0x45, 0x41, 0x37, 0xff, 0x45, 0x41, 0x37, 0xff, 0x45, 0x41, 0x37, 0xff,
    0x45, 0x41, 0x37, 0xff, 0x45, 0x41, 0x37, 0xff, 0x45, 0x41, 0x37, 0xff, 0x45, 0x41, 0x37, 0xff,
    0x45, 0x41, 0x37, 0xff, 0x45, 0x41, 0x37, 0xff, 0x45, 0x41, 0x37, 0xff, 0x45, 0x41, 0x37, 0xff,
    0x45, 0x41, 0x37, 0xff, 0x45, 0x41, 0x37, 0xff, 0x45, 0x41, 0x37, 0xff, 0x45, 0x41, 0x37, 0xff,
    0x45, 0x41, 0x37, 0xff, 0x45, 0x41, 0x37, 0xff, 0x45, 0x41, 0x37, 0xff, 0x45, 0x41, 0x37, 0xff,
    0x45, 0x41, 0x37, 0xff, 0x45, 0x41, 0x37, 0xff, 0x45, 0x41, 0x37, 0xff, 0x45, 0x41, 0x37, 0xff,
    0x45, 0x41, 0x37, 0xff, 0x45, 0x41, 0x37, 0xff, 0x45, 0x41, 0x37, 0xff, 0x45, 0x41, 0x37, 0xff,
    0x45, 0x41, 0x37, 0xff, 0x45, 0x41, 0x37, 0xff, 0x45, 0x41, 0x37, 0xff, 0x45, 0x41, 0x37, 0xff,
    0x45, 0x41, 0x37, 0xff, 0x45, 0x41, 0x37, 0xff, 0x45, 0x41, 0x37, 0xff, 0x45, 0x41, 0x37, 0xff,
    0x45, 0x41, 0x37, 0xff, 0x45, 0x41, 0x37, 0xff, 0x45, 0x41, 0x37, 0xff, 0x45, 0x41, 0x37, 0xff,
    0x45, 0x41, 0x37, 0xff, 0x50, 0x4b, 0x41, 0xff, 0x50, 0x4b, 0x41, 0xff, 0x50, 0x4b, 0x41, 0x36,
    0x00, 0x00, 0x00, 0x00, 0x50, 0x4b, 0x41, 0xbf, 0x50, 0x4b, 0x41, 0xff, 0x45, 0x41, 0x37, 0xff,
    0x45, 0x41, 0x37, 0xff, 0x45, 0x41, 0x37, 0xff, 0x45, 0x41, 0x37, 0xff, 0x45, 0x41, 0x37, 0xff,
    0x45, 0x41, 0x37, 0xff, 0x45, 0x41, 0x37, 0xff, 0x45, 0x41, 0x37, 0xff, 0x45, 0x41, 0x37, 0xff,
    0x45, 0x41, 0x37, 0xff, 0x45, 0x41, 0x37, 0xff, 0x45, 0x41, 0x37, 0xff, 0x45, 0x41, 0x37, 0xff,
    0x45, 0x41, 0x37, 0xff, 0x45, 0x41, 0x37, 0xff, 0x45, 0x41, 0x37, 0xff, 0x45, 0x41, 0x37, 0xff,
    0x45, 0x41, 0x37, 0xff, 0x45, 0x41, 0x37, 0xff, 0x45, 0x41, 0x37, 0xff, 0x45, 0x41, 0x37, 0xff,
    0x45, 0x41, 0x37, 0xff, 0x45, 0x41, 0x37, 0xff, 0x45, 0x41, 0x37, 0xff, 0x45, 0x41, 0x37, 0xff,
    0x45, 0x41, 0x37, 0xff, 0x45, 0x41, 0x37, 0xff, 0x45, 0x41, 0x37, 0xff, 0x45, 0x41, 0x37, 0xff,
    0x45, 0x41, 0x37, 0xff, 0x45, 0x41, 0x37, 0xff, 0x45, 0x41, 0x37, 0xff, 0x45, 0x41, 0x37, 0xff,
    0x45, 0x41, 0x37, 0xff, 0x45, 0x41, 0x37, 0xff, 0x45, 0x41, 0x37, 0xff, 0x45, 0x41, 0x37, 0xff,
    0x45, 0x41, 0x37, 0xff, 0x45, 0x41, 0x37, 0xff, 0x45, 0x41, 0x37, 0xff, 0x45, 0x41, 0x37, 0xff,
    0x45, 0x41, 0x37, 0xff, 0x50, 0x4b, 0x41, 0xff, 0x50, 0x4b, 0x41, 0xbf, 0x00, 0x00, 0x00, 0x00,
    0x00, 0x00, 0x00, 0x00, 0x50, 0x4b, 0x41, 0x49, 0x50, 0x4b, 0x41, 0xff, 0x50, 0x4b, 0x41, 0xff,
    0x45, 0x41, 0x37, 0xff, 0x45, 0x41, 0x37, 0xff, 0x45, 0x41, 0x37, 0xff, 0x45, 0x41, 0x37, 0xff,
    0x45, 0x41, 0x37, 0xff, 0x45, 0x41, 0x37, 0xff, 0x45, 0x41, 0x37, 0xff, 0x45, 0x41, 0x37, 0xff,
    0x45, 0x41, 0x37, 0xff, 0x45, 0x41, 0x37, 0xff, 0x45, 0x41, 0x37, 0xff, 0x45, 0x41, 0x37, 0xff,
    0x45, 0x41, 0x37, 0xff, 0x45, 0x41, 0x37, 0xff, 0x45, 0x41, 0x37, 0xff, 0x45, 0x41, 0x37, 0xff,
    0x45, 0x41, 0x37, 0xff, 0x45, 0x41, 0x37, 0xff, 0x45, 0x41, 0x37, 0xff, 0x45, 0x41, 0x37, 0xff,
    0x45, 0x41, 0x37, 0xff, 0x45, 0x41, 0x37, 0xff, 0x45, 0x41, 0x37, 0xff, 0x45, 0x41, 0x37, 0xff,
    0x45, 0x41, 0x37, 0xff, 0x45, 0x41, 0x37, 0xff, 0x45, 0x41, 0x37, 0xff, 0x45, 0x41, 0x37, 0xff,
    0x45, 0x41, 0x37, 0xff, 0x45, 0x41, 0x37, 0xff, 0x45, 0x41, 0x37, 0xff, 0x45, 0x41, 0x37, 0xff,
    0x45, 0x41, 0x37, 0xff, 0x45, 0x41, 0x37, 0xff, 0x45, 0x41, 0x37, 0xff, 0x45, 0x41, 0x37, 0xff,
    0x45, 0x41, 0x37, 0xff, 0x45, 0x41, 0x37, 0xff, 0x45, 0x41, 0x37, 0xff, 0x45, 0x41, 0x37, 0xff,
    0x50, 0x4b, 0x41, 0xff, 0x50, 0x4b, 0x41, 0xff, 0x50, 0x4b, 0x41, 0x49, 0x00, 0x00, 0x00, 0x00,
    0x00, 0x00, 0x00, 0x00, 0x00, 0x00, 0x00, 0x00, 0x50, 0x4b, 0x41, 0x98, 0x50, 0x4b, 0x41, 0xff,
    0x50, 0x4b, 0x41, 0xff, 0x45, 0x41, 0x37, 0xff, 0x45, 0x41, 0x37, 0xff, 0x45, 0x41, 0x37, 0xff,
    0x45, 0x41, 0x37, 0xff, 0x45, 0x41, 0x37, 0xff, 0x45, 0x41, 0x37, 0xff, 0x45, 0x41, 0x37, 0xff,
    0x45, 0x41, 0x37, 0xff, 0x45, 0x41, 0x37, 0xff, 0x45, 0x41, 0x37, 0xff, 0x45, 0x41, 0x37, 0xff,
    0x45, 0x41, 0x37, 0xff, 0x45, 0x41, 0x37, 0xff, 0x45, 0x41, 0x37, 0xff, 0x45, 0x41, 0x37, 0xff,
    0x45, 0x41, 0x37, 0xff, 0x45, 0x41, 0x37, 0xff, 0x45, 0x41, 0x37, 0xff, 0x45, 0x41, 0x37, 0xff,
    0x45, 0x41, 0x37, 0xff, 0x45, 0x41, 0x37, 0xff, 0x45, 0x41, 0x37, 0xff, 0x45, 0x41, 0x37, 0xff,
    0x45, 0x41, 0x37, 0xff, 0x45, 0x41, 0x37, 0xff, 0x45, 0x41, 0x37, 0xff, 0x45, 0x41, 0x37, 0xff,
    0x45, 0x41, 0x37, 0xff, 0x45, 0x41, 0x37, 0xff, 0x45, 0x41, 0x37, 0xff, 0x45, 0x41, 0x37, 0xff,
    0x45, 0x41, 0x37, 0xff, 0x45, 0x41, 0x37, 0xff, 0x45, 0x41, 0x37, 0xff, 0x45, 0x41, 0x37, 0xff,
    0x45, 0x41, 0x37, 0xff, 0x45, 0x41, 0x37, 0xff, 0x45, 0x41, 0x37, 0xff, 0x50, 0x4b, 0x41, 0xff,
    0x50, 0x4b, 0x41, 0xff, 0x50, 0x4b, 0x41, 0x98, 0x00, 0x00, 0x00, 0x00, 0x00, 0x00, 0x00, 0x00,
    0x00, 0x00, 0x00, 0x00, 0x00, 0x00, 0x00, 0x00, 0x00, 0x00, 0x00, 0x00, 0x50, 0x4b, 0x41, 0xbf,
    0x50, 0x4b, 0x41, 0xff, 0x50, 0x4b, 0x41, 0xff, 0x45, 0x41, 0x37, 0xff, 0x45, 0x41, 0x37, 0xff,
    0x45, 0x41, 0x37, 0xff, 0x45, 0x41, 0x37, 0xff, 0x45, 0x41, 0x37, 0xff, 0x45, 0x41, 0x37, 0xff,
    0x45, 0x41, 0x37, 0xff, 0x45, 0x41, 0x37, 0xff, 0x45, 0x41, 0x37, 0xff, 0x45, 0x41, 0x37, 0xff,
    0x45, 0x41, 0x37, 0xff, 0x45, 0x41, 0x37, 0xff, 0x45, 0x41, 0x37, 0xff, 0x45, 0x41, 0x37, 0xff,
    0x45, 0x41, 0x37, 0xff, 0x45, 0x41, 0x37, 0xff, 0x45, 0x41, 0x37, 0xff, 0x45, 0x41, 0x37, 0xff,
    0x45, 0x41, 0x37, 0xff, 0x45, 0x41, 0x37, 0xff, 0x45, 0x41, 0x37, 0xff, 0x45, 0x41, 0x37, 0xff,
    0x45, 0x41, 0x37, 0xff, 0x45, 0x41, 0x37, 0xff, 0x45, 0x41, 0x37, 0xff, 0x45, 0x41, 0x37, 0xff,
    0x45, 0x41, 0x37, 0xff, 0x45, 0x41, 0x37, 0xff, 0x45, 0x41, 0x37, 0xff, 0x45, 0x41, 0x37, 0xff,
    0x45, 0x41, 0x37, 0xff, 0x45, 0x41, 0x37, 0xff, 0x45, 0x41, 0x37, 0xff, 0x45, 0x41, 0x37, 0xff,
    0x45, 0x41, 0x37, 0xff, 0x45, 0x41, 0x37, 0xff, 0x50, 0x4b, 0x41, 0xff, 0x50, 0x4b, 0x41, 0xff,
    0x50, 0x4b, 0x41, 0xbf, 0x00, 0x00, 0x00, 0x00, 0x00, 0x00, 0x00, 0x00, 0x00, 0x00, 0x00, 0x00,
    0x00, 0x00, 0x00, 0x00, 0x00, 0x00, 0x00, 0x00, 0x00, 0x00, 0x00, 0x00, 0x50, 0x4b, 0x41, 0x10,
    0x50, 0x4b, 0x41, 0xbf, 0x50, 0x4b, 0x41, 0xff, 0x50, 0x4b, 0x41, 0xff, 0x45, 0x41, 0x37, 0xff,
    0x45, 0x41, 0x37, 0xff, 0x45, 0x41, 0x37, 0xff, 0x45, 0x41, 0x37, 0xff, 0x45, 0x41, 0x37, 0xff,
    0x45, 0x41, 0x37, 0xff, 0x45, 0x41, 0x37, 0xff, 0x45, 0x41, 0x37, 0xff, 0x45, 0x41, 0x37, 0xff,
    0x45, 0x41, 0x37, 0xff, 0x45, 0x41, 0x37, 0xff, 0x45, 0x41, 0x37, 0xff, 0x45, 0x41, 0x37, 0xff,
    0x45, 0x41, 0x37, 0xff, 0x45, 0x41, 0x37, 0xff, 0x45, 0x41, 0x37, 0xff, 0x45, 0x41, 0x37, 0xff,
    0x45, 0x41, 0x37, 0xff, 0x45, 0x41, 0x37, 0xff, 0x45, 0x41, 0x37, 0xff, 0x45, 0x41, 0x37, 0xff,
    0x45, 0x41, 0x37, 0xff, 0x45, 0x41, 0x37, 0xff, 0x45, 0x41, 0x37, 0xff, 0x45, 0x41, 0x37, 0xff,
    0x45, 0x41, 0x37, 0xff, 0x45, 0x41, 0x37, 0xff, 0x45, 0x41, 0x37, 0xff, 0x45, 0x41, 0x37, 0xff,
    0x45, 0x41, 0x37, 0xff, 0x45, 0x41, 0x37, 0xff, 0x45, 0x41, 0x37, 0xff, 0x45, 0x41, 0x37, 0xff,
    0x45, 0x41, 0x37, 0xff, 0x50, 0x4b, 0x41, 0xff, 0x50, 0x4b, 0x41, 0xff, 0x50, 0x4b, 0x41, 0xbf,
    0x50, 0x4b, 0x41, 0x10, 0x00, 0x00, 0x00, 0x00, 0x00, 0x00, 0x00, 0x00, 0x00, 0x00, 0x00, 0x00,
    0x00, 0x00, 0x00, 0x00, 0x00, 0x00, 0x00, 0x00, 0x00, 0x00, 0x00, 0x00, 0x00, 0x00, 0x00, 0x00,
    0x00, 0x00, 0x00, 0x00, 0x50, 0x4b, 0x41, 0x98, 0x50, 0x4b, 0x41, 0xff, 0x50, 0x4b, 0x41, 0xff,
    0x50, 0x4b, 0x41, 0xff, 0x50, 0x4b, 0x41, 0xff, 0x45, 0x41, 0x37, 0xff, 0x45, 0x41, 0x37, 0xff,
    0x45, 0x41, 0x37, 0xff, 0x45, 0x41, 0x37, 0xff, 0x45, 0x41, 0x37, 0xff, 0x45, 0x41, 0x37, 0xff,
    0x45, 0x41, 0x37, 0xff, 0x45, 0x41, 0x37, 0xff, 0x45, 0x41, 0x37, 0xff, 0x45, 0x41, 0x37, 0xff,
    0x45, 0x41, 0x37, 0xff, 0x45, 0x41, 0x37, 0xff, 0x45, 0x41, 0x37, 0xff, 0x45, 0x41, 0x37, 0xff,
    0x45, 0x41, 0x37, 0xff, 0x45, 0x41, 0x37, 0xff, 0x45, 0x41, 0x37, 0xff, 0x45, 0x41, 0x37, 0xff,
    0x45, 0x41, 0x37, 0xff, 0x45, 0x41, 0x37, 0xff, 0x45, 0x41, 0x37, 0xff, 0x45, 0x41, 0x37, 0xff,
    0x45, 0x41, 0x37, 0xff, 0x45, 0x41, 0x37, 0xff, 0x45, 0x41, 0x37, 0xff, 0x45, 0x41, 0x37, 0xff,
    0x45, 0x41, 0x37, 0xff, 0x45, 0x41, 0x37, 0xff, 0x50, 0x4b, 0x41, 0xff, 0x50, 0x4b, 0x41, 0xff,
    0x50, 0x4b, 0x41, 0xff, 0x50, 0x4b, 0x41, 0xff, 0x50, 0x4b, 0x41, 0x98, 0x00, 0x00, 0x00, 0x00,
    0x00, 0x00, 0x00, 0x00, 0x00, 0x00, 0x00, 0x00, 0x00, 0x00, 0x00, 0x00, 0x00, 0x00, 0x00, 0x00,
    0x00, 0x00, 0x00, 0x00, 0x00, 0x00, 0x00, 0x00, 0x00, 0x00, 0x00, 0x00, 0x00, 0x00, 0x00, 0x00,
    0x00, 0x00, 0x00, 0x00, 0x00, 0x00, 0x00, 0x00, 0x50, 0x4b, 0x41, 0x49, 0x50, 0x4b, 0x41, 0xbf,
    0x50, 0x4b, 0x41, 0xff, 0x50, 0x4b, 0x41, 0xff, 0x50, 0x4b, 0x41, 0xff, 0x50, 0x4b, 0x41, 0xff,
    0x50, 0x4b, 0x41, 0xff, 0x50, 0x4b, 0x41, 0xff, 0x50, 0x4b, 0x41, 0xff, 0x50, 0x4b, 0x41, 0xff,
    0x50, 0x4b, 0x41, 0xff, 0x50, 0x4b, 0x41, 0xff, 0x50, 0x4b, 0x41, 0xff, 0x50, 0x4b, 0x41, 0xff,
    0x50, 0x4b, 0x41, 0xff, 0x50, 0x4b, 0x41, 0xff, 0x50, 0x4b, 0x41, 0xff, 0x50, 0x4b, 0x41, 0xff,
    0x50, 0x4b, 0x41, 0xff, 0x50, 0x4b, 0x41, 0xff, 0x50, 0x4b, 0x41, 0xff, 0x50, 0x4b, 0x41, 0xff,
    0x50, 0x4b, 0x41, 0xff, 0x50, 0x4b, 0x41, 0xff, 0x50, 0x4b, 0x41, 0xff, 0x50, 0x4b, 0x41, 0xff,
    0x50, 0x4b, 0x41, 0xff, 0x50, 0x4b, 0x41, 0xff, 0x50, 0x4b, 0x41, 0xff, 0x50, 0x4b, 0x41, 0xff,
    0x50, 0x4b, 0x41, 0xff, 0x50, 0x4b, 0x41, 0xff, 0x50, 0x4b, 0x41, 0xff, 0x50, 0x4b, 0x41, 0xff,
    0x50, 0x4b, 0x41, 0xbf, 0x50, 0x4b, 0x41, 0x49, 0x00, 0x00, 0x00, 0x00, 0x00, 0x00, 0x00, 0x00,
    0x00, 0x00, 0x00, 0x00, 0x00, 0x00, 0x00, 0x00, 0x00, 0x00, 0x00, 0x00, 0x00, 0x00, 0x00, 0x00,
    0x00, 0x00, 0x00, 0x00, 0x00, 0x00, 0x00, 0x00, 0x00, 0x00, 0x00, 0x00, 0x00, 0x00, 0x00, 0x00,
    0x00, 0x00, 0x00, 0x00, 0x00, 0x00, 0x00, 0x00, 0x00, 0x00, 0x00, 0x00, 0x00, 0x00, 0x00, 0x00,
    0x50, 0x4b, 0x41, 0x36, 0x50, 0x4b, 0x41, 0x84, 0x50, 0x4b, 0x41, 0xbf, 0x50, 0x4b, 0x41, 0xe8,
    0x50, 0x4b, 0x41, 0xfc, 0x50, 0x4b, 0x41, 0xff, 0x50, 0x4b, 0x41, 0xff, 0x50, 0x4b, 0x41, 0xff,
    0x50, 0x4b, 0x41, 0xff, 0x50, 0x4b, 0x41, 0xff, 0x50, 0x4b, 0x41, 0xff, 0x50, 0x4b, 0x41, 0xff,
    0x50, 0x4b, 0x41, 0xff, 0x50, 0x4b, 0x41, 0xff, 0x50, 0x4b, 0x41, 0xff, 0x50, 0x4b, 0x41, 0xff,
    0x50, 0x4b, 0x41, 0xff, 0x50, 0x4b, 0x41, 0xff, 0x50, 0x4b, 0x41, 0xff, 0x50, 0x4b, 0x41, 0xff,
    0x50, 0x4b, 0x41, 0xff, 0x50, 0x4b, 0x41, 0xff, 0x50, 0x4b, 0x41, 0xff, 0x50, 0x4b, 0x41, 0xff,
    0x50, 0x4b, 0x41, 0xff, 0x50, 0x4b, 0x41, 0xff, 0x50, 0x4b, 0x41, 0xff, 0x50, 0x4b, 0x41, 0xfc,
    0x50, 0x4b, 0x41, 0xe8, 0x50, 0x4b, 0x41, 0xbf, 0x50, 0x4b, 0x41, 0x84, 0x50, 0x4b, 0x41, 0x36,
    0x00, 0x00, 0x00, 0x00, 0x00, 0x00, 0x00, 0x00, 0x00, 0x00, 0x00, 0x00, 0x00, 0x00, 0x00, 0x00,
    0x00, 0x00, 0x00, 0x00, 0x00, 0x00, 0x00, 0x00, 0x00, 0x00, 0x00, 0x00, 0x00, 0x00, 0x00, 0x00,
};
static const lv_img_dsc_t pill_toggle_off = {
    .header.always_zero = 0,
    .header.w = 48,
    .header.h = 27,
    .header.cf = LV_IMG_CF_TRUE_COLOR_ALPHA,
    .data_size = sizeof(pill_toggle_off_data),
    .data = pill_toggle_off_data,
};

static const uint8_t pill_toggle_on_data[] = {
    0x00, 0x00, 0x00, 0x00, 0x00, 0x00, 0x00, 0x00, 0x00, 0x00, 0x00, 0x00, 0x00, 0x00, 0x00, 0x00,
    0x00, 0x00, 0x00, 0x00, 0x00, 0x00, 0x00, 0x00, 0x00, 0x00, 0x00, 0x00, 0x00, 0x00, 0x00, 0x00,
    0x44, 0x7a, 0x5d, 0x36, 0x44, 0x7a, 0x5d, 0x84, 0x44, 0x7a, 0x5d, 0xbf, 0x44, 0x7a, 0x5d, 0xe8,
    0x44, 0x7a, 0x5d, 0xfc, 0x44, 0x7a, 0x5d, 0xff, 0x44, 0x7a, 0x5d, 0xff, 0x44, 0x7a, 0x5d, 0xff,
    0x44, 0x7a, 0x5d, 0xff, 0x44, 0x7a, 0x5d, 0xff, 0x44, 0x7a, 0x5d, 0xff, 0x44, 0x7a, 0x5d, 0xff,
    0x44, 0x7a, 0x5d, 0xff, 0x44, 0x7a, 0x5d, 0xff, 0x44, 0x7a, 0x5d, 0xff, 0x44, 0x7a, 0x5d, 0xff,
    0x44, 0x7a, 0x5d, 0xff, 0x44, 0x7a, 0x5d, 0xff, 0x44, 0x7a, 0x5d, 0xff, 0x44, 0x7a, 0x5d, 0xff,
    0x44, 0x7a, 0x5d, 0xff, 0x44, 0x7a, 0x5d, 0xff, 0x44, 0x7a, 0x5d, 0xff, 0x44, 0x7a, 0x5d, 0xff,
    0x44, 0x7a, 0x5d, 0xff, 0x44, 0x7a, 0x5d, 0xff, 0x44, 0x7a, 0x5d, 0xff, 0x44, 0x7a, 0x5d, 0xfc,
    0x44, 0x7a, 0x5d, 0xe8, 0x44, 0x7a, 0x5d, 0xbf, 0x44, 0x7a, 0x5d, 0x84, 0x44, 0x7a, 0x5d, 0x36,
    0x00, 0x00, 0x00, 0x00, 0x00, 0x00, 0x00, 0x00, 0x00, 0x00, 0x00, 0x00, 0x00, 0x00, 0x00, 0x00,
    0x00, 0x00, 0x00, 0x00, 0x00, 0x00, 0x00, 0x00, 0x00, 0x00, 0x00, 0x00, 0x00, 0x00, 0x00, 0x00,
    0x00, 0x00, 0x00, 0x00, 0x00, 0x00, 0x00, 0x00, 0x00, 0x00, 0x00, 0x00, 0x00, 0x00, 0x00, 0x00,
    0x00, 0x00, 0x00, 0x00, 0x00, 0x00, 0x00, 0x00, 0x44, 0x7a, 0x5d, 0x49, 0x44, 0x7a, 0x5d, 0xbf,
    0x44, 0x7a, 0x5d, 0xff, 0x44, 0x7a, 0x5d, 0xff, 0x44, 0x7a, 0x5d, 0xff, 0x44, 0x7a, 0x5d, 0xff,
    0x44, 0x7a, 0x5d, 0xff, 0x44, 0x7a, 0x5d, 0xff, 0x44, 0x7a, 0x5d, 0xff, 0x44, 0x7a, 0x5d, 0xff,
    0x44, 0x7a, 0x5d, 0xff, 0x44, 0x7a, 0x5d, 0xff, 0x44, 0x7a, 0x5d, 0xff, 0x44, 0x7a, 0x5d, 0xff,
    0x44, 0x7a, 0x5d, 0xff, 0x44, 0x7a, 0x5d, 0xff, 0x44, 0x7a, 0x5d, 0xff, 0x44, 0x7a, 0x5d, 0xff,
    0x44, 0x7a, 0x5d, 0xff, 0x44, 0x7a, 0x5d, 0xff, 0x44, 0x7a, 0x5d, 0xff, 0x44, 0x7a, 0x5d, 0xff,
    0x44, 0x7a, 0x5d, 0xff, 0x44, 0x7a, 0x5d, 0xff, 0x44, 0x7a, 0x5d, 0xff, 0x44, 0x7a, 0x5d, 0xff,
    0x44, 0x7a, 0x5d, 0xff, 0x44, 0x7a, 0x5d, 0xff, 0x44, 0x7a, 0x5d, 0xff, 0x44, 0x7a, 0x5d, 0xff,
    0x44, 0x7a, 0x5d, 0xff, 0x44, 0x7a, 0x5d, 0xff, 0x44, 0x7a, 0x5d, 0xff, 0x44, 0x7a, 0x5d, 0xff,
    0x44, 0x7a, 0x5d, 0xbf, 0x44, 0x7a, 0x5d, 0x49, 0x00, 0x00, 0x00, 0x00, 0x00, 0x00, 0x00, 0x00,
    0x00, 0x00, 0x00, 0x00, 0x00, 0x00, 0x00, 0x00, 0x00, 0x00, 0x00, 0x00, 0x00, 0x00, 0x00, 0x00,
    0x00, 0x00, 0x00, 0x00, 0x00, 0x00, 0x00, 0x00, 0x00, 0x00, 0x00, 0x00, 0x00, 0x00, 0x00, 0x00,
    0x00, 0x00, 0x00, 0x00, 0x44, 0x7a, 0x5d, 0x98, 0x44, 0x7a, 0x5d, 0xff, 0x44, 0x7a, 0x5d, 0xff,
    0x44, 0x7a, 0x5d, 0xff, 0x44, 0x7a, 0x5d, 0xff, 0x62, 0x9f, 0x85, 0xff, 0x62, 0x9f, 0x85, 0xff,
    0x62, 0x9f, 0x85, 0xff, 0x62, 0x9f, 0x85, 0xff, 0x62, 0x9f, 0x85, 0xff, 0x62, 0x9f, 0x85, 0xff,
    0x62, 0x9f, 0x85, 0xff, 0x62, 0x9f, 0x85, 0xff, 0x62, 0x9f, 0x85, 0xff, 0x62, 0x9f, 0x85, 0xff,
    0x62, 0x9f, 0x85, 0xff, 0x62, 0x9f, 0x85, 0xff, 0x62, 0x9f, 0x85, 0xff, 0x62, 0x9f, 0x85, 0xff,
    0x62, 0x9f, 0x85, 0xff, 0x62, 0x9f, 0x85, 0xff, 0x62, 0x9f, 0x85, 0xff, 0x62, 0x9f, 0x85, 0xff,
    0x62, 0x9f, 0x85, 0xff, 0x62, 0x9f, 0x85, 0xff, 0x62, 0x9f, 0x85, 0xff, 0x62, 0x9f, 0x85, 0xff,
    0x62, 0x9f, 0x85, 0xff, 0x62, 0x9f, 0x85, 0xff, 0x62, 0x9f, 0x85, 0xff, 0x62, 0x9f, 0x85, 0xff,
    0x62, 0x9f, 0x85, 0xff, 0x62, 0x9f, 0x85, 0xff, 0x44, 0x7a, 0x5d, 0xff, 0x44, 0x7a, 0x5d, 0xff,
    0x44, 0x7a, 0x5d, 0xff, 0x44, 0x7a, 0x5d, 0xff, 0x44, 0x7a, 0x5d, 0x98, 0x00, 0x00, 0x00, 0x00,
    0x00, 0x00, 0x00, 0x00, 0x00, 0x00, 0x00, 0x00, 0x00, 0x00, 0x00, 0x00, 0x00, 0x00, 0x00, 0x00,
    0x00, 0x00, 0x00, 0x00, 0x00, 0x00, 0x00, 0x00, 0x00, 0x00, 0x00, 0x00, 0x44, 0x7a, 0x5d, 0x10,
    0x44, 0x7a, 0x5d, 0xbf, 0x44, 0x7a, 0x5d, 0xff, 0x44, 0x7a, 0x5d, 0xff, 0x62, 0x9f, 0x85, 0xff,
    0x62, 0x9f, 0x85, 0xff, 0x62, 0x9f, 0x85, 0xff, 0x62, 0x9f, 0x85, 0xff, 0x62, 0x9f, 0x85, 0xff,
    0x62, 0x9f, 0x85, 0xff, 0x62, 0x9f, 0x85, 0xff, 0x62, 0x9f, 0x85, 0xff, 0x62, 0x9f, 0x85, 0xff,
    0x62, 0x9f, 0x85, 0xff, 0x62, 0x9f, 0x85, 0xff, 0x62, 0x9f, 0x85, 0xff, 0x62, 0x9f, 0x85, 0xff,
    0x62, 0x9f, 0x85, 0xff, 0x62, 0x9f, 0x85, 0xff, 0x62, 0x9f, 0x85, 0xff, 0x62, 0x9f, 0x85, 0xff,
    0x62, 0x9f, 0x85, 0xff, 0x62, 0x9f, 0x85, 0xff, 0x62, 0x9f, 0x85, 0xff, 0x62, 0x9f, 0x85, 0xff,
    0x62, 0x9f, 0x85, 0xff, 0x62, 0x9f, 0x85, 0xff, 0x62, 0x9f, 0x85, 0xff, 0x62, 0x9f, 0x85, 0xff,
    0x62, 0x9f, 0x85, 0xff, 0x62, 0x9f, 0x85, 0xff, 0x62, 0x9f, 0x85, 0xff, 0x62, 0x9f, 0x85, 0xff,
    0x62, 0x9f, 0x85, 0xff, 0x62, 0x9f, 0x85, 0xff, 0x62, 0x9f, 0x85, 0xff, 0x62, 0x9f, 0x85, 0xff,
    0x62, 0x9f, 0x85, 0xff, 0x44, 0x7a, 0x5d, 0xff, 0x44, 0x7a, 0x5d, 0xff, 0x44, 0x7a, 0x5d, 0xbf,
    0x44, 0x7a, 0x5d, 0x10, 0x00, 0x00, 0x00, 0x00, 0x00, 0x00, 0x00, 0x00, 0x00, 0x00, 0x00, 0x00,
    0x00, 0x00, 0x00, 0x00, 0x00, 0x00, 0x00, 0x00, 0x00, 0x00, 0x00, 0x00, 0x44, 0x7a, 0x5d, 0xbf,
    0x44, 0x7a, 0x5d, 0xff, 0x44, 0x7a, 0x5d, 0xff, 0x62, 0x9f, 0x85, 0xff, 0x62, 0x9f, 0x85, 0xff,
    0x62, 0x9f, 0x85, 0xff, 0x62, 0x9f, 0x85, 0xff, 0x62, 0x9f, 0x85, 0xff, 0x62, 0x9f, 0x85, 0xff,
    0x62, 0x9f, 0x85, 0xff, 0x62, 0x9f, 0x85, 0xff, 0x62, 0x9f, 0x85, 0xff, 0x62, 0x9f, 0x85, 0xff,
    0x62, 0x9f, 0x85, 0xff, 0x62, 0x9f, 0x85, 0xff, 0x62, 0x9f, 0x85, 0xff, 0x62, 0x9f, 0x85, 0xff,
    0x62, 0x9f, 0x85, 0xff, 0x62, 0x9f, 0x85, 0xff, 0x62, 0x9f, 0x85, 0xff, 0x62, 0x9f, 0x85, 0xff,
    0x62, 0x9f, 0x85, 0xff, 0x62, 0x9f, 0x85, 0xff, 0x62, 0x9f, 0x85, 0xff, 0x62, 0x9f, 0x85, 0xff,
    0x62, 0x9f, 0x85, 0xff, 0x62, 0x9f, 0x85, 0xff, 0x62, 0x9f, 0x85, 0xff, 0x62, 0x9f, 0x85, 0xff,
    0x62, 0x9f, 0x85, 0xff, 0x62, 0x9f, 0x85, 0xff, 0x62, 0x9f, 0x85, 0xff, 0x62, 0x9f, 0x85, 0xff,
    0x62, 0x9f, 0x85, 0xff, 0x62, 0x9f, 0x85, 0xff, 0x62, 0x9f, 0x85, 0xff, 0x62, 0x9f, 0x85, 0xff,
    0x62, 0x9f, 0x85, 0xff, 0x62, 0x9f, 0x85, 0xff, 0x44, 0x7a, 0x5d, 0xff, 0x44, 0x7a, 0x5d, 0xff,
    0x44, 0x7a, 0x5d, 0xbf, 0x00, 0x00, 0x00, 0x00, 0x00, 0x00, 0x00, 0x00, 0x00, 0x00, 0x00, 0x00,
    0x00, 0x00, 0x00, 0x00, 0x00, 0x00, 0x00, 0x00, 0x44, 0x7a, 0x5d, 0x98, 0x44, 0x7a, 0x5d, 0xff,
    0x44, 0x7a, 0x5d, 0xff, 0x62, 0x9f, 0x85, 0xff, 0x62, 0x9f, 0x85, 0xff, 0x62, 0x9f, 0x85, 0xff,
    0x62, 0x9f, 0x85, 0xff, 0x62, 0x9f, 0x85, 0xff, 0x62, 0x9f, 0x85, 0xff, 0x62, 0x9f, 0x85, 0xff,
    0x62, 0x9f, 0x85, 0xff, 0x62, 0x9f, 0x85, 0xff, 0x62, 0x9f, 0x85, 0xff, 0x62, 0x9f, 0x85, 0xff,
    0x62, 0x9f, 0x85, 0xff, 0x62, 0x9f, 0x85, 0xff, 0x62, 0x9f, 0x85, 0xff, 0x62, 0x9f, 0x85, 0xff,
    0x62, 0x9f, 0x85, 0xff, 0x62, 0x9f, 0x85, 0xff, 0x62, 0x9f, 0x85, 0xff, 0x62, 0x9f, 0x85, 0xff,
    0x62, 0x9f, 0x85, 0xff, 0x62, 0x9f, 0x85, 0xff, 0x62, 0x9f, 0x85, 0xff, 0x62, 0x9f, 0x85, 0xff,
    0x62, 0x9f, 0x85, 0xff, 0x62, 0x9f, 0x85, 0xff, 0x62, 0x9f, 0x85, 0xff, 0x62, 0x9f, 0x85, 0xff,
    0x62, 0x9f, 0x85, 0xff, 0x62, 0x9f, 0x85, 0xff, 0x62, 0x9f, 0x85, 0xff, 0x62, 0x9f, 0x85, 0xff,
    0x62, 0x9f, 0x85, 0xff, 0x62, 0x9f, 0x85, 0xff, 0x62, 0x9f, 0x85, 0xff, 0x62, 0x9f, 0x85, 0xff,
    0x62, 0x9f, 0x85, 0xff, 0x62, 0x9f, 0x85, 0xff, 0x62, 0x9f, 0x85, 0xff, 0x44, 0x7a, 0x5d, 0xff,
    0x44, 0x7a, 0x5d, 0xff, 0x44, 0x7a, 0x5d, 0x98, 0x00, 0x00, 0x00, 0x00, 0x00, 0x00, 0x00, 0x00,
    0x00, 0x00, 0x00, 0x00, 0x44, 0x7a, 0x5d, 0x49, 0x44, 0x7a, 0x5d, 0xff, 0x44, 0x7a, 0x5d, 0xff,
    0x62, 0x9f, 0x85, 0xff, 0x62, 0x9f, 0x85, 0xff, 0x62, 0x9f, 0x85, 0xff, 0x62, 0x9f, 0x85, 0xff,
    0x62, 0x9f, 0x85, 0xff, 0x62, 0x9f, 0x85, 0xff, 0x62, 0x9f, 0x85, 0xff, 0x62, 0x9f, 0x85, 0xff,
    0x62, 0x9f, 0x85, 0xff, 0x62, 0x9f, 0x85, 0xff, 0x62, 0x9f, 0x85, 0xff, 0x62, 0x9f, 0x85, 0xff,
    0x62, 0x9f, 0x85, 0xff, 0x62, 0x9f, 0x85, 0xff, 0x62, 0x9f, 0x85, 0xff, 0x62, 0x9f, 0x85, 0xff,
    0x62, 0x9f, 0x85, 0xff, 0x62, 0x9f, 0x85, 0xff, 0x62, 0x9f, 0x85, 0xff, 0x62, 0x9f, 0x85, 0xff,
    0x62, 0x9f, 0x85, 0xff, 0x62, 0x9f, 0x85, 0xff, 0x62, 0x9f, 0x85, 0xff, 0x62, 0x9f, 0x85, 0xff,
    0x62, 0x9f, 0x85, 0xff, 0x62, 0x9f, 0x85, 0xff, 0x62, 0x9f, 0x85, 0xff, 0x62, 0x9f, 0x85, 0xff,
    0x62, 0x9f, 0x85, 0xff, 0x62, 0x9f, 0x85, 0xff, 0x62, 0x9f, 0x85, 0xff, 0x62, 0x9f, 0x85, 0xff,
    0x62, 0x9f, 0x85, 0xff, 0x62, 0x9f, 0x85, 0xff, 0x62, 0x9f, 0x85, 0xff, 0x62, 0x9f, 0x85, 0xff,
    0x62, 0x9f, 0x85, 0xff, 0x62, 0x9f, 0x85, 0xff, 0x62, 0x9f, 0x85, 0xff, 0x62, 0x9f, 0x85, 0xff,
    0x44, 0x7a, 0x5d, 0xff, 0x44, 0x7a, 0x5d, 0xff, 0x44, 0x7a, 0x5d, 0x49, 0x00, 0x00, 0x00, 0x00,
    0x00, 0x00, 0x00, 0x00, 0x44, 0x7a, 0x5d, 0xbf, 0x44, 0x7a, 0x5d, 0xff, 0x62, 0x9f, 0x85, 0xff,
    0x62, 0x9f, 0x85, 0xff, 0x62, 0x9f, 0x85, 0xff, 0x62, 0x9f, 0x85, 0xff, 0x62, 0x9f, 0x85, 0xff,
    0x62, 0x9f, 0x85, 0xff, 0x62, 0x9f, 0x85, 0xff, 0x62, 0x9f, 0x85, 0xff, 0x62, 0x9f, 0x85, 0xff,
    0x62, 0x9f, 0x85, 0xff, 0x62, 0x9f, 0x85, 0xff, 0x62, 0x9f, 0x85, 0xff, 0x62, 0x9f, 0x85, 0xff,
    0x62, 0x9f, 0x85, 0xff, 0x62, 0x9f, 0x85, 0xff, 0x62, 0x9f, 0x85, 0xff, 0x62, 0x9f, 0x85, 0xff,
    0x62, 0x9f, 0x85, 0xff, 0x62, 0x9f, 0x85, 0xff, 0x62, 0x9f, 0x85, 0xff, 0x62, 0x9f, 0x85, 0xff,
    0x62, 0x9f, 0x85, 0xff, 0x62, 0x9f, 0x85, 0xff, 0x62, 0x9f, 0x85, 0xff, 0x62, 0x9f, 0x85, 0xff,
    0x62, 0x9f, 0x85, 0xff, 0x62, 0x9f, 0x85, 0xff, 0x62, 0x9f, 0x85, 0xff, 0x62, 0x9f, 0x85, 0xff,
    0x62, 0x9f, 0x85, 0xff, 0x62, 0x9f, 0x85, 0xff, 0x62, 0x9f, 0x85, 0xff, 0x62, 0x9f, 0x85, 0xff,
    0x62, 0x9f, 0x85, 0xff, 0x62, 0x9f, 0x85, 0xff, 0x62, 0x9f, 0x85, 0xff, 0x62, 0x9f, 0x85, 0xff,
    0x62, 0x9f, 0x85, 0xff, 0x62, 0x9f, 0x85, 0xff, 0x62, 0x9f, 0x85, 0xff, 0x62, 0x9f, 0x85, 0xff,
    0x62, 0x9f, 0x85, 0xff, 0x44, 0x7a, 0x5d, 0xff, 0x44, 0x7a, 0x5d, 0xbf, 0x00, 0x00, 0x00, 0x00,
    0x44, 0x7a, 0x5d, 0x36, 0x44, 0x7a, 0x5d, 0xff, 0x44, 0x7a, 0x5d, 0xff, 0x62, 0x9f, 0x85, 0xff,
    0x62, 0x9f, 0x85, 0xff, 0x62, 0x9f, 0x85, 0xff, 0x62, 0x9f, 0x85, 0xff, 0x62, 0x9f, 0x85, 0xff,
    0x62, 0x9f, 0x85, 0xff, 0x62, 0x9f, 0x85, 0xff, 0x62, 0x9f, 0x85, 0xff, 0x62, 0x9f, 0x85, 0xff,
    0x62, 0x9f, 0x85, 0xff, 0x62, 0x9f, 0x85, 0xff, 0x62, 0x9f, 0x85, 0xff, 0x62, 0x9f, 0x85, 0xff,
    0x62, 0x9f, 0x85, 0xff, 0x62, 0x9f, 0x85, 0xff, 0x62, 0x9f, 0x85, 0xff, 0x62, 0x9f, 0x85, 0xff,
    0x62, 0x9f, 0x85, 0xff, 0x62, 0x9f, 0x85, 0xff, 0x62, 0x9f, 0x85, 0xff, 0x62, 0x9f, 0x85, 0xff,
    0x62, 0x9f, 0x85, 0xff, 0x62, 0x9f, 0x85, 0xff, 0x62, 0x9f, 0x85, 0xff, 0x62, 0x9f, 0x85, 0xff,
    0x62, 0x9f, 0x85, 0xff, 0x62, 0x9f, 0x85, 0xff, 0x62, 0x9f, 0x85, 0xff, 0x62, 0x9f, 0x85, 0xff,
    0x62, 0x9f, 0x85, 0xff, 0x62, 0x9f, 0x85, 0xff, 0x62, 0x9f, 0x85, 0xff, 0x62, 0x9f, 0x85, 0xff,
    0x62, 0x9f, 0x85, 0xff, 0x62, 0x9f, 0x85, 0xff, 0x62, 0x9f, 0x85, 0xff, 0x62, 0x9f, 0x85, 0xff,
    0x62, 0x9f, 0x85, 0xff, 0x62, 0x9f, 0x85, 0xff, 0x62, 0x9f, 0x85, 0xff, 0x62, 0x9f, 0x85, 0xff,
    0x62, 0x9f, 0x85, 0xff, 0x44, 0x7a, 0x5d, 0xff, 0x44, 0x7a, 0x5d, 0xff, 0x44, 0x7a, 0x5d, 0x36,
    0x44, 0x7a, 0x5d, 0x84, 0x44, 0x7a, 0x5d, 0xff, 0x44, 0x7a, 0x5d, 0xff, 0x62, 0x9f, 0x85, 0xff,
    0x62, 0x9f, 0x85, 0xff, 0x62, 0x9f, 0x85, 0xff, 0x62, 0x9f, 0x85, 0xff, 0x62, 0x9f, 0x85, 0xff,
    0x62, 0x9f, 0x85, 0xff, 0x62, 0x9f, 0x85, 0xff, 0x62, 0x9f, 0x85, 0xff, 0x62, 0x9f, 0x85, 0xff,
    0x62, 0x9f, 0x85, 0xff, 0x62, 0x9f, 0x85, 0xff, 0x62, 0x9f, 0x85, 0xff, 0x62, 0x9f, 0x85, 0xff,
    0x62, 0x9f, 0x85, 0xff, 0x62, 0x9f, 0x85, 0xff, 0x62, 0x9f, 0x85, 0xff, 0x62, 0x9f, 0x85, 0xff,
    0x62, 0x9f, 0x85, 0xff, 0x62, 0x9f, 0x85, 0xff, 0x62, 0x9f, 0x85, 0xff, 0x62, 0x9f, 0x85, 0xff,
    0x62, 0x9f, 0x85, 0xff, 0x62, 0x9f, 0x85, 0xff, 0x62, 0x9f, 0x85, 0xff, 0x62, 0x9f, 0x85, 0xff,
    0x62, 0x9f, 0x85, 0xff, 0x62, 0x9f, 0x85, 0xff, 0x62, 0x9f, 0x85, 0xff, 0x62, 0x9f, 0x85, 0xff,
    0x62, 0x9f, 0x85, 0xff, 0x62, 0x9f, 0x85, 0xff, 0x62, 0x9f, 0x85, 0xff, 0x62, 0x9f, 0x85, 0xff,
    0x62, 0x9f, 0x85, 0xff, 0x62, 0x9f, 0x85, 0xff, 0x62, 0x9f, 0x85, 0xff, 0x62, 0x9f, 0x85, 0xff,
    0x62, 0x9f, 0x85, 0xff, 0x62, 0x9f, 0x85, 0xff, 0x62, 0x9f, 0x85, 0xff, 0x62, 0x9f, 0x85, 0xff,
    0x62, 0x9f, 0x85, 0xff, 0x44, 0x7a, 0x5d, 0xff, 0x44, 0x7a, 0x5d, 0xff, 0x44, 0x7a, 0x5d, 0x84,
    0x44, 0x7a, 0x5d, 0xbf, 0x44, 0x7a, 0x5d, 0xff, 0x62, 0x9f, 0x85, 0xff, 0x62, 0x9f, 0x85, 0xff,
    0x62, 0x9f, 0x85, 0xff, 0x62, 0x9f, 0x85, 0xff, 0x62, 0x9f, 0x85, 0xff, 0x62, 0x9f, 0x85, 0xff,
    0x62, 0x9f, 0x85, 0xff, 0x62, 0x9f, 0x85, 0xff, 0x62, 0x9f, 0x85, 0xff, 0x62, 0x9f, 0x85, 0xff,
    0x62, 0x9f, 0x85, 0xff, 0x62, 0x9f, 0x85, 0xff, 0x62, 0x9f, 0x85, 0xff, 0x62, 0x9f, 0x85, 0xff,
    0x62, 0x9f, 0x85, 0xff, 0x62, 0x9f, 0x85, 0xff, 0x62, 0x9f, 0x85, 0xff, 0x62, 0x9f, 0x85, 0xff,
    0x62, 0x9f, 0x85, 0xff, 0x62, 0x9f, 0x85, 0xff, 0x62, 0x9f, 0x85, 0xff, 0x62, 0x9f, 0x85, 0xff,
    0x62, 0x9f, 0x85, 0xff, 0x62, 0x9f, 0x85, 0xff, 0x62, 0x9f, 0x85, 0xff, 0x62, 0x9f, 0x85, 0xff,
    0x62, 0x9f, 0x85, 0xff, 0x62, 0x9f, 0x85, 0xff, 0x62, 0x9f, 0x85, 0xff, 0x62, 0x9f, 0x85, 0xff,
    0x62, 0x9f, 0x85, 0xff, 0x62, 0x9f, 0x85, 0xff, 0x62, 0x9f, 0x85, 0xff, 0x62, 0x9f, 0x85, 0xff,
    0x62, 0x9f, 0x85, 0xff, 0x62, 0x9f, 0x85, 0xff, 0x62, 0x9f, 0x85, 0xff, 0x62, 0x9f, 0x85, 0xff,
    0x62, 0x9f, 0x85, 0xff, 0x62, 0x9f, 0x85, 0xff, 0x62, 0x9f, 0x85, 0xff, 0x62, 0x9f, 0x85, 0xff,
    0x62, 0x9f, 0x85, 0xff, 0x62, 0x9f, 0x85, 0xff, 0x44, 0x7a, 0x5d, 0xff, 0x44, 0x7a, 0x5d, 0xbf,
    0x44, 0x7a, 0x5d, 0xe8, 0x44, 0x7a, 0x5d, 0xff, 0x62, 0x9f, 0x85, 0xff, 0x62, 0x9f, 0x85, 0xff,
    0x62, 0x9f, 0x85, 0xff, 0x62, 0x9f, 0x85, 0xff, 0x62, 0x9f, 0x85, 0xff, 0x62, 0x9f, 0x85, 0xff,
    0x62, 0x9f, 0x85, 0xff, 0x62, 0x9f, 0x85, 0xff, 0x62, 0x9f, 0x85, 0xff, 0x62, 0x9f, 0x85, 0xff,
    0x62, 0x9f, 0x85, 0xff, 0x62, 0x9f, 0x85, 0xff, 0x62, 0x9f, 0x85, 0xff, 0x62, 0x9f, 0x85, 0xff,
    0x62, 0x9f, 0x85, 0xff, 0x62, 0x9f, 0x85, 0xff, 0x62, 0x9f, 0x85, 0xff, 0x62, 0x9f, 0x85, 0xff,
    0x62, 0x9f, 0x85, 0xff, 0x62, 0x9f, 0x85, 0xff, 0x62, 0x9f, 0x85, 0xff, 0x62, 0x9f, 0x85, 0xff,
    0x62, 0x9f, 0x85, 0xff, 0x62, 0x9f, 0x85, 0xff, 0x62, 0x9f, 0x85, 0xff, 0x62, 0x9f, 0x85, 0xff,
    0x62, 0x9f, 0x85, 0xff, 0x62, 0x9f, 0x85, 0xff, 0x62, 0x9f, 0x85, 0xff, 0x62, 0x9f, 0x85, 0xff,
    0x62, 0x9f, 0x85, 0xff, 0x62, 0x9f, 0x85, 0xff, 0x62, 0x9f, 0x85, 0xff, 0x62, 0x9f, 0x85, 0xff,
    0x62, 0x9f, 0x85, 0xff, 0x62, 0x9f, 0x85, 0xff, 0x62, 0x9f, 0x85, 0xff, 0x62, 0x9f, 0x85, 0xff,
    0x62, 0x9f, 0x85, 0xff, 0x62, 0x9f, 0x85, 0xff, 0x62, 0x9f, 0x85, 0xff, 0x62, 0x9f, 0x85, 0xff,
    0x62, 0x9f, 0x85, 0xff, 0x62, 0x9f, 0x85, 0xff, 0x44, 0x7a, 0x5d, 0xff, 0x44, 0x7a, 0x5d, 0xe8,
    0x44, 0x7a, 0x5d, 0xfc, 0x44, 0x7a, 0x5d, 0xff, 0x62, 0x9f, 0x85, 0xff, 0x62, 0x9f, 0x85, 0xff,
    0x62, 0x9f, 0x85, 0xff, 0x62, 0x9f, 0x85, 0xff, 0x62, 0x9f, 0x85, 0xff, 0x62, 0x9f, 0x85, 0xff,
    0x62, 0x9f, 0x85, 0xff, 0x62, 0x9f, 0x85, 0xff, 0x62, 0x9f, 0x85, 0xff, 0x62, 0x9f, 0x85, 0xff,
    0x62, 0x9f, 0x85, 0xff, 0x62, 0x9f, 0x85, 0xff, 0x62, 0x9f, 0x85, 0xff, 0x62, 0x9f, 0x85, 0xff,
    0x62, 0x9f, 0x85, 0xff, 0x62, 0x9f, 0x85, 0xff, 0x62, 0x9f, 0x85, 0xff, 0x62, 0x9f, 0x85, 0xff,
    0x62, 0x9f, 0x85, 0xff, 0x62, 0x9f, 0x85, 0xff, 0x62, 0x9f, 0x85, 0xff, 0x62, 0x9f, 0x85, 0xff,
    0x62, 0x9f, 0x85, 0xff, 0x62, 0x9f, 0x85, 0xff, 0x62, 0x9f, 0x85, 0xff, 0x62, 0x9f, 0x85, 0xff,
    0x62, 0x9f, 0x85, 0xff, 0x62, 0x9f, 0x85, 0xff, 0x62, 0x9f, 0x85, 0xff, 0x62, 0x9f, 0x85, 0xff,
    0x62, 0x9f, 0x85, 0xff, 0x62, 0x9f, 0x85, 0xff, 0x62, 0x9f, 0x85, 0xff, 0x62, 0x9f, 0x85, 0xff,
    0x62, 0x9f, 0x85, 0xff, 0x62, 0x9f, 0x85, 0xff, 0x62, 0x9f, 0x85, 0xff, 0x62, 0x9f, 0x85, 0xff,
    0x62, 0x9f, 0x85, 0xff, 0x62, 0x9f, 0x85, 0xff, 0x62, 0x9f, 0x85, 0xff, 0x62, 0x9f, 0x85, 0xff,
    0x62, 0x9f, 0x85, 0xff, 0x62, 0x9f, 0x85, 0xff, 0x44, 0x7a, 0x5d, 0xff, 0x44, 0x7a, 0x5d, 0xfc,
    0x44, 0x7a, 0x5d, 0xff, 0x44, 0x7a, 0x5d, 0xff, 0x62, 0x9f, 0x85, 0xff, 0x62, 0x9f, 0x85, 0xff,
    0x62, 0x9f, 0x85, 0xff, 0x62, 0x9f, 0x85, 0xff, 0x62, 0x9f, 0x85, 0xff, 0x62, 0x9f, 0x85, 0xff,
    0x62, 0x9f, 0x85, 0xff, 0x62, 0x9f, 0x85, 0xff, 0x62, 0x9f, 0x85, 0xff, 0x62, 0x9f, 0x85, 0xff,
    0x62, 0x9f, 0x85, 0xff, 0x62, 0x9f, 0x85, 0xff, 0x62, 0x9f, 0x85, 0xff, 0x62, 0x9f, 0x85, 0xff,
    0x62, 0x9f, 0x85, 0xff, 0x62, 0x9f, 0x85, 0xff, 0x62, 0x9f, 0x85, 0xff, 0x62, 0x9f, 0x85, 0xff,
    0x62, 0x9f, 0x85, 0xff, 0x62, 0x9f, 0x85, 0xff, 0x62, 0x9f, 0x85, 0xff, 0x62, 0x9f, 0x85, 0xff,
    0x62, 0x9f, 0x85, 0xff, 0x62, 0x9f, 0x85, 0xff, 0x62, 0x9f, 0x85, 0xff, 0x62, 0x9f, 0x85, 0xff,
    0x62, 0x9f, 0x85, 0xff, 0x62, 0x9f, 0x85, 0xff, 0x62, 0x9f, 0x85, 0xff, 0x62, 0x9f, 0x85, 0xff,
    0x62, 0x9f, 0x85, 0xff, 0x62, 0x9f, 0x85, 0xff, 0x62, 0x9f, 0x85, 0xff, 0x62, 0x9f, 0x85, 0xff,
    0x62, 0x9f, 0x85, 0xff, 0x62, 0x9f, 0x85, 0xff, 0x62, 0x9f, 0x85, 0xff, 0x62, 0x9f, 0x85, 0xff,
    0x62, 0x9f, 0x85, 0xff, 0x62, 0x9f, 0x85, 0xff, 0x62, 0x9f, 0x85, 0xff, 0x62, 0x9f, 0x85, 0xff,
    0x62, 0x9f, 0x85, 0xff, 0x62, 0x9f, 0x85, 0xff, 0x44, 0x7a, 0x5d, 0xff, 0x44, 0x7a, 0x5d, 0xff,
    0x44, 0x7a, 0x5d, 0xfc, 0x44, 0x7a, 0x5d, 0xff, 0x62, 0x9f, 0x85, 0xff, 0x62, 0x9f, 0x85, 0xff,
    0x62, 0x9f, 0x85, 0xff, 0x62, 0x9f, 0x85, 0xff, 0x62, 0x9f, 0x85, 0xff, 0x62, 0x9f, 0x85, 0xff,
    0x62, 0x9f, 0x85, 0xff, 0x62, 0x9f, 0x85, 0xff, 0x62, 0x9f, 0x85, 0xff, 0x62, 0x9f, 0x85, 0xff,
    0x62, 0x9f, 0x85, 0xff, 0x62, 0x9f, 0x85, 0xff, 0x62, 0x9f, 0x85, 0xff, 0x62, 0x9f, 0x85, 0xff,
    0x62, 0x9f, 0x85, 0xff, 0x62, 0x9f, 0x85, 0xff, 0x62, 0x9f, 0x85, 0xff, 0x62, 0x9f, 0x85, 0xff,
    0x62, 0x9f, 0x85, 0xff, 0x62, 0x9f, 0x85, 0xff, 0x62, 0x9f, 0x85, 0xff, 0x62, 0x9f, 0x85, 0xff,
    0x62, 0x9f, 0x85, 0xff, 0x62, 0x9f, 0x85, 0xff, 0x62, 0x9f, 0x85, 0xff, 0x62, 0x9f, 0x85, 0xff,
    0x62, 0x9f, 0x85, 0xff, 0x62, 0x9f, 0x85, 0xff, 0x62, 0x9f, 0x85, 0xff, 0x62, 0x9f, 0x85, 0xff,
    0x62, 0x9f, 0x85, 0xff, 0x62, 0x9f, 0x85, 0xff, 0x62, 0x9f, 0x85, 0xff, 0x62, 0x9f, 0x85, 0xff,
    0x62, 0x9f, 0x85, 0xff, 0x62, 0x9f, 0x85, 0xff, 0x62, 0x9f, 0x85, 0xff, 0x62, 0x9f, 0x85, 0xff,
    0x62, 0x9f, 0x85, 0xff, 0x62, 0x9f, 0x85, 0xff, 0x62, 0x9f, 0x85, 0xff, 0x62, 0x9f, 0x85, 0xff,
    0x62, 0x9f, 0x85, 0xff, 0x62, 0x9f, 0x85, 0xff, 0x44, 0x7a, 0x5d, 0xff, 0x44, 0x7a, 0x5d, 0xfc,
    0x44, 0x7a, 0x5d, 0xe8, 0x44, 0x7a, 0x5d, 0xff, 0x62, 0x9f, 0x85, 0xff, 0x62, 0x9f, 0x85, 0xff,
    0x62, 0x9f, 0x85, 0xff, 0x62, 0x9f, 0x85, 0xff, 0x62, 0x9f, 0x85, 0xff, 0x62, 0x9f, 0x85, 0xff,
    0x62, 0x9f, 0x85, 0xff, 0x62, 0x9f, 0x85, 0xff, 0x62, 0x9f, 0x85, 0xff, 0x62, 0x9f, 0x85, 0xff,
    0x62, 0x9f, 0x85, 0xff, 0x62, 0x9f, 0x85, 0xff, 0x62, 0x9f, 0x85, 0xff, 0x62, 0x9f, 0x85, 0xff,
    0x62, 0x9f, 0x85, 0xff, 0x62, 0x9f, 0x85, 0xff, 0x62, 0x9f, 0x85, 0xff, 0x62, 0x9f, 0x85, 0xff,
    0x62, 0x9f, 0x85, 0xff, 0x62, 0x9f, 0x85, 0xff, 0x62, 0x9f, 0x85, 0xff, 0x62, 0x9f, 0x85, 0xff,
    0x62, 0x9f, 0x85, 0xff, 0x62, 0x9f, 0x85, 0xff, 0x62, 0x9f, 0x85, 0xff, 0x62, 0x9f, 0x85, 0xff,
    0x62, 0x9f, 0x85, 0xff, 0x62, 0x9f, 0x85, 0xff, 0x62, 0x9f, 0x85, 0xff, 0x62, 0x9f, 0x85, 0xff,
    0x62, 0x9f, 0x85, 0xff, 0x62, 0x9f, 0x85, 0xff, 0x62, 0x9f, 0x85, 0xff, 0x62, 0x9f, 0x85, 0xff,
    0x62, 0x9f, 0x85, 0xff, 0x62, 0x9f, 0x85, 0xff, 0x62, 0x9f, 0x85, 0xff, 0x62, 0x9f, 0x85, 0xff,
    0x62, 0x9f, 0x85, 0xff, 0x62, 0x9f, 0x85, 0xff, 0x62, 0x9f, 0x85, 0xff, 0x62, 0x9f, 0x85, 0xff,
    0x62, 0x9f, 0x85, 0xff, 0x62, 0x9f, 0x85, 0xff, 0x44, 0x7a, 0x5d, 0xff, 0x44, 0x7a, 0x5d, 0xe8,
    0x44, 0x7a, 0x5d, 0xbf, 0x44, 0x7a, 0x5d, 0xff, 0x62, 0x9f, 0x85, 0xff, 0x62, 0x9f, 0x85, 0xff,
    0x62, 0x9f, 0x85, 0xff, 0x62, 0x9f, 0x85, 0xff, 0x62, 0x9f, 0x85, 0xff, 0x62, 0x9f, 0x85, 0xff,
    0x62, 0x9f, 0x85, 0xff, 0x62, 0x9f, 0x85, 0xff, 0x62, 0x9f, 0x85, 0xff, 0x62, 0x9f, 0x85, 0xff,
    0x62, 0x9f, 0x85, 0xff, 0x62, 0x9f, 0x85, 0xff, 0x62, 0x9f, 0x85, 0xff, 0x62, 0x9f, 0x85, 0xff,
    0x62, 0x9f, 0x85, 0xff, 0x62, 0x9f, 0x85, 0xff, 0x62, 0x9f, 0x85, 0xff, 0x62, 0x9f, 0x85, 0xff,
    0x62, 0x9f, 0x85, 0xff, 0x62, 0x9f, 0x85, 0xff, 0x62, 0x9f, 0x85, 0xff, 0x62, 0x9f, 0x85, 0xff,
    0x62, 0x9f, 0x85, 0xff, 0x62, 0x9f, 0x85, 0xff, 0x62, 0x9f, 0x85, 0xff, 0x62, 0x9f, 0x85, 0xff,
    0x62, 0x9f, 0x85, 0xff, 0x62, 0x9f, 0x85, 0xff, 0x62, 0x9f, 0x85, 0xff, 0x62, 0x9f, 0x85, 0xff,
    0x62, 0x9f, 0x85, 0xff, 0x62, 0x9f, 0x85, 0xff, 0x62, 0x9f, 0x85, 0xff, 0x62, 0x9f, 0x85, 0xff,
    0x62, 0x9f, 0x85, 0xff, 0x62, 0x9f, 0x85, 0xff, 0x62, 0x9f, 0x85, 0xff, 0x62, 0x9f, 0x85, 0xff,
    0x62, 0x9f, 0x85, 0xff, 0x62, 0x9f, 0x85, 0xff, 0x62, 0x9f, 0x85, 0xff, 0x62, 0x9f, 0x85, 0xff,
    0x62, 0x9f, 0x85, 0xff, 0x62, 0x9f, 0x85, 0xff, 0x44, 0x7a, 0x5d, 0xff, 0x44, 0x7a, 0x5d, 0xbf,
    0x44, 0x7a, 0x5d, 0x84, 0x44, 0x7a, 0x5d, 0xff, 0x44, 0x7a, 0x5d, 0xff, 0x62, 0x9f, 0x85, 0xff,
    0x62, 0x9f, 0x85, 0xff, 0x62, 0x9f, 0x85, 0xff, 0x62, 0x9f, 0x85, 0xff, 0x62, 0x9f, 0x85, 0xff,
    0x62, 0x9f, 0x85, 0xff, 0x62, 0x9f, 0x85, 0xff, 0x62, 0x9f, 0x85, 0xff, 0x62, 0x9f, 0x85, 0xff,
    0x62, 0x9f, 0x85, 0xff, 0x62, 0x9f, 0x85, 0xff, 0x62, 0x9f, 0x85, 0xff, 0x62, 0x9f, 0x85, 0xff,
    0x62, 0x9f, 0x85, 0xff, 0x62, 0x9f, 0x85, 0xff, 0x62, 0x9f, 0x85, 0xff, 0x62, 0x9f, 0x85, 0xff,
    0x62, 0x9f, 0x85, 0xff, 0x62, 0x9f, 0x85, 0xff, 0x62, 0x9f, 0x85, 0xff, 0x62, 0x9f, 0x85, 0xff,
    0x62, 0x9f, 0x85, 0xff, 0x62, 0x9f, 0x85, 0xff, 0x62, 0x9f, 0x85, 0xff, 0x62, 0x9f, 0x85, 0xff,
    0x62, 0x9f, 0x85, 0xff, 0x62, 0x9f, 0x85, 0xff, 0x62, 0x9f, 0x85, 0xff, 0x62, 0x9f, 0x85, 0xff,
    0x62, 0x9f, 0x85, 0xff, 0x62, 0x9f, 0x85, 0xff, 0x62, 0x9f, 0x85, 0xff, 0x62, 0x9f, 0x85, 0xff,
    0x62, 0x9f, 0x85, 0xff, 0x62, 0x9f, 0x85, 0xff, 0x62, 0x9f, 0x85, 0xff, 0x62, 0x9f, 0x85, 0xff,
    0x62, 0x9f, 0x85, 0xff, 0x62, 0x9f, 0x85, 0xff, 0x62, 0x9f, 0x85, 0xff, 0x62, 0x9f, 0x85, 0xff,
    0x62, 0x9f, 0x85, 0xff, 0x44, 0x7a, 0x5d, 0xff, 0x44, 0x7a, 0x5d, 0xff, 0x44, 0x7a, 0x5d, 0x84,
    0x44, 0x7a, 0x5d, 0x36, 0x44, 0x7a, 0x5d, 0xff, 0x44, 0x7a, 0x5d, 0xff, 0x62, 0x9f, 0x85, 0xff,
    0x62, 0x9f, 0x85, 0xff, 0x62, 0x9f, 0x85, 0xff, 0x62, 0x9f, 0x85, 0xff, 0x62, 0x9f, 0x85, 0xff,
    0x62, 0x9f, 0x85, 0xff, 0x62, 0x9f, 0x85, 0xff, 0x62, 0x9f, 0x85, 0xff, 0x62, 0x9f, 0x85, 0xff,
    0x62, 0x9f, 0x85, 0xff, 0x62, 0x9f, 0x85, 0xff, 0x62, 0x9f, 0x85, 0xff, 0x62, 0x9f, 0x85, 0xff,
    0x62, 0x9f, 0x85, 0xff, 0x62, 0x9f, 0x85, 0xff, 0x62, 0x9f, 0x85, 0xff, 0x62, 0x9f, 0x85, 0xff,
    0x62, 0x9f, 0x85, 0xff, 0x62, 0x9f, 0x85, 0xff, 0x62, 0x9f, 0x85, 0xff, 0x62, 0x9f, 0x85, 0xff,
    0x62, 0x9f, 0x85, 0xff, 0x62, 0x9f, 0x85, 0xff, 0x62, 0x9f, 0x85, 0xff, 0x62, 0x9f, 0x85, 0xff,
    0x62, 0x9f, 0x85, 0xff, 0x62, 0x9f, 0x85, 0xff, 0x62, 0x9f, 0x85, 0xff, 0x62, 0x9f, 0x85, 0xff,
    0x62, 0x9f, 0x85, 0xff, 0x62, 0x9f, 0x85, 0xff, 0x62, 0x9f, 0x85, 0xff, 0x62, 0x9f, 0x85, 0xff,
    0x62, 0x9f, 0x85, 0xff, 0x62, 0x9f, 0x85, 0xff, 0x62, 0x9f, 0x85, 0xff, 0x62, 0x9f, 0x85, 0xff,
    0x62, 0x9f, 0x85, 0xff, 0x62, 0x9f, 0x85, 0xff, 0x62, 0x9f, 0x85, 0xff, 0x62, 0x9f, 0x85, 0xff,
    0x62, 0x9f, 0x85, 0xff, 0x44, 0x7a, 0x5d, 0xff, 0x44, 0x7a, 0x5d, 0xff, 0x44, 0x7a, 0x5d, 0x36,
    0x00, 0x00, 0x00, 0x00, 0x44, 0x7a, 0x5d, 0xbf, 0x44, 0x7a, 0x5d, 0xff, 0x62, 0x9f, 0x85, 0xff,
    0x62, 0x9f, 0x85, 0xff, 0x62, 0x9f, 0x85, 0xff, 0x62, 0x9f, 0x85, 0xff, 0x62, 0x9f, 0x85, 0xff,
    0x62, 0x9f, 0x85, 0xff, 0x62, 0x9f, 0x85, 0xff, 0x62, 0x9f, 0x85, 0xff, 0x62, 0x9f, 0x85, 0xff,
    0x62, 0x9f, 0x85, 0xff, 0x62, 0x9f, 0x85, 0xff, 0x62, 0x9f, 0x85, 0xff, 0x62, 0x9f, 0x85, 0xff,
    0x62, 0x9f, 0x85, 0xff, 0x62, 0x9f, 0x85, 0xff, 0x62, 0x9f, 0x85, 0xff, 0x62, 0x9f, 0x85, 0xff,
    0x62, 0x9f, 0x85, 0xff, 0x62, 0x9f, 0x85, 0xff, 0x62, 0x9f, 0x85, 0xff, 0x62, 0x9f, 0x85, 0xff,
    0x62, 0x9f, 0x85, 0xff, 0x62, 0x9f, 0x85, 0xff, 0x62, 0x9f, 0x85, 0xff, 0x62, 0x9f, 0x85, 0xff,
    0x62, 0x9f, 0x85, 0xff, 0x62, 0x9f, 0x85, 0xff, 0x62, 0x9f, 0x85, 0xff, 0x62, 0x9f, 0x85, 0xff,
    0x62, 0x9f, 0x85, 0xff, 0x62, 0x9f, 0x85, 0xff, 0x62, 0x9f, 0x85, 0xff, 0x62, 0x9f, 0x85, 0xff,
    0x62, 0x9f, 0x85, 0xff, 0x62, 0x9f, 0x85, 0xff, 0x62, 0x9f, 0x85, 0xff, 0x62, 0x9f, 0x85, 0xff,
    0x62, 0x9f, 0x85, 0xff, 0x62, 0x9f, 0x85, 0xff, 0x62, 0x9f, 0x85, 0xff, 0x62, 0x9f, 0x85, 0xff,
    0x62, 0x9f, 0x85, 0xff, 0x44, 0x7a, 0x5d, 0xff, 0x44, 0x7a, 0x5d, 0xbf, 0x00, 0x00, 0x00, 0x00,
    0x00, 0x00, 0x00, 0x00, 0x44, 0x7a, 0x5d, 0x49, 0x44, 0x7a, 0x5d, 0xff, 0x44, 0x7a, 0x5d, 0xff,
    0x62, 0x9f, 0x85, 0xff, 0x62, 0x9f, 0x85, 0xff, 0x62, 0x9f, 0x85, 0xff, 0x62, 0x9f, 0x85, 0xff,
    0x62, 0x9f, 0x85, 0xff, 0x62, 0x9f, 0x85, 0xff, 0x62, 0x9f, 0x85, 0xff, 0x62, 0x9f, 0x85, 0xff,
    0x62, 0x9f, 0x85, 0xff, 0x62, 0x9f, 0x85, 0xff, 0x62, 0x9f, 0x85, 0xff, 0x62, 0x9f, 0x85, 0xff,
    0x62, 0x9f, 0x85, 0xff, 0x62, 0x9f, 0x85, 0xff, 0x62, 0x9f, 0x85, 0xff, 0x62, 0x9f, 0x85, 0xff,
    0x62, 0x9f, 0x85, 0xff, 0x62, 0x9f, 0x85, 0xff, 0x62, 0x9f, 0x85, 0xff, 0x62, 0x9f, 0x85, 0xff,
    0x62, 0x9f, 0x85, 0xff, 0x62, 0x9f, 0x85, 0xff, 0x62, 0x9f, 0x85, 0xff, 0x62, 0x9f, 0x85, 0xff,
    0x62, 0x9f, 0x85, 0xff, 0x62, 0x9f, 0x85, 0xff, 0x62, 0x9f, 0x85, 0xff, 0x62, 0x9f, 0x85, 0xff,
    0x62, 0x9f, 0x85, 0xff, 0x62, 0x9f, 0x85, 0xff, 0x62, 0x9f, 0x85, 0xff, 0x62, 0x9f, 0x85, 0xff,
    0x62, 0x9f, 0x85, 0xff, 0x62, 0x9f, 0x85, 0xff, 0x62, 0x9f, 0x85, 0xff, 0x62, 0x9f, 0x85, 0xff,
    0x62, 0x9f, 0x85, 0xff, 0x62, 0x9f, 0x85, 0xff, 0x62, 0x9f, 0x85, 0xff, 0x62, 0x9f, 0x85, 0xff,
    0x44, 0x7a, 0x5d, 0xff, 0x44, 0x7a, 0x5d, 0xff, 0x44, 0x7a, 0x5d, 0x49, 0x00, 0x00, 0x00, 0x00,
    0x00, 0x00, 0x00, 0x00, 0x00, 0x00, 0x00, 0x00, 0x44, 0x7a, 0x5d, 0x98, 0x44, 0x7a, 0x5d, 0xff,
    0x44, 0x7a, 0x5d, 0xff, 0x62, 0x9f, 0x85, 0xff, 0x62, 0x9f, 0x85, 0xff, 0x62, 0x9f, 0x85, 0xff,
    0x62, 0x9f, 0x85, 0xff, 0x62, 0x9f, 0x85, 0xff, 0x62, 0x9f, 0x85, 0xff, 0x62, 0x9f, 0x85, 0xff,
    0x62, 0x9f, 0x85, 0xff, 0x62, 0x9f, 0x85, 0xff, 0x62, 0x9f, 0x85, 0xff, 0x62, 0x9f, 0x85, 0xff,
    0x62, 0x9f, 0x85, 0xff, 0x62, 0x9f, 0x85, 0xff, 0x62, 0x9f, 0x85, 0xff, 0x62, 0x9f, 0x85, 0xff,
    0x62, 0x9f, 0x85, 0xff, 0x62, 0x9f, 0x85, 0xff, 0x62, 0x9f, 0x85, 0xff, 0x62, 0x9f, 0x85, 0xff,
    0x62, 0x9f, 0x85, 0xff, 0x62, 0x9f, 0x85, 0xff, 0x62, 0x9f, 0x85, 0xff, 0x62, 0x9f, 0x85, 0xff,
    0x62, 0x9f, 0x85, 0xff, 0x62, 0x9f, 0x85, 0xff, 0x62, 0x9f, 0x85, 0xff, 0x62, 0x9f, 0x85, 0xff,
    0x62, 0x9f, 0x85, 0xff, 0x62, 0x9f, 0x85, 0xff, 0x62, 0x9f, 0x85, 0xff, 0x62, 0x9f, 0x85, 0xff,
    0x62, 0x9f, 0x85, 0xff, 0x62, 0x9f, 0x85, 0xff, 0x62, 0x9f, 0x85, 0xff, 0x62, 0x9f, 0x85, 0xff,
    0x62, 0x9f, 0x85, 0xff, 0x62, 0x9f, 0x85, 0xff, 0x62, 0x9f, 0x85, 0xff, 0x44, 0x7a, 0x5d, 0xff,
    0x44, 0x7a, 0x5d, 0xff, 0x44, 0x7a, 0x5d, 0x98, 0x00, 0x00, 0x00, 0x00, 0x00, 0x00, 0x00, 0x00,
    0x00, 0x00, 0x00, 0x00, 0x00, 0x00, 0x00, 0x00, 0x00, 0x00, 0x00, 0x00, 0x44, 0x7a, 0x5d, 0xbf,
    0x44, 0x7a, 0x5d, 0xff, 0x44, 0x7a, 0x5d, 0xff, 0x62, 0x9f, 0x85, 0xff, 0x62, 0x9f, 0x85, 0xff,
    0x62, 0x9f, 0x85, 0xff, 0x62, 0x9f, 0x85, 0xff, 0x62, 0x9f, 0x85, 0xff, 0x62, 0x9f, 0x85, 0xff,
    0x62, 0x9f, 0x85, 0xff, 0x62, 0x9f, 0x85, 0xff, 0x62, 0x9f, 0x85, 0xff, 0x62, 0x9f, 0x85, 0xff,
    0x62, 0x9f, 0x85, 0xff, 0x62, 0x9f, 0x85, 0xff, 0x62, 0x9f, 0x85, 0xff, 0x62, 0x9f, 0x85, 0xff,
    0x62, 0x9f, 0x85, 0xff, 0x62, 0x9f, 0x85, 0xff, 0x62, 0x9f, 0x85, 0xff, 0x62, 0x9f, 0x85, 0xff,
    0x62, 0x9f, 0x85, 0xff, 0x62, 0x9f, 0x85, 0xff, 0x62, 0x9f, 0x85, 0xff, 0x62, 0x9f, 0x85, 0xff,
    0x62, 0x9f, 0x85, 0xff, 0x62, 0x9f, 0x85, 0xff, 0x62, 0x9f, 0x85, 0xff, 0x62, 0x9f, 0x85, 0xff,
    0x62, 0x9f, 0x85, 0xff, 0x62, 0x9f, 0x85, 0xff, 0x62, 0x9f, 0x85, 0xff, 0x62, 0x9f, 0x85, 0xff,
    0x62, 0x9f, 0x85, 0xff, 0x62, 0x9f, 0x85, 0xff, 0x62, 0x9f, 0x85, 0xff, 0x62, 0x9f, 0x85, 0xff,
    0x62, 0x9f, 0x85, 0xff, 0x62, 0x9f, 0x85, 0xff, 0x44, 0x7a, 0x5d, 0xff, 0x44, 0x7a, 0x5d, 0xff,
    0x44, 0x7a, 0x5d, 0xbf, 0x00, 0x00, 0x00, 0x00, 0x00, 0x00, 0x00, 0x00, 0x00, 0x00, 0x00, 0x00,
    0x00, 0x00, 0x00, 0x00, 0x00, 0x00, 0x00, 0x00, 0x00, 0x00, 0x00, 0x00, 0x44, 0x7a, 0x5d, 0x10,
    0x44, 0x7a, 0x5d, 0xbf, 0x44, 0x7a, 0x5d, 0xff, 0x44, 0x7a, 0x5d, 0xff, 0x62, 0x9f, 0x85, 0xff,
    0x62, 0x9f, 0x85, 0xff, 0x62, 0x9f, 0x85, 0xff, 0x62, 0x9f, 0x85, 0xff, 0x62, 0x9f, 0x85, 0xff,
    0x62, 0x9f, 0x85, 0xff, 0x62, 0x9f, 0x85, 0xff, 0x62, 0x9f, 0x85, 0xff, 0x62, 0x9f, 0x85, 0xff,
    0x62, 0x9f, 0x85, 0xff, 0x62, 0x9f, 0x85, 0xff, 0x62, 0x9f, 0x85, 0xff, 0x62, 0x9f, 0x85, 0xff,
    0x62, 0x9f, 0x85, 0xff, 0x62, 0x9f, 0x85, 0xff, 0x62, 0x9f, 0x85, 0xff, 0x62, 0x9f, 0x85, 0xff,
    0x62, 0x9f, 0x85, 0xff, 0x62, 0x9f, 0x85, 0xff, 0x62, 0x9f, 0x85, 0xff, 0x62, 0x9f, 0x85, 0xff,
    0x62, 0x9f, 0x85, 0xff, 0x62, 0x9f, 0x85, 0xff, 0x62, 0x9f, 0x85, 0xff, 0x62, 0x9f, 0x85, 0xff,
    0x62, 0x9f, 0x85, 0xff, 0x62, 0x9f, 0x85, 0xff, 0x62, 0x9f, 0x85, 0xff, 0x62, 0x9f, 0x85, 0xff,
    0x62, 0x9f, 0x85, 0xff, 0x62, 0x9f, 0x85, 0xff, 0x62, 0x9f, 0x85, 0xff, 0x62, 0x9f, 0x85, 0xff,
    0x62, 0x9f, 0x85, 0xff, 0x44, 0x7a, 0x5d, 0xff, 0x44, 0x7a, 0x5d, 0xff, 0x44, 0x7a, 0x5d, 0xbf,
    0x44, 0x7a, 0x5d, 0x10, 0x00, 0x00, 0x00, 0x00, 0x00, 0x00, 0x00, 0x00, 0x00, 0x00, 0x00, 0x00,
    0x00, 0x00, 0x00, 0x00, 0x00, 0x00, 0x00, 0x00, 0x00, 0x00, 0x00, 0x00, 0x00, 0x00, 0x00, 0x00,
    0x00, 0x00, 0x00, 0x00, 0x44, 0x7a, 0x5d, 0x98, 0x44, 0x7a, 0x5d, 0xff, 0x44, 0x7a, 0x5d, 0xff,
    0x44, 0x7a, 0x5d, 0xff, 0x44, 0x7a, 0x5d, 0xff, 0x62, 0x9f, 0x85, 0xff, 0x62, 0x9f, 0x85, 0xff,
    0x62, 0x9f, 0x85, 0xff, 0x62, 0x9f, 0x85, 0xff, 0x62, 0x9f, 0x85, 0xff, 0x62, 0x9f, 0x85, 0xff,
    0x62, 0x9f, 0x85, 0xff, 0x62, 0x9f, 0x85, 0xff, 0x62, 0x9f, 0x85, 0xff, 0x62, 0x9f, 0x85, 0xff,
    0x62, 0x9f, 0x85, 0xff, 0x62, 0x9f, 0x85, 0xff, 0x62, 0x9f, 0x85, 0xff, 0x62, 0x9f, 0x85, 0xff,
    0x62, 0x9f, 0x85, 0xff, 0x62, 0x9f, 0x85, 0xff, 0x62, 0x9f, 0x85, 0xff, 0x62, 0x9f, 0x85, 0xff,
    0x62, 0x9f, 0x85, 0xff, 0x62, 0x9f, 0x85, 0xff, 0x62, 0x9f, 0x85, 0xff, 0x62, 0x9f, 0x85, 0xff,
    0x62, 0x9f, 0x85, 0xff, 0x62, 0x9f, 0x85, 0xff, 0x62, 0x9f, 0x85, 0xff, 0x62, 0x9f, 0x85, 0xff,
    0x62, 0x9f, 0x85, 0xff, 0x62, 0x9f, 0x85, 0xff, 0x44, 0x7a, 0x5d, 0xff, 0x44, 0x7a, 0x5d, 0xff,
    0x44, 0x7a, 0x5d, 0xff, 0x44, 0x7a, 0x5d, 0xff, 0x44, 0x7a, 0x5d, 0x98, 0x00, 0x00, 0x00, 0x00,
    0x00, 0x00, 0x00, 0x00, 0x00, 0x00, 0x00, 0x00, 0x00, 0x00, 0x00, 0x00, 0x00, 0x00, 0x00, 0x00,
    0x00, 0x00, 0x00, 0x00, 0x00, 0x00, 0x00, 0x00, 0x00, 0x00, 0x00, 0x00, 0x00, 0x00, 0x00, 0x00,
    0x00, 0x00, 0x00, 0x00, 0x00, 0x00, 0x00, 0x00, 0x44, 0x7a, 0x5d, 0x49, 0x44, 0x7a, 0x5d, 0xbf,
    0x44, 0x7a, 0x5d, 0xff, 0x44, 0x7a, 0x5d, 0xff, 0x44, 0x7a, 0x5d, 0xff, 0x44, 0x7a, 0x5d, 0xff,
    0x44, 0x7a, 0x5d, 0xff, 0x44, 0x7a, 0x5d, 0xff, 0x44, 0x7a, 0x5d, 0xff, 0x44, 0x7a, 0x5d, 0xff,
    0x44, 0x7a, 0x5d, 0xff, 0x44, 0x7a, 0x5d, 0xff, 0x44, 0x7a, 0x5d, 0xff, 0x44, 0x7a, 0x5d, 0xff,
    0x44, 0x7a, 0x5d, 0xff, 0x44, 0x7a, 0x5d, 0xff, 0x44, 0x7a, 0x5d, 0xff, 0x44, 0x7a, 0x5d, 0xff,
    0x44, 0x7a, 0x5d, 0xff, 0x44, 0x7a, 0x5d, 0xff, 0x44, 0x7a, 0x5d, 0xff, 0x44, 0x7a, 0x5d, 0xff,
    0x44, 0x7a, 0x5d, 0xff, 0x44, 0x7a, 0x5d, 0xff, 0x44, 0x7a, 0x5d, 0xff, 0x44, 0x7a, 0x5d, 0xff,
    0x44, 0x7a, 0x5d, 0xff, 0x44, 0x7a, 0x5d, 0xff, 0x44, 0x7a, 0x5d, 0xff, 0x44, 0x7a, 0x5d, 0xff,
    0x44, 0x7a, 0x5d, 0xff, 0x44, 0x7a, 0x5d, 0xff, 0x44, 0x7a, 0x5d, 0xff, 0x44, 0x7a, 0x5d, 0xff,
    0x44, 0x7a, 0x5d, 0xbf, 0x44, 0x7a, 0x5d, 0x49, 0x00, 0x00, 0x00, 0x00, 0x00, 0x00, 0x00, 0x00,
    0x00, 0x00, 0x00, 0x00, 0x00, 0x00, 0x00, 0x00, 0x00, 0x00, 0x00, 0x00, 0x00, 0x00, 0x00, 0x00,
    0x00, 0x00, 0x00, 0x00, 0x00, 0x00, 0x00, 0x00, 0x00, 0x00, 0x00, 0x00, 0x00, 0x00, 0x00, 0x00,
    0x00, 0x00, 0x00, 0x00, 0x00, 0x00, 0x00, 0x00, 0x00, 0x00, 0x00, 0x00, 0x00, 0x00, 0x00, 0x00,
    0x44, 0x7a, 0x5d, 0x36, 0x44, 0x7a, 0x5d, 0x84, 0x44, 0x7a, 0x5d, 0xbf, 0x44, 0x7a, 0x5d, 0xe8,
    0x44, 0x7a, 0x5d, 0xfc, 0x44, 0x7a, 0x5d, 0xff, 0x44, 0x7a, 0x5d, 0xff, 0x44, 0x7a, 0x5d, 0xff,
    0x44, 0x7a, 0x5d, 0xff, 0x44, 0x7a, 0x5d, 0xff, 0x44, 0x7a, 0x5d, 0xff, 0x44, 0x7a, 0x5d, 0xff,
    0x44, 0x7a, 0x5d, 0xff, 0x44, 0x7a, 0x5d, 0xff, 0x44, 0x7a, 0x5d, 0xff, 0x44, 0x7a, 0x5d, 0xff,
    0x44, 0x7a, 0x5d, 0xff, 0x44, 0x7a, 0x5d, 0xff, 0x44, 0x7a, 0x5d, 0xff, 0x44, 0x7a, 0x5d, 0xff,
    0x44, 0x7a, 0x5d, 0xff, 0x44, 0x7a, 0x5d, 0xff, 0x44, 0x7a, 0x5d, 0xff, 0x44, 0x7a, 0x5d, 0xff,
    0x44, 0x7a, 0x5d, 0xff, 0x44, 0x7a, 0x5d, 0xff, 0x44, 0x7a, 0x5d, 0xff, 0x44, 0x7a, 0x5d, 0xfc,
    0x44, 0x7a, 0x5d, 0xe8, 0x44, 0x7a, 0x5d, 0xbf, 0x44, 0x7a, 0x5d, 0x84, 0x44, 0x7a, 0x5d, 0x36,
    0x00, 0x00, 0x00, 0x00, 0x00, 0x00, 0x00, 0x00, 0x00, 0x00, 0x00, 0x00, 0x00, 0x00, 0x00, 0x00,
    0x00, 0x00, 0x00, 0x00, 0x00, 0x00, 0x00, 0x00, 0x00, 0x00, 0x00, 0x00, 0x00, 0x00, 0x00, 0x00,
};
static const lv_img_dsc_t pill_toggle_on = {
    .header.always_zero = 0,
    .header.w = 48,
    .header.h = 27,
    .header.cf = LV_IMG_CF_TRUE_COLOR_ALPHA,
    .data_size = sizeof(pill_toggle_on_data),
    .data = pill_toggle_on_data,
};

static const uint8_t pill_toggle_off_focus_data[] = {
    0x00, 0x00, 0x00, 0x00, 0x00, 0x00, 0x00, 0x00, 0x00, 0x00, 0x00, 0x00, 0x00, 0x00, 0x00, 0x00,
    0x00, 0x00, 0x00, 0x00, 0x00, 0x00, 0x00, 0x00, 0x00, 0x00, 0x00, 0x00, 0x00, 0x00, 0x00, 0x00,
    0x80, 0xc0, 0xa7, 0x36, 0x80, 0xc0, 0xa7, 0x84, 0x80, 0xc0, 0xa7, 0xbf, 0x80, 0xc0, 0xa7, 0xe8,
    0x80, 0xc0, 0xa7, 0xfc, 0x80, 0xc0, 0xa7, 0xff, 0x80, 0xc0, 0xa7, 0xff, 0x80, 0xc0, 0xa7, 0xff,
    0x80, 0xc0, 0xa7, 0xff, 0x80, 0xc0, 0xa7, 0xff, 0x80, 0xc0, 0xa7, 0xff, 0x80, 0xc0, 0xa7, 0xff,
    0x80, 0xc0, 0xa7, 0xff, 0x80, 0xc0, 0xa7, 0xff, 0x80, 0xc0, 0xa7, 0xff, 0x80, 0xc0, 0xa7, 0xff,
    0x80, 0xc0, 0xa7, 0xff, 0x80, 0xc0, 0xa7, 0xff, 0x80, 0xc0, 0xa7, 0xff, 0x80, 0xc0, 0xa7, 0xff,
    0x80, 0xc0, 0xa7, 0xff, 0x80, 0xc0, 0xa7, 0xff, 0x80, 0xc0, 0xa7, 0xff, 0x80, 0xc0, 0xa7, 0xff,
    0x80, 0xc0, 0xa7, 0xff, 0x80, 0xc0, 0xa7, 0xff, 0x80, 0xc0, 0xa7, 0xff, 0x80, 0xc0, 0xa7, 0xfc,
    0x80, 0xc0, 0xa7, 0xe8, 0x80, 0xc0, 0xa7, 0xbf, 0x80, 0xc0, 0xa7, 0x84, 0x80, 0xc0, 0xa7, 0x36,
    0x00, 0x00, 0x00, 0x00, 0x00, 0x00, 0x00, 0x00, 0x00, 0x00, 0x00, 0x00, 0x00, 0x00, 0x00, 0x00,
    0x00, 0x00, 0x00, 0x00, 0x00, 0x00, 0x00, 0x00, 0x00, 0x00, 0x00, 0x00, 0x00, 0x00, 0x00, 0x00,
    0x00, 0x00, 0x00, 0x00, 0x00, 0x00, 0x00, 0x00, 0x00, 0x00, 0x00, 0x00, 0x00, 0x00, 0x00, 0x00,
    0x00, 0x00, 0x00, 0x00, 0x00, 0x00, 0x00, 0x00, 0x80, 0xc0, 0xa7, 0x49, 0x80, 0xc0, 0xa7, 0xbf,
    0x80, 0xc0, 0xa7, 0xff, 0x80, 0xc0, 0xa7, 0xff, 0x80, 0xc0, 0xa7, 0xff, 0x80, 0xc0, 0xa7, 0xff,
    0x80, 0xc0, 0xa7, 0xff, 0x80, 0xc0, 0xa7, 0xff, 0x80, 0xc0, 0xa7, 0xff, 0x80, 0xc0, 0xa7, 0xff,
    0x80, 0xc0, 0xa7, 0xff, 0x80, 0xc0, 0xa7, 0xff, 0x80, 0xc0, 0xa7, 0xff, 0x80, 0xc0, 0xa7, 0xff,
    0x80, 0xc0, 0xa7, 0xff, 0x80, 0xc0, 0xa7, 0xff, 0x80, 0xc0, 0xa7, 0xff, 0x80, 0xc0, 0xa7, 0xff,
    0x80, 0xc0, 0xa7, 0xff, 0x80, 0xc0, 0xa7, 0xff, 0x80, 0xc0, 0xa7, 0xff, 0x80, 0xc0, 0xa7, 0xff,
    0x80, 0xc0, 0xa7, 0xff, 0x80, 0xc0, 0xa7, 0xff, 0x80, 0xc0, 0xa7, 0xff, 0x80, 0xc0, 0xa7, 0xff,
    0x80, 0xc0, 0xa7, 0xff, 0x80, 0xc0, 0xa7, 0xff, 0x80, 0xc0, 0xa7, 0xff, 0x80, 0xc0, 0xa7, 0xff,
    0x80, 0xc0, 0xa7, 0xff, 0x80, 0xc0, 0xa7, 0xff, 0x80, 0xc0, 0xa7, 0xff, 0x80, 0xc0, 0xa7, 0xff,
    0x80, 0xc0, 0xa7, 0xbf, 0x80, 0xc0, 0xa7, 0x49, 0x00, 0x00, 0x00, 0x00, 0x00, 0x00, 0x00, 0x00,
    0x00, 0x00, 0x00, 0x00, 0x00, 0x00, 0x00, 0x00, 0x00, 0x00, 0x00, 0x00, 0x00, 0x00, 0x00, 0x00,
    0x00, 0x00, 0x00, 0x00, 0x00, 0x00, 0x00, 0x00, 0x00, 0x00, 0x00, 0x00, 0x00, 0x00, 0x00, 0x00,
    0x00, 0x00, 0x00, 0x00, 0x80, 0xc0, 0xa7, 0x98, 0x80, 0xc0, 0xa7, 0xff, 0x80, 0xc0, 0xa7, 0xff,
    0x80, 0xc0, 0xa7, 0xff, 0x80, 0xc0, 0xa7, 0xff, 0x3c, 0x38, 0x2e, 0xff, 0x3c, 0x38, 0x2e, 0xff,
    0x3c, 0x38, 0x2e, 0xff, 0x3c, 0x38, 0x2e, 0xff, 0x3c, 0x38, 0x2e, 0xff, 0x3c, 0x38, 0x2e, 0xff,
    0x3c, 0x38, 0x2e, 0xff, 0x3c, 0x38, 0x2e, 0xff, 0x3c, 0x38, 0x2e, 0xff, 0x3c, 0x38, 0x2e, 0xff,
    0x3c, 0x38, 0x2e, 0xff, 0x3c, 0x38, 0x2e, 0xff, 0x3c, 0x38, 0x2e, 0xff, 0x3c, 0x38, 0x2e, 0xff,
    0x3c, 0x38, 0x2e, 0xff, 0x3c, 0x38, 0x2e, 0xff, 0x3c, 0x38, 0x2e, 0xff, 0x3c, 0x38, 0x2e, 0xff,
    0x3c, 0x38, 0x2e, 0xff, 0x3c, 0x38, 0x2e, 0xff, 0x3c, 0x38, 0x2e, 0xff, 0x3c, 0x38, 0x2e, 0xff,
    0x3c, 0x38, 0x2e, 0xff, 0x3c, 0x38, 0x2e, 0xff, 0x3c, 0x38, 0x2e, 0xff, 0x3c, 0x38, 0x2e, 0xff,
    0x3c, 0x38, 0x2e, 0xff, 0x3c, 0x38, 0x2e, 0xff, 0x80, 0xc0, 0xa7, 0xff, 0x80, 0xc0, 0xa7, 0xff,
    0x80, 0xc0, 0xa7, 0xff, 0x80, 0xc0, 0xa7, 0xff, 0x80, 0xc0, 0xa7, 0x98, 0x00, 0x00, 0x00, 0x00,
    0x00, 0x00, 0x00, 0x00, 0x00, 0x00, 0x00, 0x00, 0x00, 0x00, 0x00, 0x00, 0x00, 0x00, 0x00, 0x00,
    0x00, 0x00, 0x00, 0x00, 0x00, 0x00, 0x00, 0x00, 0x00, 0x00, 0x00, 0x00, 0x80, 0xc0, 0xa7, 0x10,
    0x80, 0xc0, 0xa7, 0xbf, 0x80, 0xc0, 0xa7, 0xff, 0x80, 0xc0, 0xa7, 0xff, 0x3c, 0x38, 0x2e, 0xff,
    0x3c, 0x38, 0x2e, 0xff, 0x3c, 0x38, 0x2e, 0xff, 0x3c, 0x38, 0x2e, 0xff, 0x3c, 0x38, 0x2e, 0xff,
    0x3c, 0x38, 0x2e, 0xff, 0x3c, 0x38, 0x2e, 0xff, 0x3c, 0x38, 0x2e, 0xff, 0x3c, 0x38, 0x2e, 0xff,
    0x3c, 0x38, 0x2e, 0xff, 0x3c, 0x38, 0x2e, 0xff, 0x3c, 0x38, 0x2e, 0xff, 0x3c, 0x38, 0x2e, 0xff,
    0x3c, 0x38, 0x2e, 0xff, 0x3c, 0x38, 0x2e, 0xff, 0x3c, 0x38, 0x2e, 0xff, 0x3c, 0x38, 0x2e, 0xff,
    0x3c, 0x38, 0x2e, 0xff, 0x3c, 0x38, 0x2e, 0xff, 0x3c, 0x38, 0x2e, 0xff, 0x3c, 0x38, 0x2e, 0xff,
    0x3c, 0x38, 0x2e, 0xff, 0x3c, 0x38, 0x2e, 0xff, 0x3c, 0x38, 0x2e, 0xff, 0x3c, 0x38, 0x2e, 0xff,
    0x3c, 0x38, 0x2e, 0xff, 0x3c, 0x38, 0x2e, 0xff, 0x3c, 0x38, 0x2e, 0xff, 0x3c, 0x38, 0x2e, 0xff,
    0x3c, 0x38, 0x2e, 0xff, 0x3c, 0x38, 0x2e, 0xff, 0x3c, 0x38, 0x2e, 0xff, 0x3c, 0x38, 0x2e, 0xff,
    0x3c, 0x38, 0x2e, 0xff, 0x80, 0xc0, 0xa7, 0xff, 0x80, 0xc0, 0xa7, 0xff, 0x80, 0xc0, 0xa7, 0xbf,
    0x80, 0xc0, 0xa7, 0x10, 0x00, 0x00, 0x00, 0x00, 0x00, 0x00, 0x00, 0x00, 0x00, 0x00, 0x00, 0x00,
    0x00, 0x00, 0x00, 0x00, 0x00, 0x00, 0x00, 0x00, 0x00, 0x00, 0x00, 0x00, 0x80, 0xc0, 0xa7, 0xbf,
    0x80, 0xc0, 0xa7, 0xff, 0x80, 0xc0, 0xa7, 0xff, 0x3c, 0x38, 0x2e, 0xff, 0x3c, 0x38, 0x2e, 0xff,
    0x3c, 0x38, 0x2e, 0xff, 0x3c, 0x38, 0x2e, 0xff, 0x3c, 0x38, 0x2e, 0xff, 0x3c, 0x38, 0x2e, 0xff,
    0x3c, 0x38, 0x2e, 0xff, 0x3c, 0x38, 0x2e, 0xff, 0x3c, 0x38, 0x2e, 0xff, 0x3c, 0x38, 0x2e, 0xff,
    0x3c, 0x38, 0x2e, 0xff, 0x3c, 0x38, 0x2e, 0xff, 0x3c, 0x38, 0x2e, 0xff, 0x3c, 0x38, 0x2e, 0xff,
    0x3c, 0x38, 0x2e, 0xff, 0x3c, 0x38, 0x2e, 0xff, 0x3c, 0x38, 0x2e, 0xff, 0x3c, 0x38, 0x2e, 0xff,
    0x3c, 0x38, 0x2e, 0xff, 0x3c, 0x38, 0x2e, 0xff, 0x3c, 0x38, 0x2e, 0xff, 0x3c, 0x38, 0x2e, 0xff,
    0x3c, 0x38, 0x2e, 0xff, 0x3c, 0x38, 0x2e, 0xff, 0x3c, 0x38, 0x2e, 0xff, 0x3c, 0x38, 0x2e, 0xff,
    0x3c, 0x38, 0x2e, 0xff, 0x3c, 0x38, 0x2e, 0xff, 0x3c, 0x38, 0x2e, 0xff, 0x3c, 0x38, 0x2e, 0xff,
    0x3c, 0x38, 0x2e, 0xff, 0x3c, 0x38, 0x2e, 0xff, 0x3c, 0x38, 0x2e, 0xff, 0x3c, 0x38, 0x2e, 0xff,
    0x3c, 0x38, 0x2e, 0xff, 0x3c, 0x38, 0x2e, 0xff, 0x80, 0xc0, 0xa7, 0xff, 0x80, 0xc0, 0xa7, 0xff,
    0x80, 0xc0, 0xa7, 0xbf, 0x00, 0x00, 0x00, 0x00, 0x00, 0x00, 0x00, 0x00, 0x00, 0x00, 0x00, 0x00,
    0x00, 0x00, 0x00, 0x00, 0x00, 0x00, 0x00, 0x00, 0x80, 0xc0, 0xa7, 0x98, 0x80, 0xc0, 0xa7, 0xff,
    0x80, 0xc0, 0xa7, 0xff, 0x3c, 0x38, 0x2e, 0xff, 0x3c, 0x38, 0x2e, 0xff, 0x3c, 0x38, 0x2e, 0xff,
    0x3c, 0x38, 0x2e, 0xff, 0x3c, 0x38, 0x2e, 0xff, 0x3c, 0x38, 0x2e, 0xff, 0x3c, 0x38, 0x2e, 0xff,
    0x3c, 0x38, 0x2e, 0xff, 0x3c, 0x38, 0x2e, 0xff, 0x3c, 0x38, 0x2e, 0xff, 0x3c, 0x38, 0x2e, 0xff,
    0x3c, 0x38, 0x2e, 0xff, 0x3c, 0x38, 0x2e, 0xff, 0x3c, 0x38, 0x2e, 0xff, 0x3c, 0x38, 0x2e, 0xff,
    0x3c, 0x38, 0x2e, 0xff, 0x3c, 0x38, 0x2e, 0xff, 0x3c, 0x38, 0x2e, 0xff, 0x3c, 0x38, 0x2e, 0xff,
    0x3c, 0x38, 0x2e, 0xff, 0x3c, 0x38, 0x2e, 0xff, 0x3c, 0x38, 0x2e, 0xff, 0x3c, 0x38, 0x2e, 0xff,
    0x3c, 0x38, 0x2e, 0xff, 0x3c, 0x38, 0x2e, 0xff, 0x3c, 0x38, 0x2e, 0xff, 0x3c, 0x38, 0x2e, 0xff,
    0x3c, 0x38, 0x2e, 0xff, 0x3c, 0x38, 0x2e, 0xff, 0x3c, 0x38, 0x2e, 0xff, 0x3c, 0x38, 0x2e, 0xff,
    0x3c, 0x38, 0x2e, 0xff, 0x3c, 0x38, 0x2e, 0xff, 0x3c, 0x38, 0x2e, 0xff, 0x3c, 0x38, 0x2e, 0xff,
    0x3c, 0x38, 0x2e, 0xff, 0x3c, 0x38, 0x2e, 0xff, 0x3c, 0x38, 0x2e, 0xff, 0x80, 0xc0, 0xa7, 0xff,
    0x80, 0xc0, 0xa7, 0xff, 0x80, 0xc0, 0xa7, 0x98, 0x00, 0x00, 0x00, 0x00, 0x00, 0x00, 0x00, 0x00,
    0x00, 0x00, 0x00, 0x00, 0x80, 0xc0, 0xa7, 0x49, 0x80, 0xc0, 0xa7, 0xff, 0x80, 0xc0, 0xa7, 0xff,
    0x3c, 0x38, 0x2e, 0xff, 0x3c, 0x38, 0x2e, 0xff, 0x3c, 0x38, 0x2e, 0xff, 0x3c, 0x38, 0x2e, 0xff,
    0x3c, 0x38, 0x2e, 0xff, 0x3c, 0x38, 0x2e, 0xff, 0x3c, 0x38, 0x2e, 0xff, 0x3c, 0x38, 0x2e, 0xff,
    0x3c, 0x38, 0x2e, 0xff, 0x3c, 0x38, 0x2e, 0xff, 0x3c, 0x38, 0x2e, 0xff, 0x3c, 0x38, 0x2e, 0xff,
    0x3c, 0x38, 0x2e, 0xff, 0x3c, 0x38, 0x2e, 0xff, 0x3c, 0x38, 0x2e, 0xff, 0x3c, 0x38, 0x2e, 0xff,
    0x3c, 0x38, 0x2e, 0xff, 0x3c, 0x38, 0x2e, 0xff, 0x3c, 0x38, 0x2e, 0xff, 0x3c, 0x38, 0x2e, 0xff,
    0x3c, 0x38, 0x2e, 0xff, 0x3c, 0x38, 0x2e, 0xff, 0x3c, 0x38, 0x2e, 0xff, 0x3c, 0x38, 0x2e, 0xff,
    0x3c, 0x38, 0x2e, 0xff, 0x3c, 0x38, 0x2e, 0xff, 0x3c, 0x38, 0x2e, 0xff, 0x3c, 0x38, 0x2e, 0xff,
    0x3c, 0x38, 0x2e, 0xff, 0x3c, 0x38, 0x2e, 0xff, 0x3c, 0x38, 0x2e, 0xff, 0x3c, 0x38, 0x2e, 0xff,
    0x3c, 0x38, 0x2e, 0xff, 0x3c, 0x38, 0x2e, 0xff, 0x3c, 0x38, 0x2e, 0xff, 0x3c, 0x38, 0x2e, 0xff,
    0x3c, 0x38, 0x2e, 0xff, 0x3c, 0x38, 0x2e, 0xff, 0x3c, 0x38, 0x2e, 0xff, 0x3c, 0x38, 0x2e, 0xff,
    0x80, 0xc0, 0xa7, 0xff, 0x80, 0xc0, 0xa7, 0xff, 0x80, 0xc0, 0xa7, 0x49, 0x00, 0x00, 0x00, 0x00,
    0x00, 0x00, 0x00, 0x00, 0x80, 0xc0, 0xa7, 0xbf, 0x80, 0xc0, 0xa7, 0xff, 0x3c, 0x38, 0x2e, 0xff,
    0x3c, 0x38, 0x2e, 0xff, 0x3c, 0x38, 0x2e, 0xff, 0x3c, 0x38, 0x2e, 0xff, 0x3c, 0x38, 0x2e, 0xff,
    0x3c, 0x38, 0x2e, 0xff, 0x3c, 0x38, 0x2e, 0xff, 0x3c, 0x38, 0x2e, 0xff, 0x3c, 0x38, 0x2e, 0xff,
    0x3c, 0x38, 0x2e, 0xff, 0x3c, 0x38, 0x2e, 0xff, 0x3c, 0x38, 0x2e, 0xff, 0x3c, 0x38, 0x2e, 0xff,
    0x3c, 0x38, 0x2e, 0xff, 0x3c, 0x38, 0x2e, 0xff, 0x3c, 0x38, 0x2e, 0xff, 0x3c, 0x38, 0x2e, 0xff,
    0x3c, 0x38, 0x2e, 0xff, 0x3c, 0x38, 0x2e, 0xff, 0x3c, 0x38, 0x2e, 0xff, 0x3c, 0x38, 0x2e, 0xff,
    0x3c, 0x38, 0x2e, 0xff, 0x3c, 0x38, 0x2e, 0xff, 0x3c, 0x38, 0x2e, 0xff, 0x3c, 0x38, 0x2e, 0xff,
    0x3c, 0x38, 0x2e, 0xff, 0x3c, 0x38, 0x2e, 0xff, 0x3c, 0x38, 0x2e, 0xff, 0x3c, 0x38, 0x2e, 0xff,
    0x3c, 0x38, 0x2e, 0xff, 0x3c, 0x38, 0x2e, 0xff, 0x3c, 0x38, 0x2e, 0xff, 0x3c, 0x38, 0x2e, 0xff,
    0x3c, 0x38, 0x2e, 0xff, 0x3c, 0x38, 0x2e, 0xff, 0x3c, 0x38, 0x2e, 0xff, 0x3c, 0x38, 0x2e, 0xff,
    0x3c, 0x38, 0x2e, 0xff, 0x3c, 0x38, 0x2e, 0xff, 0x3c, 0x38, 0x2e, 0xff, 0x3c, 0x38, 0x2e, 0xff,
    0x3c, 0x38, 0x2e, 0xff, 0x80, 0xc0, 0xa7, 0xff, 0x80, 0xc0, 0xa7, 0xbf, 0x00, 0x00, 0x00, 0x00,
    0x80, 0xc0, 0xa7, 0x36, 0x80, 0xc0, 0xa7, 0xff, 0x80, 0xc0, 0xa7, 0xff, 0x3c, 0x38, 0x2e, 0xff,
    0x3c, 0x38, 0x2e, 0xff, 0x3c, 0x38, 0x2e, 0xff, 0x3c, 0x38, 0x2e, 0xff, 0x3c, 0x38, 0x2e, 0xff,
    0x3c, 0x38, 0x2e, 0xff, 0x3c, 0x38, 0x2e, 0xff, 0x3c, 0x38, 0x2e, 0xff, 0x3c, 0x38, 0x2e, 0xff,
    0x3c, 0x38, 0x2e, 0xff, 0x3c, 0x38, 0x2e, 0xff, 0x3c, 0x38, 0x2e, 0xff, 0x3c, 0x38, 0x2e, 0xff,
    0x3c, 0x38, 0x2e, 0xff, 0x3c, 0x38, 0x2e, 0xff, 0x3c, 0x38, 0x2e, 0xff, 0x3c, 0x38, 0x2e, 0xff,
    0x3c, 0x38, 0x2e, 0xff, 0x3c, 0x38, 0x2e, 0xff, 0x3c, 0x38, 0x2e, 0xff, 0x3c, 0x38, 0x2e, 0xff,
    0x3c, 0x38, 0x2e, 0xff, 0x3c, 0x38, 0x2e, 0xff, 0x3c, 0x38, 0x2e, 0xff, 0x3c, 0x38, 0x2e, 0xff,
    0x3c, 0x38, 0x2e, 0xff, 0x3c, 0x38, 0x2e, 0xff, 0x3c, 0x38, 0x2e, 0xff, 0x3c, 0x38, 0x2e, 0xff,
    0x3c, 0x38, 0x2e, 0xff, 0x3c, 0x38, 0x2e, 0xff, 0x3c, 0x38, 0x2e, 0xff, 0x3c, 0x38, 0x2e, 0xff,
    0x3c, 0x38, 0x2e, 0xff, 0x3c, 0x38, 0x2e, 0xff, 0x3c, 0x38, 0x2e, 0xff, 0x3c, 0x38, 0x2e, 0xff,
    0x3c, 0x38, 0x2e, 0xff, 0x3c, 0x38, 0x2e, 0xff, 0x3c, 0x38, 0x2e, 0xff, 0x3c, 0x38, 0x2e, 0xff,
    0x3c, 0x38, 0x2e, 0xff, 0x80, 0xc0, 0xa7, 0xff, 0x80, 0xc0, 0xa7, 0xff, 0x80, 0xc0, 0xa7, 0x36,
    0x80, 0xc0, 0xa7, 0x84, 0x80, 0xc0, 0xa7, 0xff, 0x80, 0xc0, 0xa7, 0xff, 0x3c, 0x38, 0x2e, 0xff,
    0x3c, 0x38, 0x2e, 0xff, 0x3c, 0x38, 0x2e, 0xff, 0x3c, 0x38, 0x2e, 0xff, 0x3c, 0x38, 0x2e, 0xff,
    0x3c, 0x38, 0x2e, 0xff, 0x3c, 0x38, 0x2e, 0xff, 0x3c, 0x38, 0x2e, 0xff, 0x3c, 0x38, 0x2e, 0xff,
    0x3c, 0x38, 0x2e, 0xff, 0x3c, 0x38, 0x2e, 0xff, 0x3c, 0x38, 0x2e, 0xff, 0x3c, 0x38, 0x2e, 0xff,
    0x3c, 0x38, 0x2e, 0xff, 0x3c, 0x38, 0x2e, 0xff, 0x3c, 0x38, 0x2e, 0xff, 0x3c, 0x38, 0x2e, 0xff,
    0x3c, 0x38, 0x2e, 0xff, 0x3c, 0x38, 0x2e, 0xff, 0x3c, 0x38, 0x2e, 0xff, 0x3c, 0x38, 0x2e, 0xff,
    0x3c, 0x38, 0x2e, 0xff, 0x3c, 0x38, 0x2e, 0xff, 0x3c, 0x38, 0x2e, 0xff, 0x3c, 0x38, 0x2e, 0xff,
    0x3c, 0x38, 0x2e, 0xff, 0x3c, 0x38, 0x2e, 0xff, 0x3c, 0x38, 0x2e, 0xff, 0x3c, 0x38, 0x2e, 0xff,
    0x3c, 0x38, 0x2e, 0xff, 0x3c, 0x38, 0x2e, 0xff, 0x3c, 0x38, 0x2e, 0xff, 0x3c, 0x38, 0x2e, 0xff,
    0x3c, 0x38, 0x2e, 0xff, 0x3c, 0x38, 0x2e, 0xff, 0x3c, 0x38, 0x2e, 0xff, 0x3c, 0x38, 0x2e, 0xff,
    0x3c, 0x38, 0x2e, 0xff, 0x3c, 0x38, 0x2e, 0xff, 0x3c, 0x38, 0x2e, 0xff, 0x3c, 0x38, 0x2e, 0xff,
    0x3c, 0x38, 0x2e, 0xff, 0x80, 0xc0, 0xa7, 0xff, 0x80, 0xc0, 0xa7, 0xff, 0x80, 0xc0, 0xa7, 0x84,
    0x80, 0xc0, 0xa7, 0xbf, 0x80, 0xc0, 0xa7, 0xff, 0x3c, 0x38, 0x2e, 0xff, 0x3c, 0x38, 0x2e, 0xff,
    0x3c, 0x38, 0x2e, 0xff, 0x3c, 0x38, 0x2e, 0xff, 0x3c, 0x38, 0x2e, 0xff, 0x3c, 0x38, 0x2e, 0xff,
    0x3c, 0x38, 0x2e, 0xff, 0x3c, 0x38, 0x2e, 0xff, 0x3c, 0x38, 0x2e, 0xff, 0x3c, 0x38, 0x2e, 0xff,
    0x3c, 0x38, 0x2e, 0xff, 0x3c, 0x38, 0x2e, 0xff, 0x3c, 0x38, 0x2e, 0xff, 0x3c, 0x38, 0x2e, 0xff,
    0x3c, 0x38, 0x2e, 0xff, 0x3c, 0x38, 0x2e, 0xff, 0x3c, 0x38, 0x2e, 0xff, 0x3c, 0x38, 0x2e, 0xff,
    0x3c, 0x38, 0x2e, 0xff, 0x3c, 0x38, 0x2e, 0xff, 0x3c, 0x38, 0x2e, 0xff, 0x3c, 0x38, 0x2e, 0xff,
    0x3c, 0x38, 0x2e, 0xff, 0x3c, 0x38, 0x2e, 0xff, 0x3c, 0x38, 0x2e, 0xff, 0x3c, 0x38, 0x2e, 0xff,
    0x3c, 0x38, 0x2e, 0xff, 0x3c, 0x38, 0x2e, 0xff, 0x3c, 0x38, 0x2e, 0xff, 0x3c, 0x38, 0x2e, 0xff,
    0x3c, 0x38, 0x2e, 0xff, 0x3c, 0x38, 0x2e, 0xff, 0x3c, 0x38, 0x2e, 0xff, 0x3c, 0x38, 0x2e, 0xff,
    0x3c, 0x38, 0x2e, 0xff, 0x3c, 0x38, 0x2e, 0xff, 0x3c, 0x38, 0x2e, 0xff, 0x3c, 0x38, 0x2e, 0xff,
    0x3c, 0x38, 0x2e, 0xff, 0x3c, 0x38, 0x2e, 0xff, 0x3c, 0x38, 0x2e, 0xff, 0x3c, 0x38, 0x2e, 0xff,
    0x3c, 0x38, 0x2e, 0xff, 0x3c, 0x38, 0x2e, 0xff, 0x80, 0xc0, 0xa7, 0xff, 0x80, 0xc0, 0xa7, 0xbf,
    0x80, 0xc0, 0xa7, 0xe8, 0x80, 0xc0, 0xa7, 0xff, 0x3c, 0x38, 0x2e, 0xff, 0x3c, 0x38, 0x2e, 0xff,
    0x3c, 0x38, 0x2e, 0xff, 0x3c, 0x38, 0x2e, 0xff, 0x3c, 0x38, 0x2e, 0xff, 0x3c, 0x38, 0x2e, 0xff,
    0x3c, 0x38, 0x2e, 0xff, 0x3c, 0x38, 0x2e, 0xff, 0x3c, 0x38, 0x2e, 0xff, 0x3c, 0x38, 0x2e, 0xff,
    0x3c, 0x38, 0x2e, 0xff, 0x3c, 0x38, 0x2e, 0xff, 0x3c, 0x38, 0x2e, 0xff, 0x3c, 0x38, 0x2e, 0xff,
    0x3c, 0x38, 0x2e, 0xff, 0x3c, 0x38, 0x2e, 0xff, 0x3c, 0x38, 0x2e, 0xff, 0x3c, 0x38, 0x2e, 0xff,
    0x3c, 0x38, 0x2e, 0xff, 0x3c, 0x38, 0x2e, 0xff, 0x3c, 0x38, 0x2e, 0xff, 0x3c, 0x38, 0x2e, 0xff,
    0x3c, 0x38, 0x2e, 0xff, 0x3c, 0x38, 0x2e, 0xff, 0x3c, 0x38, 0x2e, 0xff, 0x3c, 0x38, 0x2e, 0xff,
    0x3c, 0x38, 0x2e, 0xff, 0x3c, 0x38, 0x2e, 0xff, 0x3c, 0x38, 0x2e, 0xff, 0x3c, 0x38, 0x2e, 0xff,
    0x3c, 0x38, 0x2e, 0xff, 0x3c, 0x38, 0x2e, 0xff, 0x3c, 0x38, 0x2e, 0xff, 0x3c, 0x38, 0x2e, 0xff,
    0x3c, 0x38, 0x2e, 0xff, 0x3c, 0x38, 0x2e, 0xff, 0x3c, 0x38, 0x2e, 0xff, 0x3c, 0x38, 0x2e, 0xff,
    0x3c, 0x38, 0x2e, 0xff, 0x3c, 0x38, 0x2e, 0xff, 0x3c, 0x38, 0x2e, 0xff, 0x3c, 0x38, 0x2e, 0xff,
    0x3c, 0x38, 0x2e, 0xff, 0x3c, 0x38, 0x2e, 0xff, 0x80, 0xc0, 0xa7, 0xff, 0x80, 0xc0, 0xa7, 0xe8,
    0x80, 0xc0, 0xa7, 0xfc, 0x80, 0xc0, 0xa7, 0xff, 0x3c, 0x38, 0x2e, 0xff, 0x3c, 0x38, 0x2e, 0xff,
    0x3c, 0x38, 0x2e, 0xff, 0x3c, 0x38, 0x2e, 0xff, 0x3c, 0x38, 0x2e, 0xff, 0x3c, 0x38, 0x2e, 0xff,
    0x3c, 0x38, 0x2e, 0xff, 0x3c, 0x38, 0x2e, 0xff, 0x3c, 0x38, 0x2e, 0xff, 0x3c, 0x38, 0x2e, 0xff,
    0x3c, 0x38, 0x2e, 0xff, 0x3c, 0x38, 0x2e, 0xff, 0x3c, 0x38, 0x2e, 0xff, 0x3c, 0x38, 0x2e, 0xff,
    0x3c, 0x38, 0x2e, 0xff, 0x3c, 0x38, 0x2e, 0xff, 0x3c, 0x38, 0x2e, 0xff, 0x3c, 0x38, 0x2e, 0xff,
    0x3c, 0x38, 0x2e, 0xff, 0x3c, 0x38, 0x2e, 0xff, 0x3c, 0x38, 0x2e, 0xff, 0x3c, 0x38, 0x2e, 0xff,
    0x3c, 0x38, 0x2e, 0xff, 0x3c, 0x38, 0x2e, 0xff, 0x3c, 0x38, 0x2e, 0xff, 0x3c, 0x38, 0x2e, 0xff,
    0x3c, 0x38, 0x2e, 0xff, 0x3c, 0x38, 0x2e, 0xff, 0x3c, 0x38, 0x2e, 0xff, 0x3c, 0x38, 0x2e, 0xff,
    0x3c, 0x38, 0x2e, 0xff, 0x3c, 0x38, 0x2e, 0xff, 0x3c, 0x38, 0x2e, 0xff, 0x3c, 0x38, 0x2e, 0xff,
    0x3c, 0x38, 0x2e, 0xff, 0x3c, 0x38, 0x2e, 0xff, 0x3c, 0x38, 0x2e, 0xff, 0x3c, 0x38, 0x2e, 0xff,
    0x3c, 0x38, 0x2e, 0xff, 0x3c, 0x38, 0x2e, 0xff, 0x3c, 0x38, 0x2e, 0xff, 0x3c, 0x38, 0x2e, 0xff,
    0x3c, 0x38, 0x2e, 0xff, 0x3c, 0x38, 0x2e, 0xff, 0x80, 0xc0, 0xa7, 0xff, 0x80, 0xc0, 0xa7, 0xfc,
    0x80, 0xc0, 0xa7, 0xff, 0x80, 0xc0, 0xa7, 0xff, 0x3c, 0x38, 0x2e, 0xff, 0x3c, 0x38, 0x2e, 0xff,
    0x3c, 0x38, 0x2e, 0xff, 0x3c, 0x38, 0x2e, 0xff, 0x3c, 0x38, 0x2e, 0xff, 0x3c, 0x38, 0x2e, 0xff,
    0x3c, 0x38, 0x2e, 0xff, 0x3c, 0x38, 0x2e, 0xff, 0x3c, 0x38, 0x2e, 0xff, 0x3c, 0x38, 0x2e, 0xff,
    0x3c, 0x38, 0x2e, 0xff, 0x3c, 0x38, 0x2e, 0xff, 0x3c, 0x38, 0x2e, 0xff, 0x3c, 0x38, 0x2e, 0xff,
    0x3c, 0x38, 0x2e, 0xff, 0x3c, 0x38, 0x2e, 0xff, 0x3c, 0x38, 0x2e, 0xff, 0x3c, 0x38, 0x2e, 0xff,
    0x3c, 0x38, 0x2e, 0xff, 0x3c, 0x38, 0x2e, 0xff, 0x3c, 0x38, 0x2e, 0xff, 0x3c, 0x38, 0x2e, 0xff,
    0x3c, 0x38, 0x2e, 0xff, 0x3c, 0x38, 0x2e, 0xff, 0x3c, 0x38, 0x2e, 0xff, 0x3c, 0x38, 0x2e, 0xff,
    0x3c, 0x38, 0x2e, 0xff, 0x3c, 0x38, 0x2e, 0xff, 0x3c, 0x38, 0x2e, 0xff, 0x3c, 0x38, 0x2e, 0xff,
    0x3c, 0x38, 0x2e, 0xff, 0x3c, 0x38, 0x2e, 0xff, 0x3c, 0x38, 0x2e, 0xff, 0x3c, 0x38, 0x2e, 0xff,
    0x3c, 0x38, 0x2e, 0xff, 0x3c, 0x38, 0x2e, 0xff, 0x3c, 0x38, 0x2e, 0xff, 0x3c, 0x38, 0x2e, 0xff,
    0x3c, 0x38, 0x2e, 0xff, 0x3c, 0x38, 0x2e, 0xff, 0x3c, 0x38, 0x2e, 0xff, 0x3c, 0x38, 0x2e, 0xff,
    0x3c, 0x38, 0x2e, 0xff, 0x3c, 0x38, 0x2e, 0xff, 0x80, 0xc0, 0xa7, 0xff, 0x80, 0xc0, 0xa7, 0xff,
    0x80, 0xc0, 0xa7, 0xfc, 0x80, 0xc0, 0xa7, 0xff, 0x3c, 0x38, 0x2e, 0xff, 0x3c, 0x38, 0x2e, 0xff,
    0x3c, 0x38, 0x2e, 0xff, 0x3c, 0x38, 0x2e, 0xff, 0x3c, 0x38, 0x2e, 0xff, 0x3c, 0x38, 0x2e, 0xff,
    0x3c, 0x38, 0x2e, 0xff, 0x3c, 0x38, 0x2e, 0xff, 0x3c, 0x38, 0x2e, 0xff, 0x3c, 0x38, 0x2e, 0xff,
    0x3c, 0x38, 0x2e, 0xff, 0x3c, 0x38, 0x2e, 0xff, 0x3c, 0x38, 0x2e, 0xff, 0x3c, 0x38, 0x2e, 0xff,
    0x3c, 0x38, 0x2e, 0xff, 0x3c, 0x38, 0x2e, 0xff, 0x3c, 0x38, 0x2e, 0xff, 0x3c, 0x38, 0x2e, 0xff,
    0x3c, 0x38, 0x2e, 0xff, 0x3c, 0x38, 0x2e, 0xff, 0x3c, 0x38, 0x2e, 0xff, 0x3c, 0x38, 0x2e, 0xff,
    0x3c, 0x38, 0x2e, 0xff, 0x3c, 0x38, 0x2e, 0xff, 0x3c, 0x38, 0x2e, 0xff, 0x3c, 0x38, 0x2e, 0xff,
    0x3c, 0x38, 0x2e, 0xff, 0x3c, 0x38, 0x2e, 0xff, 0x3c, 0x38, 0x2e, 0xff, 0x3c, 0x38, 0x2e, 0xff,
    0x3c, 0x38, 0x2e, 0xff, 0x3c, 0x38, 0x2e, 0xff, 0x3c, 0x38, 0x2e, 0xff, 0x3c, 0x38, 0x2e, 0xff,
    0x3c, 0x38, 0x2e, 0xff, 0x3c, 0x38, 0x2e, 0xff, 0x3c, 0x38, 0x2e, 0xff, 0x3c, 0x38, 0x2e, 0xff,
    0x3c, 0x38, 0x2e, 0xff, 0x3c, 0x38, 0x2e, 0xff, 0x3c, 0x38, 0x2e, 0xff, 0x3c, 0x38, 0x2e, 0xff,
    0x3c, 0x38, 0x2e, 0xff, 0x3c, 0x38, 0x2e, 0xff, 0x80, 0xc0, 0xa7, 0xff, 0x80, 0xc0, 0xa7, 0xfc,
    0x80, 0xc0, 0xa7, 0xe8, 0x80, 0xc0, 0xa7, 0xff, 0x3c, 0x38, 0x2e, 0xff, 0x3c, 0x38, 0x2e, 0xff,
    0x3c, 0x38, 0x2e, 0xff, 0x3c, 0x38, 0x2e, 0xff, 0x3c, 0x38, 0x2e, 0xff, 0x3c, 0x38, 0x2e, 0xff,
    0x3c, 0x38, 0x2e, 0xff, 0x3c, 0x38, 0x2e, 0xff, 0x3c, 0x38, 0x2e, 0xff, 0x3c, 0x38, 0x2e, 0xff,
    0x3c, 0x38, 0x2e, 0xff, 0x3c, 0x38, 0x2e, 0xff, 0x3c, 0x38, 0x2e, 0xff, 0x3c, 0x38, 0x2e, 0xff,
    0x3c, 0x38, 0x2e, 0xff, 0x3c, 0x38, 0x2e, 0xff, 0x3c, 0x38, 0x2e, 0xff, 0x3c, 0x38, 0x2e, 0xff,
    0x3c, 0x38, 0x2e, 0xff, 0x3c, 0x38, 0x2e, 0xff, 0x3c, 0x38, 0x2e, 0xff, 0x3c, 0x38, 0x2e, 0xff,
    0x3c, 0x38, 0x2e, 0xff, 0x3c, 0x38, 0x2e, 0xff, 0x3c, 0x38, 0x2e, 0xff, 0x3c, 0x38, 0x2e, 0xff,
    0x3c, 0x38, 0x2e, 0xff, 0x3c, 0x38, 0x2e, 0xff, 0x3c, 0x38, 0x2e, 0xff, 0x3c, 0x38, 0x2e, 0xff,
    0x3c, 0x38, 0x2e, 0xff, 0x3c, 0x38, 0x2e, 0xff, 0x3c, 0x38, 0x2e, 0xff, 0x3c, 0x38, 0x2e, 0xff,
    0x3c, 0x38, 0x2e, 0xff, 0x3c, 0x38, 0x2e, 0xff, 0x3c, 0x38, 0x2e, 0xff, 0x3c, 0x38, 0x2e, 0xff,
    0x3c, 0x38, 0x2e, 0xff, 0x3c, 0x38, 0x2e, 0xff, 0x3c, 0x38, 0x2e, 0xff, 0x3c, 0x38, 0x2e, 0xff,
    0x3c, 0x38, 0x2e, 0xff, 0x3c, 0x38, 0x2e, 0xff, 0x80, 0xc0, 0xa7, 0xff, 0x80, 0xc0, 0xa7, 0xe8,
    0x80, 0xc0, 0xa7, 0xbf, 0x80, 0xc0, 0xa7, 0xff, 0x3c, 0x38, 0x2e, 0xff, 0x3c, 0x38, 0x2e, 0xff,
    0x3c, 0x38, 0x2e, 0xff, 0x3c, 0x38, 0x2e, 0xff, 0x3c, 0x38, 0x2e, 0xff, 0x3c, 0x38, 0x2e, 0xff,
    0x3c, 0x38, 0x2e, 0xff, 0x3c, 0x38, 0x2e, 0xff, 0x3c, 0x38, 0x2e, 0xff, 0x3c, 0x38, 0x2e, 0xff,
    0x3c, 0x38, 0x2e, 0xff, 0x3c, 0x38, 0x2e, 0xff, 0x3c, 0x38, 0x2e, 0xff, 0x3c, 0x38, 0x2e, 0xff,
    0x3c, 0x38, 0x2e, 0xff, 0x3c, 0x38, 0x2e, 0xff, 0x3c, 0x38, 0x2e, 0xff, 0x3c, 0x38, 0x2e, 0xff,
    0x3c, 0x38, 0x2e, 0xff, 0x3c, 0x38, 0x2e, 0xff, 0x3c, 0x38, 0x2e, 0xff, 0x3c, 0x38, 0x2e, 0xff,
    0x3c, 0x38, 0x2e, 0xff, 0x3c, 0x38, 0x2e, 0xff, 0x3c, 0x38, 0x2e, 0xff, 0x3c, 0x38, 0x2e, 0xff,
    0x3c, 0x38, 0x2e, 0xff, 0x3c, 0x38, 0x2e, 0xff, 0x3c, 0x38, 0x2e, 0xff, 0x3c, 0x38, 0x2e, 0xff,
    0x3c, 0x38, 0x2e, 0xff, 0x3c, 0x38, 0x2e, 0xff, 0x3c, 0x38, 0x2e, 0xff, 0x3c, 0x38, 0x2e, 0xff,
    0x3c, 0x38, 0x2e, 0xff, 0x3c, 0x38, 0x2e, 0xff, 0x3c, 0x38, 0x2e, 0xff, 0x3c, 0x38, 0x2e, 0xff,
    0x3c, 0x38, 0x2e, 0xff, 0x3c, 0x38, 0x2e, 0xff, 0x3c, 0x38, 0x2e, 0xff, 0x3c, 0x38, 0x2e, 0xff,
    0x3c, 0x38, 0x2e, 0xff, 0x3c, 0x38, 0x2e, 0xff, 0x80, 0xc0, 0xa7, 0xff, 0x80, 0xc0, 0xa7, 0xbf,
    0x80, 0xc0, 0xa7, 0x84, 0x80, 0xc0, 0xa7, 0xff, 0x80, 0xc0, 0xa7, 0xff, 0x3c, 0x38, 0x2e, 0xff,
    0x3c, 0x38, 0x2e, 0xff, 0x3c, 0x38, 0x2e, 0xff, 0x3c, 0x38, 0x2e, 0xff, 0x3c, 0x38, 0x2e, 0xff,
    0x3c, 0x38, 0x2e, 0xff, 0x3c, 0x38, 0x2e, 0xff, 0x3c, 0x38, 0x2e, 0xff, 0x3c, 0x38, 0x2e, 0xff,
    0x3c, 0x38, 0x2e, 0xff, 0x3c, 0x38, 0x2e, 0xff, 0x3c, 0x38, 0x2e, 0xff, 0x3c, 0x38, 0x2e, 0xff,
    0x3c, 0x38, 0x2e, 0xff, 0x3c, 0x38, 0x2e, 0xff, 0x3c, 0x38, 0x2e, 0xff, 0x3c, 0x38, 0x2e, 0xff,
    0x3c, 0x38, 0x2e, 0xff, 0x3c, 0x38, 0x2e, 0xff, 0x3c, 0x38, 0x2e, 0xff, 0x3c, 0x38, 0x2e, 0xff,
    0x3c, 0x38, 0x2e, 0xff, 0x3c, 0x38, 0x2e, 0xff, 0x3c, 0x38, 0x2e, 0xff, 0x3c, 0x38, 0x2e, 0xff,
    0x3c, 0x38, 0x2e, 0xff, 0x3c, 0x38, 0x2e, 0xff, 0x3c, 0x38, 0x2e, 0xff, 0x3c, 0x38, 0x2e, 0xff,
    0x3c, 0x38, 0x2e, 0xff, 0x3c, 0x38, 0x2e, 0xff, 0x3c, 0x38, 0x2e, 0xff, 0x3c, 0x38, 0x2e, 0xff,
    0x3c, 0x38, 0x2e, 0xff, 0x3c, 0x38, 0x2e, 0xff, 0x3c, 0x38, 0x2e, 0xff, 0x3c, 0x38, 0x2e, 0xff,
    0x3c, 0x38, 0x2e, 0xff, 0x3c, 0x38, 0x2e, 0xff, 0x3c, 0x38, 0x2e, 0xff, 0x3c, 0x38, 0x2e, 0xff,
    0x3c, 0x38, 0x2e, 0xff, 0x80, 0xc0, 0xa7, 0xff, 0x80, 0xc0, 0xa7, 0xff, 0x80, 0xc0, 0xa7, 0x84,
    0x80, 0xc0, 0xa7, 0x36, 0x80, 0xc0, 0xa7, 0xff, 0x80, 0xc0, 0xa7, 0xff, 0x3c, 0x38, 0x2e, 0xff,
    0x3c, 0x38, 0x2e, 0xff, 0x3c, 0x38, 0x2e, 0xff, 0x3c, 0x38, 0x2e, 0xff, 0x3c, 0x38, 0x2e, 0xff,
    0x3c, 0x38, 0x2e, 0xff, 0x3c, 0x38, 0x2e, 0xff, 0x3c, 0x38, 0x2e, 0xff, 0x3c, 0x38, 0x2e, 0xff,
    0x3c, 0x38, 0x2e, 0xff, 0x3c, 0x38, 0x2e, 0xff, 0x3c, 0x38, 0x2e, 0xff, 0x3c, 0x38, 0x2e, 0xff,
    0x3c, 0x38, 0x2e, 0xff, 0x3c, 0x38, 0x2e, 0xff, 0x3c, 0x38, 0x2e, 0xff, 0x3c, 0x38, 0x2e, 0xff,
    0x3c, 0x38, 0x2e, 0xff, 0x3c, 0x38, 0x2e, 0xff, 0x3c, 0x38, 0x2e, 0xff, 0x3c, 0x38, 0x2e, 0xff,
    0x3c, 0x38, 0x2e, 0xff, 0x3c, 0x38, 0x2e, 0xff, 0x3c, 0x38, 0x2e, 0xff, 0x3c, 0x38, 0x2e, 0xff,
    0x3c, 0x38, 0x2e, 0xff, 0x3c, 0x38, 0x2e, 0xff, 0x3c, 0x38, 0x2e, 0xff, 0x3c, 0x38, 0x2e, 0xff,
    0x3c, 0x38, 0x2e, 0xff, 0x3c, 0x38, 0x2e, 0xff, 0x3c, 0x38, 0x2e, 0xff, 0x3c, 0x38, 0x2e, 0xff,
    0x3c, 0x38, 0x2e, 0xff, 0x3c, 0x38, 0x2e, 0xff, 0x3c, 0x38, 0x2e, 0xff, 0x3c, 0x38, 0x2e, 0xff,
    0x3c, 0x38, 0x2e, 0xff, 0x3c, 0x38, 0x2e, 0xff, 0x3c, 0x38, 0x2e, 0xff, 0x3c, 0x38, 0x2e, 0xff,
    0x3c, 0x38, 0x2e, 0xff, 0x80, 0xc0, 0xa7, 0xff, 0x80, 0xc0, 0xa7, 0xff, 0x80, 0xc0, 0xa7, 0x36,
    0x00, 0x00, 0x00, 0x00, 0x80, 0xc0, 0xa7, 0xbf, 0x80, 0xc0, 0xa7, 0xff, 0x3c, 0x38, 0x2e, 0xff,
    0x3c, 0x38, 0x2e, 0xff, 0x3c, 0x38, 0x2e, 0xff, 0x3c, 0x38, 0x2e, 0xff, 0x3c, 0x38, 0x2e, 0xff,
    0x3c, 0x38, 0x2e, 0xff, 0x3c, 0x38, 0x2e, 0xff, 0x3c, 0x38, 0x2e, 0xff, 0x3c, 0x38, 0x2e, 0xff,
    0x3c, 0x38, 0x2e, 0xff, 0x3c, 0x38, 0x2e, 0xff, 0x3c, 0x38, 0x2e, 0xff, 0x3c, 0x38, 0x2e, 0xff,
    0x3c, 0x38, 0x2e, 0xff, 0x3c, 0x38, 0x2e, 0xff, 0x3c, 0x38, 0x2e, 0xff, 0x3c, 0x38, 0x2e, 0xff,
    0x3c, 0x38, 0x2e, 0xff, 0x3c, 0x38, 0x2e, 0xff, 0x3c, 0x38, 0x2e, 0xff, 0x3c, 0x38, 0x2e, 0xff,
    0x3c, 0x38, 0x2e, 0xff, 0x3c, 0x38, 0x2e, 0xff, 0x3c, 0x38, 0x2e, 0xff, 0x3c, 0x38, 0x2e, 0xff,
    0x3c, 0x38, 0x2e, 0xff, 0x3c, 0x38, 0x2e, 0xff, 0x3c, 0x38, 0x2e, 0xff, 0x3c, 0x38, 0x2e, 0xff,
    0x3c, 0x38, 0x2e, 0xff, 0x3c, 0x38, 0x2e, 0xff, 0x3c, 0x38, 0x2e, 0xff, 0x3c, 0x38, 0x2e, 0xff,
    0x3c, 0x38, 0x2e, 0xff, 0x3c, 0x38, 0x2e, 0xff, 0x3c, 0x38, 0x2e, 0xff, 0x3c, 0x38, 0x2e, 0xff,
    0x3c, 0x38, 0x2e, 0xff, 0x3c, 0x38, 0x2e, 0xff, 0x3c, 0x38, 0x2e, 0xff, 0x3c, 0x38, 0x2e, 0xff,
    0x3c, 0x38, 0x2e, 0xff, 0x80, 0xc0, 0xa7, 0xff, 0x80, 0xc0, 0xa7, 0xbf, 0x00, 0x00, 0x00, 0x00,
    0x00, 0x00, 0x00, 0x00, 0x80, 0xc0, 0xa7, 0x49, 0x80, 0xc0, 0xa7, 0xff, 0x80, 0xc0, 0xa7, 0xff,
    0x3c, 0x38, 0x2e, 0xff, 0x3c, 0x38, 0x2e, 0xff, 0x3c, 0x38, 0x2e, 0xff, 0x3c, 0x38, 0x2e, 0xff,
    0x3c, 0x38, 0x2e, 0xff, 0x3c, 0x38, 0x2e, 0xff, 0x3c, 0x38, 0x2e, 0xff, 0x3c, 0x38, 0x2e, 0xff,
    0x3c, 0x38, 0x2e, 0xff, 0x3c, 0x38, 0x2e, 0xff, 0x3c, 0x38, 0x2e, 0xff, 0x3c, 0x38, 0x2e, 0xff,
    0x3c, 0x38, 0x2e, 0xff, 0x3c, 0x38, 0x2e, 0xff, 0x3c, 0x38, 0x2e, 0xff, 0x3c, 0x38, 0x2e, 0xff,
    0x3c, 0x38, 0x2e, 0xff, 0x3c, 0x38, 0x2e, 0xff, 0x3c, 0x38, 0x2e, 0xff, 0x3c, 0x38, 0x2e, 0xff,
    0x3c, 0x38, 0x2e, 0xff, 0x3c, 0x38, 0x2e, 0xff, 0x3c, 0x38, 0x2e, 0xff, 0x3c, 0x38, 0x2e, 0xff,
    0x3c, 0x38, 0x2e, 0xff, 0x3c, 0x38, 0x2e, 0xff, 0x3c, 0x38, 0x2e, 0xff, 0x3c, 0x38, 0x2e, 0xff,
    0x3c, 0x38, 0x2e, 0xff, 0x3c, 0x38, 0x2e, 0xff, 0x3c, 0x38, 0x2e, 0xff, 0x3c, 0x38, 0x2e, 0xff,
    0x3c, 0x38, 0x2e, 0xff, 0x3c, 0x38, 0x2e, 0xff, 0x3c, 0x38, 0x2e, 0xff, 0x3c, 0x38, 0x2e, 0xff,
    0x3c, 0x38, 0x2e, 0xff, 0x3c, 0x38, 0x2e, 0xff, 0x3c, 0x38, 0x2e, 0xff, 0x3c, 0x38, 0x2e, 0xff,
    0x80, 0xc0, 0xa7, 0xff, 0x80, 0xc0, 0xa7, 0xff, 0x80, 0xc0, 0xa7, 0x49, 0x00, 0x00, 0x00, 0x00,
    0x00, 0x00, 0x00, 0x00, 0x00, 0x00, 0x00, 0x00, 0x80, 0xc0, 0xa7, 0x98, 0x80, 0xc0, 0xa7, 0xff,
    0x80, 0xc0, 0xa7, 0xff, 0x3c, 0x38, 0x2e, 0xff, 0x3c, 0x38, 0x2e, 0xff, 0x3c, 0x38, 0x2e, 0xff,
    0x3c, 0x38, 0x2e, 0xff, 0x3c, 0x38, 0x2e, 0xff, 0x3c, 0x38, 0x2e, 0xff, 0x3c, 0x38, 0x2e, 0xff,
    0x3c, 0x38, 0x2e, 0xff, 0x3c, 0x38, 0x2e, 0xff, 0x3c, 0x38, 0x2e, 0xff, 0x3c, 0x38, 0x2e, 0xff,
    0x3c, 0x38, 0x2e, 0xff, 0x3c, 0x38, 0x2e, 0xff, 0x3c, 0x38, 0x2e, 0xff, 0x3c, 0x38, 0x2e, 0xff,
    0x3c, 0x38, 0x2e, 0xff, 0x3c, 0x38, 0x2e, 0xff, 0x3c, 0x38, 0x2e, 0xff, 0x3c, 0x38, 0x2e, 0xff,
    0x3c, 0x38, 0x2e, 0xff, 0x3c, 0x38, 0x2e, 0xff, 0x3c, 0x38, 0x2e, 0xff, 0x3c, 0x38, 0x2e, 0xff,
    0x3c, 0x38, 0x2e, 0xff, 0x3c, 0x38, 0x2e, 0xff, 0x3c, 0x38, 0x2e, 0xff, 0x3c, 0x38, 0x2e, 0xff,
    0x3c, 0x38, 0x2e, 0xff, 0x3c, 0x38, 0x2e, 0xff, 0x3c, 0x38, 0x2e, 0xff, 0x3c, 0x38, 0x2e, 0xff,
    0x3c, 0x38, 0x2e, 0xff, 0x3c, 0x38, 0x2e, 0xff, 0x3c, 0x38, 0x2e, 0xff, 0x3c, 0x38, 0x2e, 0xff,
    0x3c, 0x38, 0x2e, 0xff, 0x3c, 0x38, 0x2e, 0xff, 0x3c, 0x38, 0x2e, 0xff, 0x80, 0xc0, 0xa7, 0xff,
    0x80, 0xc0, 0xa7, 0xff, 0x80, 0xc0, 0xa7, 0x98, 0x00, 0x00, 0x00, 0x00, 0x00, 0x00, 0x00, 0x00,
    0x00, 0x00, 0x00, 0x00, 0x00, 0x00, 0x00, 0x00, 0x00, 0x00, 0x00, 0x00, 0x80, 0xc0, 0xa7, 0xbf,
    0x80, 0xc0, 0xa7, 0xff, 0x80, 0xc0, 0xa7, 0xff, 0x3c, 0x38, 0x2e, 0xff, 0x3c, 0x38, 0x2e, 0xff,
    0x3c, 0x38, 0x2e, 0xff, 0x3c, 0x38, 0x2e, 0xff, 0x3c, 0x38, 0x2e, 0xff, 0x3c, 0x38, 0x2e, 0xff,
    0x3c, 0x38, 0x2e, 0xff, 0x3c, 0x38, 0x2e, 0xff, 0x3c, 0x38, 0x2e, 0xff, 0x3c, 0x38, 0x2e, 0xff,
    0x3c, 0x38, 0x2e, 0xff, 0x3c, 0x38, 0x2e, 0xff, 0x3c, 0x38, 0x2e, 0xff, 0x3c, 0x38, 0x2e, 0xff,
    0x3c, 0x38, 0x2e, 0xff, 0x3c, 0x38, 0x2e, 0xff, 0x3c, 0x38, 0x2e, 0xff, 0x3c, 0x38, 0x2e, 0xff,
    0x3c, 0x38, 0x2e, 0xff, 0x3c, 0x38, 0x2e, 0xff, 0x3c, 0x38, 0x2e, 0xff, 0x3c, 0x38, 0x2e, 0xff,
    0x3c, 0x38, 0x2e, 0xff, 0x3c, 0x38, 0x2e, 0xff, 0x3c, 0x38, 0x2e, 0xff, 0x3c, 0x38, 0x2e, 0xff,
    0x3c, 0x38, 0x2e, 0xff, 0x3c, 0x38, 0x2e, 0xff, 0x3c, 0x38, 0x2e, 0xff, 0x3c, 0x38, 0x2e, 0xff,
    0x3c, 0x38, 0x2e, 0xff, 0x3c, 0x38, 0x2e, 0xff, 0x3c, 0x38, 0x2e, 0xff, 0x3c, 0x38, 0x2e, 0xff,
    0x3c, 0x38, 0x2e, 0xff, 0x3c, 0x38, 0x2e, 0xff, 0x80, 0xc0, 0xa7, 0xff, 0x80, 0xc0, 0xa7, 0xff,
    0x80, 0xc0, 0xa7, 0xbf, 0x00, 0x00, 0x00, 0x00, 0x00, 0x00, 0x00, 0x00, 0x00, 0x00, 0x00, 0x00,
    0x00, 0x00, 0x00, 0x00, 0x00, 0x00, 0x00, 0x00, 0x00, 0x00, 0x00, 0x00, 0x80, 0xc0, 0xa7, 0x10,
    0x80, 0xc0, 0xa7, 0xbf, 0x80, 0xc0, 0xa7, 0xff, 0x80, 0xc0, 0xa7, 0xff, 0x3c, 0x38, 0x2e, 0xff,
    0x3c, 0x38, 0x2e, 0xff, 0x3c, 0x38, 0x2e, 0xff, 0x3c, 0x38, 0x2e, 0xff, 0x3c, 0x38, 0x2e, 0xff,
    0x3c, 0x38, 0x2e, 0xff, 0x3c, 0x38, 0x2e, 0xff, 0x3c, 0x38, 0x2e, 0xff, 0x3c, 0x38, 0x2e, 0xff,
    0x3c, 0x38, 0x2e, 0xff, 0x3c, 0x38, 0x2e, 0xff, 0x3c, 0x38, 0x2e, 0xff, 0x3c, 0x38, 0x2e, 0xff,
    0x3c, 0x38, 0x2e, 0xff, 0x3c, 0x38, 0x2e, 0xff, 0x3c, 0x38, 0x2e, 0xff, 0x3c, 0x38, 0x2e, 0xff,
    0x3c, 0x38, 0x2e, 0xff, 0x3c, 0x38, 0x2e, 0xff, 0x3c, 0x38, 0x2e, 0xff, 0x3c, 0x38, 0x2e, 0xff,
    0x3c, 0x38, 0x2e, 0xff, 0x3c, 0x38, 0x2e, 0xff, 0x3c, 0x38, 0x2e, 0xff, 0x3c, 0x38, 0x2e, 0xff,
    0x3c, 0x38, 0x2e, 0xff, 0x3c, 0x38, 0x2e, 0xff, 0x3c, 0x38, 0x2e, 0xff, 0x3c, 0x38, 0x2e, 0xff,
    0x3c, 0x38, 0x2e, 0xff, 0x3c, 0x38, 0x2e, 0xff, 0x3c, 0x38, 0x2e, 0xff, 0x3c, 0x38, 0x2e, 0xff,
    0x3c, 0x38, 0x2e, 0xff, 0x80, 0xc0, 0xa7, 0xff, 0x80, 0xc0, 0xa7, 0xff, 0x80, 0xc0, 0xa7, 0xbf,
    0x80, 0xc0, 0xa7, 0x10, 0x00, 0x00, 0x00, 0x00, 0x00, 0x00, 0x00, 0x00, 0x00, 0x00, 0x00, 0x00,
    0x00, 0x00, 0x00, 0x00, 0x00, 0x00, 0x00, 0x00, 0x00, 0x00, 0x00, 0x00, 0x00, 0x00, 0x00, 0x00,
    0x00, 0x00, 0x00, 0x00, 0x80, 0xc0, 0xa7, 0x98, 0x80, 0xc0, 0xa7, 0xff, 0x80, 0xc0, 0xa7, 0xff,
    0x80, 0xc0, 0xa7, 0xff, 0x80, 0xc0, 0xa7, 0xff, 0x3c, 0x38, 0x2e, 0xff, 0x3c, 0x38, 0x2e, 0xff,
    0x3c, 0x38, 0x2e, 0xff, 0x3c, 0x38, 0x2e, 0xff, 0x3c, 0x38, 0x2e, 0xff, 0x3c, 0x38, 0x2e, 0xff,
    0x3c, 0x38, 0x2e, 0xff, 0x3c, 0x38, 0x2e, 0xff, 0x3c, 0x38, 0x2e, 0xff, 0x3c, 0x38, 0x2e, 0xff,
    0x3c, 0x38, 0x2e, 0xff, 0x3c, 0x38, 0x2e, 0xff, 0x3c, 0x38, 0x2e, 0xff, 0x3c, 0x38, 0x2e, 0xff,
    0x3c, 0x38, 0x2e, 0xff, 0x3c, 0x38, 0x2e, 0xff, 0x3c, 0x38, 0x2e, 0xff, 0x3c, 0x38, 0x2e, 0xff,
    0x3c, 0x38, 0x2e, 0xff, 0x3c, 0x38, 0x2e, 0xff, 0x3c, 0x38, 0x2e, 0xff, 0x3c, 0x38, 0x2e, 0xff,
    0x3c, 0x38, 0x2e, 0xff, 0x3c, 0x38, 0x2e, 0xff, 0x3c, 0x38, 0x2e, 0xff, 0x3c, 0x38, 0x2e, 0xff,
    0x3c, 0x38, 0x2e, 0xff, 0x3c, 0x38, 0x2e, 0xff, 0x80, 0xc0, 0xa7, 0xff, 0x80, 0xc0, 0xa7, 0xff,
    0x80, 0xc0, 0xa7, 0xff, 0x80, 0xc0, 0xa7, 0xff, 0x80, 0xc0, 0xa7, 0x98, 0x00, 0x00, 0x00, 0x00,
    0x00, 0x00, 0x00, 0x00, 0x00, 0x00, 0x00, 0x00, 0x00, 0x00, 0x00, 0x00, 0x00, 0x00, 0x00, 0x00,
    0x00, 0x00, 0x00, 0x00, 0x00, 0x00, 0x00, 0x00, 0x00, 0x00, 0x00, 0x00, 0x00, 0x00, 0x00, 0x00,
    0x00, 0x00, 0x00, 0x00, 0x00, 0x00, 0x00, 0x00, 0x80, 0xc0, 0xa7, 0x49, 0x80, 0xc0, 0xa7, 0xbf,
    0x80, 0xc0, 0xa7, 0xff, 0x80, 0xc0, 0xa7, 0xff, 0x80, 0xc0, 0xa7, 0xff, 0x80, 0xc0, 0xa7, 0xff,
    0x80, 0xc0, 0xa7, 0xff, 0x80, 0xc0, 0xa7, 0xff, 0x80, 0xc0, 0xa7, 0xff, 0x80, 0xc0, 0xa7, 0xff,
    0x80, 0xc0, 0xa7, 0xff, 0x80, 0xc0, 0xa7, 0xff, 0x80, 0xc0, 0xa7, 0xff, 0x80, 0xc0, 0xa7, 0xff,
    0x80, 0xc0, 0xa7, 0xff, 0x80, 0xc0, 0xa7, 0xff, 0x80, 0xc0, 0xa7, 0xff, 0x80, 0xc0, 0xa7, 0xff,
    0x80, 0xc0, 0xa7, 0xff, 0x80, 0xc0, 0xa7, 0xff, 0x80, 0xc0, 0xa7, 0xff, 0x80, 0xc0, 0xa7, 0xff,
    0x80, 0xc0, 0xa7, 0xff, 0x80, 0xc0, 0xa7, 0xff, 0x80, 0xc0, 0xa7, 0xff, 0x80, 0xc0, 0xa7, 0xff,
    0x80, 0xc0, 0xa7, 0xff, 0x80, 0xc0, 0xa7, 0xff, 0x80, 0xc0, 0xa7, 0xff, 0x80, 0xc0, 0xa7, 0xff,
    0x80, 0xc0, 0xa7, 0xff, 0x80, 0xc0, 0xa7, 0xff, 0x80, 0xc0, 0xa7, 0xff, 0x80, 0xc0, 0xa7, 0xff,
    0x80, 0xc0, 0xa7, 0xbf, 0x80, 0xc0, 0xa7, 0x49, 0x00, 0x00, 0x00, 0x00, 0x00, 0x00, 0x00, 0x00,
    0x00, 0x00, 0x00, 0x00, 0x00, 0x00, 0x00, 0x00, 0x00, 0x00, 0x00, 0x00, 0x00, 0x00, 0x00, 0x00,
    0x00, 0x00, 0x00, 0x00, 0x00, 0x00, 0x00, 0x00, 0x00, 0x00, 0x00, 0x00, 0x00, 0x00, 0x00, 0x00,
    0x00, 0x00, 0x00, 0x00, 0x00, 0x00, 0x00, 0x00, 0x00, 0x00, 0x00, 0x00, 0x00, 0x00, 0x00, 0x00,
    0x80, 0xc0, 0xa7, 0x36, 0x80, 0xc0, 0xa7, 0x84, 0x80, 0xc0, 0xa7, 0xbf, 0x80, 0xc0, 0xa7, 0xe8,
    0x80, 0xc0, 0xa7, 0xfc, 0x80, 0xc0, 0xa7, 0xff, 0x80, 0xc0, 0xa7, 0xff, 0x80, 0xc0, 0xa7, 0xff,
    0x80, 0xc0, 0xa7, 0xff, 0x80, 0xc0, 0xa7, 0xff, 0x80, 0xc0, 0xa7, 0xff, 0x80, 0xc0, 0xa7, 0xff,
    0x80, 0xc0, 0xa7, 0xff, 0x80, 0xc0, 0xa7, 0xff, 0x80, 0xc0, 0xa7, 0xff, 0x80, 0xc0, 0xa7, 0xff,
    0x80, 0xc0, 0xa7, 0xff, 0x80, 0xc0, 0xa7, 0xff, 0x80, 0xc0, 0xa7, 0xff, 0x80, 0xc0, 0xa7, 0xff,
    0x80, 0xc0, 0xa7, 0xff, 0x80, 0xc0, 0xa7, 0xff, 0x80, 0xc0, 0xa7, 0xff, 0x80, 0xc0, 0xa7, 0xff,
    0x80, 0xc0, 0xa7, 0xff, 0x80, 0xc0, 0xa7, 0xff, 0x80, 0xc0, 0xa7, 0xff, 0x80, 0xc0, 0xa7, 0xfc,
    0x80, 0xc0, 0xa7, 0xe8, 0x80, 0xc0, 0xa7, 0xbf, 0x80, 0xc0, 0xa7, 0x84, 0x80, 0xc0, 0xa7, 0x36,
    0x00, 0x00, 0x00, 0x00, 0x00, 0x00, 0x00, 0x00, 0x00, 0x00, 0x00, 0x00, 0x00, 0x00, 0x00, 0x00,
    0x00, 0x00, 0x00, 0x00, 0x00, 0x00, 0x00, 0x00, 0x00, 0x00, 0x00, 0x00, 0x00, 0x00, 0x00, 0x00,
};
static const lv_img_dsc_t pill_toggle_off_focus = {
    .header.always_zero = 0,
    .header.w = 48,
    .header.h = 27,
    .header.cf = LV_IMG_CF_TRUE_COLOR_ALPHA,
    .data_size = sizeof(pill_toggle_off_focus_data),
    .data = pill_toggle_off_focus_data,
};

static const uint8_t pill_toggle_on_focus_data[] = {
    0x00, 0x00, 0x00, 0x00, 0x00, 0x00, 0x00, 0x00, 0x00, 0x00, 0x00, 0x00, 0x00, 0x00, 0x00, 0x00,
    0x00, 0x00, 0x00, 0x00, 0x00, 0x00, 0x00, 0x00, 0x00, 0x00, 0x00, 0x00, 0x00, 0x00, 0x00, 0x00,
    0xa8, 0xe3, 0xcf, 0x36, 0xa8, 0xe3, 0xcf, 0x84, 0xa8, 0xe3, 0xcf, 0xbf, 0xa8, 0xe3, 0xcf, 0xe8,
    0xa8, 0xe3, 0xcf, 0xfc, 0xa8, 0xe3, 0xcf, 0xff, 0xa8, 0xe3, 0xcf, 0xff, 0xa8, 0xe3, 0xcf, 0xff,
    0xa8, 0xe3, 0xcf, 0xff, 0xa8, 0xe3, 0xcf, 0xff, 0xa8, 0xe3, 0xcf, 0xff, 0xa8, 0xe3, 0xcf, 0xff,
    0xa8, 0xe3, 0xcf, 0xff, 0xa8, 0xe3, 0xcf, 0xff, 0xa8, 0xe3, 0xcf, 0xff, 0xa8, 0xe3, 0xcf, 0xff,
    0xa8, 0xe3, 0xcf, 0xff, 0xa8, 0xe3, 0xcf, 0xff, 0xa8, 0xe3, 0xcf, 0xff, 0xa8, 0xe3, 0xcf, 0xff,
    0xa8, 0xe3, 0xcf, 0xff, 0xa8, 0xe3, 0xcf, 0xff, 0xa8, 0xe3, 0xcf, 0xff, 0xa8, 0xe3, 0xcf, 0xff,
    0xa8, 0xe3, 0xcf, 0xff, 0xa8, 0xe3, 0xcf, 0xff, 0xa8, 0xe3, 0xcf, 0xff, 0xa8, 0xe3, 0xcf, 0xfc,
    0xa8, 0xe3, 0xcf, 0xe8, 0xa8, 0xe3, 0xcf, 0xbf, 0xa8, 0xe3, 0xcf, 0x84, 0xa8, 0xe3, 0xcf, 0x36,
    0x00, 0x00, 0x00, 0x00, 0x00, 0x00, 0x00, 0x00, 0x00, 0x00, 0x00, 0x00, 0x00, 0x00, 0x00, 0x00,
    0x00, 0x00, 0x00, 0x00, 0x00, 0x00, 0x00, 0x00, 0x00, 0x00, 0x00, 0x00, 0x00, 0x00, 0x00, 0x00,
    0x00, 0x00, 0x00, 0x00, 0x00, 0x00, 0x00, 0x00, 0x00, 0x00, 0x00, 0x00, 0x00, 0x00, 0x00, 0x00,
    0x00, 0x00, 0x00, 0x00, 0x00, 0x00, 0x00, 0x00, 0xa8, 0xe3, 0xcf, 0x49, 0xa8, 0xe3, 0xcf, 0xbf,
    0xa8, 0xe3, 0xcf, 0xff, 0xa8, 0xe3, 0xcf, 0xff, 0xa8, 0xe3, 0xcf, 0xff, 0xa8, 0xe3, 0xcf, 0xff,
    0xa8, 0xe3, 0xcf, 0xff, 0xa8, 0xe3, 0xcf, 0xff, 0xa8, 0xe3, 0xcf, 0xff, 0xa8, 0xe3, 0xcf, 0xff,
    0xa8, 0xe3, 0xcf, 0xff, 0xa8, 0xe3, 0xcf, 0xff, 0xa8, 0xe3, 0xcf, 0xff, 0xa8, 0xe3, 0xcf, 0xff,
    0xa8, 0xe3, 0xcf, 0xff, 0xa8, 0xe3, 0xcf, 0xff, 0xa8, 0xe3, 0xcf, 0xff, 0xa8, 0xe3, 0xcf, 0xff,
    0xa8, 0xe3, 0xcf, 0xff, 0xa8, 0xe3, 0xcf, 0xff, 0xa8, 0xe3, 0xcf, 0xff, 0xa8, 0xe3, 0xcf, 0xff,
    0xa8, 0xe3, 0xcf, 0xff, 0xa8, 0xe3, 0xcf, 0xff, 0xa8, 0xe3, 0xcf, 0xff, 0xa8, 0xe3, 0xcf, 0xff,
    0xa8, 0xe3, 0xcf, 0xff, 0xa8, 0xe3, 0xcf, 0xff, 0xa8, 0xe3, 0xcf, 0xff, 0xa8, 0xe3, 0xcf, 0xff,
    0xa8, 0xe3, 0xcf, 0xff, 0xa8, 0xe3, 0xcf, 0xff, 0xa8, 0xe3, 0xcf, 0xff, 0xa8, 0xe3, 0xcf, 0xff,
    0xa8, 0xe3, 0xcf, 0xbf, 0xa8, 0xe3, 0xcf, 0x49, 0x00, 0x00, 0x00, 0x00, 0x00, 0x00, 0x00, 0x00,
    0x00, 0x00, 0x00, 0x00, 0x00, 0x00, 0x00, 0x00, 0x00, 0x00, 0x00, 0x00, 0x00, 0x00, 0x00, 0x00,
    0x00, 0x00, 0x00, 0x00, 0x00, 0x00, 0x00, 0x00, 0x00, 0x00, 0x00, 0x00, 0x00, 0x00, 0x00, 0x00,
    0x00, 0x00, 0x00, 0x00, 0xa8, 0xe3, 0xcf, 0x98, 0xa8, 0xe3, 0xcf, 0xff, 0xa8, 0xe3, 0xcf, 0xff,
    0xa8, 0xe3, 0xcf, 0xff, 0xa8, 0xe3, 0xcf, 0xff, 0x62, 0x9f, 0x85, 0xff, 0x62, 0x9f, 0x85, 0xff,
    0x62, 0x9f, 0x85, 0xff, 0x62, 0x9f, 0x85, 0xff, 0x62, 0x9f, 0x85, 0xff, 0x62, 0x9f, 0x85, 0xff,
    0x62, 0x9f, 0x85, 0xff, 0x62, 0x9f, 0x85, 0xff, 0x62, 0x9f, 0x85, 0xff, 0x62, 0x9f, 0x85, 0xff,
    0x62, 0x9f, 0x85, 0xff, 0x62, 0x9f, 0x85, 0xff, 0x62, 0x9f, 0x85, 0xff, 0x62, 0x9f, 0x85, 0xff,
    0x62, 0x9f, 0x85, 0xff, 0x62, 0x9f, 0x85, 0xff, 0x62, 0x9f, 0x85, 0xff, 0x62, 0x9f, 0x85, 0xff,
    0x62, 0x9f, 0x85, 0xff, 0x62, 0x9f, 0x85, 0xff, 0x62, 0x9f, 0x85, 0xff, 0x62, 0x9f, 0x85, 0xff,
    0x62, 0x9f, 0x85, 0xff, 0x62, 0x9f, 0x85, 0xff, 0x62, 0x9f, 0x85, 0xff, 0x62, 0x9f, 0x85, 0xff,
    0x62, 0x9f, 0x85, 0xff, 0x62, 0x9f, 0x85, 0xff, 0xa8, 0xe3, 0xcf, 0xff, 0xa8, 0xe3, 0xcf, 0xff,
    0xa8, 0xe3, 0xcf, 0xff, 0xa8, 0xe3, 0xcf, 0xff, 0xa8, 0xe3, 0xcf, 0x98, 0x00, 0x00, 0x00, 0x00,
    0x00, 0x00, 0x00, 0x00, 0x00, 0x00, 0x00, 0x00, 0x00, 0x00, 0x00, 0x00, 0x00, 0x00, 0x00, 0x00,
    0x00, 0x00, 0x00, 0x00, 0x00, 0x00, 0x00, 0x00, 0x00, 0x00, 0x00, 0x00, 0xa8, 0xe3, 0xcf, 0x10,
    0xa8, 0xe3, 0xcf, 0xbf, 0xa8, 0xe3, 0xcf, 0xff, 0xa8, 0xe3, 0xcf, 0xff, 0x62, 0x9f, 0x85, 0xff,
    0x62, 0x9f, 0x85, 0xff, 0x62, 0x9f, 0x85, 0xff, 0x62, 0x9f, 0x85, 0xff, 0x62, 0x9f, 0x85, 0xff,
    0x62, 0x9f, 0x85, 0xff, 0x62, 0x9f, 0x85, 0xff, 0x62, 0x9f, 0x85, 0xff, 0x62, 0x9f, 0x85, 0xff,
    0x62, 0x9f, 0x85, 0xff, 0x62, 0x9f, 0x85, 0xff, 0x62, 0x9f, 0x85, 0xff, 0x62, 0x9f, 0x85, 0xff,
    0x62, 0x9f, 0x85, 0xff, 0x62, 0x9f, 0x85, 0xff, 0x62, 0x9f, 0x85, 0xff, 0x62, 0x9f, 0x85, 0xff,
    0x62, 0x9f, 0x85, 0xff, 0x62, 0x9f, 0x85, 0xff, 0x62, 0x9f, 0x85, 0xff, 0x62, 0x9f, 0x85, 0xff,
    0x62, 0x9f, 0x85, 0xff, 0x62, 0x9f, 0x85, 0xff, 0x62, 0x9f, 0x85, 0xff, 0x62, 0x9f, 0x85, 0xff,
    0x62, 0x9f, 0x85, 0xff, 0x62, 0x9f, 0x85, 0xff, 0x62, 0x9f, 0x85, 0xff, 0x62, 0x9f, 0x85, 0xff,
    0x62, 0x9f, 0x85, 0xff, 0x62, 0x9f, 0x85, 0xff, 0x62, 0x9f, 0x85, 0xff, 0x62, 0x9f, 0x85, 0xff,
    0x62, 0x9f, 0x85, 0xff, 0xa8, 0xe3, 0xcf, 0xff, 0xa8, 0xe3, 0xcf, 0xff, 0xa8, 0xe3, 0xcf, 0xbf,
    0xa8, 0xe3, 0xcf, 0x10, 0x00, 0x00, 0x00, 0x00, 0x00, 0x00, 0x00, 0x00, 0x00, 0x00, 0x00, 0x00,
    0x00, 0x00, 0x00, 0x00, 0x00, 0x00, 0x00, 0x00, 0x00, 0x00, 0x00, 0x00, 0xa8, 0xe3, 0xcf, 0xbf,
    0xa8, 0xe3, 0xcf, 0xff, 0xa8, 0xe3, 0xcf, 0xff, 0x62, 0x9f, 0x85, 0xff, 0x62, 0x9f, 0x85, 0xff,
    0x62, 0x9f, 0x85, 0xff, 0x62, 0x9f, 0x85, 0xff, 0x62, 0x9f, 0x85, 0xff, 0x62, 0x9f, 0x85, 0xff,
    0x62, 0x9f, 0x85, 0xff, 0x62, 0x9f, 0x85, 0xff, 0x62, 0x9f, 0x85, 0xff, 0x62, 0x9f, 0x85, 0xff,
    0x62, 0x9f, 0x85, 0xff, 0x62, 0x9f, 0x85, 0xff, 0x62, 0x9f, 0x85, 0xff, 0x62, 0x9f, 0x85, 0xff,
    0x62, 0x9f, 0x85, 0xff, 0x62, 0x9f, 0x85, 0xff, 0x62, 0x9f, 0x85, 0xff, 0x62, 0x9f, 0x85, 0xff,
    0x62, 0x9f, 0x85, 0xff, 0x62, 0x9f, 0x85, 0xff, 0x62, 0x9f, 0x85, 0xff, 0x62, 0x9f, 0x85, 0xff,
    0x62, 0x9f, 0x85, 0xff, 0x62, 0x9f, 0x85, 0xff, 0x62, 0x9f, 0x85, 0xff, 0x62, 0x9f, 0x85, 0xff,
    0x62, 0x9f, 0x85, 0xff, 0x62, 0x9f, 0x85, 0xff, 0x62, 0x9f, 0x85, 0xff, 0x62, 0x9f, 0x85, 0xff,
    0x62, 0x9f, 0x85, 0xff, 0x62, 0x9f, 0x85, 0xff, 0x62, 0x9f, 0x85, 0xff, 0x62, 0x9f, 0x85, 0xff,
    0x62, 0x9f, 0x85, 0xff, 0x62, 0x9f, 0x85, 0xff, 0xa8, 0xe3, 0xcf, 0xff, 0xa8, 0xe3, 0xcf, 0xff,
    0xa8, 0xe3, 0xcf, 0xbf, 0x00, 0x00, 0x00, 0x00, 0x00, 0x00, 0x00, 0x00, 0x00, 0x00, 0x00, 0x00,
    0x00, 0x00, 0x00, 0x00, 0x00, 0x00, 0x00, 0x00, 0xa8, 0xe3, 0xcf, 0x98, 0xa8, 0xe3, 0xcf, 0xff,
    0xa8, 0xe3, 0xcf, 0xff, 0x62, 0x9f, 0x85, 0xff, 0x62, 0x9f, 0x85, 0xff, 0x62, 0x9f, 0x85, 0xff,
    0x62, 0x9f, 0x85, 0xff, 0x62, 0x9f, 0x85, 0xff, 0x62, 0x9f, 0x85, 0xff, 0x62, 0x9f, 0x85, 0xff,
    0x62, 0x9f, 0x85, 0xff, 0x62, 0x9f, 0x85, 0xff, 0x62, 0x9f, 0x85, 0xff, 0x62, 0x9f, 0x85, 0xff,
    0x62, 0x9f, 0x85, 0xff, 0x62, 0x9f, 0x85, 0xff, 0x62, 0x9f, 0x85, 0xff, 0x62, 0x9f, 0x85, 0xff,
    0x62, 0x9f, 0x85, 0xff, 0x62, 0x9f, 0x85, 0xff, 0x62, 0x9f, 0x85, 0xff, 0x62, 0x9f, 0x85, 0xff,
    0x62, 0x9f, 0x85, 0xff, 0x62, 0x9f, 0x85, 0xff, 0x62, 0x9f, 0x85, 0xff, 0x62, 0x9f, 0x85, 0xff,
    0x62, 0x9f, 0x85, 0xff, 0x62, 0x9f, 0x85, 0xff, 0x62, 0x9f, 0x85, 0xff, 0x62, 0x9f, 0x85, 0xff,
    0x62, 0x9f, 0x85, 0xff, 0x62, 0x9f, 0x85, 0xff, 0x62, 0x9f, 0x85, 0xff, 0x62, 0x9f, 0x85, 0xff,
    0x62, 0x9f, 0x85, 0xff, 0x62, 0x9f, 0x85, 0xff, 0x62, 0x9f, 0x85, 0xff, 0x62, 0x9f, 0x85, 0xff,
    0x62, 0x9f, 0x85, 0xff, 0x62, 0x9f, 0x85, 0xff, 0x62, 0x9f, 0x85, 0xff, 0xa8, 0xe3, 0xcf, 0xff,
    0xa8, 0xe3, 0xcf, 0xff, 0xa8, 0xe3, 0xcf, 0x98, 0x00, 0x00, 0x00, 0x00, 0x00, 0x00, 0x00, 0x00,
    0x00, 0x00, 0x00, 0x00, 0xa8, 0xe3, 0xcf, 0x49, 0xa8, 0xe3, 0xcf, 0xff, 0xa8, 0xe3, 0xcf, 0xff,
    0x62, 0x9f, 0x85, 0xff, 0x62, 0x9f, 0x85, 0xff, 0x62, 0x9f, 0x85, 0xff, 0x62, 0x9f, 0x85, 0xff,
    0x62, 0x9f, 0x85, 0xff, 0x62, 0x9f, 0x85, 0xff, 0x62, 0x9f, 0x85, 0xff, 0x62, 0x9f, 0x85, 0xff,
    0x62, 0x9f, 0x85, 0xff, 0x62, 0x9f, 0x85, 0xff, 0x62, 0x9f, 0x85, 0xff, 0x62, 0x9f, 0x85, 0xff,
    0x62, 0x9f, 0x85, 0xff, 0x62, 0x9f, 0x85, 0xff, 0x62, 0x9f, 0x85, 0xff, 0x62, 0x9f, 0x85, 0xff,
    0x62, 0x9f, 0x85, 0xff, 0x62, 0x9f, 0x85, 0xff, 0x62, 0x9f, 0x85, 0xff, 0x62, 0x9f, 0x85, 0xff,
    0x62, 0x9f, 0x85, 0xff, 0x62, 0x9f, 0x85, 0xff, 0x62, 0x9f, 0x85, 0xff, 0x62, 0x9f, 0x85, 0xff,
    0x62, 0x9f, 0x85, 0xff, 0x62, 0x9f, 0x85, 0xff, 0x62, 0x9f, 0x85, 0xff, 0x62, 0x9f, 0x85, 0xff,
    0x62, 0x9f, 0x85, 0xff, 0x62, 0x9f, 0x85, 0xff, 0x62, 0x9f, 0x85, 0xff, 0x62, 0x9f, 0x85, 0xff,
    0x62, 0x9f, 0x85, 0xff, 0x62, 0x9f, 0x85, 0xff, 0x62, 0x9f, 0x85, 0xff, 0x62, 0x9f, 0x85, 0xff,
    0x62, 0x9f, 0x85, 0xff, 0x62, 0x9f, 0x85, 0xff, 0x62, 0x9f, 0x85, 0xff, 0x62, 0x9f, 0x85, 0xff,
    0xa8, 0xe3, 0xcf, 0xff, 0xa8, 0xe3, 0xcf, 0xff, 0xa8, 0xe3, 0xcf, 0x49, 0x00, 0x00, 0x00, 0x00,
    0x00, 0x00, 0x00, 0x00, 0xa8, 0xe3, 0xcf, 0xbf, 0xa8, 0xe3, 0xcf, 0xff, 0x62, 0x9f, 0x85, 0xff,
    0x62, 0x9f, 0x85, 0xff, 0x62, 0x9f, 0x85, 0xff, 0x62, 0x9f, 0x85, 0xff, 0x62, 0x9f, 0x85, 0xff,
    0x62, 0x9f, 0x85, 0xff, 0x62, 0x9f, 0x85, 0xff, 0x62, 0x9f, 0x85, 0xff, 0x62, 0x9f, 0x85, 0xff,
    0x62, 0x9f, 0x85, 0xff, 0x62, 0x9f, 0x85, 0xff, 0x62, 0x9f, 0x85, 0xff, 0x62, 0x9f, 0x85, 0xff,
    0x62, 0x9f, 0x85, 0xff, 0x62, 0x9f, 0x85, 0xff, 0x62, 0x9f, 0x85, 0xff, 0x62, 0x9f, 0x85, 0xff,
    0x62, 0x9f, 0x85, 0xff, 0x62, 0x9f, 0x85, 0xff, 0x62, 0x9f, 0x85, 0xff, 0x62, 0x9f, 0x85, 0xff,
    0x62, 0x9f, 0x85, 0xff, 0x62, 0x9f, 0x85, 0xff, 0x62, 0x9f, 0x85, 0xff, 0x62, 0x9f, 0x85, 0xff,
    0x62, 0x9f, 0x85, 0xff, 0x62, 0x9f, 0x85, 0xff, 0x62, 0x9f, 0x85, 0xff, 0x62, 0x9f, 0x85, 0xff,
    0x62, 0x9f, 0x85, 0xff, 0x62, 0x9f, 0x85, 0xff, 0x62, 0x9f, 0x85, 0xff, 0x62, 0x9f, 0x85, 0xff,
    0x62, 0x9f, 0x85, 0xff, 0x62, 0x9f, 0x85, 0xff, 0x62, 0x9f, 0x85, 0xff, 0x62, 0x9f, 0x85, 0xff,
    0x62, 0x9f, 0x85, 0xff, 0x62, 0x9f, 0x85, 0xff, 0x62, 0x9f, 0x85, 0xff, 0x62, 0x9f, 0x85, 0xff,
    0x62, 0x9f, 0x85, 0xff, 0xa8, 0xe3, 0xcf, 0xff, 0xa8, 0xe3, 0xcf, 0xbf, 0x00, 0x00, 0x00, 0x00,
    0xa8, 0xe3, 0xcf, 0x36, 0xa8, 0xe3, 0xcf, 0xff, 0xa8, 0xe3, 0xcf, 0xff, 0x62, 0x9f, 0x85, 0xff,
    0x62, 0x9f, 0x85, 0xff, 0x62, 0x9f, 0x85, 0xff, 0x62, 0x9f, 0x85, 0xff, 0x62, 0x9f, 0x85, 0xff,
    0x62, 0x9f, 0x85, 0xff, 0x62, 0x9f, 0x85, 0xff, 0x62, 0x9f, 0x85, 0xff, 0x62, 0x9f, 0x85, 0xff,
    0x62, 0x9f, 0x85, 0xff, 0x62, 0x9f, 0x85, 0xff, 0x62, 0x9f, 0x85, 0xff, 0x62, 0x9f, 0x85, 0xff,
    0x62, 0x9f, 0x85, 0xff, 0x62, 0x9f, 0x85, 0xff, 0x62, 0x9f, 0x85, 0xff, 0x62, 0x9f, 0x85, 0xff,
    0x62, 0x9f, 0x85, 0xff, 0x62, 0x9f, 0x85, 0xff, 0x62, 0x9f, 0x85, 0xff, 0x62, 0x9f, 0x85, 0xff,
    0x62, 0x9f, 0x85, 0xff, 0x62, 0x9f, 0x85, 0xff, 0x62, 0x9f, 0x85, 0xff, 0x62, 0x9f, 0x85, 0xff,
    0x62, 0x9f, 0x85, 0xff, 0x62, 0x9f, 0x85, 0xff, 0x62, 0x9f, 0x85, 0xff, 0x62, 0x9f, 0x85, 0xff,
    0x62, 0x9f, 0x85, 0xff, 0x62, 0x9f, 0x85, 0xff, 0x62, 0x9f, 0x85, 0xff, 0x62, 0x9f, 0x85, 0xff,
    0x62, 0x9f, 0x85, 0xff, 0x62, 0x9f, 0x85, 0xff, 0x62, 0x9f, 0x85, 0xff, 0x62, 0x9f, 0x85, 0xff,
    0x62, 0x9f, 0x85, 0xff, 0x62, 0x9f, 0x85, 0xff, 0x62, 0x9f, 0x85, 0xff, 0x62, 0x9f, 0x85, 0xff,
    0x62, 0x9f, 0x85, 0xff, 0xa8, 0xe3, 0xcf, 0xff, 0xa8, 0xe3, 0xcf, 0xff, 0xa8, 0xe3, 0xcf, 0x36,
    0xa8, 0xe3, 0xcf, 0x84, 0xa8, 0xe3, 0xcf, 0xff, 0xa8, 0xe3, 0xcf, 0xff, 0x62, 0x9f, 0x85, 0xff,
    0x62, 0x9f, 0x85, 0xff, 0x62, 0x9f, 0x85, 0xff, 0x62, 0x9f, 0x85, 0xff, 0x62, 0x9f, 0x85, 0xff,
    0x62, 0x9f, 0x85, 0xff, 0x62, 0x9f, 0x85, 0xff, 0x62, 0x9f, 0x85, 0xff, 0x62, 0x9f, 0x85, 0xff,
    0x62, 0x9f, 0x85, 0xff, 0x62, 0x9f, 0x85, 0xff, 0x62, 0x9f, 0x85, 0xff, 0x62, 0x9f, 0x85, 0xff,
    0x62, 0x9f, 0x85, 0xff, 0x62, 0x9f, 0x85, 0xff, 0x62, 0x9f, 0x85, 0xff, 0x62, 0x9f, 0x85, 0xff,
    0x62, 0x9f, 0x85, 0xff, 0x62, 0x9f, 0x85, 0xff, 0x62, 0x9f, 0x85, 0xff, 0x62, 0x9f, 0x85, 0xff,
    0x62, 0x9f, 0x85, 0xff, 0x62, 0x9f, 0x85, 0xff, 0x62, 0x9f, 0x85, 0xff, 0x62, 0x9f, 0x85, 0xff,
    0x62, 0x9f, 0x85, 0xff, 0x62, 0x9f, 0x85, 0xff, 0x62, 0x9f, 0x85, 0xff, 0x62, 0x9f, 0x85, 0xff,
    0x62, 0x9f, 0x85, 0xff, 0x62, 0x9f, 0x85, 0xff, 0x62, 0x9f, 0x85, 0xff, 0x62, 0x9f, 0x85, 0xff,
    0x62, 0x9f, 0x85, 0xff, 0x62, 0x9f, 0x85, 0xff, 0x62, 0x9f, 0x85, 0xff, 0x62, 0x9f, 0x85, 0xff,
    0x62, 0x9f, 0x85, 0xff, 0x62, 0x9f, 0x85, 0xff, 0x62, 0x9f, 0x85, 0xff, 0x62, 0x9f, 0x85, 0xff,
    0x62, 0x9f, 0x85, 0xff, 0xa8, 0xe3, 0xcf, 0xff, 0xa8, 0xe3, 0xcf, 0xff, 0xa8, 0xe3, 0xcf, 0x84,
    0xa8, 0xe3, 0xcf, 0xbf, 0xa8, 0xe3, 0xcf, 0xff, 0x62, 0x9f, 0x85, 0xff, 0x62, 0x9f, 0x85, 0xff,
    0x62, 0x9f, 0x85, 0xff, 0x62, 0x9f, 0x85, 0xff, 0x62, 0x9f, 0x85, 0xff, 0x62, 0x9f, 0x85, 0xff,
    0x62, 0x9f, 0x85, 0xff, 0x62, 0x9f, 0x85, 0xff, 0x62, 0x9f, 0x85, 0xff, 0x62, 0x9f, 0x85, 0xff,
    0x62, 0x9f, 0x85, 0xff, 0x62, 0x9f, 0x85, 0xff, 0x62, 0x9f, 0x85, 0xff, 0x62, 0x9f, 0x85, 0xff,
    0x62, 0x9f, 0x85, 0xff, 0x62, 0x9f, 0x85, 0xff, 0x62, 0x9f, 0x85, 0xff, 0x62, 0x9f, 0x85, 0xff,
    0x62, 0x9f, 0x85, 0xff, 0x62, 0x9f, 0x85, 0xff, 0x62, 0x9f, 0x85, 0xff, 0x62, 0x9f, 0x85, 0xff,
    0x62, 0x9f, 0x85, 0xff, 0x62, 0x9f, 0x85, 0xff, 0x62, 0x9f, 0x85, 0xff, 0x62, 0x9f, 0x85, 0xff,
    0x62, 0x9f, 0x85, 0xff, 0x62, 0x9f, 0x85, 0xff, 0x62, 0x9f, 0x85, 0xff, 0x62, 0x9f, 0x85, 0xff,
    0x62, 0x9f, 0x85, 0xff, 0x62, 0x9f, 0x85, 0xff, 0x62, 0x9f, 0x85, 0xff, 0x62, 0x9f, 0x85, 0xff,
    0x62, 0x9f, 0x85, 0xff, 0x62, 0x9f, 0x85, 0xff, 0x62, 0x9f, 0x85, 0xff, 0x62, 0x9f, 0x85, 0xff,
    0x62, 0x9f, 0x85, 0xff, 0x62, 0x9f, 0x85, 0xff, 0x62, 0x9f, 0x85, 0xff, 0x62, 0x9f, 0x85, 0xff,
    0x62, 0x9f, 0x85, 0xff, 0x62, 0x9f, 0x85, 0xff, 0xa8, 0xe3, 0xcf, 0xff, 0xa8, 0xe3, 0xcf, 0xbf,
    0xa8, 0xe3, 0xcf, 0xe8, 0xa8, 0xe3, 0xcf, 0xff, 0x62, 0x9f, 0x85, 0xff, 0x62, 0x9f, 0x85, 0xff,
    0x62, 0x9f, 0x85, 0xff, 0x62, 0x9f, 0x85, 0xff, 0x62, 0x9f, 0x85, 0xff, 0x62, 0x9f, 0x85, 0xff,
    0x62, 0x9f, 0x85, 0xff, 0x62, 0x9f, 0x85, 0xff, 0x62, 0x9f, 0x85, 0xff, 0x62, 0x9f, 0x85, 0xff,
    0x62, 0x9f, 0x85, 0xff, 0x62, 0x9f, 0x85, 0xff, 0x62, 0x9f, 0x85, 0xff, 0x62, 0x9f, 0x85, 0xff,
    0x62, 0x9f, 0x85, 0xff, 0x62, 0x9f, 0x85, 0xff, 0x62, 0x9f, 0x85, 0xff, 0x62, 0x9f, 0x85, 0xff,
    0x62, 0x9f, 0x85, 0xff, 0x62, 0x9f, 0x85, 0xff, 0x62, 0x9f, 0x85, 0xff, 0x62, 0x9f, 0x85, 0xff,
    0x62, 0x9f, 0x85, 0xff, 0x62, 0x9f, 0x85, 0xff, 0x62, 0x9f, 0x85, 0xff, 0x62, 0x9f, 0x85, 0xff,
    0x62, 0x9f, 0x85, 0xff, 0x62, 0x9f, 0x85, 0xff, 0x62, 0x9f, 0x85, 0xff, 0x62, 0x9f, 0x85, 0xff,
    0x62, 0x9f, 0x85, 0xff, 0x62, 0x9f, 0x85, 0xff, 0x62, 0x9f, 0x85, 0xff, 0x62, 0x9f, 0x85, 0xff,
    0x62, 0x9f, 0x85, 0xff, 0x62, 0x9f, 0x85, 0xff, 0x62, 0x9f, 0x85, 0xff, 0x62, 0x9f, 0x85, 0xff,
    0x62, 0x9f, 0x85, 0xff, 0x62, 0x9f, 0x85, 0xff, 0x62, 0x9f, 0x85, 0xff, 0x62, 0x9f, 0x85, 0xff,
    0x62, 0x9f, 0x85, 0xff, 0x62, 0x9f, 0x85, 0xff, 0xa8, 0xe3, 0xcf, 0xff, 0xa8, 0xe3, 0xcf, 0xe8,
    0xa8, 0xe3, 0xcf, 0xfc, 0xa8, 0xe3, 0xcf, 0xff, 0x62, 0x9f, 0x85, 0xff, 0x62, 0x9f, 0x85, 0xff,
    0x62, 0x9f, 0x85, 0xff, 0x62, 0x9f, 0x85, 0xff, 0x62, 0x9f, 0x85, 0xff, 0x62, 0x9f, 0x85, 0xff,
    0x62, 0x9f, 0x85, 0xff, 0x62, 0x9f, 0x85, 0xff, 0x62, 0x9f, 0x85, 0xff, 0x62, 0x9f, 0x85, 0xff,
    0x62, 0x9f, 0x85, 0xff, 0x62, 0x9f, 0x85, 0xff, 0x62, 0x9f, 0x85, 0xff, 0x62, 0x9f, 0x85, 0xff,
    0x62, 0x9f, 0x85, 0xff, 0x62, 0x9f, 0x85, 0xff, 0x62, 0x9f, 0x85, 0xff, 0x62, 0x9f, 0x85, 0xff,
    0x62, 0x9f, 0x85, 0xff, 0x62, 0x9f, 0x85, 0xff, 0x62, 0x9f, 0x85, 0xff, 0x62, 0x9f, 0x85, 0xff,
    0x62, 0x9f, 0x85, 0xff, 0x62, 0x9f, 0x85, 0xff, 0x62, 0x9f, 0x85, 0xff, 0x62, 0x9f, 0x85, 0xff,
    0x62, 0x9f, 0x85, 0xff, 0x62, 0x9f, 0x85, 0xff, 0x62, 0x9f, 0x85, 0xff, 0x62, 0x9f, 0x85, 0xff,
    0x62, 0x9f, 0x85, 0xff, 0x62, 0x9f, 0x85, 0xff, 0x62, 0x9f, 0x85, 0xff, 0x62, 0x9f, 0x85, 0xff,
    0x62, 0x9f, 0x85, 0xff, 0x62, 0x9f, 0x85, 0xff, 0x62, 0x9f, 0x85, 0xff, 0x62, 0x9f, 0x85, 0xff,
    0x62, 0x9f, 0x85, 0xff, 0x62, 0x9f, 0x85, 0xff, 0x62, 0x9f, 0x85, 0xff, 0x62, 0x9f, 0x85, 0xff,
    0x62, 0x9f, 0x85, 0xff, 0x62, 0x9f, 0x85, 0xff, 0xa8, 0xe3, 0xcf, 0xff, 0xa8, 0xe3, 0xcf, 0xfc,
    0xa8, 0xe3, 0xcf, 0xff, 0xa8, 0xe3, 0xcf, 0xff, 0x62, 0x9f, 0x85, 0xff, 0x62, 0x9f, 0x85, 0xff,
    0x62, 0x9f, 0x85, 0xff, 0x62, 0x9f, 0x85, 0xff, 0x62, 0x9f, 0x85, 0xff, 0x62, 0x9f, 0x85, 0xff,
    0x62, 0x9f, 0x85, 0xff, 0x62, 0x9f, 0x85, 0xff, 0x62, 0x9f, 0x85, 0xff, 0x62, 0x9f, 0x85, 0xff,
    0x62, 0x9f, 0x85, 0xff, 0x62, 0x9f, 0x85, 0xff, 0x62, 0x9f, 0x85, 0xff, 0x62, 0x9f, 0x85, 0xff,
    0x62, 0x9f, 0x85, 0xff, 0x62, 0x9f, 0x85, 0xff, 0x62, 0x9f, 0x85, 0xff, 0x62, 0x9f, 0x85, 0xff,
    0x62, 0x9f, 0x85, 0xff, 0x62, 0x9f, 0x85, 0xff, 0x62, 0x9f, 0x85, 0xff, 0x62, 0x9f, 0x85, 0xff,
    0x62, 0x9f, 0x85, 0xff, 0x62, 0x9f, 0x85, 0xff, 0x62, 0x9f, 0x85, 0xff, 0x62, 0x9f, 0x85, 0xff,
    0x62, 0x9f, 0x85, 0xff, 0x62, 0x9f, 0x85, 0xff, 0x62, 0x9f, 0x85, 0xff, 0x62, 0x9f, 0x85, 0xff,
    0x62, 0x9f, 0x85, 0xff, 0x62, 0x9f, 0x85, 0xff, 0x62, 0x9f, 0x85, 0xff, 0x62, 0x9f, 0x85, 0xff,
    0x62, 0x9f, 0x85, 0xff, 0x62, 0x9f, 0x85, 0xff, 0x62, 0x9f, 0x85, 0xff, 0x62, 0x9f, 0x85, 0xff,
    0x62, 0x9f, 0x85, 0xff, 0x62, 0x9f, 0x85, 0xff, 0x62, 0x9f, 0x85, 0xff, 0x62, 0x9f, 0x85, 0xff,
    0x62, 0x9f, 0x85, 0xff, 0x62, 0x9f, 0x85, 0xff, 0xa8, 0xe3, 0xcf, 0xff, 0xa8, 0xe3, 0xcf, 0xff,
    0xa8, 0xe3, 0xcf, 0xfc, 0xa8, 0xe3, 0xcf, 0xff, 0x62, 0x9f, 0x85, 0xff, 0x62, 0x9f, 0x85, 0xff,
    0x62, 0x9f, 0x85, 0xff, 0x62, 0x9f, 0x85, 0xff, 0x62, 0x9f, 0x85, 0xff, 0x62, 0x9f, 0x85, 0xff,
    0x62, 0x9f, 0x85, 0xff, 0x62, 0x9f, 0x85, 0xff, 0x62, 0x9f, 0x85, 0xff, 0x62, 0x9f, 0x85, 0xff,
    0x62, 0x9f, 0x85, 0xff, 0x62, 0x9f, 0x85, 0xff, 0x62, 0x9f, 0x85, 0xff, 0x62, 0x9f, 0x85, 0xff,
    0x62, 0x9f, 0x85, 0xff, 0x62, 0x9f, 0x85, 0xff, 0x62, 0x9f, 0x85, 0xff, 0x62, 0x9f, 0x85, 0xff,
    0x62, 0x9f, 0x85, 0xff, 0x62, 0x9f, 0x85, 0xff, 0x62, 0x9f, 0x85, 0xff, 0x62, 0x9f, 0x85, 0xff,
    0x62, 0x9f, 0x85, 0xff, 0x62, 0x9f, 0x85, 0xff, 0x62, 0x9f, 0x85, 0xff, 0x62, 0x9f, 0x85, 0xff,
    0x62, 0x9f, 0x85, 0xff, 0x62, 0x9f, 0x85, 0xff, 0x62, 0x9f, 0x85, 0xff, 0x62, 0x9f, 0x85, 0xff,
    0x62, 0x9f, 0x85, 0xff, 0x62, 0x9f, 0x85, 0xff, 0x62, 0x9f, 0x85, 0xff, 0x62, 0x9f, 0x85, 0xff,
    0x62, 0x9f, 0x85, 0xff, 0x62, 0x9f, 0x85, 0xff, 0x62, 0x9f, 0x85, 0xff, 0x62, 0x9f, 0x85, 0xff,
    0x62, 0x9f, 0x85, 0xff, 0x62, 0x9f, 0x85, 0xff, 0x62, 0x9f, 0x85, 0xff, 0x62, 0x9f, 0x85, 0xff,
    0x62, 0x9f, 0x85, 0xff, 0x62, 0x9f, 0x85, 0xff, 0xa8, 0xe3, 0xcf, 0xff, 0xa8, 0xe3, 0xcf, 0xfc,
    0xa8, 0xe3, 0xcf, 0xe8, 0xa8, 0xe3, 0xcf, 0xff, 0x62, 0x9f, 0x85, 0xff, 0x62, 0x9f, 0x85, 0xff,
    0x62, 0x9f, 0x85, 0xff, 0x62, 0x9f, 0x85, 0xff, 0x62, 0x9f, 0x85, 0xff, 0x62, 0x9f, 0x85, 0xff,
    0x62, 0x9f, 0x85, 0xff, 0x62, 0x9f, 0x85, 0xff, 0x62, 0x9f, 0x85, 0xff, 0x62, 0x9f, 0x85, 0xff,
    0x62, 0x9f, 0x85, 0xff, 0x62, 0x9f, 0x85, 0xff, 0x62, 0x9f, 0x85, 0xff, 0x62, 0x9f, 0x85, 0xff,
    0x62, 0x9f, 0x85, 0xff, 0x62, 0x9f, 0x85, 0xff, 0x62, 0x9f, 0x85, 0xff, 0x62, 0x9f, 0x85, 0xff,
    0x62, 0x9f, 0x85, 0xff, 0x62, 0x9f, 0x85, 0xff, 0x62, 0x9f, 0x85, 0xff, 0x62, 0x9f, 0x85, 0xff,
    0x62, 0x9f, 0x85, 0xff, 0x62, 0x9f, 0x85, 0xff, 0x62, 0x9f, 0x85, 0xff, 0x62, 0x9f, 0x85, 0xff,
    0x62, 0x9f, 0x85, 0xff, 0x62, 0x9f, 0x85, 0xff, 0x62, 0x9f, 0x85, 0xff, 0x62, 0x9f, 0x85, 0xff,
    0x62, 0x9f, 0x85, 0xff, 0x62, 0x9f, 0x85, 0xff, 0x62, 0x9f, 0x85, 0xff, 0x62, 0x9f, 0x85, 0xff,
    0x62, 0x9f, 0x85, 0xff, 0x62, 0x9f, 0x85, 0xff, 0x62, 0x9f, 0x85, 0xff, 0x62, 0x9f, 0x85, 0xff,
    0x62, 0x9f, 0x85, 0xff, 0x62, 0x9f, 0x85, 0xff, 0x62, 0x9f, 0x85, 0xff, 0x62, 0x9f, 0x85, 0xff,
    0x62, 0x9f, 0x85, 0xff, 0x62, 0x9f, 0x85, 0xff, 0xa8, 0xe3, 0xcf, 0xff, 0xa8, 0xe3, 0xcf, 0xe8,
    0xa8, 0xe3, 0xcf, 0xbf, 0xa8, 0xe3, 0xcf, 0xff, 0x62, 0x9f, 0x85, 0xff, 0x62, 0x9f, 0x85, 0xff,
    0x62, 0x9f, 0x85, 0xff, 0x62, 0x9f, 0x85, 0xff, 0x62, 0x9f, 0x85, 0xff, 0x62, 0x9f, 0x85, 0xff,
    0x62, 0x9f, 0x85, 0xff, 0x62, 0x9f, 0x85, 0xff, 0x62, 0x9f, 0x85, 0xff, 0x62, 0x9f, 0x85, 0xff,
    0x62, 0x9f, 0x85, 0xff, 0x62, 0x9f, 0x85, 0xff, 0x62, 0x9f, 0x85, 0xff, 0x62, 0x9f, 0x85, 0xff,
    0x62, 0x9f, 0x85, 0xff, 0x62, 0x9f, 0x85, 0xff, 0x62, 0x9f, 0x85, 0xff, 0x62, 0x9f, 0x85, 0xff,
    0x62, 0x9f, 0x85, 0xff, 0x62, 0x9f, 0x85, 0xff, 0x62, 0x9f, 0x85, 0xff, 0x62, 0x9f, 0x85, 0xff,
    0x62, 0x9f, 0x85, 0xff, 0x62, 0x9f, 0x85, 0xff, 0x62, 0x9f, 0x85, 0xff, 0x62, 0x9f, 0x85, 0xff,
    0x62, 0x9f, 0x85, 0xff, 0x62, 0x9f, 0x85, 0xff, 0x62, 0x9f, 0x85, 0xff, 0x62, 0x9f, 0x85, 0xff,
    0x62, 0x9f, 0x85, 0xff, 0x62, 0x9f, 0x85, 0xff, 0x62, 0x9f, 0x85, 0xff, 0x62, 0x9f, 0x85, 0xff,
    0x62, 0x9f, 0x85, 0xff, 0x62, 0x9f, 0x85, 0xff, 0x62, 0x9f, 0x85, 0xff, 0x62, 0x9f, 0x85, 0xff,
    0x62, 0x9f, 0x85, 0xff, 0x62, 0x9f, 0x85, 0xff, 0x62, 0x9f, 0x85, 0xff, 0x62, 0x9f, 0x85, 0xff,
    0x62, 0x9f, 0x85, 0xff, 0x62, 0x9f, 0x85, 0xff, 0xa8, 0xe3, 0xcf, 0xff, 0xa8, 0xe3, 0xcf, 0xbf,
    0xa8, 0xe3, 0xcf, 0x84, 0xa8, 0xe3, 0xcf, 0xff, 0xa8, 0xe3, 0xcf, 0xff, 0x62, 0x9f, 0x85, 0xff,
    0x62, 0x9f, 0x85, 0xff, 0x62, 0x9f, 0x85, 0xff, 0x62, 0x9f, 0x85, 0xff, 0x62, 0x9f, 0x85, 0xff,
    0x62, 0x9f, 0x85, 0xff, 0x62, 0x9f, 0x85, 0xff, 0x62, 0x9f, 0x85, 0xff, 0x62, 0x9f, 0x85, 0xff,
    0x62, 0x9f, 0x85, 0xff, 0x62, 0x9f, 0x85, 0xff, 0x62, 0x9f, 0x85, 0xff, 0x62, 0x9f, 0x85, 0xff,
    0x62, 0x9f, 0x85, 0xff, 0x62, 0x9f, 0x85, 0xff, 0x62, 0x9f, 0x85, 0xff, 0x62, 0x9f, 0x85, 0xff,
    0x62, 0x9f, 0x85, 0xff, 0x62, 0x9f, 0x85, 0xff, 0x62, 0x9f, 0x85, 0xff, 0x62, 0x9f, 0x85, 0xff,
    0x62, 0x9f, 0x85, 0xff, 0x62, 0x9f, 0x85, 0xff, 0x62, 0x9f, 0x85, 0xff, 0x62, 0x9f, 0x85, 0xff,
    0x62, 0x9f, 0x85, 0xff, 0x62, 0x9f, 0x85, 0xff, 0x62, 0x9f, 0x85, 0xff, 0x62, 0x9f, 0x85, 0xff,
    0x62, 0x9f, 0x85, 0xff, 0x62, 0x9f, 0x85, 0xff, 0x62, 0x9f, 0x85, 0xff, 0x62, 0x9f, 0x85, 0xff,
    0x62, 0x9f, 0x85, 0xff, 0x62, 0x9f, 0x85, 0xff, 0x62, 0x9f, 0x85, 0xff, 0x62, 0x9f, 0x85, 0xff,
    0x62, 0x9f, 0x85, 0xff, 0x62, 0x9f, 0x85, 0xff, 0x62, 0x9f, 0x85, 0xff, 0x62, 0x9f, 0x85, 0xff,
    0x62, 0x9f, 0x85, 0xff, 0xa8, 0xe3, 0xcf, 0xff, 0xa8, 0xe3, 0xcf, 0xff, 0xa8, 0xe3, 0xcf, 0x84,
    0xa8, 0xe3, 0xcf, 0x36, 0xa8, 0xe3, 0xcf, 0xff, 0xa8, 0xe3, 0xcf, 0xff, 0x62, 0x9f, 0x85, 0xff,
    0x62, 0x9f, 0x85, 0xff, 0x62, 0x9f, 0x85, 0xff, 0x62, 0x9f, 0x85, 0xff, 0x62, 0x9f, 0x85, 0xff,
    0x62, 0x9f, 0x85, 0xff, 0x62, 0x9f, 0x85, 0xff, 0x62, 0x9f, 0x85, 0xff, 0x62, 0x9f, 0x85, 0xff,
    0x62, 0x9f, 0x85, 0xff, 0x62, 0x9f, 0x85, 0xff, 0x62, 0x9f, 0x85, 0xff, 0x62, 0x9f, 0x85, 0xff,
    0x62, 0x9f, 0x85, 0xff, 0x62, 0x9f, 0x85, 0xff, 0x62, 0x9f, 0x85, 0xff, 0x62, 0x9f, 0x85, 0xff,
    0x62, 0x9f, 0x85, 0xff, 0x62, 0x9f, 0x85, 0xff, 0x62, 0x9f, 0x85, 0xff, 0x62, 0x9f, 0x85, 0xff,
    0x62, 0x9f, 0x85, 0xff, 0x62, 0x9f, 0x85, 0xff, 0x62, 0x9f, 0x85, 0xff, 0x62, 0x9f, 0x85, 0xff,
    0x62, 0x9f, 0x85, 0xff, 0x62, 0x9f, 0x85, 0xff, 0x62, 0x9f, 0x85, 0xff, 0x62, 0x9f, 0x85, 0xff,
    0x62, 0x9f, 0x85, 0xff, 0x62, 0x9f, 0x85, 0xff, 0x62, 0x9f, 0x85, 0xff, 0x62, 0x9f, 0x85, 0xff,
    0x62, 0x9f, 0x85, 0xff, 0x62, 0x9f, 0x85, 0xff, 0x62, 0x9f, 0x85, 0xff, 0x62, 0x9f, 0x85, 0xff,
    0x62, 0x9f, 0x85, 0xff, 0x62, 0x9f, 0x85, 0xff, 0x62, 0x9f, 0x85, 0xff, 0x62, 0x9f, 0x85, 0xff,
    0x62, 0x9f, 0x85, 0xff, 0xa8, 0xe3, 0xcf, 0xff, 0xa8, 0xe3, 0xcf, 0xff, 0xa8, 0xe3, 0xcf, 0x36,
    0x00, 0x00, 0x00, 0x00, 0xa8, 0xe3, 0xcf, 0xbf, 0xa8, 0xe3, 0xcf, 0xff, 0x62, 0x9f, 0x85, 0xff,
    0x62, 0x9f, 0x85, 0xff, 0x62, 0x9f, 0x85, 0xff, 0x62, 0x9f, 0x85, 0xff, 0x62, 0x9f, 0x85, 0xff,
    0x62, 0x9f, 0x85, 0xff, 0x62, 0x9f, 0x85, 0xff, 0x62, 0x9f, 0x85, 0xff, 0x62, 0x9f, 0x85, 0xff,
    0x62, 0x9f, 0x85, 0xff, 0x62, 0x9f, 0x85, 0xff, 0x62, 0x9f, 0x85, 0xff, 0x62, 0x9f, 0x85, 0xff,
    0x62, 0x9f, 0x85, 0xff, 0x62, 0x9f, 0x85, 0xff, 0x62, 0x9f, 0x85, 0xff, 0x62, 0x9f, 0x85, 0xff,
    0x62, 0x9f, 0x85, 0xff, 0x62, 0x9f, 0x85, 0xff, 0x62, 0x9f, 0x85, 0xff, 0x62, 0x9f, 0x85, 0xff,
    0x62, 0x9f, 0x85, 0xff, 0x62, 0x9f, 0x85, 0xff, 0x62, 0x9f, 0x85, 0xff, 0x62, 0x9f, 0x85, 0xff,
    0x62, 0x9f, 0x85, 0xff, 0x62, 0x9f, 0x85, 0xff, 0x62, 0x9f, 0x85, 0xff, 0x62, 0x9f, 0x85, 0xff,
    0x62, 0x9f, 0x85, 0xff, 0x62, 0x9f, 0x85, 0xff, 0x62, 0x9f, 0x85, 0xff, 0x62, 0x9f, 0x85, 0xff,
    0x62, 0x9f, 0x85, 0xff, 0x62, 0x9f, 0x85, 0xff, 0x62, 0x9f, 0x85, 0xff, 0x62, 0x9f, 0x85, 0xff,
    0x62, 0x9f, 0x85, 0xff, 0x62, 0x9f, 0x85, 0xff, 0x62, 0x9f, 0x85, 0xff, 0x62, 0x9f, 0x85, 0xff,
    0x62, 0x9f, 0x85, 0xff, 0xa8, 0xe3, 0xcf, 0xff, 0xa8, 0xe3, 0xcf, 0xbf, 0x00, 0x00, 0x00, 0x00,
    0x00, 0x00, 0x00, 0x00, 0xa8, 0xe3, 0xcf, 0x49, 0xa8, 0xe3, 0xcf, 0xff, 0xa8, 0xe3, 0xcf, 0xff,
    0x62, 0x9f, 0x85, 0xff, 0x62, 0x9f, 0x85, 0xff, 0x62, 0x9f, 0x85, 0xff, 0x62, 0x9f, 0x85, 0xff,
    0x62, 0x9f, 0x85, 0xff, 0x62, 0x9f, 0x85, 0xff, 0x62, 0x9f, 0x85, 0xff, 0x62, 0x9f, 0x85, 0xff,
    0x62, 0x9f, 0x85, 0xff, 0x62, 0x9f, 0x85, 0xff, 0x62, 0x9f, 0x85, 0xff, 0x62, 0x9f, 0x85, 0xff,
    0x62, 0x9f, 0x85, 0xff, 0x62, 0x9f, 0x85, 0xff, 0x62, 0x9f, 0x85, 0xff, 0x62, 0x9f, 0x85, 0xff,
    0x62, 0x9f, 0x85, 0xff, 0x62, 0x9f, 0x85, 0xff, 0x62, 0x9f, 0x85, 0xff, 0x62, 0x9f, 0x85, 0xff,
    0x62, 0x9f, 0x85, 0xff, 0x62, 0x9f, 0x85, 0xff, 0x62, 0x9f, 0x85, 0xff, 0x62, 0x9f, 0x85, 0xff,
    0x62, 0x9f, 0x85, 0xff, 0x62, 0x9f, 0x85, 0xff, 0x62, 0x9f, 0x85, 0xff, 0x62, 0x9f, 0x85, 0xff,
    0x62, 0x9f, 0x85, 0xff, 0x62, 0x9f, 0x85, 0xff, 0x62, 0x9f, 0x85, 0xff, 0x62, 0x9f, 0x85, 0xff,
    0x62, 0x9f, 0x85, 0xff, 0x62, 0x9f, 0x85, 0xff, 0x62, 0x9f, 0x85, 0xff, 0x62, 0x9f, 0x85, 0xff,
    0x62, 0x9f, 0x85, 0xff, 0x62, 0x9f, 0x85, 0xff, 0x62, 0x9f, 0x85, 0xff, 0x62, 0x9f, 0x85, 0xff,
    0xa8, 0xe3, 0xcf, 0xff, 0xa8, 0xe3, 0xcf, 0xff, 0xa8, 0xe3, 0xcf, 0x49, 0x00, 0x00, 0x00, 0x00,
    0x00, 0x00, 0x00, 0x00, 0x00, 0x00, 0x00, 0x00, 0xa8, 0xe3, 0xcf, 0x98, 0xa8, 0xe3, 0xcf, 0xff,
    0xa8, 0xe3, 0xcf, 0xff, 0x62, 0x9f, 0x85, 0xff, 0x62, 0x9f, 0x85, 0xff, 0x62, 0x9f, 0x85, 0xff,
    0x62, 0x9f, 0x85, 0xff, 0x62, 0x9f, 0x85, 0xff, 0x62, 0x9f, 0x85, 0xff, 0x62, 0x9f, 0x85, 0xff,
    0x62, 0x9f, 0x85, 0xff, 0x62, 0x9f, 0x85, 0xff, 0x62, 0x9f, 0x85, 0xff, 0x62, 0x9f, 0x85, 0xff,
    0x62, 0x9f, 0x85, 0xff, 0x62, 0x9f, 0x85, 0xff, 0x62, 0x9f, 0x85, 0xff, 0x62, 0x9f, 0x85, 0xff,
    0x62, 0x9f, 0x85, 0xff, 0x62, 0x9f, 0x85, 0xff, 0x62, 0x9f, 0x85, 0xff, 0x62, 0x9f, 0x85, 0xff,
    0x62, 0x9f, 0x85, 0xff, 0x62, 0x9f, 0x85, 0xff, 0x62, 0x9f, 0x85, 0xff, 0x62, 0x9f, 0x85, 0xff,
    0x62, 0x9f, 0x85, 0xff, 0x62, 0x9f, 0x85, 0xff, 0x62, 0x9f, 0x85, 0xff, 0x62, 0x9f, 0x85, 0xff,
    0x62, 0x9f, 0x85, 0xff, 0x62, 0x9f, 0x85, 0xff, 0x62, 0x9f, 0x85, 0xff, 0x62, 0x9f, 0x85, 0xff,
    0x62, 0x9f, 0x85, 0xff, 0x62, 0x9f, 0x85, 0xff, 0x62, 0x9f, 0x85, 0xff, 0x62, 0x9f, 0x85, 0xff,
    0x62, 0x9f, 0x85, 0xff, 0x62, 0x9f, 0x85, 0xff, 0x62, 0x9f, 0x85, 0xff, 0xa8, 0xe3, 0xcf, 0xff,
    0xa8, 0xe3, 0xcf, 0xff, 0xa8, 0xe3, 0xcf, 0x98, 0x00, 0x00, 0x00, 0x00, 0x00, 0x00, 0x00, 0x00,
    0x00, 0x00, 0x00, 0x00, 0x00, 0x00, 0x00, 0x00, 0x00, 0x00, 0x00, 0x00, 0xa8, 0xe3, 0xcf, 0xbf,
    0xa8, 0xe3, 0xcf, 0xff, 0xa8, 0xe3, 0xcf, 0xff, 0x62, 0x9f, 0x85, 0xff, 0x62, 0x9f, 0x85, 0xff,
    0x62, 0x9f, 0x85, 0xff, 0x62, 0x9f, 0x85, 0xff, 0x62, 0x9f, 0x85, 0xff, 0x62, 0x9f, 0x85, 0xff,
    0x62, 0x9f, 0x85, 0xff, 0x62, 0x9f, 0x85, 0xff, 0x62, 0x9f, 0x85, 0xff, 0x62, 0x9f, 0x85, 0xff,
    0x62, 0x9f, 0x85, 0xff, 0x62, 0x9f, 0x85, 0xff, 0x62, 0x9f, 0x85, 0xff, 0x62, 0x9f, 0x85, 0xff,
    0x62, 0x9f, 0x85, 0xff, 0x62, 0x9f, 0x85, 0xff, 0x62, 0x9f, 0x85, 0xff, 0x62, 0x9f, 0x85, 0xff,
    0x62, 0x9f, 0x85, 0xff, 0x62, 0x9f, 0x85, 0xff, 0x62, 0x9f, 0x85, 0xff, 0x62, 0x9f, 0x85, 0xff,
    0x62, 0x9f, 0x85, 0xff, 0x62, 0x9f, 0x85, 0xff, 0x62, 0x9f, 0x85, 0xff, 0x62, 0x9f, 0x85, 0xff,
    0x62, 0x9f, 0x85, 0xff, 0x62, 0x9f, 0x85, 0xff, 0x62, 0x9f, 0x85, 0xff, 0x62, 0x9f, 0x85, 0xff,
    0x62, 0x9f, 0x85, 0xff, 0x62, 0x9f, 0x85, 0xff, 0x62, 0x9f, 0x85, 0xff, 0x62, 0x9f, 0x85, 0xff,
    0x62, 0x9f, 0x85, 0xff, 0x62, 0x9f, 0x85, 0xff, 0xa8, 0xe3, 0xcf, 0xff, 0xa8, 0xe3, 0xcf, 0xff,
    0xa8, 0xe3, 0xcf, 0xbf, 0x00, 0x00, 0x00, 0x00, 0x00, 0x00, 0x00, 0x00, 0x00, 0x00, 0x00, 0x00,
    0x00, 0x00, 0x00, 0x00, 0x00, 0x00, 0x00, 0x00, 0x00, 0x00, 0x00, 0x00, 0xa8, 0xe3, 0xcf, 0x10,
    0xa8, 0xe3, 0xcf, 0xbf, 0xa8, 0xe3, 0xcf, 0xff, 0xa8, 0xe3, 0xcf, 0xff, 0x62, 0x9f, 0x85, 0xff,
    0x62, 0x9f, 0x85, 0xff, 0x62, 0x9f, 0x85, 0xff, 0x62, 0x9f, 0x85, 0xff, 0x62, 0x9f, 0x85, 0xff,
    0x62, 0x9f, 0x85, 0xff, 0x62, 0x9f, 0x85, 0xff, 0x62, 0x9f, 0x85, 0xff, 0x62, 0x9f, 0x85, 0xff,
    0x62, 0x9f, 0x85, 0xff, 0x62, 0x9f, 0x85, 0xff, 0x62, 0x9f, 0x85, 0xff, 0x62, 0x9f, 0x85, 0xff,
    0x62, 0x9f, 0x85, 0xff, 0x62, 0x9f, 0x85, 0xff, 0x62, 0x9f, 0x85, 0xff, 0x62, 0x9f, 0x85, 0xff,
    0x62, 0x9f, 0x85, 0xff, 0x62, 0x9f, 0x85, 0xff, 0x62, 0x9f, 0x85, 0xff, 0x62, 0x9f, 0x85, 0xff,
    0x62, 0x9f, 0x85, 0xff, 0x62, 0x9f, 0x85, 0xff, 0x62, 0x9f, 0x85, 0xff, 0x62, 0x9f, 0x85, 0xff,
    0x62, 0x9f, 0x85, 0xff, 0x62, 0x9f, 0x85, 0xff, 0x62, 0x9f, 0x85, 0xff, 0x62, 0x9f, 0x85, 0xff,
    0x62, 0x9f, 0x85, 0xff, 0x62, 0x9f, 0x85, 0xff, 0x62, 0x9f, 0x85, 0xff, 0x62, 0x9f, 0x85, 0xff,
    0x62, 0x9f, 0x85, 0xff, 0xa8, 0xe3, 0xcf, 0xff, 0xa8, 0xe3, 0xcf, 0xff, 0xa8, 0xe3, 0xcf, 0xbf,
    0xa8, 0xe3, 0xcf, 0x10, 0x00, 0x00, 0x00, 0x00, 0x00, 0x00, 0x00, 0x00, 0x00, 0x00, 0x00, 0x00,
    0x00, 0x00, 0x00, 0x00, 0x00, 0x00, 0x00, 0x00, 0x00, 0x00, 0x00, 0x00, 0x00, 0x00, 0x00, 0x00,
    0x00, 0x00, 0x00, 0x00, 0xa8, 0xe3, 0xcf, 0x98, 0xa8, 0xe3, 0xcf, 0xff, 0xa8, 0xe3, 0xcf, 0xff,
    0xa8, 0xe3, 0xcf, 0xff, 0xa8, 0xe3, 0xcf, 0xff, 0x62, 0x9f, 0x85, 0xff, 0x62, 0x9f, 0x85, 0xff,
    0x62, 0x9f, 0x85, 0xff, 0x62, 0x9f, 0x85, 0xff, 0x62, 0x9f, 0x85, 0xff, 0x62, 0x9f, 0x85, 0xff,
    0x62, 0x9f, 0x85, 0xff, 0x62, 0x9f, 0x85, 0xff, 0x62, 0x9f, 0x85, 0xff, 0x62, 0x9f, 0x85, 0xff,
    0x62, 0x9f, 0x85, 0xff, 0x62, 0x9f, 0x85, 0xff, 0x62, 0x9f, 0x85, 0xff, 0x62, 0x9f, 0x85, 0xff,
    0x62, 0x9f, 0x85, 0xff, 0x62, 0x9f, 0x85, 0xff, 0x62, 0x9f, 0x85, 0xff, 0x62, 0x9f, 0x85, 0xff,
    0x62, 0x9f, 0x85, 0xff, 0x62, 0x9f, 0x85, 0xff, 0x62, 0x9f, 0x85, 0xff, 0x62, 0x9f, 0x85, 0xff,
    0x62, 0x9f, 0x85, 0xff, 0x62, 0x9f, 0x85, 0xff, 0x62, 0x9f, 0x85, 0xff, 0x62, 0x9f, 0x85, 0xff,
    0x62, 0x9f, 0x85, 0xff, 0x62, 0x9f, 0x85, 0xff, 0xa8, 0xe3, 0xcf, 0xff, 0xa8, 0xe3, 0xcf, 0xff,
    0xa8, 0xe3, 0xcf, 0xff, 0xa8, 0xe3, 0xcf, 0xff, 0xa8, 0xe3, 0xcf, 0x98, 0x00, 0x00, 0x00, 0x00,
    0x00, 0x00, 0x00, 0x00, 0x00, 0x00, 0x00, 0x00, 0x00, 0x00, 0x00, 0x00, 0x00, 0x00, 0x00, 0x00,
    0x00, 0x00, 0x00, 0x00, 0x00, 0x00, 0x00, 0x00, 0x00, 0x00, 0x00, 0x00, 0x00, 0x00, 0x00, 0x00,
    0x00, 0x00, 0x00, 0x00, 0x00, 0x00, 0x00, 0x00, 0xa8, 0xe3, 0xcf, 0x49, 0xa8, 0xe3, 0xcf, 0xbf,
    0xa8, 0xe3, 0xcf, 0xff, 0xa8, 0xe3, 0xcf, 0xff, 0xa8, 0xe3, 0xcf, 0xff, 0xa8, 0xe3, 0xcf, 0xff,
    0xa8, 0xe3, 0xcf, 0xff, 0xa8, 0xe3, 0xcf, 0xff, 0xa8, 0xe3, 0xcf, 0xff, 0xa8, 0xe3, 0xcf, 0xff,
    0xa8, 0xe3, 0xcf, 0xff, 0xa8, 0xe3, 0xcf, 0xff, 0xa8, 0xe3, 0xcf, 0xff, 0xa8, 0xe3, 0xcf, 0xff,
    0xa8, 0xe3, 0xcf, 0xff, 0xa8, 0xe3, 0xcf, 0xff, 0xa8, 0xe3, 0xcf, 0xff, 0xa8, 0xe3, 0xcf, 0xff,
    0xa8, 0xe3, 0xcf, 0xff, 0xa8, 0xe3, 0xcf, 0xff, 0xa8, 0xe3, 0xcf, 0xff, 0xa8, 0xe3, 0xcf, 0xff,
    0xa8, 0xe3, 0xcf, 0xff, 0xa8, 0xe3, 0xcf, 0xff, 0xa8, 0xe3, 0xcf, 0xff, 0xa8, 0xe3, 0xcf, 0xff,
    0xa8, 0xe3, 0xcf, 0xff, 0xa8, 0xe3, 0xcf, 0xff, 0xa8, 0xe3, 0xcf, 0xff, 0xa8, 0xe3, 0xcf, 0xff,
    0xa8, 0xe3, 0xcf, 0xff, 0xa8, 0xe3, 0xcf, 0xff, 0xa8, 0xe3, 0xcf, 0xff, 0xa8, 0xe3, 0xcf, 0xff,
    0xa8, 0xe3, 0xcf, 0xbf, 0xa8, 0xe3, 0xcf, 0x49, 0x00, 0x00, 0x00, 0x00, 0x00, 0x00, 0x00, 0x00,
    0x00, 0x00, 0x00, 0x00, 0x00, 0x00, 0x00, 0x00, 0x00, 0x00, 0x00, 0x00, 0x00, 0x00, 0x00, 0x00,
    0x00, 0x00, 0x00, 0x00, 0x00, 0x00, 0x00, 0x00, 0x00, 0x00, 0x00, 0x00, 0x00, 0x00, 0x00, 0x00,
    0x00, 0x00, 0x00, 0x00, 0x00, 0x00, 0x00, 0x00, 0x00, 0x00, 0x00, 0x00, 0x00, 0x00, 0x00, 0x00,
    0xa8, 0xe3, 0xcf, 0x36, 0xa8, 0xe3, 0xcf, 0x84, 0xa8, 0xe3, 0xcf, 0xbf, 0xa8, 0xe3, 0xcf, 0xe8,
    0xa8, 0xe3, 0xcf, 0xfc, 0xa8, 0xe3, 0xcf, 0xff, 0xa8, 0xe3, 0xcf, 0xff, 0xa8, 0xe3, 0xcf, 0xff,
    0xa8, 0xe3, 0xcf, 0xff, 0xa8, 0xe3, 0xcf, 0xff, 0xa8, 0xe3, 0xcf, 0xff, 0xa8, 0xe3, 0xcf, 0xff,
    0xa8, 0xe3, 0xcf, 0xff, 0xa8, 0xe3, 0xcf, 0xff, 0xa8, 0xe3, 0xcf, 0xff, 0xa8, 0xe3, 0xcf, 0xff,
    0xa8, 0xe3, 0xcf, 0xff, 0xa8, 0xe3, 0xcf, 0xff, 0xa8, 0xe3, 0xcf, 0xff, 0xa8, 0xe3, 0xcf, 0xff,
    0xa8, 0xe3, 0xcf, 0xff, 0xa8, 0xe3, 0xcf, 0xff, 0xa8, 0xe3, 0xcf, 0xff, 0xa8, 0xe3, 0xcf, 0xff,
    0xa8, 0xe3, 0xcf, 0xff, 0xa8, 0xe3, 0xcf, 0xff, 0xa8, 0xe3, 0xcf, 0xff, 0xa8, 0xe3, 0xcf, 0xfc,
    0xa8, 0xe3, 0xcf, 0xe8, 0xa8, 0xe3, 0xcf, 0xbf, 0xa8, 0xe3, 0xcf, 0x84, 0xa8, 0xe3, 0xcf, 0x36,
    0x00, 0x00, 0x00, 0x00, 0x00, 0x00, 0x00, 0x00, 0x00, 0x00, 0x00, 0x00, 0x00, 0x00, 0x00, 0x00,
    0x00, 0x00, 0x00, 0x00, 0x00, 0x00, 0x00, 0x00, 0x00, 0x00, 0x00, 0x00, 0x00, 0x00, 0x00, 0x00,
};
static const lv_img_dsc_t pill_toggle_on_focus = {
    .header.always_zero = 0,
    .header.w = 48,
    .header.h = 27,
    .header.cf = LV_IMG_CF_TRUE_COLOR_ALPHA,
    .data_size = sizeof(pill_toggle_on_focus_data),
    .data = pill_toggle_on_focus_data,
};

static const uint8_t pill_toggle_thumb_off_data[] = {
    0x00, 0x00, 0x00, 0x00, 0x00, 0x00, 0x00, 0x00, 0x00, 0x00, 0x00, 0x00, 0x00, 0x00, 0x00, 0x00,
    0x00, 0x00, 0x00, 0x00, 0x00, 0x00, 0x00, 0x00, 0x00, 0x00, 0x00, 0x00, 0x00, 0x00, 0x00, 0x00,
    0x00, 0x00, 0x00, 0x00, 0x00, 0x00, 0x00, 0x00, 0x00, 0x00, 0x00, 0x00, 0x00, 0x00, 0x00, 0x00,
    0x00, 0x00, 0x00, 0x00, 0x00, 0x00, 0x00, 0x00, 0x00, 0x00, 0x00, 0x00, 0x00, 0x00, 0x00, 0x00,
    0x00, 0x00, 0x00, 0x00, 0x00, 0x00, 0x00, 0x00, 0x00, 0x00, 0x00, 0x00, 0x00, 0x00, 0x00, 0x00,
    0x00, 0x00, 0x00, 0x00, 0x00, 0x00, 0x00, 0x00, 0x00, 0x00, 0x00, 0x00, 0x00, 0x00, 0x00, 0x00,
    0x00, 0x00, 0x00, 0x00, 0x00, 0x00, 0x00, 0x00, 0x00, 0x00, 0x00, 0x00, 0x00, 0x00, 0x00, 0x00,
    0x00, 0x00, 0x00, 0x00, 0x00, 0x00, 0x00, 0x00, 0x00, 0x00, 0x00, 0x00, 0x00, 0x00, 0x00, 0x00,
    0x00, 0x00, 0x00, 0x00, 0x00, 0x00, 0x00, 0x00, 0x00, 0x00, 0x00, 0x00, 0x00, 0x00, 0x00, 0x00,
    0x00, 0x00, 0x00, 0x00, 0x00, 0x00, 0x00, 0x00, 0x00, 0x00, 0x00, 0x00, 0x00, 0x00, 0x00, 0x00,
    0x00, 0x00, 0x00, 0x00, 0x00, 0x00, 0x00, 0x00, 0x00, 0x00, 0x00, 0x00, 0x00, 0x00, 0x00, 0x00,
    0x00, 0x00, 0x00, 0x00, 0x00, 0x00, 0x00, 0x00, 0x00, 0x00, 0x00, 0x00, 0x00, 0x00, 0x00, 0x00,
    0x00, 0x00, 0x00, 0x00, 0x00, 0x00, 0x00, 0x00, 0x00, 0x00, 0x00, 0x00, 0x00, 0x00, 0x00, 0x00,
    0x00, 0x00, 0x00, 0x00, 0x00, 0x00, 0x00, 0x00, 0x00, 0x00, 0x00, 0x00, 0x00, 0x00, 0x00, 0x00,
    0x00, 0x00, 0x00, 0x00, 0x00, 0x00, 0x00, 0x00, 0x00, 0x00, 0x00, 0x00, 0x00, 0x00, 0x00, 0x00,
    0x00, 0x00, 0x00, 0x00, 0x00, 0x00, 0x00, 0x00, 0x00, 0x00, 0x00, 0x00, 0x00, 0x00, 0x00, 0x00,
    0x00, 0x00, 0x00, 0x00, 0x00, 0x00, 0x00, 0x00, 0x00, 0x00, 0x00, 0x00, 0x00, 0x00, 0x00, 0x00,
    0x00, 0x00, 0x00, 0x00, 0x00, 0x00, 0x00, 0x03, 0x00, 0x00, 0x00, 0x08, 0x00, 0x00, 0x00, 0x0b,
    0x00, 0x00, 0x00, 0x0c, 0x00, 0x00, 0x00, 0x0b, 0x00, 0x00, 0x00, 0x08, 0x00, 0x00, 0x00, 0x03,
    0x00, 0x00, 0x00, 0x00, 0x00, 0x00, 0x00, 0x00, 0x00, 0x00, 0x00, 0x00, 0x00, 0x00, 0x00, 0x00,
    0x00, 0x00, 0x00, 0x00, 0x00, 0x00, 0x00, 0x00, 0x00, 0x00, 0x00, 0x00, 0x00, 0x00, 0x00, 0x00,
    0x00, 0x00, 0x00, 0x00, 0x00, 0x00, 0x00, 0x00, 0x00, 0x00, 0x00, 0x00, 0x00, 0x00, 0x00, 0x00,
    0x00, 0x00, 0x00, 0x00, 0x00, 0x00, 0x00, 0x00, 0x00, 0x00, 0x00, 0x00, 0x00, 0x00, 0x00, 0x00,
    0x00, 0x00, 0x00, 0x00, 0x00, 0x00, 0x00, 0x00, 0x00, 0x00, 0x00, 0x00, 0x00, 0x00, 0x00, 0x02,
    0x00, 0x00, 0x00, 0x0c, 0x00, 0x00, 0x00, 0x15, 0x00, 0x00, 0x00, 0x1c, 0x00, 0x00, 0x00, 0x21,
    0x00, 0x00, 0x00, 0x24, 0x00, 0x00, 0x00, 0x25, 0x00, 0x00, 0x00, 0x24, 0x00, 0x00, 0x00, 0x21,
    0x00, 0x00, 0x00, 0x1c, 0x00, 0x00, 0x00, 0x15, 0x00, 0x00, 0x00, 0x0c, 0x00, 0x00, 0x00, 0x02,
    0x00, 0x00, 0x00, 0x00, 0x00, 0x00, 0x00, 0x00, 0x00, 0x00, 0x00, 0x00, 0x00, 0x00, 0x00, 0x00,
    0x00, 0x00, 0x00, 0x00, 0x00, 0x00, 0x00, 0x00, 0x00, 0x00, 0x00, 0x00, 0x00, 0x00, 0x00, 0x00,
    0x00, 0x00, 0x00, 0x00, 0x00, 0x00, 0x00, 0x00, 0x00, 0x00, 0x00, 0x00, 0x00, 0x00, 0x00, 0x00,
    0x00, 0x00, 0x00, 0x00, 0x00, 0x00, 0x00, 0x00, 0x00, 0x00, 0x00, 0x00, 0x00, 0x00, 0x00, 0x0b,
    0x00, 0x00, 0x00, 0x18, 0x00, 0x00, 0x00, 0x23, 0x00, 0x00, 0x00, 0x2c, 0x00, 0x00, 0x00, 0x34,
    0x00, 0x00, 0x00, 0x39, 0x00, 0x00, 0x00, 0x3d, 0xc1, 0xd5, 0xcd, 0x00, 0x00, 0x00, 0x00, 0x3d,
    0x00, 0x00, 0x00, 0x39, 0x00, 0x00, 0x00, 0x34, 0x00, 0x00, 0x00, 0x2c, 0x00, 0x00, 0x00, 0x23,
    0x00, 0x00, 0x00, 0x18, 0x00, 0x00, 0x00, 0x0b, 0x00, 0x00, 0x00, 0x00, 0x00, 0x00, 0x00, 0x00,
    0x00, 0x00, 0x00, 0x00, 0x00, 0x00, 0x00, 0x00, 0x00, 0x00, 0x00, 0x00, 0x00, 0x00, 0x00, 0x00,
    0x00, 0x00, 0x00, 0x00, 0x00, 0x00, 0x00, 0x00, 0x00, 0x00, 0x00, 0x00, 0x00, 0x00, 0x00, 0x00,
    0x00, 0x00, 0x00, 0x00, 0x00, 0x00, 0x00, 0x00, 0x00, 0x00, 0x00, 0x01, 0x00, 0x00, 0x00, 0x11,
    0x00, 0x00, 0x00, 0x20, 0x00, 0x00, 0x00, 0x2d, 0x00, 0x00, 0x00, 0x39, 0xbf, 0xd3, 0xcb, 0x26,
    0xbf, 0xd3, 0xcb, 0x82, 0xbf, 0xd3, 0xcb, 0xc7, 0xbf, 0xd3, 0xcb, 0xf0, 0xc7, 0xd8, 0xd1, 0xff,
    0xbf, 0xd3, 0xcb, 0xf0, 0xbf, 0xd3, 0xcb, 0xc7, 0xbf, 0xd3, 0xcb, 0x82, 0xbf, 0xd3, 0xcb, 0x26,
    0x00, 0x00, 0x00, 0x39, 0x00, 0x00, 0x00, 0x2d, 0x00, 0x00, 0x00, 0x20, 0x00, 0x00, 0x00, 0x11,
    0x00, 0x00, 0x00, 0x01, 0x00, 0x00, 0x00, 0x00, 0x00, 0x00, 0x00, 0x00, 0x00, 0x00, 0x00, 0x00,
    0x00, 0x00, 0x00, 0x00, 0x00, 0x00, 0x00, 0x00, 0x00, 0x00, 0x00, 0x00, 0x00, 0x00, 0x00, 0x00,
    0x00, 0x00, 0x00, 0x00, 0x00, 0x00, 0x00, 0x00, 0x00, 0x00, 0x00, 0x01, 0x00, 0x00, 0x00, 0x13,
    0x00, 0x00, 0x00, 0x24, 0x00, 0x00, 0x00, 0x34, 0xbd, 0xd1, 0xc9, 0x00, 0xbd, 0xd1, 0xc9, 0x90,
    0xc1, 0xd4, 0xcc, 0xff, 0xc1, 0xd4, 0xcc, 0xff, 0xc1, 0xd4, 0xcc, 0xff, 0xc1, 0xd4, 0xcc, 0xff,
    0xc1, 0xd4, 0xcc, 0xff, 0xc1, 0xd4, 0xcc, 0xff, 0xc1, 0xd4, 0xcc, 0xff, 0xc1, 0xd4, 0xcc, 0xff,
    0xc1, 0xd4, 0xcc, 0xff, 0xbd, 0xd1, 0xc9, 0x90, 0xbd, 0xd1, 0xc9, 0x00, 0x00, 0x00, 0x00, 0x34,
    0x00, 0x00, 0x00, 0x24, 0x00, 0x00, 0x00, 0x13, 0x00, 0x00, 0x00, 0x01, 0x00, 0x00, 0x00, 0x00,
    0x00, 0x00, 0x00, 0x00, 0x00, 0x00, 0x00, 0x00, 0x00, 0x00, 0x00, 0x00, 0x00, 0x00, 0x00, 0x00,
    0x00, 0x00, 0x00, 0x00, 0x00, 0x00, 0x00, 0x00, 0x00, 0x00, 0x00, 0x00, 0x00, 0x00, 0x00, 0x11,
    0x00, 0x00, 0x00, 0x24, 0x00, 0x00, 0x00, 0x36, 0xbb, 0xcf, 0xc7, 0x19, 0xbb, 0xcf, 0xc7, 0xc7,
    0xbb, 0xcf, 0xc7, 0xff, 0xbb, 0xcf, 0xc7, 0xff, 0xbb, 0xcf, 0xc7, 0xff, 0xbb, 0xcf, 0xc7, 0xff,
    0xbb, 0xcf, 0xc7, 0xff, 0xbb, 0xcf, 0xc7, 0xff, 0xbb, 0xcf, 0xc7, 0xff, 0xbb, 0xcf, 0xc7, 0xff,
    0xbb, 0xcf, 0xc7, 0xff, 0xbb, 0xcf, 0xc7, 0xff, 0xbb, 0xcf, 0xc7, 0xff, 0xbb, 0xcf, 0xc7, 0xc7,
    0xbb, 0xcf, 0xc7, 0x19, 0x00, 0x00, 0x00, 0x36, 0x00, 0x00, 0x00, 0x24, 0x00, 0x00, 0x00, 0x11,
    0x00, 0x00, 0x00, 0x00, 0x00, 0x00, 0x00, 0x00, 0x00, 0x00, 0x00, 0x00, 0x00, 0x00, 0x00, 0x00,
    0x00, 0x00, 0x00, 0x00, 0x00, 0x00, 0x00, 0x00, 0x00, 0x00, 0x00, 0x00, 0x00, 0x00, 0x00, 0x0b,
    0x00, 0x00, 0x00, 0x20, 0x00, 0x00, 0x00, 0x34, 0xb9, 0xcd, 0xc5, 0x00, 0xb9, 0xcd, 0xc5, 0xc7,
    0xb9, 0xcd, 0xc5, 0xff, 0xb9, 0xcd, 0xc5, 0xff, 0xb9, 0xcd, 0xc5, 0xff, 0xb9, 0xcd, 0xc5, 0xff,
    0xb9, 0xcd, 0xc5, 0xff, 0xb9, 0xcd, 0xc5, 0xff, 0xb9, 0xcd, 0xc5, 0xff, 0xb9, 0xcd, 0xc5, 0xff,
    0xb9, 0xcd, 0xc5, 0xff, 0xb9, 0xcd, 0xc5, 0xff, 0xb9, 0xcd, 0xc5, 0xff, 0xb9, 0xcd, 0xc5, 0xff,
    0xb9, 0xcd, 0xc5, 0xff, 0xb9, 0xcd, 0xc5, 0xc7, 0xb9, 0xcd, 0xc5, 0x00, 0x00, 0x00, 0x00, 0x34,
    0x00, 0x00, 0x00, 0x20, 0x00, 0x00, 0x00, 0x0b, 0x00, 0x00, 0x00, 0x00, 0x00, 0x00, 0x00, 0x00,
    0x00, 0x00, 0x00, 0x00, 0x00, 0x00, 0x00, 0x00, 0x00, 0x00, 0x00, 0x00, 0x00, 0x00, 0x00, 0x02,
    0x00, 0x00, 0x00, 0x18, 0x00, 0x00, 0x00, 0x2d, 0x00, 0x00, 0x00, 0x43, 0xb7, 0xcb, 0xc3, 0x90,
    0xb7, 0xcb, 0xc3, 0xff, 0xb7, 0xcb, 0xc3, 0xff, 0xb7, 0xcb, 0xc3, 0xff, 0xb7, 0xcb, 0xc3, 0xff,
    0xb7, 0xcb, 0xc3, 0xff, 0xb7, 0xcb, 0xc3, 0xff, 0xb7, 0xcb, 0xc3, 0xff, 0xb7, 0xcb, 0xc3, 0xff,
    0xb7, 0xcb, 0xc3, 0xff, 0xb7, 0xcb, 0xc3, 0xff, 0xb7, 0xcb, 0xc3, 0xff, 0xb7, 0xcb, 0xc3, 0xff,
    0xb7, 0xcb, 0xc3, 0xff, 0xb7, 0xcb, 0xc3, 0xff, 0xb7, 0xcb, 0xc3, 0xff, 0xb7, 0xcb, 0xc3, 0x90,
    0x00, 0x00, 0x00, 0x43, 0x00, 0x00, 0x00, 0x2d, 0x00, 0x00, 0x00, 0x18, 0x00, 0x00, 0x00, 0x02,
    0x00, 0x00, 0x00, 0x00, 0x00, 0x00, 0x00, 0x00, 0x00, 0x00, 0x00, 0x00, 0x00, 0x00, 0x00, 0x00,
    0x00, 0x00, 0x00, 0x0c, 0x00, 0x00, 0x00, 0x23, 0x00, 0x00, 0x00, 0x39, 0xb5, 0xc9, 0xc1, 0x26,
    0xb5, 0xc9, 0xc1, 0xff, 0xb5, 0xc9, 0xc1, 0xff, 0xb5, 0xc9, 0xc1, 0xff, 0xb5, 0xc9, 0xc1, 0xff,
    0xb5, 0xc9, 0xc1, 0xff, 0xb5, 0xc9, 0xc1, 0xff, 0xb5, 0xc9, 0xc1, 0xff, 0xb5, 0xc9, 0xc1, 0xff,
    0xb5, 0xc9, 0xc1, 0xff, 0xb5, 0xc9, 0xc1, 0xff, 0xb5, 0xc9, 0xc1, 0xff, 0xb5, 0xc9, 0xc1, 0xff,
    0xb5, 0xc9, 0xc1, 0xff, 0xb5, 0xc9, 0xc1, 0xff, 0xb5, 0xc9, 0xc1, 0xff, 0xb5, 0xc9, 0xc1, 0xff,
    0xb5, 0xc9, 0xc1, 0xff, 0xb5, 0xc9, 0xc1, 0x26, 0x00, 0x00, 0x00, 0x39, 0x00, 0x00, 0x00, 0x23,
    0x00, 0x00, 0x00, 0x0c, 0x00, 0x00, 0x00, 0x00, 0x00, 0x00, 0x00, 0x00, 0x00, 0x00, 0x00, 0x00,
    0x00, 0x00, 0x00, 0x00, 0x00, 0x00, 0x00, 0x15, 0x00, 0x00, 0x00, 0x2c, 0x00, 0x00, 0x00, 0x44,
    0xb2, 0xc7, 0xbe, 0x82, 0xb2, 0xc7, 0xbe, 0xff, 0xb2, 0xc7, 0xbe, 0xff, 0xb2, 0xc7, 0xbe, 0xff,
    0xb2, 0xc7, 0xbe, 0xff, 0xb2, 0xc7, 0xbe, 0xff, 0xb2, 0xc7, 0xbe, 0xff, 0xb2, 0xc7, 0xbe, 0xff,
    0xb2, 0xc7, 0xbe, 0xff, 0xb2, 0xc7, 0xbe, 0xff, 0xb2, 0xc7, 0xbe, 0xff, 0xb2, 0xc7, 0xbe, 0xff,
    0xb2, 0xc7, 0xbe, 0xff, 0xb2, 0xc7, 0xbe, 0xff, 0xb2, 0xc7, 0xbe, 0xff, 0xb2, 0xc7, 0xbe, 0xff,
    0xb2, 0xc7, 0xbe, 0xff, 0xb2, 0xc7, 0xbe, 0xff, 0xb2, 0xc7, 0xbe, 0x82, 0x00, 0x00, 0x00, 0x44,
    0x00, 0x00, 0x00, 0x2c, 0x00, 0x00, 0x00, 0x15, 0x00, 0x00, 0x00, 0x00, 0x00, 0x00, 0x00, 0x00,
    0x00, 0x00, 0x00, 0x00, 0x00, 0x00, 0x00, 0x03, 0x00, 0x00, 0x00, 0x1c, 0x00, 0x00, 0x00, 0x34,
    0x00, 0x00, 0x00, 0x4c, 0xb0, 0xc5, 0xbc, 0xc7, 0xb0, 0xc5, 0xbc, 0xff, 0xb0, 0xc5, 0xbc, 0xff,
    0xb0, 0xc5, 0xbc, 0xff, 0xb0, 0xc5, 0xbc, 0xff, 0xb0, 0xc5, 0xbc, 0xff, 0xb0, 0xc5, 0xbc, 0xff,
    0xb0, 0xc5, 0xbc, 0xff, 0xb0, 0xc5, 0xbc, 0xff, 0xb0, 0xc5, 0xbc, 0xff, 0xb0, 0xc5, 0xbc, 0xff,
    0xb0, 0xc5, 0xbc, 0xff, 0xb0, 0xc5, 0xbc, 0xff, 0xb0, 0xc5, 0xbc, 0xff, 0xb0, 0xc5, 0xbc, 0xff,
    0xb0, 0xc5, 0xbc, 0xff, 0xb0, 0xc5, 0xbc, 0xff, 0xb0, 0xc5, 0xbc, 0xff, 0xb0, 0xc5, 0xbc, 0xc7,
    0x00, 0x00, 0x00, 0x4c, 0x00, 0x00, 0x00, 0x34, 0x00, 0x00, 0x00, 0x1c, 0x00, 0x00, 0x00, 0x03,
    0x00, 0x00, 0x00, 0x00, 0x00, 0x00, 0x00, 0x00, 0x00, 0x00, 0x00, 0x08, 0x00, 0x00, 0x00, 0x21,
    0x00, 0x00, 0x00, 0x39, 0x00, 0x00, 0x00, 0x52, 0xae, 0xc3, 0xba, 0xf0, 0xae, 0xc3, 0xba, 0xff,
    0xae, 0xc3, 0xba, 0xff, 0xae, 0xc3, 0xba, 0xff, 0xae, 0xc3, 0xba, 0xff, 0xae, 0xc3, 0xba, 0xff,
    0xae, 0xc3, 0xba, 0xff, 0xae, 0xc3, 0xba, 0xff, 0xae, 0xc3, 0xba, 0xff, 0xae, 0xc3, 0xba, 0xff,
    0xae, 0xc3, 0xba, 0xff, 0xae, 0xc3, 0xba, 0xff, 0xae, 0xc3, 0xba, 0xff, 0xae, 0xc3, 0xba, 0xff,
    0xae, 0xc3, 0xba, 0xff, 0xae, 0xc3, 0xba, 0xff, 0xae, 0xc3, 0xba, 0xff, 0xae, 0xc3, 0xba, 0xff,
    0xae, 0xc3, 0xba, 0xf0, 0x00, 0x00, 0x00, 0x52, 0x00, 0x00, 0x00, 0x39, 0x00, 0x00, 0x00, 0x21,
    0x00, 0x00, 0x00, 0x08, 0x00, 0x00, 0x00, 0x00, 0x00, 0x00, 0x00, 0x00, 0x00, 0x00, 0x00, 0x0b,
    0x00, 0x00, 0x00, 0x24, 0x00, 0x00, 0x00, 0x3d, 0xac, 0xc1, 0xb8, 0x00, 0xac, 0xc1, 0xb8, 0xff,
    0xac, 0xc1, 0xb8, 0xff, 0xac, 0xc1, 0xb8, 0xff, 0xac, 0xc1, 0xb8, 0xff, 0xac, 0xc1, 0xb8, 0xff,
    0xac, 0xc1, 0xb8, 0xff, 0xac, 0xc1, 0xb8, 0xff, 0xac, 0xc1, 0xb8, 0xff, 0xac, 0xc1, 0xb8, 0xff,
    0xac, 0xc1, 0xb8, 0xff, 0xac, 0xc1, 0xb8, 0xff, 0xac, 0xc1, 0xb8, 0xff, 0xac, 0xc1, 0xb8, 0xff,
    0xac, 0xc1, 0xb8, 0xff, 0xac, 0xc1, 0xb8, 0xff, 0xac, 0xc1, 0xb8, 0xff, 0xac, 0xc1, 0xb8, 0xff,
    0xac, 0xc1, 0xb8, 0xff, 0xac, 0xc1, 0xb8, 0xff, 0xac, 0xc1, 0xb8, 0x00, 0x00, 0x00, 0x00, 0x3d,
    0x00, 0x00, 0x00, 0x24, 0x00, 0x00, 0x00, 0x0b, 0x00, 0x00, 0x00, 0x00, 0x00, 0x00, 0x00, 0x00,
    0x00, 0x00, 0x00, 0x0c, 0x00, 0x00, 0x00, 0x25, 0x00, 0x00, 0x00, 0x3e, 0x00, 0x00, 0x00, 0x57,
    0xaa, 0xbf, 0xb6, 0xf0, 0xaa, 0xbf, 0xb6, 0xff, 0xaa, 0xbf, 0xb6, 0xff, 0xaa, 0xbf, 0xb6, 0xff,
    0xaa, 0xbf, 0xb6, 0xff, 0xaa, 0xbf, 0xb6, 0xff, 0xaa, 0xbf, 0xb6, 0xff, 0xaa, 0xbf, 0xb6, 0xff,
    0xaa, 0xbf, 0xb6, 0xff, 0xaa, 0xbf, 0xb6, 0xff, 0xaa, 0xbf, 0xb6, 0xff, 0xaa, 0xbf, 0xb6, 0xff,
    0xaa, 0xbf, 0xb6, 0xff, 0xaa, 0xbf, 0xb6, 0xff, 0xaa, 0xbf, 0xb6, 0xff, 0xaa, 0xbf, 0xb6, 0xff,
    0xaa, 0xbf, 0xb6, 0xff, 0xaa, 0xbf, 0xb6, 0xff, 0xaa, 0xbf, 0xb6, 0xf0, 0x00, 0x00, 0x00, 0x57,
    0x00, 0x00, 0x00, 0x3e, 0x00, 0x00, 0x00, 0x25, 0x00, 0x00, 0x00, 0x0c, 0x00, 0x00, 0x00, 0x00,
    0x00, 0x00, 0x00, 0x00, 0x00, 0x00, 0x00, 0x0b, 0x00, 0x00, 0x00, 0x24, 0x00, 0x00, 0x00, 0x3d,
    0x00, 0x00, 0x00, 0x56, 0xa8, 0xbd, 0xb4, 0xc7, 0xa8, 0xbd, 0xb4, 0xff, 0xa8, 0xbd, 0xb4, 0xff,
    0xa8, 0xbd, 0xb4, 0xff, 0xa8, 0xbd, 0xb4, 0xff, 0xa8, 0xbd, 0xb4, 0xff, 0xa8, 0xbd, 0xb4, 0xff,
    0xa8, 0xbd, 0xb4, 0xff, 0xa8, 0xbd, 0xb4, 0xff, 0xa8, 0xbd, 0xb4, 0xff, 0xa8, 0xbd, 0xb4, 0xff,
    0xa8, 0xbd, 0xb4, 0xff, 0xa8, 0xbd, 0xb4, 0xff, 0xa8, 0xbd, 0xb4, 0xff, 0xa8, 0xbd, 0xb4, 0xff,
    0xa8, 0xbd, 0xb4, 0xff, 0xa8, 0xbd, 0xb4, 0xff, 0xa8, 0xbd, 0xb4, 0xff, 0xa8, 0xbd, 0xb4, 0xc7,
    0x00, 0x00, 0x00, 0x56, 0x00, 0x00, 0x00, 0x3d, 0x00, 0x00, 0x00, 0x24, 0x00, 0x00, 0x00, 0x0b,
    0x00, 0x00, 0x00, 0x00, 0x00, 0x00, 0x00, 0x00, 0x00, 0x00, 0x00, 0x08, 0x00, 0x00, 0x00, 0x21,
    0x00, 0x00, 0x00, 0x39, 0x00, 0x00, 0x00, 0x52, 0xa5, 0xbb, 0xb1, 0x82, 0xa5, 0xbb, 0xb1, 0xff,
    0xa5, 0xbb, 0xb1, 0xff, 0xa5, 0xbb, 0xb1, 0xff, 0xa5, 0xbb, 0xb1, 0xff, 0xa5, 0xbb, 0xb1, 0xff,
    0xa5, 0xbb, 0xb1, 0xff, 0xa5, 0xbb, 0xb1, 0xff, 0xa5, 0xbb, 0xb1, 0xff, 0xa5, 0xbb, 0xb1, 0xff,
    0xa5, 0xbb, 0xb1, 0xff, 0xa5, 0xbb, 0xb1, 0xff, 0xa5, 0xbb, 0xb1, 0xff, 0xa5, 0xbb, 0xb1, 0xff,
    0xa5, 0xbb, 0xb1, 0xff, 0xa5, 0xbb, 0xb1, 0xff, 0xa5, 0xbb, 0xb1, 0xff, 0xa5, 0xbb, 0xb1, 0xff,
    0xa5, 0xbb, 0xb1, 0x82, 0x00, 0x00, 0x00, 0x52, 0x00, 0x00, 0x00, 0x39, 0x00, 0x00, 0x00, 0x21,
    0x00, 0x00, 0x00, 0x08, 0x00, 0x00, 0x00, 0x00, 0x00, 0x00, 0x00, 0x00, 0x00, 0x00, 0x00, 0x03,
    0x00, 0x00, 0x00, 0x1c, 0x00, 0x00, 0x00, 0x34, 0x00, 0x00, 0x00, 0x4c, 0xa3, 0xb9, 0xaf, 0x26,
    0xa3, 0xb9, 0xaf, 0xff, 0xa3, 0xb9, 0xaf, 0xff, 0xa3, 0xb9, 0xaf, 0xff, 0xa3, 0xb9, 0xaf, 0xff,
    0xa3, 0xb9, 0xaf, 0xff, 0xa3, 0xb9, 0xaf, 0xff, 0xa3, 0xb9, 0xaf, 0xff, 0xa3, 0xb9, 0xaf, 0xff,
    0xa3, 0xb9, 0xaf, 0xff, 0xa3, 0xb9, 0xaf, 0xff, 0xa3, 0xb9, 0xaf, 0xff, 0xa3, 0xb9, 0xaf, 0xff,
    0xa3, 0xb9, 0xaf, 0xff, 0xa3, 0xb9, 0xaf, 0xff, 0xa3, 0xb9, 0xaf, 0xff, 0xa3, 0xb9, 0xaf, 0xff,
    0xa3, 0xb9, 0xaf, 0xff, 0xa3, 0xb9, 0xaf, 0x26, 0x00, 0x00, 0x00, 0x4c, 0x00, 0x00, 0x00, 0x34,
    0x00, 0x00, 0x00, 0x1c, 0x00, 0x00, 0x00, 0x03, 0x00, 0x00, 0x00, 0x00, 0x00, 0x00, 0x00, 0x00,
    0x00, 0x00, 0x00, 0x00, 0x00, 0x00, 0x00, 0x15, 0x00, 0x00, 0x00, 0x2c, 0x00, 0x00, 0x00, 0x44,
    0x00, 0x00, 0x00, 0x5b, 0xa1, 0xb7, 0xad, 0x90, 0xa1, 0xb7, 0xad, 0xff, 0xa1, 0xb7, 0xad, 0xff,
    0xa1, 0xb7, 0xad, 0xff, 0xa1, 0xb7, 0xad, 0xff, 0xa1, 0xb7, 0xad, 0xff, 0xa1, 0xb7, 0xad, 0xff,
    0xa1, 0xb7, 0xad, 0xff, 0xa1, 0xb7, 0xad, 0xff, 0xa1, 0xb7, 0xad, 0xff, 0xa1, 0xb7, 0xad, 0xff,
    0xa1, 0xb7, 0xad, 0xff, 0xa1, 0xb7, 0xad, 0xff, 0xa1, 0xb7, 0xad, 0xff, 0xa1, 0xb7, 0xad, 0xff,
    0xa1, 0xb7, 0xad, 0xff, 0xa1, 0xb7, 0xad, 0x90, 0x00, 0x00, 0x00, 0x5b, 0x00, 0x00, 0x00, 0x44,
    0x00, 0x00, 0x00, 0x2c, 0x00, 0x00, 0x00, 0x15, 0x00, 0x00, 0x00, 0x00, 0x00, 0x00, 0x00, 0x00,
    0x00, 0x00, 0x00, 0x00, 0x00, 0x00, 0x00, 0x00, 0x00, 0x00, 0x00, 0x0c, 0x00, 0x00, 0x00, 0x23,
    0x00, 0x00, 0x00, 0x39, 0x00, 0x00, 0x00, 0x50, 0x9f, 0xb5, 0xab, 0x00, 0x9f, 0xb5, 0xab, 0xc7,
    0x9d, 0xb2, 0xa8, 0xff, 0x9d, 0xb2, 0xa8, 0xff, 0x9d, 0xb2, 0xa8, 0xff, 0x9d, 0xb2, 0xa8, 0xff,
    0x9d, 0xb2, 0xa8, 0xff, 0x9d, 0xb2, 0xa8, 0xff, 0x9d, 0xb2, 0xa8, 0xff, 0x9d, 0xb2, 0xa8, 0xff,
    0x9d, 0xb2, 0xa8, 0xff, 0x9d, 0xb2, 0xa8, 0xff, 0x9d, 0xb2, 0xa8, 0xff, 0x9d, 0xb2, 0xa8, 0xff,
    0x9d, 0xb2, 0xa8, 0xff, 0x9f, 0xb5, 0xab, 0xc7, 0x9f, 0xb5, 0xab, 0x00, 0x00, 0x00, 0x00, 0x50,
    0x00, 0x00, 0x00, 0x39, 0x00, 0x00, 0x00, 0x23, 0x00, 0x00, 0x00, 0x0c, 0x00, 0x00, 0x00, 0x00,
    0x00, 0x00, 0x00, 0x00, 0x00, 0x00, 0x00, 0x00, 0x00, 0x00, 0x00, 0x00, 0x00, 0x00, 0x00, 0x02,
    0x00, 0x00, 0x00, 0x18, 0x00, 0x00, 0x00, 0x2d, 0x00, 0x00, 0x00, 0x43, 0x00, 0x00, 0x00, 0x57,
    0x9d, 0xb3, 0xa9, 0x19, 0x9d, 0xb3, 0xa9, 0xc7, 0x91, 0xa5, 0x9c, 0xff, 0x91, 0xa5, 0x9c, 0xff,
    0x91, 0xa5, 0x9c, 0xff, 0x91, 0xa5, 0x9c, 0xff, 0x91, 0xa5, 0x9c, 0xff, 0x91, 0xa5, 0x9c, 0xff,
    0x91, 0xa5, 0x9c, 0xff, 0x91, 0xa5, 0x9c, 0xff, 0x91, 0xa5, 0x9c, 0xff, 0x91, 0xa5, 0x9c, 0xff,
    0x91, 0xa5, 0x9c, 0xff, 0x9d, 0xb3, 0xa9, 0xc7, 0x9d, 0xb3, 0xa9, 0x19, 0x00, 0x00, 0x00, 0x57,
    0x00, 0x00, 0x00, 0x43, 0x00, 0x00, 0x00, 0x2d, 0x00, 0x00, 0x00, 0x18, 0x00, 0x00, 0x00, 0x02,
    0x00, 0x00, 0x00, 0x00, 0x00, 0x00, 0x00, 0x00, 0x00, 0x00, 0x00, 0x00, 0x00, 0x00, 0x00, 0x00,
    0x00, 0x00, 0x00, 0x00, 0x00, 0x00, 0x00, 0x0b, 0x00, 0x00, 0x00, 0x20, 0x00, 0x00, 0x00, 0x34,
    0x00, 0x00, 0x00, 0x47, 0x00, 0x00, 0x00, 0x5a, 0x9b, 0xb1, 0xa7, 0x00, 0x9b, 0xb1, 0xa7, 0x90,
    0x85, 0x98, 0x8f, 0xff, 0x85, 0x98, 0x8f, 0xff, 0x85, 0x98, 0x8f, 0xff, 0x85, 0x98, 0x8f, 0xff,
    0x85, 0x98, 0x8f, 0xff, 0x85, 0x98, 0x8f, 0xff, 0x85, 0x98, 0x8f, 0xff, 0x85, 0x98, 0x8f, 0xff,
    0x85, 0x98, 0x8f, 0xff, 0x9b, 0xb1, 0xa7, 0x90, 0x9b, 0xb1, 0xa7, 0x00, 0x00, 0x00, 0x00, 0x5a,
    0x00, 0x00, 0x00, 0x47, 0x00, 0x00, 0x00, 0x34, 0x00, 0x00, 0x00, 0x20, 0x00, 0x00, 0x00, 0x0b,
    0x00, 0x00, 0x00, 0x00, 0x00, 0x00, 0x00, 0x00, 0x00, 0x00, 0x00, 0x00, 0x00, 0x00, 0x00, 0x00,
    0x00, 0x00, 0x00, 0x00, 0x00, 0x00, 0x00, 0x00, 0x00, 0x00, 0x00, 0x00, 0x00, 0x00, 0x00, 0x11,
    0x00, 0x00, 0x00, 0x24, 0x00, 0x00, 0x00, 0x36, 0x00, 0x00, 0x00, 0x47, 0x00, 0x00, 0x00, 0x57,
    0x00, 0x00, 0x00, 0x64, 0x9a, 0xb0, 0xa6, 0x26, 0x9a, 0xb0, 0xa6, 0x82, 0x9a, 0xb0, 0xa6, 0xc7,
    0x9a, 0xb0, 0xa6, 0xf0, 0x7e, 0x90, 0x88, 0xff, 0x9a, 0xb0, 0xa6, 0xf0, 0x9a, 0xb0, 0xa6, 0xc7,
    0x9a, 0xb0, 0xa6, 0x82, 0x9a, 0xb0, 0xa6, 0x26, 0x00, 0x00, 0x00, 0x64, 0x00, 0x00, 0x00, 0x57,
    0x00, 0x00, 0x00, 0x47, 0x00, 0x00, 0x00, 0x36, 0x00, 0x00, 0x00, 0x24, 0x00, 0x00, 0x00, 0x11,
    0x00, 0x00, 0x00, 0x00, 0x00, 0x00, 0x00, 0x00, 0x00, 0x00, 0x00, 0x00, 0x00, 0x00, 0x00, 0x00,
    0x00, 0x00, 0x00, 0x00, 0x00, 0x00, 0x00, 0x00, 0x00, 0x00, 0x00, 0x00, 0x00, 0x00, 0x00, 0x00,
    0x00, 0x00, 0x00, 0x01, 0x00, 0x00, 0x00, 0x13, 0x00, 0x00, 0x00, 0x24, 0x00, 0x00, 0x00, 0x34,
    0x00, 0x00, 0x00, 0x43, 0x00, 0x00, 0x00, 0x50, 0x00, 0x00, 0x00, 0x5b, 0x00, 0x00, 0x00, 0x64,
    0x00, 0x00, 0x00, 0x64, 0x00, 0x00, 0x00, 0x64, 0x9a, 0xb0, 0xa6, 0x00, 0x00, 0x00, 0x00, 0x64,
    0x00, 0x00, 0x00, 0x64, 0x00, 0x00, 0x00, 0x64, 0x00, 0x00, 0x00, 0x5b, 0x00, 0x00, 0x00, 0x50,
    0x00, 0x00, 0x00, 0x43, 0x00, 0x00, 0x00, 0x34, 0x00, 0x00, 0x00, 0x24, 0x00, 0x00, 0x00, 0x13,
    0x00, 0x00, 0x00, 0x01, 0x00, 0x00, 0x00, 0x00, 0x00, 0x00, 0x00, 0x00, 0x00, 0x00, 0x00, 0x00,
    0x00, 0x00, 0x00, 0x00, 0x00, 0x00, 0x00, 0x00, 0x00, 0x00, 0x00, 0x00, 0x00, 0x00, 0x00, 0x00,
    0x00, 0x00, 0x00, 0x00, 0x00, 0x00, 0x00, 0x00, 0x00, 0x00, 0x00, 0x01, 0x00, 0x00, 0x00, 0x11,
    0x00, 0x00, 0x00, 0x20, 0x00, 0x00, 0x00, 0x2d, 0x00, 0x00, 0x00, 0x39, 0x00, 0x00, 0x00, 0x44,
    0x00, 0x00, 0x00, 0x4c, 0x00, 0x00, 0x00, 0x52, 0x00, 0x00, 0x00, 0x56, 0x00, 0x00, 0x00, 0x57,
    0x00, 0x00, 0x00, 0x56, 0x00, 0x00, 0x00, 0x52, 0x00, 0x00, 0x00, 0x4c, 0x00, 0x00, 0x00, 0x44,
    0x00, 0x00, 0x00, 0x39, 0x00, 0x00, 0x00, 0x2d, 0x00, 0x00, 0x00, 0x20, 0x00, 0x00, 0x00, 0x11,
    0x00, 0x00, 0x00, 0x01, 0x00, 0x00, 0x00, 0x00, 0x00, 0x00, 0x00, 0x00, 0x00, 0x00, 0x00, 0x00,
    0x00, 0x00, 0x00, 0x00, 0x00, 0x00, 0x00, 0x00, 0x00, 0x00, 0x00, 0x00, 0x00, 0x00, 0x00, 0x00,
    0x00, 0x00, 0x00, 0x00, 0x00, 0x00, 0x00, 0x00, 0x00, 0x00, 0x00, 0x00, 0x00, 0x00, 0x00, 0x00,
    0x00, 0x00, 0x00, 0x00, 0x00, 0x00, 0x00, 0x0b, 0x00, 0x00, 0x00, 0x18, 0x00, 0x00, 0x00, 0x23,
    0x00, 0x00, 0x00, 0x2c, 0x00, 0x00, 0x00, 0x34, 0x00, 0x00, 0x00, 0x39, 0x00, 0x00, 0x00, 0x3d,
    0x00, 0x00, 0x00, 0x3e, 0x00, 0x00, 0x00, 0x3d, 0x00, 0x00, 0x00, 0x39, 0x00, 0x00, 0x00, 0x34,
    0x00, 0x00, 0x00, 0x2c, 0x00, 0x00, 0x00, 0x23, 0x00, 0x00, 0x00, 0x18, 0x00, 0x00, 0x00, 0x0b,
    0x00, 0x00, 0x00, 0x00, 0x00, 0x00, 0x00, 0x00, 0x00, 0x00, 0x00, 0x00, 0x00, 0x00, 0x00, 0x00,
    0x00, 0x00, 0x00, 0x00, 0x00, 0x00, 0x00, 0x00, 0x00, 0x00, 0x00, 0x00, 0x00, 0x00, 0x00, 0x00,
    0x00, 0x00, 0x00, 0x00, 0x00, 0x00, 0x00, 0x00, 0x00, 0x00, 0x00, 0x00, 0x00, 0x00, 0x00, 0x00,
    0x00, 0x00, 0x00, 0x00, 0x00, 0x00, 0x00, 0x00, 0x00, 0x00, 0x00, 0x00, 0x00, 0x00, 0x00, 0x02,
    0x00, 0x00, 0x00, 0x0c, 0x00, 0x00, 0x00, 0x15, 0x00, 0x00, 0x00, 0x1c, 0x00, 0x00, 0x00, 0x21,
    0x00, 0x00, 0x00, 0x24, 0x00, 0x00, 0x00, 0x25, 0x00, 0x00, 0x00, 0x24, 0x00, 0x00, 0x00, 0x21,
    0x00, 0x00, 0x00, 0x1c, 0x00, 0x00, 0x00, 0x15, 0x00, 0x00, 0x00, 0x0c, 0x00, 0x00, 0x00, 0x02,
    0x00, 0x00, 0x00, 0x00, 0x00, 0x00, 0x00, 0x00, 0x00, 0x00, 0x00, 0x00, 0x00, 0x00, 0x00, 0x00,
    0x00, 0x00, 0x00, 0x00, 0x00, 0x00, 0x00, 0x00, 0x00, 0x00, 0x00, 0x00, 0x00, 0x00, 0x00, 0x00,
    0x00, 0x00, 0x00, 0x00, 0x00, 0x00, 0x00, 0x00, 0x00, 0x00, 0x00, 0x00, 0x00, 0x00, 0x00, 0x00,
    0x00, 0x00, 0x00, 0x00, 0x00, 0x00, 0x00, 0x00, 0x00, 0x00, 0x00, 0x00, 0x00, 0x00, 0x00, 0x00,
    0x00, 0x00, 0x00, 0x00, 0x00, 0x00, 0x00, 0x00, 0x00, 0x00, 0x00, 0x00, 0x00, 0x00, 0x00, 0x03,
    0x00, 0x00, 0x00, 0x08, 0x00, 0x00, 0x00, 0x0b, 0x00, 0x00, 0x00, 0x0c, 0x00, 0x00, 0x00, 0x0b,
    0x00, 0x00, 0x00, 0x08, 0x00, 0x00, 0x00, 0x03, 0x00, 0x00, 0x00, 0x00, 0x00, 0x00, 0x00, 0x00,
    0x00, 0x00, 0x00, 0x00, 0x00, 0x00, 0x00, 0x00, 0x00, 0x00, 0x00, 0x00, 0x00, 0x00, 0x00, 0x00,
    0x00, 0x00, 0x00, 0x00, 0x00, 0x00, 0x00, 0x00, 0x00, 0x00, 0x00, 0x00, 0x00, 0x00, 0x00, 0x00,
    0x00, 0x00, 0x00, 0x00,
};
static const lv_img_dsc_t pill_toggle_thumb_off = {
    .header.always_zero = 0,
    .header.w = 29,
    .header.h = 29,
    .header.cf = LV_IMG_CF_TRUE_COLOR_ALPHA,
    .data_size = sizeof(pill_toggle_thumb_off_data),
    .data = pill_toggle_thumb_off_data,
};

static const uint8_t pill_toggle_thumb_on_data[] = {
    0x00, 0x00, 0x00, 0x00, 0x00, 0x00, 0x00, 0x00, 0x00, 0x00, 0x00, 0x00, 0x00, 0x00, 0x00, 0x00,
    0x00, 0x00, 0x00, 0x00, 0x00, 0x00, 0x00, 0x00, 0x00, 0x00, 0x00, 0x00, 0x00, 0x00, 0x00, 0x00,
    0x00, 0x00, 0x00, 0x00, 0x00, 0x00, 0x00, 0x00, 0x00, 0x00, 0x00, 0x00, 0x00, 0x00, 0x00, 0x00,
    0x00, 0x00, 0x00, 0x00, 0x00, 0x00, 0x00, 0x00, 0x00, 0x00, 0x00, 0x00, 0x00, 0x00, 0x00, 0x00,
    0x00, 0x00, 0x00, 0x00, 0x00, 0x00, 0x00, 0x00, 0x00, 0x00, 0x00, 0x00, 0x00, 0x00, 0x00, 0x00,
    0x00, 0x00, 0x00, 0x00, 0x00, 0x00, 0x00, 0x00, 0x00, 0x00, 0x00, 0x00, 0x00, 0x00, 0x00, 0x00,
    0x00, 0x00, 0x00, 0x00, 0x00, 0x00, 0x00, 0x00, 0x00, 0x00, 0x00, 0x00, 0x00, 0x00, 0x00, 0x00,
    0x00, 0x00, 0x00, 0x00, 0x00, 0x00, 0x00, 0x00, 0x00, 0x00, 0x00, 0x00, 0x00, 0x00, 0x00, 0x00,
    0x00, 0x00, 0x00, 0x00, 0x00, 0x00, 0x00, 0x00, 0x00, 0x00, 0x00, 0x00, 0x00, 0x00, 0x00, 0x00,
    0x00, 0x00, 0x00, 0x00, 0x00, 0x00, 0x00, 0x00, 0x00, 0x00, 0x00, 0x00, 0x00, 0x00, 0x00, 0x00,
    0x00, 0x00, 0x00, 0x00, 0x00, 0x00, 0x00, 0x00, 0x00, 0x00, 0x00, 0x00, 0x00, 0x00, 0x00, 0x00,
    0x00, 0x00, 0x00, 0x00, 0x00, 0x00, 0x00, 0x00, 0x00, 0x00, 0x00, 0x00, 0x00, 0x00, 0x00, 0x00,
    0x00, 0x00, 0x00, 0x00, 0x00, 0x00, 0x00, 0x00, 0x00, 0x00, 0x00, 0x00, 0x00, 0x00, 0x00, 0x00,
    0x00, 0x00, 0x00, 0x00, 0x00, 0x00, 0x00, 0x00, 0x00, 0x00, 0x00, 0x00, 0x00, 0x00, 0x00, 0x00,
    0x00, 0x00, 0x00, 0x00, 0x00, 0x00, 0x00, 0x00, 0x00, 0x00, 0x00, 0x00, 0x00, 0x00, 0x00, 0x00,
    0x00, 0x00, 0x00, 0x00, 0x00, 0x00, 0x00, 0x00, 0x00, 0x00, 0x00, 0x00, 0x00, 0x00, 0x00, 0x00,
    0x00, 0x00, 0x00, 0x00, 0x00, 0x00, 0x00, 0x00, 0x00, 0x00, 0x00, 0x00, 0x00, 0x00, 0x00, 0x00,
    0x00, 0x00, 0x00, 0x00, 0x00, 0x00, 0x00, 0x03, 0x00, 0x00, 0x00, 0x08, 0x00, 0x00, 0x00, 0x0b,
    0x00, 0x00, 0x00, 0x0c, 0x00, 0x00, 0x00, 0x0b, 0x00, 0x00, 0x00, 0x08, 0x00, 0x00, 0x00, 0x03,
    0x00, 0x00, 0x00, 0x00, 0x00, 0x00, 0x00, 0x00, 0x00, 0x00, 0x00, 0x00, 0x00, 0x00, 0x00, 0x00,
    0x00, 0x00, 0x00, 0x00, 0x00, 0x00, 0x00, 0x00, 0x00, 0x00, 0x00, 0x00, 0x00, 0x00, 0x00, 0x00,
    0x00, 0x00, 0x00, 0x00, 0x00, 0x00, 0x00, 0x00, 0x00, 0x00, 0x00, 0x00, 0x00, 0x00, 0x00, 0x00,
    0x00, 0x00, 0x00, 0x00, 0x00, 0x00, 0x00, 0x00, 0x00, 0x00, 0x00, 0x00, 0x00, 0x00, 0x00, 0x00,
    0x00, 0x00, 0x00, 0x00, 0x00, 0x00, 0x00, 0x00, 0x00, 0x00, 0x00, 0x00, 0x00, 0x00, 0x00, 0x02,
    0x00, 0x00, 0x00, 0x0c, 0x00, 0x00, 0x00, 0x15, 0x00, 0x00, 0x00, 0x1c, 0x00, 0x00, 0x00, 0x21,
    0x00, 0x00, 0x00, 0x24, 0x00, 0x00, 0x00, 0x25, 0x00, 0x00, 0x00, 0x24, 0x00, 0x00, 0x00, 0x21,
    0x00, 0x00, 0x00, 0x1c, 0x00, 0x00, 0x00, 0x15, 0x00, 0x00, 0x00, 0x0c, 0x00, 0x00, 0x00, 0x02,
    0x00, 0x00, 0x00, 0x00, 0x00, 0x00, 0x00, 0x00, 0x00, 0x00, 0x00, 0x00, 0x00, 0x00, 0x00, 0x00,
    0x00, 0x00, 0x00, 0x00, 0x00, 0x00, 0x00, 0x00, 0x00, 0x00, 0x00, 0x00, 0x00, 0x00, 0x00, 0x00,
    0x00, 0x00, 0x00, 0x00, 0x00, 0x00, 0x00, 0x00, 0x00, 0x00, 0x00, 0x00, 0x00, 0x00, 0x00, 0x00,
    0x00, 0x00, 0x00, 0x00, 0x00, 0x00, 0x00, 0x00, 0x00, 0x00, 0x00, 0x00, 0x00, 0x00, 0x00, 0x0b,
    0x00, 0x00, 0x00, 0x18, 0x00, 0x00, 0x00, 0x23, 0x00, 0x00, 0x00, 0x2c, 0x00, 0x00, 0x00, 0x34,
    0x00, 0x00, 0x00, 0x39, 0x00, 0x00, 0x00, 0x3d, 0xd9, 0xeb, 0xf1, 0x00, 0x00, 0x00, 0x00, 0x3d,
    0x00, 0x00, 0x00, 0x39, 0x00, 0x00, 0x00, 0x34, 0x00, 0x00, 0x00, 0x2c, 0x00, 0x00, 0x00, 0x23,
    0x00, 0x00, 0x00, 0x18, 0x00, 0x00, 0x00, 0x0b, 0x00, 0x00, 0x00, 0x00, 0x00, 0x00, 0x00, 0x00,
    0x00, 0x00, 0x00, 0x00, 0x00, 0x00, 0x00, 0x00, 0x00, 0x00, 0x00, 0x00, 0x00, 0x00, 0x00, 0x00,
    0x00, 0x00, 0x00, 0x00, 0x00, 0x00, 0x00, 0x00, 0x00, 0x00, 0x00, 0x00, 0x00, 0x00, 0x00, 0x00,
    0x00, 0x00, 0x00, 0x00, 0x00, 0x00, 0x00, 0x00, 0x00, 0x00, 0x00, 0x01, 0x00, 0x00, 0x00, 0x11,
    0x00, 0x00, 0x00, 0x20, 0x00, 0x00, 0x00, 0x2d, 0x00, 0x00, 0x00, 0x39, 0xd7, 0xe9, 0xef, 0x26,
    0xd7, 0xe9, 0xef, 0x82, 0xd7, 0xe9, 0xef, 0xc7, 0xd7, 0xe9, 0xef, 0xf0, 0xe1, 0xee, 0xf3, 0xff,
    0xd7, 0xe9, 0xef, 0xf0, 0xd7, 0xe9, 0xef, 0xc7, 0xd7, 0xe9, 0xef, 0x82, 0xd7, 0xe9, 0xef, 0x26,
    0x00, 0x00, 0x00, 0x39, 0x00, 0x00, 0x00, 0x2d, 0x00, 0x00, 0x00, 0x20, 0x00, 0x00, 0x00, 0x11,
    0x00, 0x00, 0x00, 0x01, 0x00, 0x00, 0x00, 0x00, 0x00, 0x00, 0x00, 0x00, 0x00, 0x00, 0x00, 0x00,
    0x00, 0x00, 0x00, 0x00, 0x00, 0x00, 0x00, 0x00, 0x00, 0x00, 0x00, 0x00, 0x00, 0x00, 0x00, 0x00,
    0x00, 0x00, 0x00, 0x00, 0x00, 0x00, 0x00, 0x00, 0x00, 0x00, 0x00, 0x01, 0x00, 0x00, 0x00, 0x13,
    0x00, 0x00, 0x00, 0x24, 0x00, 0x00, 0x00, 0x34, 0xd4, 0xe7, 0xed, 0x00, 0xd4, 0xe7, 0xed, 0x90,
    0xd9, 0xea, 0xef, 0xff, 0xd9, 0xea, 0xef, 0xff, 0xd9, 0xea, 0xef, 0xff, 0xd9, 0xea, 0xef, 0xff,
    0xd9, 0xea, 0xef, 0xff, 0xd9, 0xea, 0xef, 0xff, 0xd9, 0xea, 0xef, 0xff, 0xd9, 0xea, 0xef, 0xff,
    0xd9, 0xea, 0xef, 0xff, 0xd4, 0xe7, 0xed, 0x90, 0xd4, 0xe7, 0xed, 0x00, 0x00, 0x00, 0x00, 0x34,
    0x00, 0x00, 0x00, 0x24, 0x00, 0x00, 0x00, 0x13, 0x00, 0x00, 0x00, 0x01, 0x00, 0x00, 0x00, 0x00,
    0x00, 0x00, 0x00, 0x00, 0x00, 0x00, 0x00, 0x00, 0x00, 0x00, 0x00, 0x00, 0x00, 0x00, 0x00, 0x00,
    0x00, 0x00, 0x00, 0x00, 0x00, 0x00, 0x00, 0x00, 0x00, 0x00, 0x00, 0x00, 0x00, 0x00, 0x00, 0x11,
    0x00, 0x00, 0x00, 0x24, 0x00, 0x00, 0x00, 0x36, 0xd1, 0xe4, 0xeb, 0x19, 0xd1, 0xe4, 0xeb, 0xc7,
    0xd1, 0xe4, 0xeb, 0xff, 0xd1, 0xe4, 0xeb, 0xff, 0xd1, 0xe4, 0xeb, 0xff, 0xd1, 0xe4, 0xeb, 0xff,
    0xd1, 0xe4, 0xeb, 0xff, 0xd1, 0xe4, 0xeb, 0xff, 0xd1, 0xe4, 0xeb, 0xff, 0xd1, 0xe4, 0xeb, 0xff,
    0xd1, 0xe4, 0xeb, 0xff, 0xd1, 0xe4, 0xeb, 0xff, 0xd1, 0xe4, 0xeb, 0xff, 0xd1, 0xe4, 0xeb, 0xc7,
    0xd1, 0xe4, 0xeb, 0x19, 0x00, 0x00, 0x00, 0x36, 0x00, 0x00, 0x00, 0x24, 0x00, 0x00, 0x00, 0x11,
    0x00, 0x00, 0x00, 0x00, 0x00, 0x00, 0x00, 0x00, 0x00, 0x00, 0x00, 0x00, 0x00, 0x00, 0x00, 0x00,
    0x00, 0x00, 0x00, 0x00, 0x00, 0x00, 0x00, 0x00, 0x00, 0x00, 0x00, 0x00, 0x00, 0x00, 0x00, 0x0b,
    0x00, 0x00, 0x00, 0x20, 0x00, 0x00, 0x00, 0x34, 0xce, 0xe2, 0xe9, 0x00, 0xce, 0xe2, 0xe9, 0xc7,
    0xce, 0xe2, 0xe9, 0xff, 0xce, 0xe2, 0xe9, 0xff, 0xce, 0xe2, 0xe9, 0xff, 0xce, 0xe2, 0xe9, 0xff,
    0xce, 0xe2, 0xe9, 0xff, 0xce, 0xe2, 0xe9, 0xff, 0xce, 0xe2, 0xe9, 0xff, 0xce, 0xe2, 0xe9, 0xff,
    0xce, 0xe2, 0xe9, 0xff, 0xce, 0xe2, 0xe9, 0xff, 0xce, 0xe2, 0xe9, 0xff, 0xce, 0xe2, 0xe9, 0xff,
    0xce, 0xe2, 0xe9, 0xff, 0xce, 0xe2, 0xe9, 0xc7, 0xce, 0xe2, 0xe9, 0x00, 0x00, 0x00, 0x00, 0x34,
    0x00, 0x00, 0x00, 0x20, 0x00, 0x00, 0x00, 0x0b, 0x00, 0x00, 0x00, 0x00, 0x00, 0x00, 0x00, 0x00,
    0x00, 0x00, 0x00, 0x00, 0x00, 0x00, 0x00, 0x00, 0x00, 0x00, 0x00, 0x00, 0x00, 0x00, 0x00, 0x02,
    0x00, 0x00, 0x00, 0x18, 0x00, 0x00, 0x00, 0x2d, 0x00, 0x00, 0x00, 0x43, 0xcb, 0xe0, 0xe6, 0x90,
    0xcb, 0xe0, 0xe6, 0xff, 0xcb, 0xe0, 0xe6, 0xff, 0xcb, 0xe0, 0xe6, 0xff, 0xcb, 0xe0, 0xe6, 0xff,
    0xcb, 0xe0, 0xe6, 0xff, 0xcb, 0xe0, 0xe6, 0xff, 0xcb, 0xe0, 0xe6, 0xff, 0xcb, 0xe0, 0xe6, 0xff,
    0xcb, 0xe0, 0xe6, 0xff, 0xcb, 0xe0, 0xe6, 0xff, 0xcb, 0xe0, 0xe6, 0xff, 0xcb, 0xe0, 0xe6, 0xff,
    0xcb, 0xe0, 0xe6, 0xff, 0xcb, 0xe0, 0xe6, 0xff, 0xcb, 0xe0, 0xe6, 0xff, 0xcb, 0xe0, 0xe6, 0x90,
    0x00, 0x00, 0x00, 0x43, 0x00, 0x00, 0x00, 0x2d, 0x00, 0x00, 0x00, 0x18, 0x00, 0x00, 0x00, 0x02,
    0x00, 0x00, 0x00, 0x00, 0x00, 0x00, 0x00, 0x00, 0x00, 0x00, 0x00, 0x00, 0x00, 0x00, 0x00, 0x00,
    0x00, 0x00, 0x00, 0x0c, 0x00, 0x00, 0x00, 0x23, 0x00, 0x00, 0x00, 0x39, 0xc8, 0xdd, 0xe4, 0x26,
    0xc8, 0xdd, 0xe4, 0xff, 0xc8, 0xdd, 0xe4, 0xff, 0xc8, 0xdd, 0xe4, 0xff, 0xc8, 0xdd, 0xe4, 0xff,
    0xc8, 0xdd, 0xe4, 0xff, 0xc8, 0xdd, 0xe4, 0xff, 0xc8, 0xdd, 0xe4, 0xff, 0xc8, 0xdd, 0xe4, 0xff,
    0xc8, 0xdd, 0xe4, 0xff, 0xc8, 0xdd, 0xe4, 0xff, 0xc8, 0xdd, 0xe4, 0xff, 0xc8, 0xdd, 0xe4, 0xff,
    0xc8, 0xdd, 0xe4, 0xff, 0xc8, 0xdd, 0xe4, 0xff, 0xc8, 0xdd, 0xe4, 0xff, 0xc8, 0xdd, 0xe4, 0xff,
    0xc8, 0xdd, 0xe4, 0xff, 0xc8, 0xdd, 0xe4, 0x26, 0x00, 0x00, 0x00, 0x39, 0x00, 0x00, 0x00, 0x23,
    0x00, 0x00, 0x00, 0x0c, 0x00, 0x00, 0x00, 0x00, 0x00, 0x00, 0x00, 0x00, 0x00, 0x00, 0x00, 0x00,
    0x00, 0x00, 0x00, 0x00, 0x00, 0x00, 0x00, 0x15, 0x00, 0x00, 0x00, 0x2c, 0x00, 0x00, 0x00, 0x44,
    0xc5, 0xdb, 0xe2, 0x82, 0xc5, 0xdb, 0xe2, 0xff, 0xc5, 0xdb, 0xe2, 0xff, 0xc5, 0xdb, 0xe2, 0xff,
    0xc5, 0xdb, 0xe2, 0xff, 0xc5, 0xdb, 0xe2, 0xff, 0xc5, 0xdb, 0xe2, 0xff, 0xc5, 0xdb, 0xe2, 0xff,
    0xc5, 0xdb, 0xe2, 0xff, 0xc5, 0xdb, 0xe2, 0xff, 0xc5, 0xdb, 0xe2, 0xff, 0xc5, 0xdb, 0xe2, 0xff,
    0xc5, 0xdb, 0xe2, 0xff, 0xc5, 0xdb, 0xe2, 0xff, 0xc5, 0xdb, 0xe2, 0xff, 0xc5, 0xdb, 0xe2, 0xff,
    0xc5, 0xdb, 0xe2, 0xff, 0xc5, 0xdb, 0xe2, 0xff, 0xc5, 0xdb, 0xe2, 0x82, 0x00, 0x00, 0x00, 0x44,
    0x00, 0x00, 0x00, 0x2c, 0x00, 0x00, 0x00, 0x15, 0x00, 0x00, 0x00, 0x00, 0x00, 0x00, 0x00, 0x00,
    0x00, 0x00, 0x00, 0x00, 0x00, 0x00, 0x00, 0x03, 0x00, 0x00, 0x00, 0x1c, 0x00, 0x00, 0x00, 0x34,
    0x00, 0x00, 0x00, 0x4c, 0xc2, 0xd8, 0xdf, 0xc7, 0xc2, 0xd8, 0xdf, 0xff, 0xc2, 0xd8, 0xdf, 0xff,
    0xc2, 0xd8, 0xdf, 0xff, 0xc2, 0xd8, 0xdf, 0xff, 0xc2, 0xd8, 0xdf, 0xff, 0xc2, 0xd8, 0xdf, 0xff,
    0xc2, 0xd8, 0xdf, 0xff, 0xc2, 0xd8, 0xdf, 0xff, 0xc2, 0xd8, 0xdf, 0xff, 0xc2, 0xd8, 0xdf, 0xff,
    0xc2, 0xd8, 0xdf, 0xff, 0xc2, 0xd8, 0xdf, 0xff, 0xc2, 0xd8, 0xdf, 0xff, 0xc2, 0xd8, 0xdf, 0xff,
    0xc2, 0xd8, 0xdf, 0xff, 0xc2, 0xd8, 0xdf, 0xff, 0xc2, 0xd8, 0xdf, 0xff, 0xc2, 0xd8, 0xdf, 0xc7,
    0x00, 0x00, 0x00, 0x4c, 0x00, 0x00, 0x00, 0x34, 0x00, 0x00, 0x00, 0x1c, 0x00, 0x00, 0x00, 0x03,
    0x00, 0x00, 0x00, 0x00, 0x00, 0x00, 0x00, 0x00, 0x00, 0x00, 0x00, 0x08, 0x00, 0x00, 0x00, 0x21,
    0x00, 0x00, 0x00, 0x39, 0x00, 0x00, 0x00, 0x52, 0xbf, 0xd6, 0xdd, 0xf0, 0xbf, 0xd6, 0xdd, 0xff,
    0xbf, 0xd6, 0xdd, 0xff, 0xbf, 0xd6, 0xdd, 0xff, 0xbf, 0xd6, 0xdd, 0xff, 0xbf, 0xd6, 0xdd, 0xff,
    0xbf, 0xd6, 0xdd, 0xff, 0xbf, 0xd6, 0xdd, 0xff, 0xbf, 0xd6, 0xdd, 0xff, 0xbf, 0xd6, 0xdd, 0xff,
    0xbf, 0xd6, 0xdd, 0xff, 0xbf, 0xd6, 0xdd, 0xff, 0xbf, 0xd6, 0xdd, 0xff, 0xbf, 0xd6, 0xdd, 0xff,
    0xbf, 0xd6, 0xdd, 0xff, 0xbf, 0xd6, 0xdd, 0xff, 0xbf, 0xd6, 0xdd, 0xff, 0xbf, 0xd6, 0xdd, 0xff,
    0xbf, 0xd6, 0xdd, 0xf0, 0x00, 0x00, 0x00, 0x52, 0x00, 0x00, 0x00, 0x39, 0x00, 0x00, 0x00, 0x21,
    0x00, 0x00, 0x00, 0x08, 0x00, 0x00, 0x00, 0x00, 0x00, 0x00, 0x00, 0x00, 0x00, 0x00, 0x00, 0x0b,
    0x00, 0x00, 0x00, 0x24, 0x00, 0x00, 0x00, 0x3d, 0xbc, 0xd3, 0xdb, 0x00, 0xbc, 0xd3, 0xdb, 0xff,
    0xbc, 0xd3, 0xdb, 0xff, 0xbc, 0xd3, 0xdb, 0xff, 0xbc, 0xd3, 0xdb, 0xff, 0xbc, 0xd3, 0xdb, 0xff,
    0xbc, 0xd3, 0xdb, 0xff, 0xbc, 0xd3, 0xdb, 0xff, 0xbc, 0xd3, 0xdb, 0xff, 0xbc, 0xd3, 0xdb, 0xff,
    0xbc, 0xd3, 0xdb, 0xff, 0xbc, 0xd3, 0xdb, 0xff, 0xbc, 0xd3, 0xdb, 0xff, 0xbc, 0xd3, 0xdb, 0xff,
    0xbc, 0xd3, 0xdb, 0xff, 0xbc, 0xd3, 0xdb, 0xff, 0xbc, 0xd3, 0xdb, 0xff, 0xbc, 0xd3, 0xdb, 0xff,
    0xbc, 0xd3, 0xdb, 0xff, 0xbc, 0xd3, 0xdb, 0xff, 0xbc, 0xd3, 0xdb, 0x00, 0x00, 0x00, 0x00, 0x3d,
    0x00, 0x00, 0x00, 0x24, 0x00, 0x00, 0x00, 0x0b, 0x00, 0x00, 0x00, 0x00, 0x00, 0x00, 0x00, 0x00,
    0x00, 0x00, 0x00, 0x0c, 0x00, 0x00, 0x00, 0x25, 0x00, 0x00, 0x00, 0x3e, 0x00, 0x00, 0x00, 0x57,
    0xb9, 0xd1, 0xd9, 0xf0, 0xb9, 0xd1, 0xd9, 0xff, 0xb9, 0xd1, 0xd9, 0xff, 0xb9, 0xd1, 0xd9, 0xff,
    0xb9, 0xd1, 0xd9, 0xff, 0xb9, 0xd1, 0xd9, 0xff, 0xb9, 0xd1, 0xd9, 0xff, 0xb9, 0xd1, 0xd9, 0xff,
    0xb9, 0xd1, 0xd9, 0xff, 0xb9, 0xd1, 0xd9, 0xff, 0xb9, 0xd1, 0xd9, 0xff, 0xb9, 0xd1, 0xd9, 0xff,
    0xb9, 0xd1, 0xd9, 0xff, 0xb9, 0xd1, 0xd9, 0xff, 0xb9, 0xd1, 0xd9, 0xff, 0xb9, 0xd1, 0xd9, 0xff,
    0xb9, 0xd1, 0xd9, 0xff, 0xb9, 0xd1, 0xd9, 0xff, 0xb9, 0xd1, 0xd9, 0xf0, 0x00, 0x00, 0x00, 0x57,
    0x00, 0x00, 0x00, 0x3e, 0x00, 0x00, 0x00, 0x25, 0x00, 0x00, 0x00, 0x0c, 0x00, 0x00, 0x00, 0x00,
    0x00, 0x00, 0x00, 0x00, 0x00, 0x00, 0x00, 0x0b, 0x00, 0x00, 0x00, 0x24, 0x00, 0x00, 0x00, 0x3d,
    0x00, 0x00, 0x00, 0x56, 0xb6, 0xce, 0xd6, 0xc7, 0xb6, 0xce, 0xd6, 0xff, 0xb6, 0xce, 0xd6, 0xff,
    0xb6, 0xce, 0xd6, 0xff, 0xb6, 0xce, 0xd6, 0xff, 0xb6, 0xce, 0xd6, 0xff, 0xb6, 0xce, 0xd6, 0xff,
    0xb6, 0xce, 0xd6, 0xff, 0xb6, 0xce, 0xd6, 0xff, 0xb6, 0xce, 0xd6, 0xff, 0xb6, 0xce, 0xd6, 0xff,
    0xb6, 0xce, 0xd6, 0xff, 0xb6, 0xce, 0xd6, 0xff, 0xb6, 0xce, 0xd6, 0xff, 0xb6, 0xce, 0xd6, 0xff,
    0xb6, 0xce, 0xd6, 0xff, 0xb6, 0xce, 0xd6, 0xff, 0xb6, 0xce, 0xd6, 0xff, 0xb6, 0xce, 0xd6, 0xc7,
    0x00, 0x00, 0x00, 0x56, 0x00, 0x00, 0x00, 0x3d, 0x00, 0x00, 0x00, 0x24, 0x00, 0x00, 0x00, 0x0b,
    0x00, 0x00, 0x00, 0x00, 0x00, 0x00, 0x00, 0x00, 0x00, 0x00, 0x00, 0x08, 0x00, 0x00, 0x00, 0x21,
    0x00, 0x00, 0x00, 0x39, 0x00, 0x00, 0x00, 0x52, 0xb3, 0xcc, 0xd4, 0x82, 0xb3, 0xcc, 0xd4, 0xff,
    0xb3, 0xcc, 0xd4, 0xff, 0xb3, 0xcc, 0xd4, 0xff, 0xb3, 0xcc, 0xd4, 0xff, 0xb3, 0xcc, 0xd4, 0xff,
    0xb3, 0xcc, 0xd4, 0xff, 0xb3, 0xcc, 0xd4, 0xff, 0xb3, 0xcc, 0xd4, 0xff, 0xb3, 0xcc, 0xd4, 0xff,
    0xb3, 0xcc, 0xd4, 0xff, 0xb3, 0xcc, 0xd4, 0xff, 0xb3, 0xcc, 0xd4, 0xff, 0xb3, 0xcc, 0xd4, 0xff,
    0xb3, 0xcc, 0xd4, 0xff, 0xb3, 0xcc, 0xd4, 0xff, 0xb3, 0xcc, 0xd4, 0xff, 0xb3, 0xcc, 0xd4, 0xff,
    0xb3, 0xcc, 0xd4, 0x82, 0x00, 0x00, 0x00, 0x52, 0x00, 0x00, 0x00, 0x39, 0x00, 0x00, 0x00, 0x21,
    0x00, 0x00, 0x00, 0x08, 0x00, 0x00, 0x00, 0x00, 0x00, 0x00, 0x00, 0x00, 0x00, 0x00, 0x00, 0x03,
    0x00, 0x00, 0x00, 0x1c, 0x00, 0x00, 0x00, 0x34, 0x00, 0x00, 0x00, 0x4c, 0xb0, 0xca, 0xd2, 0x26,
    0xb0, 0xca, 0xd2, 0xff, 0xb0, 0xca, 0xd2, 0xff, 0xb0, 0xca, 0xd2, 0xff, 0xb0, 0xca, 0xd2, 0xff,
    0xb0, 0xca, 0xd2, 0xff, 0xb0, 0xca, 0xd2, 0xff, 0xb0, 0xca, 0xd2, 0xff, 0xb0, 0xca, 0xd2, 0xff,
    0xb0, 0xca, 0xd2, 0xff, 0xb0, 0xca, 0xd2, 0xff, 0xb0, 0xca, 0xd2, 0xff, 0xb0, 0xca, 0xd2, 0xff,
    0xb0, 0xca, 0xd2, 0xff, 0xb0, 0xca, 0xd2, 0xff, 0xb0, 0xca, 0xd2, 0xff, 0xb0, 0xca, 0xd2, 0xff,
    0xb0, 0xca, 0xd2, 0xff, 0xb0, 0xca, 0xd2, 0x26, 0x00, 0x00, 0x00, 0x4c, 0x00, 0x00, 0x00, 0x34,
    0x00, 0x00, 0x00, 0x1c, 0x00, 0x00, 0x00, 0x03, 0x00, 0x00, 0x00, 0x00, 0x00, 0x00, 0x00, 0x00,
    0x00, 0x00, 0x00, 0x00, 0x00, 0x00, 0x00, 0x15, 0x00, 0x00, 0x00, 0x2c, 0x00, 0x00, 0x00, 0x44,
    0x00, 0x00, 0x00, 0x5b, 0xad, 0xc7, 0xcf, 0x90, 0xad, 0xc7, 0xcf, 0xff, 0xad, 0xc7, 0xcf, 0xff,
    0xad, 0xc7, 0xcf, 0xff, 0xad, 0xc7, 0xcf, 0xff, 0xad, 0xc7, 0xcf, 0xff, 0xad, 0xc7, 0xcf, 0xff,
    0xad, 0xc7, 0xcf, 0xff, 0xad, 0xc7, 0xcf, 0xff, 0xad, 0xc7, 0xcf, 0xff, 0xad, 0xc7, 0xcf, 0xff,
    0xad, 0xc7, 0xcf, 0xff, 0xad, 0xc7, 0xcf, 0xff, 0xad, 0xc7, 0xcf, 0xff, 0xad, 0xc7, 0xcf, 0xff,
    0xad, 0xc7, 0xcf, 0xff, 0xad, 0xc7, 0xcf, 0x90, 0x00, 0x00, 0x00, 0x5b, 0x00, 0x00, 0x00, 0x44,
    0x00, 0x00, 0x00, 0x2c, 0x00, 0x00, 0x00, 0x15, 0x00, 0x00, 0x00, 0x00, 0x00, 0x00, 0x00, 0x00,
    0x00, 0x00, 0x00, 0x00, 0x00, 0x00, 0x00, 0x00, 0x00, 0x00, 0x00, 0x0c, 0x00, 0x00, 0x00, 0x23,
    0x00, 0x00, 0x00, 0x39, 0x00, 0x00, 0x00, 0x50, 0xaa, 0xc5, 0xcd, 0x00, 0xaa, 0xc5, 0xcd, 0xc7,
    0xa8, 0xc3, 0xcb, 0xff, 0xa8, 0xc3, 0xcb, 0xff, 0xa8, 0xc3, 0xcb, 0xff, 0xa8, 0xc3, 0xcb, 0xff,
    0xa8, 0xc3, 0xcb, 0xff, 0xa8, 0xc3, 0xcb, 0xff, 0xa8, 0xc3, 0xcb, 0xff, 0xa8, 0xc3, 0xcb, 0xff,
    0xa8, 0xc3, 0xcb, 0xff, 0xa8, 0xc3, 0xcb, 0xff, 0xa8, 0xc3, 0xcb, 0xff, 0xa8, 0xc3, 0xcb, 0xff,
    0xa8, 0xc3, 0xcb, 0xff, 0xaa, 0xc5, 0xcd, 0xc7, 0xaa, 0xc5, 0xcd, 0x00, 0x00, 0x00, 0x00, 0x50,
    0x00, 0x00, 0x00, 0x39, 0x00, 0x00, 0x00, 0x23, 0x00, 0x00, 0x00, 0x0c, 0x00, 0x00, 0x00, 0x00,
    0x00, 0x00, 0x00, 0x00, 0x00, 0x00, 0x00, 0x00, 0x00, 0x00, 0x00, 0x00, 0x00, 0x00, 0x00, 0x02,
    0x00, 0x00, 0x00, 0x18, 0x00, 0x00, 0x00, 0x2d, 0x00, 0x00, 0x00, 0x43, 0x00, 0x00, 0x00, 0x57,
    0xa7, 0xc2, 0xcb, 0x19, 0xa7, 0xc2, 0xcb, 0xc7, 0x9b, 0xb5, 0xbd, 0xff, 0x9b, 0xb5, 0xbd, 0xff,
    0x9b, 0xb5, 0xbd, 0xff, 0x9b, 0xb5, 0xbd, 0xff, 0x9b, 0xb5, 0xbd, 0xff, 0x9b, 0xb5, 0xbd, 0xff,
    0x9b, 0xb5, 0xbd, 0xff, 0x9b, 0xb5, 0xbd, 0xff, 0x9b, 0xb5, 0xbd, 0xff, 0x9b, 0xb5, 0xbd, 0xff,
    0x9b, 0xb5, 0xbd, 0xff, 0xa7, 0xc2, 0xcb, 0xc7, 0xa7, 0xc2, 0xcb, 0x19, 0x00, 0x00, 0x00, 0x57,
    0x00, 0x00, 0x00, 0x43, 0x00, 0x00, 0x00, 0x2d, 0x00, 0x00, 0x00, 0x18, 0x00, 0x00, 0x00, 0x02,
    0x00, 0x00, 0x00, 0x00, 0x00, 0x00, 0x00, 0x00, 0x00, 0x00, 0x00, 0x00, 0x00, 0x00, 0x00, 0x00,
    0x00, 0x00, 0x00, 0x00, 0x00, 0x00, 0x00, 0x0b, 0x00, 0x00, 0x00, 0x20, 0x00, 0x00, 0x00, 0x34,
    0x00, 0x00, 0x00, 0x47, 0x00, 0x00, 0x00, 0x5a, 0xa4, 0xc0, 0xc9, 0x00, 0xa4, 0xc0, 0xc9, 0x90,
    0x8f, 0xa7, 0xaf, 0xff, 0x8f, 0xa7, 0xaf, 0xff, 0x8f, 0xa7, 0xaf, 0xff, 0x8f, 0xa7, 0xaf, 0xff,
    0x8f, 0xa7, 0xaf, 0xff, 0x8f, 0xa7, 0xaf, 0xff, 0x8f, 0xa7, 0xaf, 0xff, 0x8f, 0xa7, 0xaf, 0xff,
    0x8f, 0xa7, 0xaf, 0xff, 0xa4, 0xc0, 0xc9, 0x90, 0xa4, 0xc0, 0xc9, 0x00, 0x00, 0x00, 0x00, 0x5a,
    0x00, 0x00, 0x00, 0x47, 0x00, 0x00, 0x00, 0x34, 0x00, 0x00, 0x00, 0x20, 0x00, 0x00, 0x00, 0x0b,
    0x00, 0x00, 0x00, 0x00, 0x00, 0x00, 0x00, 0x00, 0x00, 0x00, 0x00, 0x00, 0x00, 0x00, 0x00, 0x00,
    0x00, 0x00, 0x00, 0x00, 0x00, 0x00, 0x00, 0x00, 0x00, 0x00, 0x00, 0x00, 0x00, 0x00, 0x00, 0x11,
    0x00, 0x00, 0x00, 0x24, 0x00, 0x00, 0x00, 0x36, 0x00, 0x00, 0x00, 0x47, 0x00, 0x00, 0x00, 0x57,
    0x00, 0x00, 0x00, 0x64, 0xa3, 0xbf, 0xc8, 0x26, 0xa3, 0xbf, 0xc8, 0x82, 0xa3, 0xbf, 0xc8, 0xc7,
    0xa3, 0xbf, 0xc8, 0xf0, 0x89, 0xa1, 0xa8, 0xff, 0xa3, 0xbf, 0xc8, 0xf0, 0xa3, 0xbf, 0xc8, 0xc7,
    0xa3, 0xbf, 0xc8, 0x82, 0xa3, 0xbf, 0xc8, 0x26, 0x00, 0x00, 0x00, 0x64, 0x00, 0x00, 0x00, 0x57,
    0x00, 0x00, 0x00, 0x47, 0x00, 0x00, 0x00, 0x36, 0x00, 0x00, 0x00, 0x24, 0x00, 0x00, 0x00, 0x11,
    0x00, 0x00, 0x00, 0x00, 0x00, 0x00, 0x00, 0x00, 0x00, 0x00, 0x00, 0x00, 0x00, 0x00, 0x00, 0x00,
    0x00, 0x00, 0x00, 0x00, 0x00, 0x00, 0x00, 0x00, 0x00, 0x00, 0x00, 0x00, 0x00, 0x00, 0x00, 0x00,
    0x00, 0x00, 0x00, 0x01, 0x00, 0x00, 0x00, 0x13, 0x00, 0x00, 0x00, 0x24, 0x00, 0x00, 0x00, 0x34,
    0x00, 0x00, 0x00, 0x43, 0x00, 0x00, 0x00, 0x50, 0x00, 0x00, 0x00, 0x5b, 0x00, 0x00, 0x00, 0x64,
    0x00, 0x00, 0x00, 0x64, 0x00, 0x00, 0x00, 0x64, 0xa3, 0xbf, 0xc8, 0x00, 0x00, 0x00, 0x00, 0x64,
    0x00, 0x00, 0x00, 0x64, 0x00, 0x00, 0x00, 0x64, 0x00, 0x00, 0x00, 0x5b, 0x00, 0x00, 0x00, 0x50,
    0x00, 0x00, 0x00, 0x43, 0x00, 0x00, 0x00, 0x34, 0x00, 0x00, 0x00, 0x24, 0x00, 0x00, 0x00, 0x13,
    0x00, 0x00, 0x00, 0x01, 0x00, 0x00, 0x00, 0x00, 0x00, 0x00, 0x00, 0x00, 0x00, 0x00, 0x00, 0x00,
    0x00, 0x00, 0x00, 0x00, 0x00, 0x00, 0x00, 0x00, 0x00, 0x00, 0x00, 0x00, 0x00, 0x00, 0x00, 0x00,
    0x00, 0x00, 0x00, 0x00, 0x00, 0x00, 0x00, 0x00, 0x00, 0x00, 0x00, 0x01, 0x00, 0x00, 0x00, 0x11,
    0x00, 0x00, 0x00, 0x20, 0x00, 0x00, 0x00, 0x2d, 0x00, 0x00, 0x00, 0x39, 0x00, 0x00, 0x00, 0x44,
    0x00, 0x00, 0x00, 0x4c, 0x00, 0x00, 0x00, 0x52, 0x00, 0x00, 0x00, 0x56, 0x00, 0x00, 0x00, 0x57,
    0x00, 0x00, 0x00, 0x56, 0x00, 0x00, 0x00, 0x52, 0x00, 0x00, 0x00, 0x4c, 0x00, 0x00, 0x00, 0x44,
    0x00, 0x00, 0x00, 0x39, 0x00, 0x00, 0x00, 0x2d, 0x00, 0x00, 0x00, 0x20, 0x00, 0x00, 0x00, 0x11,
    0x00, 0x00, 0x00, 0x01, 0x00, 0x00, 0x00, 0x00, 0x00, 0x00, 0x00, 0x00, 0x00, 0x00, 0x00, 0x00,
    0x00, 0x00, 0x00, 0x00, 0x00, 0x00, 0x00, 0x00, 0x00, 0x00, 0x00, 0x00, 0x00, 0x00, 0x00, 0x00,
    0x00, 0x00, 0x00, 0x00, 0x00, 0x00, 0x00, 0x00, 0x00, 0x00, 0x00, 0x00, 0x00, 0x00, 0x00, 0x00,
    0x00, 0x00, 0x00, 0x00, 0x00, 0x00, 0x00, 0x0b, 0x00, 0x00, 0x00, 0x18, 0x00, 0x00, 0x00, 0x23,
    0x00, 0x00, 0x00, 0x2c, 0x00, 0x00, 0x00, 0x34, 0x00, 0x00, 0x00, 0x39, 0x00, 0x00, 0x00, 0x3d,
    0x00, 0x00, 0x00, 0x3e, 0x00, 0x00, 0x00, 0x3d, 0x00, 0x00, 0x00, 0x39, 0x00, 0x00, 0x00, 0x34,
    0x00, 0x00, 0x00, 0x2c, 0x00, 0x00, 0x00, 0x23, 0x00, 0x00, 0x00, 0x18, 0x00, 0x00, 0x00, 0x0b,
    0x00, 0x00, 0x00, 0x00, 0x00, 0x00, 0x00, 0x00, 0x00, 0x00, 0x00, 0x00, 0x00, 0x00, 0x00, 0x00,
    0x00, 0x00, 0x00, 0x00, 0x00, 0x00, 0x00, 0x00, 0x00, 0x00, 0x00, 0x00, 0x00, 0x00, 0x00, 0x00,
    0x00, 0x00, 0x00, 0x00, 0x00, 0x00, 0x00, 0x00, 0x00, 0x00, 0x00, 0x00, 0x00, 0x00, 0x00, 0x00,
    0x00, 0x00, 0x00, 0x00, 0x00, 0x00, 0x00, 0x00, 0x00, 0x00, 0x00, 0x00, 0x00, 0x00, 0x00, 0x02,
    0x00, 0x00, 0x00, 0x0c, 0x00, 0x00, 0x00, 0x15, 0x00, 0x00, 0x00, 0x1c, 0x00, 0x00, 0x00, 0x21,
    0x00, 0x00, 0x00, 0x24, 0x00, 0x00, 0x00, 0x25, 0x00, 0x00, 0x00, 0x24, 0x00, 0x00, 0x00, 0x21,
    0x00, 0x00, 0x00, 0x1c, 0x00, 0x00, 0x00, 0x15, 0x00, 0x00, 0x00, 0x0c, 0x00, 0x00, 0x00, 0x02,
    0x00, 0x00, 0x00, 0x00, 0x00, 0x00, 0x00, 0x00, 0x00, 0x00, 0x00, 0x00, 0x00, 0x00, 0x00, 0x00,
    0x00, 0x00, 0x00, 0x00, 0x00, 0x00, 0x00, 0x00, 0x00, 0x00, 0x00, 0x00, 0x00, 0x00, 0x00, 0x00,
    0x00, 0x00, 0x00, 0x00, 0x00, 0x00, 0x00, 0x00, 0x00, 0x00, 0x00, 0x00, 0x00, 0x00, 0x00, 0x00,
    0x00, 0x00, 0x00, 0x00, 0x00, 0x00, 0x00, 0x00, 0x00, 0x00, 0x00, 0x00, 0x00, 0x00, 0x00, 0x00,
    0x00, 0x00, 0x00, 0x00, 0x00, 0x00, 0x00, 0x00, 0x00, 0x00, 0x00, 0x00, 0x00, 0x00, 0x00, 0x03,
    0x00, 0x00, 0x00, 0x08, 0x00, 0x00, 0x00, 0x0b, 0x00, 0x00, 0x00, 0x0c, 0x00, 0x00, 0x00, 0x0b,
    0x00, 0x00, 0x00, 0x08, 0x00, 0x00, 0x00, 0x03, 0x00, 0x00, 0x00, 0x00, 0x00, 0x00, 0x00, 0x00,
    0x00, 0x00, 0x00, 0x00, 0x00, 0x00, 0x00, 0x00, 0x00, 0x00, 0x00, 0x00, 0x00, 0x00, 0x00, 0x00,
    0x00, 0x00, 0x00, 0x00, 0x00, 0x00, 0x00, 0x00, 0x00, 0x00, 0x00, 0x00, 0x00, 0x00, 0x00, 0x00,
    0x00, 0x00, 0x00, 0x00,
};
static const lv_img_dsc_t pill_toggle_thumb_on = {
    .header.always_zero = 0,
    .header.w = 29,
    .header.h = 29,
    .header.cf = LV_IMG_CF_TRUE_COLOR_ALPHA,
    .data_size = sizeof(pill_toggle_thumb_on_data),
    .data = pill_toggle_thumb_on_data,
};

static const uint8_t pill_start_data[] = {
    0x00, 0x00, 0x00, 0x00, 0x00, 0x00, 0x00, 0x00, 0x00, 0x00, 0x00, 0x00, 0xaa, 0xc6, 0xd3, 0x00,
    0xaa, 0xc6, 0xd3, 0x14, 0xaa, 0xc6, 0xd3, 0x14, 0xaa, 0xc6, 0xd3, 0x14, 0xaa, 0xc6, 0xd3, 0x14,
    0xaa, 0xc6, 0xd3, 0x14, 0xaa, 0xc6, 0xd3, 0x14, 0xaa, 0xc6, 0xd3, 0x14, 0xaa, 0xc6, 0xd3, 0x14,
    0xaa, 0xc6, 0xd3, 0x14, 0xaa, 0xc6, 0xd3, 0x14, 0xaa, 0xc6, 0xd3, 0x14, 0xaa, 0xc6, 0xd3, 0x14,
    0xaa, 0xc6, 0xd3, 0x14, 0xaa, 0xc6, 0xd3, 0x14, 0xaa, 0xc6, 0xd3, 0x14, 0xaa, 0xc6, 0xd3, 0x14,
    0xaa, 0xc6, 0xd3, 0x14, 0xaa, 0xc6, 0xd3, 0x14, 0xaa, 0xc6, 0xd3, 0x14, 0xaa, 0xc6, 0xd3, 0x14,
    0xaa, 0xc6, 0xd3, 0x14, 0xaa, 0xc6, 0xd3, 0x14, 0xaa, 0xc6, 0xd3, 0x14, 0xaa, 0xc6, 0xd3, 0x14,
    0xaa, 0xc6, 0xd3, 0x14, 0xaa, 0xc6, 0xd3, 0x14, 0xaa, 0xc6, 0xd3, 0x14, 0xaa, 0xc6, 0xd3, 0x14,
    0xaa, 0xc6, 0xd3, 0x14, 0xaa, 0xc6, 0xd3, 0x14, 0xaa, 0xc6, 0xd3, 0x14, 0xaa, 0xc6, 0xd3, 0x14,
    0xaa, 0xc6, 0xd3, 0x14, 0xaa, 0xc6, 0xd3, 0x14, 0xaa, 0xc6, 0xd3, 0x14, 0xaa, 0xc6, 0xd3, 0x14,
    0xaa, 0xc6, 0xd3, 0x14, 0xaa, 0xc6, 0xd3, 0x14, 0xaa, 0xc6, 0xd3, 0x14, 0xaa, 0xc6, 0xd3, 0x14,
    0xaa, 0xc6, 0xd3, 0x14, 0xaa, 0xc6, 0xd3, 0x14, 0xaa, 0xc6, 0xd3, 0x14, 0xaa, 0xc6, 0xd3, 0x14,
    0xaa, 0xc6, 0xd3, 0x14, 0xaa, 0xc6, 0xd3, 0x14, 0xaa, 0xc6, 0xd3, 0x14, 0xaa, 0xc6, 0xd3, 0x00,
    0x00, 0x00, 0x00, 0x00, 0x00, 0x00, 0x00, 0x00, 0x00, 0x00, 0x00, 0x00, 0x00, 0x00, 0x00, 0x00,
    0xaa, 0xc6, 0xd3, 0x00, 0xaa, 0xc6, 0xd3, 0x14, 0xaa, 0xc6, 0xd3, 0x14, 0xaa, 0xc6, 0xd3, 0x14,
    0xaa, 0xc6, 0xd3, 0x14, 0xaa, 0xc6, 0xd3, 0x14, 0xaa, 0xc6, 0xd3, 0x14, 0xaa, 0xc6, 0xd3, 0x14,
    0xaa, 0xc6, 0xd3, 0x14, 0xaa, 0xc6, 0xd3, 0x14, 0xaa, 0xc6, 0xd3, 0x14, 0xaa, 0xc6, 0xd3, 0x14,
    0xaa, 0xc6, 0xd3, 0x14, 0xaa, 0xc6, 0xd3, 0x14, 0xaa, 0xc6, 0xd3, 0x14, 0xaa, 0xc6, 0xd3, 0x14,
    0xaa, 0xc6, 0xd3, 0x14, 0xaa, 0xc6, 0xd3, 0x14, 0xaa, 0xc6, 0xd3, 0x14, 0xaa, 0xc6, 0xd3, 0x14,
    0xaa, 0xc6, 0xd3, 0x14, 0xaa, 0xc6, 0xd3, 0x14, 0xaa, 0xc6, 0xd3, 0x14, 0xaa, 0xc6, 0xd3, 0x14,
    0xaa, 0xc6, 0xd3, 0x14, 0xaa, 0xc6, 0xd3, 0x14, 0xaa, 0xc6, 0xd3, 0x14, 0xaa, 0xc6, 0xd3, 0x14,
    0xaa, 0xc6, 0xd3, 0x14, 0xaa, 0xc6, 0xd3, 0x14, 0xaa, 0xc6, 0xd3, 0x14, 0xaa, 0xc6, 0xd3, 0x14,
    0xaa, 0xc6, 0xd3, 0x14, 0xaa, 0xc6, 0xd3, 0x14, 0xaa, 0xc6, 0xd3, 0x14, 0xaa, 0xc6, 0xd3, 0x14,
    0xaa, 0xc6, 0xd3, 0x14, 0xaa, 0xc6, 0xd3, 0x14, 0xaa, 0xc6, 0xd3, 0x14, 0xaa, 0xc6, 0xd3, 0x14,
    0xaa, 0xc6, 0xd3, 0x14, 0xaa, 0xc6, 0xd3, 0x14, 0xaa, 0xc6, 0xd3, 0x14, 0xaa, 0xc6, 0xd3, 0x14,
    0xaa, 0xc6, 0xd3, 0x14, 0xaa, 0xc6, 0xd3, 0x14, 0xaa, 0xc6, 0xd3, 0x14, 0xaa, 0xc6, 0xd3, 0x14,
    0xaa, 0xc6, 0xd3, 0x14, 0xaa, 0xc6, 0xd3, 0x14, 0xaa, 0xc6, 0xd3, 0x14, 0xaa, 0xc6, 0xd3, 0x14,
    0xaa, 0xc6, 0xd3, 0x00, 0x00, 0x00, 0x00, 0x00, 0x00, 0x00, 0x00, 0x00, 0xaa, 0xc6, 0xd3, 0x14,
    0xaa, 0xc6, 0xd3, 0x14, 0xaa, 0xc6, 0xd3, 0x14, 0xaa, 0xc6, 0xd3, 0x14, 0xaa, 0xc6, 0xd3, 0x14,
    0xaa, 0xc6, 0xd3, 0x14, 0xaa, 0xc6, 0xd3, 0x14, 0xaa, 0xc6, 0xd3, 0x14, 0xaa, 0xc6, 0xd3, 0x14,
    0xaa, 0xc6, 0xd3, 0x14, 0xaa, 0xc6, 0xd3, 0x14, 0xaa, 0xc6, 0xd3, 0x14, 0xaa, 0xc6, 0xd3, 0x14,
    0xaa, 0xc6, 0xd3, 0x14, 0xaa, 0xc6, 0xd3, 0x14, 0xaa, 0xc6, 0xd3, 0x14, 0xaa, 0xc6, 0xd3, 0x14,
    0xaa, 0xc6, 0xd3, 0x14, 0xaa, 0xc6, 0xd3, 0x14, 0xaa, 0xc6, 0xd3, 0x14, 0xaa, 0xc6, 0xd3, 0x14,
    0xaa, 0xc6, 0xd3, 0x14, 0xaa, 0xc6, 0xd3, 0x14, 0xaa, 0xc6, 0xd3, 0x14, 0xaa, 0xc6, 0xd3, 0x14,
    0xaa, 0xc6, 0xd3, 0x14, 0xaa, 0xc6, 0xd3, 0x14, 0xaa, 0xc6, 0xd3, 0x14, 0xaa, 0xc6, 0xd3, 0x14,
    0xaa, 0xc6, 0xd3, 0x14, 0xaa, 0xc6, 0xd3, 0x14, 0xaa, 0xc6, 0xd3, 0x14, 0xaa, 0xc6, 0xd3, 0x14,
    0xaa, 0xc6, 0xd3, 0x14, 0xaa, 0xc6, 0xd3, 0x14, 0xaa, 0xc6, 0xd3, 0x14, 0xaa, 0xc6, 0xd3, 0x14,
    0xaa, 0xc6, 0xd3, 0x14, 0xaa, 0xc6, 0xd3, 0x14, 0xaa, 0xc6, 0xd3, 0x14, 0xaa, 0xc6, 0xd3, 0x14,
    0xaa, 0xc6, 0xd3, 0x14, 0xaa, 0xc6, 0xd3, 0x14, 0xaa, 0xc6, 0xd3, 0x14, 0xaa, 0xc6, 0xd3, 0x14,
    0xaa, 0xc6, 0xd3, 0x14, 0xaa, 0xc6, 0xd3, 0x14, 0xaa, 0xc6, 0xd3, 0x14, 0xaa, 0xc6, 0xd3, 0x14,
    0xaa, 0xc6, 0xd3, 0x14, 0xaa, 0xc6, 0xd3, 0x14, 0xaa, 0xc6, 0xd3, 0x14, 0xaa, 0xc6, 0xd3, 0x14,
    0x00, 0x00, 0x00, 0x00, 0xaa, 0xc6, 0xd3, 0x00, 0xaa, 0xc6, 0xd3, 0x14, 0xaa, 0xc6, 0xd3, 0x14,
    0xaa, 0xc6, 0xd3, 0x14, 0xaa, 0xc6, 0xd3, 0x14, 0xaa, 0xc6, 0xd3, 0x14, 0xaa, 0xc6, 0xd3, 0x14,
    0xaa, 0xc6, 0xd3, 0x14, 0xaa, 0xc6, 0xd3, 0x14, 0xaa, 0xc6, 0xd3, 0x14, 0xaa, 0xc6, 0xd3, 0x14,
    0xaa, 0xc6, 0xd3, 0x14, 0xaa, 0xc6, 0xd3, 0x14, 0xaa, 0xc6, 0xd3, 0x14, 0xaa, 0xc6, 0xd3, 0x14,
    0xaa, 0xc6, 0xd3, 0x14, 0xaa, 0xc6, 0xd3, 0x14, 0xaa, 0xc6, 0xd3, 0x14, 0xaa, 0xc6, 0xd3, 0x14,
    0xaa, 0xc6, 0xd3, 0x14, 0xaa, 0xc6, 0xd3, 0x14, 0xaa, 0xc6, 0xd3, 0x14, 0xaa, 0xc6, 0xd3, 0x14,
    0xaa, 0xc6, 0xd3, 0x14, 0xaa, 0xc6, 0xd3, 0x14, 0xaa, 0xc6, 0xd3, 0x14, 0xaa, 0xc6, 0xd3, 0x14,
    0xaa, 0xc6, 0xd3, 0x14, 0xaa, 0xc6, 0xd3, 0x14, 0xaa, 0xc6, 0xd3, 0x14, 0xaa, 0xc6, 0xd3, 0x14,
    0xaa, 0xc6, 0xd3, 0x14, 0xaa, 0xc6, 0xd3, 0x14, 0xaa, 0xc6, 0xd3, 0x14, 0xaa, 0xc6, 0xd3, 0x14,
    0xaa, 0xc6, 0xd3, 0x14, 0xaa, 0xc6, 0xd3, 0x14, 0xaa, 0xc6, 0xd3, 0x14, 0xaa, 0xc6, 0xd3, 0x14,
    0xaa, 0xc6, 0xd3, 0x14, 0xaa, 0xc6, 0xd3, 0x14, 0xaa, 0xc6, 0xd3, 0x14, 0xaa, 0xc6, 0xd3, 0x14,
    0xaa, 0xc6, 0xd3, 0x14, 0xaa, 0xc6, 0xd3, 0x14, 0xaa, 0xc6, 0xd3, 0x14, 0xaa, 0xc6, 0xd3, 0x14,
    0xaa, 0xc6, 0xd3, 0x14, 0xaa, 0xc6, 0xd3, 0x14, 0xaa, 0xc6, 0xd3, 0x14, 0xaa, 0xc6, 0xd3, 0x14,
    0xaa, 0xc6, 0xd3, 0x14, 0xaa, 0xc6, 0xd3, 0x14, 0xaa, 0xc6, 0xd3, 0x14, 0xaa, 0xc6, 0xd3, 0x00,
    0xaa, 0xc6, 0xd3, 0x14, 0xaa, 0xc6, 0xd3, 0x14, 0xaa, 0xc6, 0xd3, 0x14, 0xaa, 0xc6, 0xd3, 0x14,
    0xaa, 0xc6, 0xd3, 0x14, 0xaa, 0xc6, 0xd3, 0x14, 0xaa, 0xc6, 0xd3, 0x14, 0xaa, 0xc6, 0xd3, 0x14,
    0xaa, 0xc6, 0xd3, 0x14, 0xaa, 0xc6, 0xd3, 0x14, 0xaa, 0xc6, 0xd3, 0x14, 0xaa, 0xc6, 0xd3, 0x14,
    0xaa, 0xc6, 0xd3, 0x14, 0xaa, 0xc6, 0xd3, 0x14, 0xaa, 0xc6, 0xd3, 0x14, 0xaa, 0xc6, 0xd3, 0x14,
    0xaa, 0xc6, 0xd3, 0x14, 0xaa, 0xc6, 0xd3, 0x14, 0xaa, 0xc6, 0xd3, 0x14, 0xaa, 0xc6, 0xd3, 0x14,
    0xaa, 0xc6, 0xd3, 0x14, 0xaa, 0xc6, 0xd3, 0x14, 0xaa, 0xc6, 0xd3, 0x14, 0xaa, 0xc6, 0xd3, 0x14,
    0xaa, 0xc6, 0xd3, 0x14, 0xaa, 0xc6, 0xd3, 0x14, 0xaa, 0xc6, 0xd3, 0x14, 0xaa, 0xc6, 0xd3, 0x14,
    0xaa, 0xc6, 0xd3, 0x14, 0xaa, 0xc6, 0xd3, 0x14, 0xaa, 0xc6, 0xd3, 0x14, 0xaa, 0xc6, 0xd3, 0x14,
    0xaa, 0xc6, 0xd3, 0x14, 0xaa, 0xc6, 0xd3, 0x14, 0xaa, 0xc6, 0xd3, 0x14, 0xaa, 0xc6, 0xd3, 0x14,
    0xaa, 0xc6, 0xd3, 0x14, 0xaa, 0xc6, 0xd3, 0x14, 0xaa, 0xc6, 0xd3, 0x14, 0xaa, 0xc6, 0xd3, 0x14,
    0xaa, 0xc6, 0xd3, 0x14, 0xaa, 0xc6, 0xd3, 0x14, 0xaa, 0xc6, 0xd3, 0x14, 0xaa, 0xc6, 0xd3, 0x14,
    0xaa, 0xc6, 0xd3, 0x14, 0xaa, 0xc6, 0xd3, 0x14, 0xaa, 0xc6, 0xd3, 0x14, 0xaa, 0xc6, 0xd3, 0x14,
    0xaa, 0xc6, 0xd3, 0x14, 0xaa, 0xc6, 0xd3, 0x14, 0xaa, 0xc6, 0xd3, 0x14, 0xaa, 0xc6, 0xd3, 0x14,
    0xaa, 0xc6, 0xd3, 0x14, 0xaa, 0xc6, 0xd3, 0x14, 0xaa, 0xc6, 0xd3, 0x14, 0xaa, 0xc6, 0xd3, 0x14,
    0xaa, 0xc6, 0xd3, 0x14, 0xaa, 0xc6, 0xd3, 0x14, 0xaa, 0xc6, 0xd3, 0x14, 0xaa, 0xc6, 0xd3, 0x14,
    0xaa, 0xc6, 0xd3, 0x14, 0xaa, 0xc6, 0xd3, 0x14, 0xaa, 0xc6, 0xd3, 0x14, 0xaa, 0xc6, 0xd3, 0x14,
    0xaa, 0xc6, 0xd3, 0x14, 0xaa, 0xc6, 0xd3, 0x14, 0xaa, 0xc6, 0xd3, 0x14, 0xaa, 0xc6, 0xd3, 0x14,
    0xaa, 0xc6, 0xd3, 0x14, 0xaa, 0xc6, 0xd3, 0x14, 0xaa, 0xc6, 0xd3, 0x14, 0xaa, 0xc6, 0xd3, 0x14,
    0xaa, 0xc6, 0xd3, 0x14, 0xaa, 0xc6, 0xd3, 0x14, 0xaa, 0xc6, 0xd3, 0x14, 0xaa, 0xc6, 0xd3, 0x14,
    0xaa, 0xc6, 0xd3, 0x14, 0xaa, 0xc6, 0xd3, 0x14, 0xaa, 0xc6, 0xd3, 0x14, 0xaa, 0xc6, 0xd3, 0x14,
    0xaa, 0xc6, 0xd3, 0x14, 0xaa, 0xc6, 0xd3, 0x14, 0xaa, 0xc6, 0xd3, 0x14, 0xaa, 0xc6, 0xd3, 0x14,
    0xaa, 0xc6, 0xd3, 0x14, 0xaa, 0xc6, 0xd3, 0x14, 0xaa, 0xc6, 0xd3, 0x14, 0xaa, 0xc6, 0xd3, 0x14,
    0xaa, 0xc6, 0xd3, 0x14, 0xaa, 0xc6, 0xd3, 0x14, 0xaa, 0xc6, 0xd3, 0x14, 0xaa, 0xc6, 0xd3, 0x14,
    0xaa, 0xc6, 0xd3, 0x14, 0xaa, 0xc6, 0xd3, 0x14, 0xaa, 0xc6, 0xd3, 0x14, 0xaa, 0xc6, 0xd3, 0x14,
    0xaa, 0xc6, 0xd3, 0x14, 0xaa, 0xc6, 0xd3, 0x14, 0xaa, 0xc6, 0xd3, 0x14, 0xaa, 0xc6, 0xd3, 0x14,
    0xaa, 0xc6, 0xd3, 0x14, 0xaa, 0xc6, 0xd3, 0x14, 0xaa, 0xc6, 0xd3, 0x14, 0xaa, 0xc6, 0xd3, 0x14,
    0xaa, 0xc6, 0xd3, 0x14, 0xaa, 0xc6, 0xd3, 0x14, 0xaa, 0xc6, 0xd3, 0x14, 0xaa, 0xc6, 0xd3, 0x14,
    0xaa, 0xc6, 0xd3, 0x14, 0xaa, 0xc6, 0xd3, 0x14, 0xaa, 0xc6, 0xd3, 0x14, 0xaa, 0xc6, 0xd3, 0x14,
    0xaa, 0xc6, 0xd3, 0x14, 0xaa, 0xc6, 0xd3, 0x14, 0xaa, 0xc6, 0xd3, 0x14, 0xaa, 0xc6, 0xd3, 0x14,
    0xaa, 0xc6, 0xd3, 0x14, 0xaa, 0xc6, 0xd3, 0x14, 0xaa, 0xc6, 0xd3, 0x14, 0xaa, 0xc6, 0xd3, 0x14,
    0xaa, 0xc6, 0xd3, 0x14, 0xaa, 0xc6, 0xd3, 0x14, 0xaa, 0xc6, 0xd3, 0x14, 0xaa, 0xc6, 0xd3, 0x14,
    0xaa, 0xc6, 0xd3, 0x14, 0xaa, 0xc6, 0xd3, 0x14, 0xaa, 0xc6, 0xd3, 0x14, 0xaa, 0xc6, 0xd3, 0x14,
    0xaa, 0xc6, 0xd3, 0x14, 0xaa, 0xc6, 0xd3, 0x14, 0xaa, 0xc6, 0xd3, 0x14, 0xaa, 0xc6, 0xd3, 0x14,
    0xaa, 0xc6, 0xd3, 0x14, 0xaa, 0xc6, 0xd3, 0x14, 0xaa, 0xc6, 0xd3, 0x14, 0xaa, 0xc6, 0xd3, 0x14,
    0xaa, 0xc6, 0xd3, 0x14, 0xaa, 0xc6, 0xd3, 0x14, 0xaa, 0xc6, 0xd3, 0x14, 0xaa, 0xc6, 0xd3, 0x14,
    0xaa, 0xc6, 0xd3, 0x14, 0xaa, 0xc6, 0xd3, 0x14, 0xaa, 0xc6, 0xd3, 0x14, 0xaa, 0xc6, 0xd3, 0x14,
    0xaa, 0xc6, 0xd3, 0x14, 0xaa, 0xc6, 0xd3, 0x14, 0xaa, 0xc6, 0xd3, 0x14, 0xaa, 0xc6, 0xd3, 0x14,
    0xaa, 0xc6, 0xd3, 0x14, 0xaa, 0xc6, 0xd3, 0x14, 0xaa, 0xc6, 0xd3, 0x14, 0xaa, 0xc6, 0xd3, 0x14,
    0xaa, 0xc6, 0xd3, 0x14, 0xaa, 0xc6, 0xd3, 0x14, 0xaa, 0xc6, 0xd3, 0x14, 0xaa, 0xc6, 0xd3, 0x14,
    0xaa, 0xc6, 0xd3, 0x14, 0xaa, 0xc6, 0xd3, 0x14, 0xaa, 0xc6, 0xd3, 0x14, 0xaa, 0xc6, 0xd3, 0x14,
    0xaa, 0xc6, 0xd3, 0x14, 0xaa, 0xc6, 0xd3, 0x14, 0xaa, 0xc6, 0xd3, 0x14, 0xaa, 0xc6, 0xd3, 0x14,
    0xaa, 0xc6, 0xd3, 0x14, 0xaa, 0xc6, 0xd3, 0x14, 0xaa, 0xc6, 0xd3, 0x14, 0xaa, 0xc6, 0xd3, 0x14,
    0xaa, 0xc6, 0xd3, 0x14, 0xaa, 0xc6, 0xd3, 0x14, 0xaa, 0xc6, 0xd3, 0x14, 0xaa, 0xc6, 0xd3, 0x14,
    0xaa, 0xc6, 0xd3, 0x14, 0xaa, 0xc6, 0xd3, 0x14, 0xaa, 0xc6, 0xd3, 0x14, 0xaa, 0xc6, 0xd3, 0x14,
    0xaa, 0xc6, 0xd3, 0x14, 0xaa, 0xc6, 0xd3, 0x14, 0xaa, 0xc6, 0xd3, 0x14, 0xaa, 0xc6, 0xd3, 0x14,
    0xaa, 0xc6, 0xd3, 0x14, 0xaa, 0xc6, 0xd3, 0x14, 0xaa, 0xc6, 0xd3, 0x14, 0xaa, 0xc6, 0xd3, 0x14,
    0xaa, 0xc6, 0xd3, 0x14, 0xaa, 0xc6, 0xd3, 0x14, 0xaa, 0xc6, 0xd3, 0x14, 0xaa, 0xc6, 0xd3, 0x14,
    0xaa, 0xc6, 0xd3, 0x14, 0xaa, 0xc6, 0xd3, 0x14, 0xaa, 0xc6, 0xd3, 0x14, 0xaa, 0xc6, 0xd3, 0x14,
    0xaa, 0xc6, 0xd3, 0x14, 0xaa, 0xc6, 0xd3, 0x14, 0xaa, 0xc6, 0xd3, 0x14, 0xaa, 0xc6, 0xd3, 0x14,
    0xaa, 0xc6, 0xd3, 0x14, 0xaa, 0xc6, 0xd3, 0x14, 0xaa, 0xc6, 0xd3, 0x14, 0xaa, 0xc6, 0xd3, 0x14,
    0xaa, 0xc6, 0xd3, 0x14, 0xaa, 0xc6, 0xd3, 0x14, 0xaa, 0xc6, 0xd3, 0x14, 0xaa, 0xc6, 0xd3, 0x14,
    0xaa, 0xc6, 0xd3, 0x14, 0xaa, 0xc6, 0xd3, 0x14, 0xaa, 0xc6, 0xd3, 0x14, 0xaa, 0xc6, 0xd3, 0x14,
    0xaa, 0xc6, 0xd3, 0x14, 0xaa, 0xc6, 0xd3, 0x14, 0xaa, 0xc6, 0xd3, 0x14, 0xaa, 0xc6, 0xd3, 0x14,
    0xaa, 0xc6, 0xd3, 0x14, 0xaa, 0xc6, 0xd3, 0x14, 0xaa, 0xc6, 0xd3, 0x14, 0xaa, 0xc6, 0xd3, 0x14,
    0xaa, 0xc6, 0xd3, 0x14, 0xaa, 0xc6, 0xd3, 0x14, 0xaa, 0xc6, 0xd3, 0x14, 0xaa, 0xc6, 0xd3, 0x14,
    0xaa, 0xc6, 0xd3, 0x14, 0xaa, 0xc6, 0xd3, 0x14, 0xaa, 0xc6, 0xd3, 0x14, 0xaa, 0xc6, 0xd3, 0x14,
    0xaa, 0xc6, 0xd3, 0x14, 0xaa, 0xc6, 0xd3, 0x14, 0xaa, 0xc6, 0xd3, 0x14, 0xaa, 0xc6, 0xd3, 0x14,
    0xaa, 0xc6, 0xd3, 0x14, 0xaa, 0xc6, 0xd3, 0x14, 0xaa, 0xc6, 0xd3, 0x14, 0xaa, 0xc6, 0xd3, 0x14,
    0xaa, 0xc6, 0xd3, 0x14, 0xaa, 0xc6, 0xd3, 0x14, 0xaa, 0xc6, 0xd3, 0x14, 0xaa, 0xc6, 0xd3, 0x14,
    0xaa, 0xc6, 0xd3, 0x14, 0xaa, 0xc6, 0xd3, 0x14, 0xaa, 0xc6, 0xd3, 0x14, 0xaa, 0xc6, 0xd3, 0x14,
    0xaa, 0xc6, 0xd3, 0x14, 0xaa, 0xc6, 0xd3, 0x14, 0xaa, 0xc6, 0xd3, 0x14, 0xaa, 0xc6, 0xd3, 0x14,
    0xaa, 0xc6, 0xd3, 0x14, 0xaa, 0xc6, 0xd3, 0x14, 0xaa, 0xc6, 0xd3, 0x14, 0xaa, 0xc6, 0xd3, 0x14,
    0xaa, 0xc6, 0xd3, 0x14, 0xaa, 0xc6, 0xd3, 0x14, 0xaa, 0xc6, 0xd3, 0x14, 0xaa, 0xc6, 0xd3, 0x14,
    0xaa, 0xc6, 0xd3, 0x14, 0xaa, 0xc6, 0xd3, 0x14, 0xaa, 0xc6, 0xd3, 0x14, 0xaa, 0xc6, 0xd3, 0x14,
    0xaa, 0xc6, 0xd3, 0x14, 0xaa, 0xc6, 0xd3, 0x14, 0xaa, 0xc6, 0xd3, 0x14, 0xaa, 0xc6, 0xd3, 0x14,
    0xaa, 0xc6, 0xd3, 0x14, 0xaa, 0xc6, 0xd3, 0x14, 0xaa, 0xc6, 0xd3, 0x14, 0xaa, 0xc6, 0xd3, 0x14,
    0xaa, 0xc6, 0xd3, 0x14, 0xaa, 0xc6, 0xd3, 0x14, 0xaa, 0xc6, 0xd3, 0x14, 0xaa, 0xc6, 0xd3, 0x14,
    0xaa, 0xc6, 0xd3, 0x14, 0xaa, 0xc6, 0xd3, 0x14, 0xaa, 0xc6, 0xd3, 0x14, 0xaa, 0xc6, 0xd3, 0x14,
    0xaa, 0xc6, 0xd3, 0x14, 0xaa, 0xc6, 0xd3, 0x14, 0xaa, 0xc6, 0xd3, 0x14, 0xaa, 0xc6, 0xd3, 0x14,
    0xaa, 0xc6, 0xd3, 0x14, 0xaa, 0xc6, 0xd3, 0x14, 0xaa, 0xc6, 0xd3, 0x14, 0xaa, 0xc6, 0xd3, 0x14,
    0xaa, 0xc6, 0xd3, 0x14, 0xaa, 0xc6, 0xd3, 0x14, 0xaa, 0xc6, 0xd3, 0x14, 0xaa, 0xc6, 0xd3, 0x14,
    0xaa, 0xc6, 0xd3, 0x14, 0xaa, 0xc6, 0xd3, 0x14, 0xaa, 0xc6, 0xd3, 0x14, 0xaa, 0xc6, 0xd3, 0x14,
    0xaa, 0xc6, 0xd3, 0x14, 0xaa, 0xc6, 0xd3, 0x14, 0xaa, 0xc6, 0xd3, 0x14, 0xaa, 0xc6, 0xd3, 0x14,
    0xaa, 0xc6, 0xd3, 0x14, 0xaa, 0xc6, 0xd3, 0x14, 0xaa, 0xc6, 0xd3, 0x14, 0xaa, 0xc6, 0xd3, 0x14,
    0xaa, 0xc6, 0xd3, 0x14, 0xaa, 0xc6, 0xd3, 0x14, 0xaa, 0xc6, 0xd3, 0x14, 0xaa, 0xc6, 0xd3, 0x14,
    0xaa, 0xc6, 0xd3, 0x14, 0xaa, 0xc6, 0xd3, 0x14, 0xaa, 0xc6, 0xd3, 0x14, 0xaa, 0xc6, 0xd3, 0x14,
    0xaa, 0xc6, 0xd3, 0x14, 0xaa, 0xc6, 0xd3, 0x14, 0xaa, 0xc6, 0xd3, 0x14, 0xaa, 0xc6, 0xd3, 0x14,
    0xaa, 0xc6, 0xd3, 0x14, 0xaa, 0xc6, 0xd3, 0x14, 0xaa, 0xc6, 0xd3, 0x14, 0xaa, 0xc6, 0xd3, 0x14,
    0xaa, 0xc6, 0xd3, 0x14, 0xaa, 0xc6, 0xd3, 0x14, 0xaa, 0xc6, 0xd3, 0x14, 0xaa, 0xc6, 0xd3, 0x14,
    0xaa, 0xc6, 0xd3, 0x14, 0xaa, 0xc6, 0xd3, 0x14, 0xaa, 0xc6, 0xd3, 0x14, 0xaa, 0xc6, 0xd3, 0x14,
    0xaa, 0xc6, 0xd3, 0x14, 0xaa, 0xc6, 0xd3, 0x14, 0xaa, 0xc6, 0xd3, 0x14, 0xaa, 0xc6, 0xd3, 0x14,
    0xaa, 0xc6, 0xd3, 0x14, 0xaa, 0xc6, 0xd3, 0x14, 0xaa, 0xc6, 0xd3, 0x14, 0xaa, 0xc6, 0xd3, 0x14,
    0xaa, 0xc6, 0xd3, 0x14, 0xaa, 0xc6, 0xd3, 0x14, 0xaa, 0xc6, 0xd3, 0x14, 0xaa, 0xc6, 0xd3, 0x14,
    0xaa, 0xc6, 0xd3, 0x14, 0xaa, 0xc6, 0xd3, 0x14, 0xaa, 0xc6, 0xd3, 0x14, 0xaa, 0xc6, 0xd3, 0x14,
    0xaa, 0xc6, 0xd3, 0x14, 0xaa, 0xc6, 0xd3, 0x14, 0xaa, 0xc6, 0xd3, 0x14, 0xaa, 0xc6, 0xd3, 0x14,
    0xaa, 0xc6, 0xd3, 0x14, 0xaa, 0xc6, 0xd3, 0x14, 0xaa, 0xc6, 0xd3, 0x14, 0xaa, 0xc6, 0xd3, 0x14,
    0xaa, 0xc6, 0xd3, 0x14, 0xaa, 0xc6, 0xd3, 0x14, 0xaa, 0xc6, 0xd3, 0x14, 0xaa, 0xc6, 0xd3, 0x14,
    0xaa, 0xc6, 0xd3, 0x14, 0xaa, 0xc6, 0xd3, 0x14, 0xaa, 0xc6, 0xd3, 0x14, 0xaa, 0xc6, 0xd3, 0x14,
    0xaa, 0xc6, 0xd3, 0x14, 0xaa, 0xc6, 0xd3, 0x14, 0xaa, 0xc6, 0xd3, 0x14, 0xaa, 0xc6, 0xd3, 0x14,
    0xaa, 0xc6, 0xd3, 0x14, 0xaa, 0xc6, 0xd3, 0x14, 0xaa, 0xc6, 0xd3, 0x14, 0xaa, 0xc6, 0xd3, 0x14,
    0xaa, 0xc6, 0xd3, 0x14, 0xaa, 0xc6, 0xd3, 0x14, 0xaa, 0xc6, 0xd3, 0x14, 0xaa, 0xc6, 0xd3, 0x14,
    0xaa, 0xc6, 0xd3, 0x14, 0xaa, 0xc6, 0xd3, 0x14, 0xaa, 0xc6, 0xd3, 0x14, 0xaa, 0xc6, 0xd3, 0x14,
    0xaa, 0xc6, 0xd3, 0x14, 0xaa, 0xc6, 0xd3, 0x14, 0xaa, 0xc6, 0xd3, 0x14, 0xaa, 0xc6, 0xd3, 0x14,
    0xaa, 0xc6, 0xd3, 0x14, 0xaa, 0xc6, 0xd3, 0x14, 0xaa, 0xc6, 0xd3, 0x14, 0xaa, 0xc6, 0xd3, 0x14,
    0xaa, 0xc6, 0xd3, 0x14, 0xaa, 0xc6, 0xd3, 0x14, 0xaa, 0xc6, 0xd3, 0x14, 0xaa, 0xc6, 0xd3, 0x14,
    0xaa, 0xc6, 0xd3, 0x14, 0xaa, 0xc6, 0xd3, 0x14, 0xaa, 0xc6, 0xd3, 0x14, 0xaa, 0xc6, 0xd3, 0x14,
    0xaa, 0xc6, 0xd3, 0x14, 0xaa, 0xc6, 0xd3, 0x14, 0xaa, 0xc6, 0xd3, 0x14, 0xaa, 0xc6, 0xd3, 0x14,
    0xaa, 0xc6, 0xd3, 0x14, 0xaa, 0xc6, 0xd3, 0x14, 0xaa, 0xc6, 0xd3, 0x14, 0xaa, 0xc6, 0xd3, 0x14,
    0xaa, 0xc6, 0xd3, 0x14, 0xaa, 0xc6, 0xd3, 0x14, 0xaa, 0xc6, 0xd3, 0x14, 0xaa, 0xc6, 0xd3, 0x14,
    0xaa, 0xc6, 0xd3, 0x14, 0xaa, 0xc6, 0xd3, 0x14, 0xaa, 0xc6, 0xd3, 0x14, 0xaa, 0xc6, 0xd3, 0x14,
    0xaa, 0xc6, 0xd3, 0x14, 0xaa, 0xc6, 0xd3, 0x14, 0xaa, 0xc6, 0xd3, 0x14, 0xaa, 0xc6, 0xd3, 0x14,
    0xaa, 0xc6, 0xd3, 0x14, 0xaa, 0xc6, 0xd3, 0x14, 0xaa, 0xc6, 0xd3, 0x14, 0xaa, 0xc6, 0xd3, 0x14,
    0xaa, 0xc6, 0xd3, 0x14, 0xaa, 0xc6, 0xd3, 0x14, 0xaa, 0xc6, 0xd3, 0x14, 0xaa, 0xc6, 0xd3, 0x14,
    0xaa, 0xc6, 0xd3, 0x14, 0xaa, 0xc6, 0xd3, 0x14, 0xaa, 0xc6, 0xd3, 0x14, 0xaa, 0xc6, 0xd3, 0x14,
    0xaa, 0xc6, 0xd3, 0x14, 0xaa, 0xc6, 0xd3, 0x14, 0xaa, 0xc6, 0xd3, 0x14, 0xaa, 0xc6, 0xd3, 0x14,
    0xaa, 0xc6, 0xd3, 0x14, 0xaa, 0xc6, 0xd3, 0x14, 0xaa, 0xc6, 0xd3, 0x14, 0xaa, 0xc6, 0xd3, 0x14,
    0xaa, 0xc6, 0xd3, 0x14, 0xaa, 0xc6, 0xd3, 0x14, 0xaa, 0xc6, 0xd3, 0x14, 0xaa, 0xc6, 0xd3, 0x14,
    0xaa, 0xc6, 0xd3, 0x14, 0xaa, 0xc6, 0xd3, 0x14, 0xaa, 0xc6, 0xd3, 0x14, 0xaa, 0xc6, 0xd3, 0x14,
    0xaa, 0xc6, 0xd3, 0x14, 0xaa, 0xc6, 0xd3, 0x14, 0xaa, 0xc6, 0xd3, 0x14, 0xaa, 0xc6, 0xd3, 0x14,
    0xaa, 0xc6, 0xd3, 0x14, 0xaa, 0xc6, 0xd3, 0x14, 0xaa, 0xc6, 0xd3, 0x14, 0xaa, 0xc6, 0xd3, 0x14,
    0xaa, 0xc6, 0xd3, 0x14, 0xaa, 0xc6, 0xd3, 0x14, 0xaa, 0xc6, 0xd3, 0x14, 0xaa, 0xc6, 0xd3, 0x14,
    0xaa, 0xc6, 0xd3, 0x14, 0xaa, 0xc6, 0xd3, 0x14, 0xaa, 0xc6, 0xd3, 0x14, 0xaa, 0xc6, 0xd3, 0x14,
    0xaa, 0xc6, 0xd3, 0x14, 0xaa, 0xc6, 0xd3, 0x14, 0xaa, 0xc6, 0xd3, 0x14, 0xaa, 0xc6, 0xd3, 0x14,
    0xaa, 0xc6, 0xd3, 0x14, 0xaa, 0xc6, 0xd3, 0x14, 0xaa, 0xc6, 0xd3, 0x14, 0xaa, 0xc6, 0xd3, 0x14,
    0xaa, 0xc6, 0xd3, 0x14, 0xaa, 0xc6, 0xd3, 0x14, 0xaa, 0xc6, 0xd3, 0x14, 0xaa, 0xc6, 0xd3, 0x14,
    0xaa, 0xc6, 0xd3, 0x14, 0xaa, 0xc6, 0xd3, 0x14, 0xaa, 0xc6, 0xd3, 0x14, 0xaa, 0xc6, 0xd3, 0x14,
    0xaa, 0xc6, 0xd3, 0x14, 0xaa, 0xc6, 0xd3, 0x14, 0xaa, 0xc6, 0xd3, 0x14, 0xaa, 0xc6, 0xd3, 0x14,
    0xaa, 0xc6, 0xd3, 0x14, 0xaa, 0xc6, 0xd3, 0x14, 0xaa, 0xc6, 0xd3, 0x14, 0xaa, 0xc6, 0xd3, 0x14,
    0xaa, 0xc6, 0xd3, 0x14, 0xaa, 0xc6, 0xd3, 0x14, 0xaa, 0xc6, 0xd3, 0x14, 0xaa, 0xc6, 0xd3, 0x14,
    0xaa, 0xc6, 0xd3, 0x14, 0xaa, 0xc6, 0xd3, 0x14, 0xaa, 0xc6, 0xd3, 0x14, 0xaa, 0xc6, 0xd3, 0x14,
    0xaa, 0xc6, 0xd3, 0x14, 0xaa, 0xc6, 0xd3, 0x14, 0xaa, 0xc6, 0xd3, 0x14, 0xaa, 0xc6, 0xd3, 0x14,
    0xaa, 0xc6, 0xd3, 0x14, 0xaa, 0xc6, 0xd3, 0x14, 0xaa, 0xc6, 0xd3, 0x14, 0xaa, 0xc6, 0xd3, 0x14,
    0xaa, 0xc6, 0xd3, 0x14, 0xaa, 0xc6, 0xd3, 0x14, 0xaa, 0xc6, 0xd3, 0x14, 0xaa, 0xc6, 0xd3, 0x14,
    0xaa, 0xc6, 0xd3, 0x14, 0xaa, 0xc6, 0xd3, 0x14, 0xaa, 0xc6, 0xd3, 0x14, 0xaa, 0xc6, 0xd3, 0x14,
    0xaa, 0xc6, 0xd3, 0x14, 0xaa, 0xc6, 0xd3, 0x14, 0xaa, 0xc6, 0xd3, 0x14, 0xaa, 0xc6, 0xd3, 0x14,
    0xaa, 0xc6, 0xd3, 0x14, 0xaa, 0xc6, 0xd3, 0x14, 0xaa, 0xc6, 0xd3, 0x14, 0xaa, 0xc6, 0xd3, 0x14,
    0xaa, 0xc6, 0xd3, 0x14, 0xaa, 0xc6, 0xd3, 0x14, 0xaa, 0xc6, 0xd3, 0x14, 0xaa, 0xc6, 0xd3, 0x14,
    0xaa, 0xc6, 0xd3, 0x14, 0xaa, 0xc6, 0xd3, 0x14, 0xaa, 0xc6, 0xd3, 0x14, 0xaa, 0xc6, 0xd3, 0x14,
    0xaa, 0xc6, 0xd3, 0x14, 0xaa, 0xc6, 0xd3, 0x14, 0xaa, 0xc6, 0xd3, 0x14, 0xaa, 0xc6, 0xd3, 0x14,
    0xaa, 0xc6, 0xd3, 0x14, 0xaa, 0xc6, 0xd3, 0x14, 0xaa, 0xc6, 0xd3, 0x14, 0xaa, 0xc6, 0xd3, 0x14,
    0xaa, 0xc6, 0xd3, 0x14, 0xaa, 0xc6, 0xd3, 0x14, 0xaa, 0xc6, 0xd3, 0x14, 0xaa, 0xc6, 0xd3, 0x14,
    0xaa, 0xc6, 0xd3, 0x14, 0xaa, 0xc6, 0xd3, 0x14, 0xaa, 0xc6, 0xd3, 0x14, 0xaa, 0xc6, 0xd3, 0x14,
    0xaa, 0xc6, 0xd3, 0x14, 0xaa, 0xc6, 0xd3, 0x14, 0xaa, 0xc6, 0xd3, 0x14, 0xaa, 0xc6, 0xd3, 0x14,
    0xaa, 0xc6, 0xd3, 0x14, 0xaa, 0xc6, 0xd3, 0x14, 0xaa, 0xc6, 0xd3, 0x14, 0xaa, 0xc6, 0xd3, 0x14,
    0xaa, 0xc6, 0xd3, 0x14, 0xaa, 0xc6, 0xd3, 0x14, 0xaa, 0xc6, 0xd3, 0x14, 0xaa, 0xc6, 0xd3, 0x14,
    0xaa, 0xc6, 0xd3, 0x14, 0xaa, 0xc6, 0xd3, 0x14, 0xaa, 0xc6, 0xd3, 0x14, 0xaa, 0xc6, 0xd3, 0x14,
    0xaa, 0xc6, 0xd3, 0x14, 0xaa, 0xc6, 0xd3, 0x14, 0xaa, 0xc6, 0xd3, 0x14, 0xaa, 0xc6, 0xd3, 0x14,
    0xaa, 0xc6, 0xd3, 0x14, 0xaa, 0xc6, 0xd3, 0x14, 0xaa, 0xc6, 0xd3, 0x14, 0xaa, 0xc6, 0xd3, 0x14,
    0xaa, 0xc6, 0xd3, 0x14, 0xaa, 0xc6, 0xd3, 0x14, 0xaa, 0xc6, 0xd3, 0x14, 0xaa, 0xc6, 0xd3, 0x14,
    0xaa, 0xc6, 0xd3, 0x14, 0xaa, 0xc6, 0xd3, 0x14, 0xaa, 0xc6, 0xd3, 0x14, 0xaa, 0xc6, 0xd3, 0x14,
    0xaa, 0xc6, 0xd3, 0x14, 0xaa, 0xc6, 0xd3, 0x14, 0xaa, 0xc6, 0xd3, 0x14, 0xaa, 0xc6, 0xd3, 0x14,
    0xaa, 0xc6, 0xd3, 0x14, 0xaa, 0xc6, 0xd3, 0x14, 0xaa, 0xc6, 0xd3, 0x14, 0xaa, 0xc6, 0xd3, 0x14,
    0xaa, 0xc6, 0xd3, 0x14, 0xaa, 0xc6, 0xd3, 0x14, 0xaa, 0xc6, 0xd3, 0x14, 0xaa, 0xc6, 0xd3, 0x14,
    0xaa, 0xc6, 0xd3, 0x14, 0xaa, 0xc6, 0xd3, 0x14, 0xaa, 0xc6, 0xd3, 0x14, 0xaa, 0xc6, 0xd3, 0x14,
    0xaa, 0xc6, 0xd3, 0x14, 0xaa, 0xc6, 0xd3, 0x14, 0xaa, 0xc6, 0xd3, 0x14, 0xaa, 0xc6, 0xd3, 0x14,
    0xaa, 0xc6, 0xd3, 0x14, 0xaa, 0xc6, 0xd3, 0x14, 0xaa, 0xc6, 0xd3, 0x14, 0xaa, 0xc6, 0xd3, 0x14,
    0xaa, 0xc6, 0xd3, 0x14, 0xaa, 0xc6, 0xd3, 0x14, 0xaa, 0xc6, 0xd3, 0x14, 0xaa, 0xc6, 0xd3, 0x14,
    0xaa, 0xc6, 0xd3, 0x14, 0xaa, 0xc6, 0xd3, 0x14, 0xaa, 0xc6, 0xd3, 0x14, 0xaa, 0xc6, 0xd3, 0x14,
    0xaa, 0xc6, 0xd3, 0x14, 0xaa, 0xc6, 0xd3, 0x14, 0xaa, 0xc6, 0xd3, 0x14, 0xaa, 0xc6, 0xd3, 0x14,
    0xaa, 0xc6, 0xd3, 0x14, 0xaa, 0xc6, 0xd3, 0x14, 0xaa, 0xc6, 0xd3, 0x14, 0xaa, 0xc6, 0xd3, 0x14,
    0xaa, 0xc6, 0xd3, 0x14, 0xaa, 0xc6, 0xd3, 0x14, 0xaa, 0xc6, 0xd3, 0x14, 0xaa, 0xc6, 0xd3, 0x14,
    0xaa, 0xc6, 0xd3, 0x14, 0xaa, 0xc6, 0xd3, 0x14, 0xaa, 0xc6, 0xd3, 0x14, 0xaa, 0xc6, 0xd3, 0x14,
    0xaa, 0xc6, 0xd3, 0x14, 0xaa, 0xc6, 0xd3, 0x14, 0xaa, 0xc6, 0xd3, 0x14, 0xaa, 0xc6, 0xd3, 0x14,
    0xaa, 0xc6, 0xd3, 0x14, 0xaa, 0xc6, 0xd3, 0x14, 0xaa, 0xc6, 0xd3, 0x14, 0xaa, 0xc6, 0xd3, 0x14,
    0xaa, 0xc6, 0xd3, 0x14, 0xaa, 0xc6, 0xd3, 0x14, 0xaa, 0xc6, 0xd3, 0x14, 0xaa, 0xc6, 0xd3, 0x14,
    0xaa, 0xc6, 0xd3, 0x14, 0xaa, 0xc6, 0xd3, 0x14, 0xaa, 0xc6, 0xd3, 0x14, 0xaa, 0xc6, 0xd3, 0x14,
    0xaa, 0xc6, 0xd3, 0x14, 0xaa, 0xc6, 0xd3, 0x14, 0xaa, 0xc6, 0xd3, 0x14, 0xaa, 0xc6, 0xd3, 0x14,
    0xaa, 0xc6, 0xd3, 0x14, 0xaa, 0xc6, 0xd3, 0x14, 0xaa, 0xc6, 0xd3, 0x14, 0xaa, 0xc6, 0xd3, 0x14,
    0xaa, 0xc6, 0xd3, 0x14, 0xaa, 0xc6, 0xd3, 0x14, 0xaa, 0xc6, 0xd3, 0x14, 0xaa, 0xc6, 0xd3, 0x14,
    0xaa, 0xc6, 0xd3, 0x14, 0xaa, 0xc6, 0xd3, 0x14, 0xaa, 0xc6, 0xd3, 0x14, 0xaa, 0xc6, 0xd3, 0x14,
    0xaa, 0xc6, 0xd3, 0x14, 0xaa, 0xc6, 0xd3, 0x14, 0xaa, 0xc6, 0xd3, 0x14, 0xaa, 0xc6, 0xd3, 0x14,
    0xaa, 0xc6, 0xd3, 0x14, 0xaa, 0xc6, 0xd3, 0x14, 0xaa, 0xc6, 0xd3, 0x14, 0xaa, 0xc6, 0xd3, 0x14,
    0xaa, 0xc6, 0xd3, 0x14, 0xaa, 0xc6, 0xd3, 0x14, 0xaa, 0xc6, 0xd3, 0x14, 0xaa, 0xc6, 0xd3, 0x14,
    0xaa, 0xc6, 0xd3, 0x14, 0xaa, 0xc6, 0xd3, 0x14, 0xaa, 0xc6, 0xd3, 0x14, 0xaa, 0xc6, 0xd3, 0x14,
    0xaa, 0xc6, 0xd3, 0x14, 0xaa, 0xc6, 0xd3, 0x14, 0xaa, 0xc6, 0xd3, 0x14, 0xaa, 0xc6, 0xd3, 0x14,
    0xaa, 0xc6, 0xd3, 0x14, 0xaa, 0xc6, 0xd3, 0x14, 0xaa, 0xc6, 0xd3, 0x14, 0xaa, 0xc6, 0xd3, 0x14,
    0xaa, 0xc6, 0xd3, 0x14, 0xaa, 0xc6, 0xd3, 0x14, 0xaa, 0xc6, 0xd3, 0x14, 0xaa, 0xc6, 0xd3, 0x14,
    0xaa, 0xc6, 0xd3, 0x14, 0xaa, 0xc6, 0xd3, 0x14, 0xaa, 0xc6, 0xd3, 0x14, 0xaa, 0xc6, 0xd3, 0x14,
    0xaa, 0xc6, 0xd3, 0x14, 0xaa, 0xc6, 0xd3, 0x14, 0xaa, 0xc6, 0xd3, 0x14, 0xaa, 0xc6, 0xd3, 0x14,
    0xaa, 0xc6, 0xd3, 0x14, 0xaa, 0xc6, 0xd3, 0x14, 0xaa, 0xc6, 0xd3, 0x14, 0xaa, 0xc6, 0xd3, 0x14,
    0xaa, 0xc6, 0xd3, 0x14, 0xaa, 0xc6, 0xd3, 0x14, 0xaa, 0xc6, 0xd3, 0x14, 0xaa, 0xc6, 0xd3, 0x14,
    0xaa, 0xc6, 0xd3, 0x14, 0xaa, 0xc6, 0xd3, 0x14, 0xaa, 0xc6, 0xd3, 0x14, 0xaa, 0xc6, 0xd3, 0x14,
    0xaa, 0xc6, 0xd3, 0x14, 0xaa, 0xc6, 0xd3, 0x14, 0xaa, 0xc6, 0xd3, 0x14, 0xaa, 0xc6, 0xd3, 0x14,
    0xaa, 0xc6, 0xd3, 0x14, 0xaa, 0xc6, 0xd3, 0x14, 0xaa, 0xc6, 0xd3, 0x14, 0xaa, 0xc6, 0xd3, 0x14,
    0xaa, 0xc6, 0xd3, 0x14, 0xaa, 0xc6, 0xd3, 0x14, 0xaa, 0xc6, 0xd3, 0x14, 0xaa, 0xc6, 0xd3, 0x14,
    0xaa, 0xc6, 0xd3, 0x14, 0xaa, 0xc6, 0xd3, 0x14, 0xaa, 0xc6, 0xd3, 0x14, 0xaa, 0xc6, 0xd3, 0x14,
    0xaa, 0xc6, 0xd3, 0x14, 0xaa, 0xc6, 0xd3, 0x14, 0xaa, 0xc6, 0xd3, 0x14, 0xaa, 0xc6, 0xd3, 0x14,
    0xaa, 0xc6, 0xd3, 0x14, 0xaa, 0xc6, 0xd3, 0x14, 0xaa, 0xc6, 0xd3, 0x14, 0xaa, 0xc6, 0xd3, 0x14,
    0xaa, 0xc6, 0xd3, 0x14, 0xaa, 0xc6, 0xd3, 0x14, 0xaa, 0xc6, 0xd3, 0x14, 0xaa, 0xc6, 0xd3, 0x00,
    0xaa, 0xc6, 0xd3, 0x14, 0xaa, 0xc6, 0xd3, 0x14, 0xaa, 0xc6, 0xd3, 0x14, 0xaa, 0xc6, 0xd3, 0x14,
    0xaa, 0xc6, 0xd3, 0x14, 0xaa, 0xc6, 0xd3, 0x14, 0xaa, 0xc6, 0xd3, 0x14, 0xaa, 0xc6, 0xd3, 0x14,
    0xaa, 0xc6, 0xd3, 0x14, 0xaa, 0xc6, 0xd3, 0x14, 0xaa, 0xc6, 0xd3, 0x14, 0xaa, 0xc6, 0xd3, 0x14,
    0xaa, 0xc6, 0xd3, 0x14, 0xaa, 0xc6, 0xd3, 0x14, 0xaa, 0xc6, 0xd3, 0x14, 0xaa, 0xc6, 0xd3, 0x14,
    0xaa, 0xc6, 0xd3, 0x14, 0xaa, 0xc6, 0xd3, 0x14, 0xaa, 0xc6, 0xd3, 0x14, 0xaa, 0xc6, 0xd3, 0x14,
    0xaa, 0xc6, 0xd3, 0x14, 0xaa, 0xc6, 0xd3, 0x14, 0xaa, 0xc6, 0xd3, 0x14, 0xaa, 0xc6, 0xd3, 0x14,
    0xaa, 0xc6, 0xd3, 0x14, 0xaa, 0xc6, 0xd3, 0x14, 0xaa, 0xc6, 0xd3, 0x14, 0xaa, 0xc6, 0xd3, 0x14,
    0xaa, 0xc6, 0xd3, 0x14, 0xaa, 0xc6, 0xd3, 0x14, 0xaa, 0xc6, 0xd3, 0x14, 0xaa, 0xc6, 0xd3, 0x14,
    0xaa, 0xc6, 0xd3, 0x14, 0xaa, 0xc6, 0xd3, 0x14, 0xaa, 0xc6, 0xd3, 0x14, 0xaa, 0xc6, 0xd3, 0x14,
    0xaa, 0xc6, 0xd3, 0x14, 0xaa, 0xc6, 0xd3, 0x14, 0xaa, 0xc6, 0xd3, 0x14, 0xaa, 0xc6, 0xd3, 0x14,
    0xaa, 0xc6, 0xd3, 0x14, 0xaa, 0xc6, 0xd3, 0x14, 0xaa, 0xc6, 0xd3, 0x14, 0xaa, 0xc6, 0xd3, 0x14,
    0xaa, 0xc6, 0xd3, 0x14, 0xaa, 0xc6, 0xd3, 0x14, 0xaa, 0xc6, 0xd3, 0x14, 0xaa, 0xc6, 0xd3, 0x14,
    0xaa, 0xc6, 0xd3, 0x14, 0xaa, 0xc6, 0xd3, 0x14, 0xaa, 0xc6, 0xd3, 0x14, 0xaa, 0xc6, 0xd3, 0x14,
    0xaa, 0xc6, 0xd3, 0x14, 0xaa, 0xc6, 0xd3, 0x00, 0x00, 0x00, 0x00, 0x00, 0xaa, 0xc6, 0xd3, 0x14,
    0xaa, 0xc6, 0xd3, 0x14, 0xaa, 0xc6, 0xd3, 0x14, 0xaa, 0xc6, 0xd3, 0x14, 0xaa, 0xc6, 0xd3, 0x14,
    0xaa, 0xc6, 0xd3, 0x14, 0xaa, 0xc6, 0xd3, 0x14, 0xaa, 0xc6, 0xd3, 0x14, 0xaa, 0xc6, 0xd3, 0x14,
    0xaa, 0xc6, 0xd3, 0x14, 0xaa, 0xc6, 0xd3, 0x14, 0xaa, 0xc6, 0xd3, 0x14, 0xaa, 0xc6, 0xd3, 0x14,
    0xaa, 0xc6, 0xd3, 0x14, 0xaa, 0xc6, 0xd3, 0x14, 0xaa, 0xc6, 0xd3, 0x14, 0xaa, 0xc6, 0xd3, 0x14,
    0xaa, 0xc6, 0xd3, 0x14, 0xaa, 0xc6, 0xd3, 0x14, 0xaa, 0xc6, 0xd3, 0x14, 0xaa, 0xc6, 0xd3, 0x14,
    0xaa, 0xc6, 0xd3, 0x14, 0xaa, 0xc6, 0xd3, 0x14, 0xaa, 0xc6, 0xd3, 0x14, 0xaa, 0xc6, 0xd3, 0x14,
    0xaa, 0xc6, 0xd3, 0x14, 0xaa, 0xc6, 0xd3, 0x14, 0xaa, 0xc6, 0xd3, 0x14, 0xaa, 0xc6, 0xd3, 0x14,
    0xaa, 0xc6, 0xd3, 0x14, 0xaa, 0xc6, 0xd3, 0x14, 0xaa, 0xc6, 0xd3, 0x14, 0xaa, 0xc6, 0xd3, 0x14,
    0xaa, 0xc6, 0xd3, 0x14, 0xaa, 0xc6, 0xd3, 0x14, 0xaa, 0xc6, 0xd3, 0x14, 0xaa, 0xc6, 0xd3, 0x14,
    0xaa, 0xc6, 0xd3, 0x14, 0xaa, 0xc6, 0xd3, 0x14, 0xaa, 0xc6, 0xd3, 0x14, 0xaa, 0xc6, 0xd3, 0x14,
    0xaa, 0xc6, 0xd3, 0x14, 0xaa, 0xc6, 0xd3, 0x14, 0xaa, 0xc6, 0xd3, 0x14, 0xaa, 0xc6, 0xd3, 0x14,
    0xaa, 0xc6, 0xd3, 0x14, 0xaa, 0xc6, 0xd3, 0x14, 0xaa, 0xc6, 0xd3, 0x14, 0xaa, 0xc6, 0xd3, 0x14,
    0xaa, 0xc6, 0xd3, 0x14, 0xaa, 0xc6, 0xd3, 0x14, 0xaa, 0xc6, 0xd3, 0x14, 0xaa, 0xc6, 0xd3, 0x14,
    0x00, 0x00, 0x00, 0x00, 0x00, 0x00, 0x00, 0x00, 0xaa, 0xc6, 0xd3, 0x00, 0xaa, 0xc6, 0xd3, 0x14,
    0xaa, 0xc6, 0xd3, 0x14, 0xaa, 0xc6, 0xd3, 0x14, 0xaa, 0xc6, 0xd3, 0x14, 0xaa, 0xc6, 0xd3, 0x14,
    0xaa, 0xc6, 0xd3, 0x14, 0xaa, 0xc6, 0xd3, 0x14, 0xaa, 0xc6, 0xd3, 0x14, 0xaa, 0xc6, 0xd3, 0x14,
    0xaa, 0xc6, 0xd3, 0x14, 0xaa, 0xc6, 0xd3, 0x14, 0xaa, 0xc6, 0xd3, 0x14, 0xaa, 0xc6, 0xd3, 0x14,
    0xaa, 0xc6, 0xd3, 0x14, 0xaa, 0xc6, 0xd3, 0x14, 0xaa, 0xc6, 0xd3, 0x14, 0xaa, 0xc6, 0xd3, 0x14,
    0xaa, 0xc6, 0xd3, 0x14, 0xaa, 0xc6, 0xd3, 0x14, 0xaa, 0xc6, 0xd3, 0x14, 0xaa, 0xc6, 0xd3, 0x14,
    0xaa, 0xc6, 0xd3, 0x14, 0xaa, 0xc6, 0xd3, 0x14, 0xaa, 0xc6, 0xd3, 0x14, 0xaa, 0xc6, 0xd3, 0x14,
    0xaa, 0xc6, 0xd3, 0x14, 0xaa, 0xc6, 0xd3, 0x14, 0xaa, 0xc6, 0xd3, 0x14, 0xaa, 0xc6, 0xd3, 0x14,
    0xaa, 0xc6, 0xd3, 0x14, 0xaa, 0xc6, 0xd3, 0x14, 0xaa, 0xc6, 0xd3, 0x14, 0xaa, 0xc6, 0xd3, 0x14,
    0xaa, 0xc6, 0xd3, 0x14, 0xaa, 0xc6, 0xd3, 0x14, 0xaa, 0xc6, 0xd3, 0x14, 0xaa, 0xc6, 0xd3, 0x14,
    0xaa, 0xc6, 0xd3, 0x14, 0xaa, 0xc6, 0xd3, 0x14, 0xaa, 0xc6, 0xd3, 0x14, 0xaa, 0xc6, 0xd3, 0x14,
    0xaa, 0xc6, 0xd3, 0x14, 0xaa, 0xc6, 0xd3, 0x14, 0xaa, 0xc6, 0xd3, 0x14, 0xaa, 0xc6, 0xd3, 0x14,
    0xaa, 0xc6, 0xd3, 0x14, 0xaa, 0xc6, 0xd3, 0x14, 0xaa, 0xc6, 0xd3, 0x14, 0xaa, 0xc6, 0xd3, 0x14,
    0xaa, 0xc6, 0xd3, 0x14, 0xaa, 0xc6, 0xd3, 0x14, 0xaa, 0xc6, 0xd3, 0x00, 0x00, 0x00, 0x00, 0x00,
    0x00, 0x00, 0x00, 0x00, 0x00, 0x00, 0x00, 0x00, 0x00, 0x00, 0x00, 0x00, 0xaa, 0xc6, 0xd3, 0x00,
    0xaa, 0xc6, 0xd3, 0x14, 0xaa, 0xc6, 0xd3, 0x14, 0xaa, 0xc6, 0xd3, 0x14, 0xaa, 0xc6, 0xd3, 0x14,
    0xaa, 0xc6, 0xd3, 0x14, 0xaa, 0xc6, 0xd3, 0x14, 0xaa, 0xc6, 0xd3, 0x14, 0xaa, 0xc6, 0xd3, 0x14,
    0xaa, 0xc6, 0xd3, 0x14, 0xaa, 0xc6, 0xd3, 0x14, 0xaa, 0xc6, 0xd3, 0x14, 0xaa, 0xc6, 0xd3, 0x14,
    0xaa, 0xc6, 0xd3, 0x14, 0xaa, 0xc6, 0xd3, 0x14, 0xaa, 0xc6, 0xd3, 0x14, 0xaa, 0xc6, 0xd3, 0x14,
    0xaa, 0xc6, 0xd3, 0x14, 0xaa, 0xc6, 0xd3, 0x14, 0xaa, 0xc6, 0xd3, 0x14, 0xaa, 0xc6, 0xd3, 0x14,
    0xaa, 0xc6, 0xd3, 0x14, 0xaa, 0xc6, 0xd3, 0x14, 0xaa, 0xc6, 0xd3, 0x14, 0xaa, 0xc6, 0xd3, 0x14,
    0xaa, 0xc6, 0xd3, 0x14, 0xaa, 0xc6, 0xd3, 0x14, 0xaa, 0xc6, 0xd3, 0x14, 0xaa, 0xc6, 0xd3, 0x14,
    0xaa, 0xc6, 0xd3, 0x14, 0xaa, 0xc6, 0xd3, 0x14, 0xaa, 0xc6, 0xd3, 0x14, 0xaa, 0xc6, 0xd3, 0x14,
    0xaa, 0xc6, 0xd3, 0x14, 0xaa, 0xc6, 0xd3, 0x14, 0xaa, 0xc6, 0xd3, 0x14, 0xaa, 0xc6, 0xd3, 0x14,
    0xaa, 0xc6, 0xd3, 0x14, 0xaa, 0xc6, 0xd3, 0x14, 0xaa, 0xc6, 0xd3, 0x14, 0xaa, 0xc6, 0xd3, 0x14,
    0xaa, 0xc6, 0xd3, 0x14, 0xaa, 0xc6, 0xd3, 0x14, 0xaa, 0xc6, 0xd3, 0x14, 0xaa, 0xc6, 0xd3, 0x14,
    0xaa, 0xc6, 0xd3, 0x14, 0xaa, 0xc6, 0xd3, 0x14, 0xaa, 0xc6, 0xd3, 0x14, 0xaa, 0xc6, 0xd3, 0x00,
    0x00, 0x00, 0x00, 0x00, 0x00, 0x00, 0x00, 0x00, 0x00, 0x00, 0x00, 0x00,
};
static const lv_img_dsc_t pill_start = {
    .header.always_zero = 0,
    .header.w = 55,
    .header.h = 21,
    .header.cf = LV_IMG_CF_TRUE_COLOR_ALPHA,
    .data_size = sizeof(pill_start_data),
    .data = pill_start_data,
};

static const uint8_t pill_dot_inactive_data[] = {
    0xaa, 0xc6, 0xd3, 0x0a, 0xaa, 0xc6, 0xd3, 0x30, 0xaa, 0xc6, 0xd3, 0x40, 0xaa, 0xc6, 0xd3, 0x30,
    0xaa, 0xc6, 0xd3, 0x0a, 0xaa, 0xc6, 0xd3, 0x30, 0xaa, 0xc6, 0xd3, 0x40, 0xaa, 0xc6, 0xd3, 0x40,
    0xaa, 0xc6, 0xd3, 0x40, 0xaa, 0xc6, 0xd3, 0x30, 0xaa, 0xc6, 0xd3, 0x40, 0xaa, 0xc6, 0xd3, 0x40,
    0xaa, 0xc6, 0xd3, 0x40, 0xaa, 0xc6, 0xd3, 0x40, 0xaa, 0xc6, 0xd3, 0x40, 0xaa, 0xc6, 0xd3, 0x30,
    0xaa, 0xc6, 0xd3, 0x40, 0xaa, 0xc6, 0xd3, 0x40, 0xaa, 0xc6, 0xd3, 0x40, 0xaa, 0xc6, 0xd3, 0x30,
    0xaa, 0xc6, 0xd3, 0x0a, 0xaa, 0xc6, 0xd3, 0x30, 0xaa, 0xc6, 0xd3, 0x40, 0xaa, 0xc6, 0xd3, 0x30,
    0xaa, 0xc6, 0xd3, 0x0a,
};
static const lv_img_dsc_t pill_dot_inactive = {
    .header.always_zero = 0,
    .header.w = 5,
    .header.h = 5,
    .header.cf = LV_IMG_CF_TRUE_COLOR_ALPHA,
    .data_size = sizeof(pill_dot_inactive_data),
    .data = pill_dot_inactive_data,
};

static const uint8_t pill_dot_active_data[] = {
    0x80, 0xc0, 0xa7, 0x2b, 0x80, 0xc0, 0xa7, 0xc2, 0x80, 0xc0, 0xa7, 0xff, 0x80, 0xc0, 0xa7, 0xc2,
    0x80, 0xc0, 0xa7, 0x2b, 0x80, 0xc0, 0xa7, 0xc2, 0x80, 0xc0, 0xa7, 0xff, 0x80, 0xc0, 0xa7, 0xff,
    0x80, 0xc0, 0xa7, 0xff, 0x80, 0xc0, 0xa7, 0xc2, 0x80, 0xc0, 0xa7, 0xff, 0x80, 0xc0, 0xa7, 0xff,
    0x80, 0xc0, 0xa7, 0xff, 0x80, 0xc0, 0xa7, 0xff, 0x80, 0xc0, 0xa7, 0xff, 0x80, 0xc0, 0xa7, 0xc2,
    0x80, 0xc0, 0xa7, 0xff, 0x80, 0xc0, 0xa7, 0xff, 0x80, 0xc0, 0xa7, 0xff, 0x80, 0xc0, 0xa7, 0xc2,
    0x80, 0xc0, 0xa7, 0x2b, 0x80, 0xc0, 0xa7, 0xc2, 0x80, 0xc0, 0xa7, 0xff, 0x80, 0xc0, 0xa7, 0xc2,
    0x80, 0xc0, 0xa7, 0x2b,
};
static const lv_img_dsc_t pill_dot_active = {
    .header.always_zero = 0,
    .header.w = 5,
    .header.h = 5,
    .header.cf = LV_IMG_CF_TRUE_COLOR_ALPHA,
    .data_size = sizeof(pill_dot_active_data),
    .data = pill_dot_active_data,
};

static const uint8_t pill_dot_bar_data[] = {
    0x00, 0x00, 0x00, 0x00, 0x80, 0xc0, 0xa7, 0xff, 0x80, 0xc0, 0xa7, 0xff, 0x80, 0xc0, 0xa7, 0xff,
    0x80, 0xc0, 0xa7, 0xff, 0x80, 0xc0, 0xa7, 0xff, 0x80, 0xc0, 0xa7, 0xff, 0x80, 0xc0, 0xa7, 0xff,
    0x80, 0xc0, 0xa7, 0xff, 0x80, 0xc0, 0xa7, 0xff, 0x80, 0xc0, 0xa7, 0xff, 0x80, 0xc0, 0xa7, 0xff,
    0x80, 0xc0, 0xa7, 0xff, 0x80, 0xc0, 0xa7, 0xff, 0x80, 0xc0, 0xa7, 0xff, 0x80, 0xc0, 0xa7, 0xff,
    0x80, 0xc0, 0xa7, 0xff, 0x00, 0x00, 0x00, 0x00, 0x80, 0xc0, 0xa7, 0xff, 0x80, 0xc0, 0xa7, 0xff,
    0x80, 0xc0, 0xa7, 0xff, 0x80, 0xc0, 0xa7, 0xff, 0x80, 0xc0, 0xa7, 0xff, 0x80, 0xc0, 0xa7, 0xff,
    0x80, 0xc0, 0xa7, 0xff, 0x80, 0xc0, 0xa7, 0xff, 0x80, 0xc0, 0xa7, 0xff, 0x80, 0xc0, 0xa7, 0xff,
    0x80, 0xc0, 0xa7, 0xff, 0x80, 0xc0, 0xa7, 0xff, 0x80, 0xc0, 0xa7, 0xff, 0x80, 0xc0, 0xa7, 0xff,
    0x80, 0xc0, 0xa7, 0xff, 0x80, 0xc0, 0xa7, 0xff, 0x80, 0xc0, 0xa7, 0xff, 0x80, 0xc0, 0xa7, 0xff,
    0x80, 0xc0, 0xa7, 0xff, 0x80, 0xc0, 0xa7, 0xff, 0x80, 0xc0, 0xa7, 0xff, 0x80, 0xc0, 0xa7, 0xff,
    0x80, 0xc0, 0xa7, 0xff, 0x80, 0xc0, 0xa7, 0xff, 0x80, 0xc0, 0xa7, 0xff, 0x80, 0xc0, 0xa7, 0xff,
    0x80, 0xc0, 0xa7, 0xff, 0x80, 0xc0, 0xa7, 0xff, 0x80, 0xc0, 0xa7, 0xff, 0x80, 0xc0, 0xa7, 0xff,
    0x80, 0xc0, 0xa7, 0xff, 0x80, 0xc0, 0xa7, 0xff, 0x80, 0xc0, 0xa7, 0xff, 0x80, 0xc0, 0xa7, 0xff,
    0x80, 0xc0, 0xa7, 0xff, 0x80, 0xc0, 0xa7, 0xff, 0x80, 0xc0, 0xa7, 0xff, 0x80, 0xc0, 0xa7, 0xff,
    0x80, 0xc0, 0xa7, 0xff, 0x80, 0xc0, 0xa7, 0xff, 0x80, 0xc0, 0xa7, 0xff, 0x80, 0xc0, 0xa7, 0xff,
    0x80, 0xc0, 0xa7, 0xff, 0x80, 0xc0, 0xa7, 0xff, 0x80, 0xc0, 0xa7, 0xff, 0x80, 0xc0, 0xa7, 0xff,
    0x80, 0xc0, 0xa7, 0xff, 0x80, 0xc0, 0xa7, 0xff, 0x80, 0xc0, 0xa7, 0xff, 0x80, 0xc0, 0xa7, 0xff,
    0x80, 0xc0, 0xa7, 0xff, 0x80, 0xc0, 0xa7, 0xff, 0x80, 0xc0, 0xa7, 0xff, 0x80, 0xc0, 0xa7, 0xff,
    0x00, 0x00, 0x00, 0x00, 0x80, 0xc0, 0xa7, 0xff, 0x80, 0xc0, 0xa7, 0xff, 0x80, 0xc0, 0xa7, 0xff,
    0x80, 0xc0, 0xa7, 0xff, 0x80, 0xc0, 0xa7, 0xff, 0x80, 0xc0, 0xa7, 0xff, 0x80, 0xc0, 0xa7, 0xff,
    0x80, 0xc0, 0xa7, 0xff, 0x80, 0xc0, 0xa7, 0xff, 0x80, 0xc0, 0xa7, 0xff, 0x80, 0xc0, 0xa7, 0xff,
    0x80, 0xc0, 0xa7, 0xff, 0x80, 0xc0, 0xa7, 0xff, 0x80, 0xc0, 0xa7, 0xff, 0x80, 0xc0, 0xa7, 0xff,
    0x80, 0xc0, 0xa7, 0xff, 0x00, 0x00, 0x00, 0x00,
};
static const lv_img_dsc_t pill_dot_bar = {
    .header.always_zero = 0,
    .header.w = 18,
    .header.h = 5,
    .header.cf = LV_IMG_CF_TRUE_COLOR_ALPHA,
    .data_size = sizeof(pill_dot_bar_data),
    .data = pill_dot_bar_data,
};

static const uint8_t pill_meta_ready_green_data[] = {
    0x00, 0x00, 0x00, 0x00, 0x00, 0x00, 0x00, 0x00, 0x00, 0x00, 0x00, 0x00, 0x00, 0x00, 0x00, 0x00,
    0x00, 0x00, 0x00, 0x00, 0x00, 0x00, 0x00, 0x00, 0x00, 0x00, 0x00, 0x00, 0x80, 0xc0, 0xa7, 0x0b,
    0x80, 0xc0, 0xa7, 0x24, 0x80, 0xc0, 0xa7, 0x38, 0x80, 0xc0, 0xa7, 0x45, 0x80, 0xc0, 0xa7, 0x4c,
    0x80, 0xc0, 0xa7, 0x4d, 0x80, 0xc0, 0xa7, 0x4d, 0x80, 0xc0, 0xa7, 0x4d, 0x80, 0xc0, 0xa7, 0x4d,
    0x80, 0xc0, 0xa7, 0x4d, 0x80, 0xc0, 0xa7, 0x4d, 0x80, 0xc0, 0xa7, 0x4d, 0x80, 0xc0, 0xa7, 0x4d,
    0x80, 0xc0, 0xa7, 0x4d, 0x80, 0xc0, 0xa7, 0x4d, 0x80, 0xc0, 0xa7, 0x4d, 0x80, 0xc0, 0xa7, 0x4d,
    0x80, 0xc0, 0xa7, 0x4d, 0x80, 0xc0, 0xa7, 0x4d, 0x80, 0xc0, 0xa7, 0x4d, 0x80, 0xc0, 0xa7, 0x4d,
    0x80, 0xc0, 0xa7, 0x4d, 0x80, 0xc0, 0xa7, 0x4d, 0x80, 0xc0, 0xa7, 0x4d, 0x80, 0xc0, 0xa7, 0x4d,
    0x80, 0xc0, 0xa7, 0x4d, 0x80, 0xc0, 0xa7, 0x4d, 0x80, 0xc0, 0xa7, 0x4d, 0x80, 0xc0, 0xa7, 0x4d,
    0x80, 0xc0, 0xa7, 0x4d, 0x80, 0xc0, 0xa7, 0x4d, 0x80, 0xc0, 0xa7, 0x4d, 0x80, 0xc0, 0xa7, 0x4d,
    0x80, 0xc0, 0xa7, 0x4d, 0x80, 0xc0, 0xa7, 0x4d, 0x80, 0xc0, 0xa7, 0x4d, 0x80, 0xc0, 0xa7, 0x4d,
    0x80, 0xc0, 0xa7, 0x4d, 0x80, 0xc0, 0xa7, 0x4d, 0x80, 0xc0, 0xa7, 0x4d, 0x80, 0xc0, 0xa7, 0x4d,
    0x80, 0xc0, 0xa7, 0x4d, 0x80, 0xc0, 0xa7, 0x4d, 0x80, 0xc0, 0xa7, 0x4d, 0x80, 0xc0, 0xa7, 0x4d,
    0x80, 0xc0, 0xa7, 0x4d, 0x80, 0xc0, 0xa7, 0x4d, 0x80, 0xc0, 0xa7, 0x4d, 0x80, 0xc0, 0xa7, 0x4d,
    0x80, 0xc0, 0xa7, 0x4d, 0x80, 0xc0, 0xa7, 0x4d, 0x80, 0xc0, 0xa7, 0x4d, 0x80, 0xc0, 0xa7, 0x4d,
    0x80, 0xc0, 0xa7, 0x4d, 0x80, 0xc0, 0xa7, 0x4d, 0x80, 0xc0, 0xa7, 0x4d, 0x80, 0xc0, 0xa7, 0x4d,
    0x80, 0xc0, 0xa7, 0x4d, 0x80, 0xc0, 0xa7, 0x4d, 0x80, 0xc0, 0xa7, 0x4d, 0x80, 0xc0, 0xa7, 0x4d,
    0x80, 0xc0, 0xa7, 0x4c, 0x80, 0xc0, 0xa7, 0x45, 0x80, 0xc0, 0xa7, 0x38, 0x80, 0xc0, 0xa7, 0x24,
    0x80, 0xc0, 0xa7, 0x0b, 0x00, 0x00, 0x00, 0x00, 0x00, 0x00, 0x00, 0x00, 0x00, 0x00, 0x00, 0x00,
    0x00, 0x00, 0x00, 0x00, 0x00, 0x00, 0x00, 0x00, 0x00, 0x00, 0x00, 0x00, 0x00, 0x00, 0x00, 0x00,
    0x00, 0x00, 0x00, 0x00, 0x00, 0x00, 0x00, 0x00, 0x00, 0x00, 0x00, 0x00, 0x00, 0x00, 0x00, 0x00,
    0x00, 0x00, 0x00, 0x00, 0x80, 0xc0, 0xa7, 0x0b, 0x80, 0xc0, 0xa7, 0x31, 0x80, 0xc0, 0xa7, 0x4d,
    0x80, 0xc0, 0xa7, 0x4d, 0x45, 0x41, 0x37, 0xb3, 0x45, 0x41, 0x37, 0xb3, 0x45, 0x41, 0x37, 0xb3,
    0x45, 0x41, 0x37, 0xb3, 0x45, 0x41, 0x37, 0xb3, 0x45, 0x41, 0x37, 0xb3, 0x45, 0x41, 0x37, 0xb3,
    0x45, 0x41, 0x37, 0xb3, 0x45, 0x41, 0x37, 0xb3, 0x45, 0x41, 0x37, 0xb3, 0x45, 0x41, 0x37, 0xb3,
    0x45, 0x41, 0x37, 0xb3, 0x45, 0x41, 0x37, 0xb3, 0x45, 0x41, 0x37, 0xb3, 0x45, 0x41, 0x37, 0xb3,
    0x45, 0x41, 0x37, 0xb3, 0x45, 0x41, 0x37, 0xb3, 0x45, 0x41, 0x37, 0xb3, 0x45, 0x41, 0x37, 0xb3,
    0x45, 0x41, 0x37, 0xb3, 0x45, 0x41, 0x37, 0xb3, 0x45, 0x41, 0x37, 0xb3, 0x45, 0x41, 0x37, 0xb3,
    0x45, 0x41, 0x37, 0xb3, 0x45, 0x41, 0x37, 0xb3, 0x45, 0x41, 0x37, 0xb3, 0x45, 0x41, 0x37, 0xb3,
    0x45, 0x41, 0x37, 0xb3, 0x45, 0x41, 0x37, 0xb3, 0x45, 0x41, 0x37, 0xb3, 0x45, 0x41, 0x37, 0xb3,
    0x45, 0x41, 0x37, 0xb3, 0x45, 0x41, 0x37, 0xb3, 0x45, 0x41, 0x37, 0xb3, 0x45, 0x41, 0x37, 0xb3,
    0x45, 0x41, 0x37, 0xb3, 0x45, 0x41, 0x37, 0xb3, 0x45, 0x41, 0x37, 0xb3, 0x45, 0x41, 0x37, 0xb3,
    0x45, 0x41, 0x37, 0xb3, 0x45, 0x41, 0x37, 0xb3, 0x45, 0x41, 0x37, 0xb3, 0x45, 0x41, 0x37, 0xb3,
    0x45, 0x41, 0x37, 0xb3, 0x45, 0x41, 0x37, 0xb3, 0x45, 0x41, 0x37, 0xb3, 0x45, 0x41, 0x37, 0xb3,
    0x45, 0x41, 0x37, 0xb3, 0x45, 0x41, 0x37, 0xb3, 0x45, 0x41, 0x37, 0xb3, 0x45, 0x41, 0x37, 0xb3,
    0x45, 0x41, 0x37, 0xb3, 0x45, 0x41, 0x37, 0xb3, 0x45, 0x41, 0x37, 0xb3, 0x45, 0x41, 0x37, 0xb3,
    0x45, 0x41, 0x37, 0xb3, 0x45, 0x41, 0x37, 0xb3, 0x45, 0x41, 0x37, 0xb3, 0x45, 0x41, 0x37, 0xb3,
    0x45, 0x41, 0x37, 0xb3, 0x45, 0x41, 0x37, 0xb3, 0x45, 0x41, 0x37, 0xb3, 0x80, 0xc0, 0xa7, 0x4d,
    0x80, 0xc0, 0xa7, 0x4d, 0x80, 0xc0, 0xa7, 0x31, 0x80, 0xc0, 0xa7, 0x0b, 0x00, 0x00, 0x00, 0x00,
    0x00, 0x00, 0x00, 0x00, 0x00, 0x00, 0x00, 0x00, 0x00, 0x00, 0x00, 0x00, 0x00, 0x00, 0x00, 0x00,
    0x00, 0x00, 0x00, 0x00, 0x00, 0x00, 0x00, 0x00, 0x00, 0x00, 0x00, 0x00, 0x00, 0x00, 0x00, 0x00,
    0x80, 0xc0, 0xa7, 0x1e, 0x80, 0xc0, 0xa7, 0x4c, 0x45, 0x41, 0x37, 0xb3, 0x45, 0x41, 0x37, 0xb3,
    0x45, 0x41, 0x37, 0xb3, 0x45, 0x41, 0x37, 0xb3, 0x45, 0x41, 0x37, 0xb3, 0x45, 0x41, 0x37, 0xb3,
    0x45, 0x41, 0x37, 0xb3, 0x45, 0x41, 0x37, 0xb3, 0x45, 0x41, 0x37, 0xb3, 0x45, 0x41, 0x37, 0xb3,
    0x45, 0x41, 0x37, 0xb3, 0x45, 0x41, 0x37, 0xb3, 0x45, 0x41, 0x37, 0xb3, 0x45, 0x41, 0x37, 0xb3,
    0x45, 0x41, 0x37, 0xb3, 0x45, 0x41, 0x37, 0xb3, 0x45, 0x41, 0x37, 0xb3, 0x45, 0x41, 0x37, 0xb3,
    0x45, 0x41, 0x37, 0xb3, 0x45, 0x41, 0x37, 0xb3, 0x45, 0x41, 0x37, 0xb3, 0x45, 0x41, 0x37, 0xb3,
    0x45, 0x41, 0x37, 0xb3, 0x45, 0x41, 0x37, 0xb3, 0x45, 0x41, 0x37, 0xb3, 0x45, 0x41, 0x37, 0xb3,
    0x45, 0x41, 0x37, 0xb3, 0x45, 0x41, 0x37, 0xb3, 0x45, 0x41, 0x37, 0xb3, 0x45, 0x41, 0x37, 0xb3,
    0x45, 0x41, 0x37, 0xb3, 0x45, 0x41, 0x37, 0xb3, 0x45, 0x41, 0x37, 0xb3, 0x45, 0x41, 0x37, 0xb3,
    0x45, 0x41, 0x37, 0xb3, 0x45, 0x41, 0x37, 0xb3, 0x45, 0x41, 0x37, 0xb3, 0x45, 0x41, 0x37, 0xb3,
    0x45, 0x41, 0x37, 0xb3, 0x45, 0x41, 0x37, 0xb3, 0x45, 0x41, 0x37, 0xb3, 0x45, 0x41, 0x37, 0xb3,
    0x45, 0x41, 0x37, 0xb3, 0x45, 0x41, 0x37, 0xb3, 0x45, 0x41, 0x37, 0xb3, 0x45, 0x41, 0x37, 0xb3,
    0x45, 0x41, 0x37, 0xb3, 0x45, 0x41, 0x37, 0xb3, 0x45, 0x41, 0x37, 0xb3, 0x45, 0x41, 0x37, 0xb3,
    0x45, 0x41, 0x37, 0xb3, 0x45, 0x41, 0x37, 0xb3, 0x45, 0x41, 0x37, 0xb3, 0x45, 0x41, 0x37, 0xb3,
    0x45, 0x41, 0x37, 0xb3, 0x45, 0x41, 0x37, 0xb3, 0x45, 0x41, 0x37, 0xb3, 0x45, 0x41, 0x37, 0xb3,
    0x45, 0x41, 0x37, 0xb3, 0x45, 0x41, 0x37, 0xb3, 0x45, 0x41, 0x37, 0xb3, 0x45, 0x41, 0x37, 0xb3,
    0x45, 0x41, 0x37, 0xb3, 0x45, 0x41, 0x37, 0xb3, 0x45, 0x41, 0x37, 0xb3, 0x45, 0x41, 0x37, 0xb3,
    0x45, 0x41, 0x37, 0xb3, 0x45, 0x41, 0x37, 0xb3, 0x80, 0xc0, 0xa7, 0x4c, 0x80, 0xc0, 0xa7, 0x1e,
    0x00, 0x00, 0x00, 0x00, 0x00, 0x00, 0x00, 0x00, 0x00, 0x00, 0x00, 0x00, 0x00, 0x00, 0x00, 0x00,
    0x00, 0x00, 0x00, 0x00, 0x00, 0x00, 0x00, 0x00, 0x00, 0x00, 0x00, 0x00, 0x80, 0xc0, 0xa7, 0x24,
    0x80, 0xc0, 0xa7, 0x4d, 0x45, 0x41, 0x37, 0xb3, 0x45, 0x41, 0x37, 0xb3, 0x45, 0x41, 0x37, 0xb3,
    0x45, 0x41, 0x37, 0xb3, 0x45, 0x41, 0x37, 0xb3, 0x45, 0x41, 0x37, 0xb3, 0x45, 0x41, 0x37, 0xb3,
    0x45, 0x41, 0x37, 0xb3, 0x45, 0x41, 0x37, 0xb3, 0x45, 0x41, 0x37, 0xb3, 0x45, 0x41, 0x37, 0xb3,
    0x45, 0x41, 0x37, 0xb3, 0x45, 0x41, 0x37, 0xb3, 0x45, 0x41, 0x37, 0xb3, 0x45, 0x41, 0x37, 0xb3,
    0x45, 0x41, 0x37, 0xb3, 0x45, 0x41, 0x37, 0xb3, 0x45, 0x41, 0x37, 0xb3, 0x45, 0x41, 0x37, 0xb3,
    0x45, 0x41, 0x37, 0xb3, 0x45, 0x41, 0x37, 0xb3, 0x45, 0x41, 0x37, 0xb3, 0x45, 0x41, 0x37, 0xb3,
    0x45, 0x41, 0x37, 0xb3, 0x45, 0x41, 0x37, 0xb3, 0x45, 0x41, 0x37, 0xb3, 0x45, 0x41, 0x37, 0xb3,
    0x45, 0x41, 0x37, 0xb3, 0x45, 0x41, 0x37, 0xb3, 0x45, 0x41, 0x37, 0xb3, 0x45, 0x41, 0x37, 0xb3,
    0x45, 0x41, 0x37, 0xb3, 0x45, 0x41, 0x37, 0xb3, 0x45, 0x41, 0x37, 0xb3, 0x45, 0x41, 0x37, 0xb3,
    0x45, 0x41, 0x37, 0xb3, 0x45, 0x41, 0x37, 0xb3, 0x45, 0x41, 0x37, 0xb3, 0x45, 0x41, 0x37, 0xb3,
    0x45, 0x41, 0x37, 0xb3, 0x45, 0x41, 0x37, 0xb3, 0x45, 0x41, 0x37, 0xb3, 0x45, 0x41, 0x37, 0xb3,
    0x45, 0x41, 0x37, 0xb3, 0x45, 0x41, 0x37, 0xb3, 0x45, 0x41, 0x37, 0xb3, 0x45, 0x41, 0x37, 0xb3,
    0x45, 0x41, 0x37, 0xb3, 0x45, 0x41, 0x37, 0xb3, 0x45, 0x41, 0x37, 0xb3, 0x45, 0x41, 0x37, 0xb3,
    0x45, 0x41, 0x37, 0xb3, 0x45, 0x41, 0x37, 0xb3, 0x45, 0x41, 0x37, 0xb3, 0x45, 0x41, 0x37, 0xb3,
    0x45, 0x41, 0x37, 0xb3, 0x45, 0x41, 0x37, 0xb3, 0x45, 0x41, 0x37, 0xb3, 0x45, 0x41, 0x37, 0xb3,
    0x45, 0x41, 0x37, 0xb3, 0x45, 0x41, 0x37, 0xb3, 0x45, 0x41, 0x37, 0xb3, 0x45, 0x41, 0x37, 0xb3,
    0x45, 0x41, 0x37, 0xb3, 0x45, 0x41, 0x37, 0xb3, 0x45, 0x41, 0x37, 0xb3, 0x45, 0x41, 0x37, 0xb3,
    0x45, 0x41, 0x37, 0xb3, 0x45, 0x41, 0x37, 0xb3, 0x45, 0x41, 0x37, 0xb3, 0x80, 0xc0, 0xa7, 0x4d,
    0x80, 0xc0, 0xa7, 0x24, 0x00, 0x00, 0x00, 0x00, 0x00, 0x00, 0x00, 0x00, 0x00, 0x00, 0x00, 0x00,
    0x00, 0x00, 0x00, 0x00, 0x00, 0x00, 0x00, 0x00, 0x80, 0xc0, 0xa7, 0x1e, 0x80, 0xc0, 0xa7, 0x4d,
    0x45, 0x41, 0x37, 0xb3, 0x45, 0x41, 0x37, 0xb3, 0x45, 0x41, 0x37, 0xb3, 0x45, 0x41, 0x37, 0xb3,
    0x45, 0x41, 0x37, 0xb3, 0x45, 0x41, 0x37, 0xb3, 0x45, 0x41, 0x37, 0xb3, 0x45, 0x41, 0x37, 0xb3,
    0x45, 0x41, 0x37, 0xb3, 0x45, 0x41, 0x37, 0xb3, 0x45, 0x41, 0x37, 0xb3, 0x45, 0x41, 0x37, 0xb3,
    0x45, 0x41, 0x37, 0xb3, 0x45, 0x41, 0x37, 0xb3, 0x45, 0x41, 0x37, 0xb3, 0x45, 0x41, 0x37, 0xb3,
    0x45, 0x41, 0x37, 0xb3, 0x45, 0x41, 0x37, 0xb3, 0x45, 0x41, 0x37, 0xb3, 0x45, 0x41, 0x37, 0xb3,
    0x45, 0x41, 0x37, 0xb3, 0x45, 0x41, 0x37, 0xb3, 0x45, 0x41, 0x37, 0xb3, 0x45, 0x41, 0x37, 0xb3,
    0x45, 0x41, 0x37, 0xb3, 0x45, 0x41, 0x37, 0xb3, 0x45, 0x41, 0x37, 0xb3, 0x45, 0x41, 0x37, 0xb3,
    0x45, 0x41, 0x37, 0xb3, 0x45, 0x41, 0x37, 0xb3, 0x45, 0x41, 0x37, 0xb3, 0x45, 0x41, 0x37, 0xb3,
    0x45, 0x41, 0x37, 0xb3, 0x45, 0x41, 0x37, 0xb3, 0x45, 0x41, 0x37, 0xb3, 0x45, 0x41, 0x37, 0xb3,
    0x45, 0x41, 0x37, 0xb3, 0x45, 0x41, 0x37, 0xb3, 0x45, 0x41, 0x37, 0xb3, 0x45, 0x41, 0x37, 0xb3,
    0x45, 0x41, 0x37, 0xb3, 0x45, 0x41, 0x37, 0xb3, 0x45, 0x41, 0x37, 0xb3, 0x45, 0x41, 0x37, 0xb3,
    0x45, 0x41, 0x37, 0xb3, 0x45, 0x41, 0x37, 0xb3, 0x45, 0x41, 0x37, 0xb3, 0x45, 0x41, 0x37, 0xb3,
    0x45, 0x41, 0x37, 0xb3, 0x45, 0x41, 0x37, 0xb3, 0x45, 0x41, 0x37, 0xb3, 0x45, 0x41, 0x37, 0xb3,
    0x45, 0x41, 0x37, 0xb3, 0x45, 0x41, 0x37, 0xb3, 0x45, 0x41, 0x37, 0xb3, 0x45, 0x41, 0x37, 0xb3,
    0x45, 0x41, 0x37, 0xb3, 0x45, 0x41, 0x37, 0xb3, 0x45, 0x41, 0x37, 0xb3, 0x45, 0x41, 0x37, 0xb3,
    0x45, 0x41, 0x37, 0xb3, 0x45, 0x41, 0x37, 0xb3, 0x45, 0x41, 0x37, 0xb3, 0x45, 0x41, 0x37, 0xb3,
    0x45, 0x41, 0x37, 0xb3, 0x45, 0x41, 0x37, 0xb3, 0x45, 0x41, 0x37, 0xb3, 0x45, 0x41, 0x37, 0xb3,
    0x45, 0x41, 0x37, 0xb3, 0x45, 0x41, 0x37, 0xb3, 0x45, 0x41, 0x37, 0xb3, 0x45, 0x41, 0x37, 0xb3,
    0x80, 0xc0, 0xa7, 0x4d, 0x80, 0xc0, 0xa7, 0x1e, 0x00, 0x00, 0x00, 0x00, 0x00, 0x00, 0x00, 0x00,
    0x00, 0x00, 0x00, 0x00, 0x80, 0xc0, 0xa7, 0x0b, 0x80, 0xc0, 0xa7, 0x4c, 0x45, 0x41, 0x37, 0xb3,
    0x45, 0x41, 0x37, 0xb3, 0x45, 0x41, 0x37, 0xb3, 0x45, 0x41, 0x37, 0xb3, 0x45, 0x41, 0x37, 0xb3,
    0x45, 0x41, 0x37, 0xb3, 0x45, 0x41, 0x37, 0xb3, 0x45, 0x41, 0x37, 0xb3, 0x45, 0x41, 0x37, 0xb3,
    0x45, 0x41, 0x37, 0xb3, 0x45, 0x41, 0x37, 0xb3, 0x45, 0x41, 0x37, 0xb3, 0x45, 0x41, 0x37, 0xb3,
    0x45, 0x41, 0x37, 0xb3, 0x45, 0x41, 0x37, 0xb3, 0x45, 0x41, 0x37, 0xb3, 0x45, 0x41, 0x37, 0xb3,
    0x45, 0x41, 0x37, 0xb3, 0x45, 0x41, 0x37, 0xb3, 0x45, 0x41, 0x37, 0xb3, 0x45, 0x41, 0x37, 0xb3,
    0x45, 0x41, 0x37, 0xb3, 0x45, 0x41, 0x37, 0xb3, 0x45, 0x41, 0x37, 0xb3, 0x45, 0x41, 0x37, 0xb3,
    0x45, 0x41, 0x37, 0xb3, 0x45, 0x41, 0x37, 0xb3, 0x45, 0x41, 0x37, 0xb3, 0x45, 0x41, 0x37, 0xb3,
    0x45, 0x41, 0x37, 0xb3, 0x45, 0x41, 0x37, 0xb3, 0x45, 0x41, 0x37, 0xb3, 0x45, 0x41, 0x37, 0xb3,
    0x45, 0x41, 0x37, 0xb3, 0x45, 0x41, 0x37, 0xb3, 0x45, 0x41, 0x37, 0xb3, 0x45, 0x41, 0x37, 0xb3,
    0x45, 0x41, 0x37, 0xb3, 0x45, 0x41, 0x37, 0xb3, 0x45, 0x41, 0x37, 0xb3, 0x45, 0x41, 0x37, 0xb3,
    0x45, 0x41, 0x37, 0xb3, 0x45, 0x41, 0x37, 0xb3, 0x45, 0x41, 0x37, 0xb3, 0x45, 0x41, 0x37, 0xb3,
    0x45, 0x41, 0x37, 0xb3, 0x45, 0x41, 0x37, 0xb3, 0x45, 0x41, 0x37, 0xb3, 0x45, 0x41, 0x37, 0xb3,
    0x45, 0x41, 0x37, 0xb3, 0x45, 0x41, 0x37, 0xb3, 0x45, 0x41, 0x37, 0xb3, 0x45, 0x41, 0x37, 0xb3,
    0x45, 0x41, 0x37, 0xb3, 0x45, 0x41, 0x37, 0xb3, 0x45, 0x41, 0x37, 0xb3, 0x45, 0x41, 0x37, 0xb3,
    0x45, 0x41, 0x37, 0xb3, 0x45, 0x41, 0x37, 0xb3, 0x45, 0x41, 0x37, 0xb3, 0x45, 0x41, 0x37, 0xb3,
    0x45, 0x41, 0x37, 0xb3, 0x45, 0x41, 0x37, 0xb3, 0x45, 0x41, 0x37, 0xb3, 0x45, 0x41, 0x37, 0xb3,
    0x45, 0x41, 0x37, 0xb3, 0x45, 0x41, 0x37, 0xb3, 0x45, 0x41, 0x37, 0xb3, 0x45, 0x41, 0x37, 0xb3,
    0x45, 0x41, 0x37, 0xb3, 0x45, 0x41, 0x37, 0xb3, 0x45, 0x41, 0x37, 0xb3, 0x45, 0x41, 0x37, 0xb3,
    0x45, 0x41, 0x37, 0xb3, 0x80, 0xc0, 0xa7, 0x4c, 0x80, 0xc0, 0xa7, 0x0b, 0x00, 0x00, 0x00, 0x00,
    0x00, 0x00, 0x00, 0x00, 0x80, 0xc0, 0xa7, 0x31, 0x45, 0x41, 0x37, 0xb3, 0x45, 0x41, 0x37, 0xb3,
    0x45, 0x41, 0x37, 0xb3, 0x45, 0x41, 0x37, 0xb3, 0x45, 0x41, 0x37, 0xb3, 0x45, 0x41, 0x37, 0xb3,
    0x45, 0x41, 0x37, 0xb3, 0x45, 0x41, 0x37, 0xb3, 0x45, 0x41, 0x37, 0xb3, 0x45, 0x41, 0x37, 0xb3,
    0x45, 0x41, 0x37, 0xb3, 0x45, 0x41, 0x37, 0xb3, 0x45, 0x41, 0x37, 0xb3, 0x45, 0x41, 0x37, 0xb3,
    0x45, 0x41, 0x37, 0xb3, 0x45, 0x41, 0x37, 0xb3, 0x45, 0x41, 0x37, 0xb3, 0x45, 0x41, 0x37, 0xb3,
    0x45, 0x41, 0x37, 0xb3, 0x45, 0x41, 0x37, 0xb3, 0x45, 0x41, 0x37, 0xb3, 0x45, 0x41, 0x37, 0xb3,
    0x45, 0x41, 0x37, 0xb3, 0x45, 0x41, 0x37, 0xb3, 0x45, 0x41, 0x37, 0xb3, 0x45, 0x41, 0x37, 0xb3,
    0x45, 0x41, 0x37, 0xb3, 0x45, 0x41, 0x37, 0xb3, 0x45, 0x41, 0x37, 0xb3, 0x45, 0x41, 0x37, 0xb3,
    0x45, 0x41, 0x37, 0xb3, 0x45, 0x41, 0x37, 0xb3, 0x45, 0x41, 0x37, 0xb3, 0x45, 0x41, 0x37, 0xb3,
    0x45, 0x41, 0x37, 0xb3, 0x45, 0x41, 0x37, 0xb3, 0x45, 0x41, 0x37, 0xb3, 0x45, 0x41, 0x37, 0xb3,
    0x45, 0x41, 0x37, 0xb3, 0x45, 0x41, 0x37, 0xb3, 0x45, 0x41, 0x37, 0xb3, 0x45, 0x41, 0x37, 0xb3,
    0x45, 0x41, 0x37, 0xb3, 0x45, 0x41, 0x37, 0xb3, 0x45, 0x41, 0x37, 0xb3, 0x45, 0x41, 0x37, 0xb3,
    0x45, 0x41, 0x37, 0xb3, 0x45, 0x41, 0x37, 0xb3, 0x45, 0x41, 0x37, 0xb3, 0x45, 0x41, 0x37, 0xb3,
    0x45, 0x41, 0x37, 0xb3, 0x45, 0x41, 0x37, 0xb3, 0x45, 0x41, 0x37, 0xb3, 0x45, 0x41, 0x37, 0xb3,
    0x45, 0x41, 0x37, 0xb3, 0x45, 0x41, 0x37, 0xb3, 0x45, 0x41, 0x37, 0xb3, 0x45, 0x41, 0x37, 0xb3,
    0x45, 0x41, 0x37, 0xb3, 0x45, 0x41, 0x37, 0xb3, 0x45, 0x41, 0x37, 0xb3, 0x45, 0x41, 0x37, 0xb3,
    0x45, 0x41, 0x37, 0xb3, 0x45, 0x41, 0x37, 0xb3, 0x45, 0x41, 0x37, 0xb3, 0x45, 0x41, 0x37, 0xb3,
    0x45, 0x41, 0x37, 0xb3, 0x45, 0x41, 0x37, 0xb3, 0x45, 0x41, 0x37, 0xb3, 0x45, 0x41, 0x37, 0xb3,
    0x45, 0x41, 0x37, 0xb3, 0x45, 0x41, 0x37, 0xb3, 0x45, 0x41, 0x37, 0xb3, 0x45, 0x41, 0x37, 0xb3,
    0x45, 0x41, 0x37, 0xb3, 0x45, 0x41, 0x37, 0xb3, 0x80, 0xc0, 0xa7, 0x31, 0x00, 0x00, 0x00, 0x00,
    0x80, 0xc0, 0xa7, 0x0b, 0x80, 0xc0, 0xa7, 0x4d, 0x45, 0x41, 0x37, 0xb3, 0x45, 0x41, 0x37, 0xb3,
    0x45, 0x41, 0x37, 0xb3, 0x45, 0x41, 0x37, 0xb3, 0x45, 0x41, 0x37, 0xb3, 0x45, 0x41, 0x37, 0xb3,
    0x45, 0x41, 0x37, 0xb3, 0x45, 0x41, 0x37, 0xb3, 0x45, 0x41, 0x37, 0xb3, 0x45, 0x41, 0x37, 0xb3,
    0x45, 0x41, 0x37, 0xb3, 0x45, 0x41, 0x37, 0xb3, 0x45, 0x41, 0x37, 0xb3, 0x45, 0x41, 0x37, 0xb3,
    0x45, 0x41, 0x37, 0xb3, 0x45, 0x41, 0x37, 0xb3, 0x45, 0x41, 0x37, 0xb3, 0x45, 0x41, 0x37, 0xb3,
    0x45, 0x41, 0x37, 0xb3, 0x45, 0x41, 0x37, 0xb3, 0x45, 0x41, 0x37, 0xb3, 0x45, 0x41, 0x37, 0xb3,
    0x45, 0x41, 0x37, 0xb3, 0x45, 0x41, 0x37, 0xb3, 0x45, 0x41, 0x37, 0xb3, 0x45, 0x41, 0x37, 0xb3,
    0x45, 0x41, 0x37, 0xb3, 0x45, 0x41, 0x37, 0xb3, 0x45, 0x41, 0x37, 0xb3, 0x45, 0x41, 0x37, 0xb3,
    0x45, 0x41, 0x37, 0xb3, 0x45, 0x41, 0x37, 0xb3, 0x45, 0x41, 0x37, 0xb3, 0x45, 0x41, 0x37, 0xb3,
    0x45, 0x41, 0x37, 0xb3, 0x45, 0x41, 0x37, 0xb3, 0x45, 0x41, 0x37, 0xb3, 0x45, 0x41, 0x37, 0xb3,
    0x45, 0x41, 0x37, 0xb3, 0x45, 0x41, 0x37, 0xb3, 0x45, 0x41, 0x37, 0xb3, 0x45, 0x41, 0x37, 0xb3,
    0x45, 0x41, 0x37, 0xb3, 0x45, 0x41, 0x37, 0xb3, 0x45, 0x41, 0x37, 0xb3, 0x45, 0x41, 0x37, 0xb3,
    0x45, 0x41, 0x37, 0xb3, 0x45, 0x41, 0x37, 0xb3, 0x45, 0x41, 0x37, 0xb3, 0x45, 0x41, 0x37, 0xb3,
    0x45, 0x41, 0x37, 0xb3, 0x45, 0x41, 0x37, 0xb3, 0x45, 0x41, 0x37, 0xb3, 0x45, 0x41, 0x37, 0xb3,
    0x45, 0x41, 0x37, 0xb3, 0x45, 0x41, 0x37, 0xb3, 0x45, 0x41, 0x37, 0xb3, 0x45, 0x41, 0x37, 0xb3,
    0x45, 0x41, 0x37, 0xb3, 0x45, 0x41, 0x37, 0xb3, 0x45, 0x41, 0x37, 0xb3, 0x45, 0x41, 0x37, 0xb3,
    0x45, 0x41, 0x37, 0xb3, 0x45, 0x41, 0x37, 0xb3, 0x45, 0x41, 0x37, 0xb3, 0x45, 0x41, 0x37, 0xb3,
    0x45, 0x41, 0x37, 0xb3, 0x45, 0x41, 0x37, 0xb3, 0x45, 0x41, 0x37, 0xb3, 0x45, 0x41, 0x37, 0xb3,
    0x45, 0x41, 0x37, 0xb3, 0x45, 0x41, 0x37, 0xb3, 0x45, 0x41, 0x37, 0xb3, 0x45, 0x41, 0x37, 0xb3,
    0x45, 0x41, 0x37, 0xb3, 0x45, 0x41, 0x37, 0xb3, 0x80, 0xc0, 0xa7, 0x4d, 0x80, 0xc0, 0xa7, 0x0b,
    0x80, 0xc0, 0xa7, 0x24, 0x80, 0xc0, 0xa7, 0x4d, 0x45, 0x41, 0x37, 0xb3, 0x45, 0x41, 0x37, 0xb3,
    0x45, 0x41, 0x37, 0xb3, 0x45, 0x41, 0x37, 0xb3, 0x45, 0x41, 0x37, 0xb3, 0x45, 0x41, 0x37, 0xb3,
    0x45, 0x41, 0x37, 0xb3, 0x45, 0x41, 0x37, 0xb3, 0x45, 0x41, 0x37, 0xb3, 0x45, 0x41, 0x37, 0xb3,
    0x45, 0x41, 0x37, 0xb3, 0x45, 0x41, 0x37, 0xb3, 0x45, 0x41, 0x37, 0xb3, 0x45, 0x41, 0x37, 0xb3,
    0x45, 0x41, 0x37, 0xb3, 0x45, 0x41, 0x37, 0xb3, 0x45, 0x41, 0x37, 0xb3, 0x45, 0x41, 0x37, 0xb3,
    0x45, 0x41, 0x37, 0xb3, 0x45, 0x41, 0x37, 0xb3, 0x45, 0x41, 0x37, 0xb3, 0x45, 0x41, 0x37, 0xb3,
    0x45, 0x41, 0x37, 0xb3, 0x45, 0x41, 0x37, 0xb3, 0x45, 0x41, 0x37, 0xb3, 0x45, 0x41, 0x37, 0xb3,
    0x45, 0x41, 0x37, 0xb3, 0x45, 0x41, 0x37, 0xb3, 0x45, 0x41, 0x37, 0xb3, 0x45, 0x41, 0x37, 0xb3,
    0x45, 0x41, 0x37, 0xb3, 0x45, 0x41, 0x37, 0xb3, 0x45, 0x41, 0x37, 0xb3, 0x45, 0x41, 0x37, 0xb3,
    0x45, 0x41, 0x37, 0xb3, 0x45, 0x41, 0x37, 0xb3, 0x45, 0x41, 0x37, 0xb3, 0x45, 0x41, 0x37, 0xb3,
    0x45, 0x41, 0x37, 0xb3, 0x45, 0x41, 0x37, 0xb3, 0x45, 0x41, 0x37, 0xb3, 0x45, 0x41, 0x37, 0xb3,
    0x45, 0x41, 0x37, 0xb3, 0x45, 0x41, 0x37, 0xb3, 0x45, 0x41, 0x37, 0xb3, 0x45, 0x41, 0x37, 0xb3,
    0x45, 0x41, 0x37, 0xb3, 0x45, 0x41, 0x37, 0xb3, 0x45, 0x41, 0x37, 0xb3, 0x45, 0x41, 0x37, 0xb3,
    0x45, 0x41, 0x37, 0xb3, 0x45, 0x41, 0x37, 0xb3, 0x45, 0x41, 0x37, 0xb3, 0x45, 0x41, 0x37, 0xb3,
    0x45, 0x41, 0x37, 0xb3, 0x45, 0x41, 0x37, 0xb3, 0x45, 0x41, 0x37, 0xb3, 0x45, 0x41, 0x37, 0xb3,
    0x45, 0x41, 0x37, 0xb3, 0x45, 0x41, 0x37, 0xb3, 0x45, 0x41, 0x37, 0xb3, 0x45, 0x41, 0x37, 0xb3,
    0x45, 0x41, 0x37, 0xb3, 0x45, 0x41, 0x37, 0xb3, 0x45, 0x41, 0x37, 0xb3, 0x45, 0x41, 0x37, 0xb3,
    0x45, 0x41, 0x37, 0xb3, 0x45, 0x41, 0x37, 0xb3, 0x45, 0x41, 0x37, 0xb3, 0x45, 0x41, 0x37, 0xb3,
    0x45, 0x41, 0x37, 0xb3, 0x45, 0x41, 0x37, 0xb3, 0x45, 0x41, 0x37, 0xb3, 0x45, 0x41, 0x37, 0xb3,
    0x45, 0x41, 0x37, 0xb3, 0x45, 0x41, 0x37, 0xb3, 0x80, 0xc0, 0xa7, 0x4d, 0x80, 0xc0, 0xa7, 0x24,
    0x80, 0xc0, 0xa7, 0x38, 0x45, 0x41, 0x37, 0xb3, 0x45, 0x41, 0x37, 0xb3, 0x45, 0x41, 0x37, 0xb3,
    0x45, 0x41, 0x37, 0xb3, 0x45, 0x41, 0x37, 0xb3, 0x45, 0x41, 0x37, 0xb3, 0x45, 0x41, 0x37, 0xb3,
    0x45, 0x41, 0x37, 0xb3, 0x45, 0x41, 0x37, 0xb3, 0x45, 0x41, 0x37, 0xb3, 0x45, 0x41, 0x37, 0xb3,
    0x45, 0x41, 0x37, 0xb3, 0x45, 0x41, 0x37, 0xb3, 0x45, 0x41, 0x37, 0xb3, 0x45, 0x41, 0x37, 0xb3,
    0x45, 0x41, 0x37, 0xb3, 0x45, 0x41, 0x37, 0xb3, 0x45, 0x41, 0x37, 0xb3, 0x45, 0x41, 0x37, 0xb3,
    0x45, 0x41, 0x37, 0xb3, 0x45, 0x41, 0x37, 0xb3, 0x45, 0x41, 0x37, 0xb3, 0x45, 0x41, 0x37, 0xb3,
    0x45, 0x41, 0x37, 0xb3, 0x45, 0x41, 0x37, 0xb3, 0x45, 0x41, 0x37, 0xb3, 0x45, 0x41, 0x37, 0xb3,
    0x45, 0x41, 0x37, 0xb3, 0x45, 0x41, 0x37, 0xb3, 0x45, 0x41, 0x37, 0xb3, 0x45, 0x41, 0x37, 0xb3,
    0x45, 0x41, 0x37, 0xb3, 0x45, 0x41, 0x37, 0xb3, 0x45, 0x41, 0x37, 0xb3, 0x45, 0x41, 0x37, 0xb3,
    0x45, 0x41, 0x37, 0xb3, 0x45, 0x41, 0x37, 0xb3, 0x45, 0x41, 0x37, 0xb3, 0x45, 0x41, 0x37, 0xb3,
    0x45, 0x41, 0x37, 0xb3, 0x45, 0x41, 0x37, 0xb3, 0x45, 0x41, 0x37, 0xb3, 0x45, 0x41, 0x37, 0xb3,
    0x45, 0x41, 0x37, 0xb3, 0x45, 0x41, 0x37, 0xb3, 0x45, 0x41, 0x37, 0xb3, 0x45, 0x41, 0x37, 0xb3,
    0x45, 0x41, 0x37, 0xb3, 0x45, 0x41, 0x37, 0xb3, 0x45, 0x41, 0x37, 0xb3, 0x45, 0x41, 0x37, 0xb3,
    0x45, 0x41, 0x37, 0xb3, 0x45, 0x41, 0x37, 0xb3, 0x45, 0x41, 0x37, 0xb3, 0x45, 0x41, 0x37, 0xb3,
    0x45, 0x41, 0x37, 0xb3, 0x45, 0x41, 0x37, 0xb3, 0x45, 0x41, 0x37, 0xb3, 0x45, 0x41, 0x37, 0xb3,
    0x45, 0x41, 0x37, 0xb3, 0x45, 0x41, 0x37, 0xb3, 0x45, 0x41, 0x37, 0xb3, 0x45, 0x41, 0x37, 0xb3,
    0x45, 0x41, 0x37, 0xb3, 0x45, 0x41, 0x37, 0xb3, 0x45, 0x41, 0x37, 0xb3, 0x45, 0x41, 0x37, 0xb3,
    0x45, 0x41, 0x37, 0xb3, 0x45, 0x41, 0x37, 0xb3, 0x45, 0x41, 0x37, 0xb3, 0x45, 0x41, 0x37, 0xb3,
    0x45, 0x41, 0x37, 0xb3, 0x45, 0x41, 0x37, 0xb3, 0x45, 0x41, 0x37, 0xb3, 0x45, 0x41, 0x37, 0xb3,
    0x45, 0x41, 0x37, 0xb3, 0x45, 0x41, 0x37, 0xb3, 0x45, 0x41, 0x37, 0xb3, 0x80, 0xc0, 0xa7, 0x38,
    0x80, 0xc0, 0xa7, 0x45, 0x45, 0x41, 0x37, 0xb3, 0x45, 0x41, 0x37, 0xb3, 0x45, 0x41, 0x37, 0xb3,
    0x45, 0x41, 0x37, 0xb3, 0x45, 0x41, 0x37, 0xb3, 0x45, 0x41, 0x37, 0xb3, 0x45, 0x41, 0x37, 0xb3,
    0x45, 0x41, 0x37, 0xb3, 0x45, 0x41, 0x37, 0xb3, 0x45, 0x41, 0x37, 0xb3, 0x45, 0x41, 0x37, 0xb3,
    0x45, 0x41, 0x37, 0xb3, 0x45, 0x41, 0x37, 0xb3, 0x45, 0x41, 0x37, 0xb3, 0x45, 0x41, 0x37, 0xb3,
    0x45, 0x41, 0x37, 0xb3, 0x45, 0x41, 0x37, 0xb3, 0x45, 0x41, 0x37, 0xb3, 0x45, 0x41, 0x37, 0xb3,
    0x45, 0x41, 0x37, 0xb3, 0x45, 0x41, 0x37, 0xb3, 0x45, 0x41, 0x37, 0xb3, 0x45, 0x41, 0x37, 0xb3,
    0x45, 0x41, 0x37, 0xb3, 0x45, 0x41, 0x37, 0xb3, 0x45, 0x41, 0x37, 0xb3, 0x45, 0x41, 0x37, 0xb3,
    0x45, 0x41, 0x37, 0xb3, 0x45, 0x41, 0x37, 0xb3, 0x45, 0x41, 0x37, 0xb3, 0x45, 0x41, 0x37, 0xb3,
    0x45, 0x41, 0x37, 0xb3, 0x45, 0x41, 0x37, 0xb3, 0x45, 0x41, 0x37, 0xb3, 0x45, 0x41, 0x37, 0xb3,
    0x45, 0x41, 0x37, 0xb3, 0x45, 0x41, 0x37, 0xb3, 0x45, 0x41, 0x37, 0xb3, 0x45, 0x41, 0x37, 0xb3,
    0x45, 0x41, 0x37, 0xb3, 0x45, 0x41, 0x37, 0xb3, 0x45, 0x41, 0x37, 0xb3, 0x45, 0x41, 0x37, 0xb3,
    0x45, 0x41, 0x37, 0xb3, 0x45, 0x41, 0x37, 0xb3, 0x45, 0x41, 0x37, 0xb3, 0x45, 0x41, 0x37, 0xb3,
    0x45, 0x41, 0x37, 0xb3, 0x45, 0x41, 0x37, 0xb3, 0x45, 0x41, 0x37, 0xb3, 0x45, 0x41, 0x37, 0xb3,
    0x45, 0x41, 0x37, 0xb3, 0x45, 0x41, 0x37, 0xb3, 0x45, 0x41, 0x37, 0xb3, 0x45, 0x41, 0x37, 0xb3,
    0x45, 0x41, 0x37, 0xb3, 0x45, 0x41, 0x37, 0xb3, 0x45, 0x41, 0x37, 0xb3, 0x45, 0x41, 0x37, 0xb3,
    0x45, 0x41, 0x37, 0xb3, 0x45, 0x41, 0x37, 0xb3, 0x45, 0x41, 0x37, 0xb3, 0x45, 0x41, 0x37, 0xb3,
    0x45, 0x41, 0x37, 0xb3, 0x45, 0x41, 0x37, 0xb3, 0x45, 0x41, 0x37, 0xb3, 0x45, 0x41, 0x37, 0xb3,
    0x45, 0x41, 0x37, 0xb3, 0x45, 0x41, 0x37, 0xb3, 0x45, 0x41, 0x37, 0xb3, 0x45, 0x41, 0x37, 0xb3,
    0x45, 0x41, 0x37, 0xb3, 0x45, 0x41, 0x37, 0xb3, 0x45, 0x41, 0x37, 0xb3, 0x45, 0x41, 0x37, 0xb3,
    0x45, 0x41, 0x37, 0xb3, 0x45, 0x41, 0x37, 0xb3, 0x45, 0x41, 0x37, 0xb3, 0x80, 0xc0, 0xa7, 0x45,
    0x80, 0xc0, 0xa7, 0x4c, 0x45, 0x41, 0x37, 0xb3, 0x45, 0x41, 0x37, 0xb3, 0x45, 0x41, 0x37, 0xb3,
    0x45, 0x41, 0x37, 0xb3, 0x45, 0x41, 0x37, 0xb3, 0x45, 0x41, 0x37, 0xb3, 0x45, 0x41, 0x37, 0xb3,
    0x45, 0x41, 0x37, 0xb3, 0x45, 0x41, 0x37, 0xb3, 0x45, 0x41, 0x37, 0xb3, 0x45, 0x41, 0x37, 0xb3,
    0x45, 0x41, 0x37, 0xb3, 0x45, 0x41, 0x37, 0xb3, 0x45, 0x41, 0x37, 0xb3, 0x45, 0x41, 0x37, 0xb3,
    0x45, 0x41, 0x37, 0xb3, 0x45, 0x41, 0x37, 0xb3, 0x45, 0x41, 0x37, 0xb3, 0x45, 0x41, 0x37, 0xb3,
    0x45, 0x41, 0x37, 0xb3, 0x45, 0x41, 0x37, 0xb3, 0x45, 0x41, 0x37, 0xb3, 0x45, 0x41, 0x37, 0xb3,
    0x45, 0x41, 0x37, 0xb3, 0x45, 0x41, 0x37, 0xb3, 0x45, 0x41, 0x37, 0xb3, 0x45, 0x41, 0x37, 0xb3,
    0x45, 0x41, 0x37, 0xb3, 0x45, 0x41, 0x37, 0xb3, 0x45, 0x41, 0x37, 0xb3, 0x45, 0x41, 0x37, 0xb3,
    0x45, 0x41, 0x37, 0xb3, 0x45, 0x41, 0x37, 0xb3, 0x45, 0x41, 0x37, 0xb3, 0x45, 0x41, 0x37, 0xb3,
    0x45, 0x41, 0x37, 0xb3, 0x45, 0x41, 0x37, 0xb3, 0x45, 0x41, 0x37, 0xb3, 0x45, 0x41, 0x37, 0xb3,
    0x45, 0x41, 0x37, 0xb3, 0x45, 0x41, 0x37, 0xb3, 0x45, 0x41, 0x37, 0xb3, 0x45, 0x41, 0x37, 0xb3,
    0x45, 0x41, 0x37, 0xb3, 0x45, 0x41, 0x37, 0xb3, 0x45, 0x41, 0x37, 0xb3, 0x45, 0x41, 0x37, 0xb3,
    0x45, 0x41, 0x37, 0xb3, 0x45, 0x41, 0x37, 0xb3, 0x45, 0x41, 0x37, 0xb3, 0x45, 0x41, 0x37, 0xb3,
    0x45, 0x41, 0x37, 0xb3, 0x45, 0x41, 0x37, 0xb3, 0x45, 0x41, 0x37, 0xb3, 0x45, 0x41, 0x37, 0xb3,
    0x45, 0x41, 0x37, 0xb3, 0x45, 0x41, 0x37, 0xb3, 0x45, 0x41, 0x37, 0xb3, 0x45, 0x41, 0x37, 0xb3,
    0x45, 0x41, 0x37, 0xb3, 0x45, 0x41, 0x37, 0xb3, 0x45, 0x41, 0x37, 0xb3, 0x45, 0x41, 0x37, 0xb3,
    0x45, 0x41, 0x37, 0xb3, 0x45, 0x41, 0x37, 0xb3, 0x45, 0x41, 0x37, 0xb3, 0x45, 0x41, 0x37, 0xb3,
    0x45, 0x41, 0x37, 0xb3, 0x45, 0x41, 0x37, 0xb3, 0x45, 0x41, 0x37, 0xb3, 0x45, 0x41, 0x37, 0xb3,
    0x45, 0x41, 0x37, 0xb3, 0x45, 0x41, 0x37, 0xb3, 0x45, 0x41, 0x37, 0xb3, 0x45, 0x41, 0x37, 0xb3,
    0x45, 0x41, 0x37, 0xb3, 0x45, 0x41, 0x37, 0xb3, 0x45, 0x41, 0x37, 0xb3, 0x80, 0xc0, 0xa7, 0x4c,
    0x80, 0xc0, 0xa7, 0x4d, 0x45, 0x41, 0x37, 0xb3, 0x45, 0x41, 0x37, 0xb3, 0x45, 0x41, 0x37, 0xb3,
    0x45, 0x41, 0x37, 0xb3, 0x45, 0x41, 0x37, 0xb3, 0x45, 0x41, 0x37, 0xb3, 0x45, 0x41, 0x37, 0xb3,
    0x45, 0x41, 0x37, 0xb3, 0x45, 0x41, 0x37, 0xb3, 0x45, 0x41, 0x37, 0xb3, 0x45, 0x41, 0x37, 0xb3,
    0x45, 0x41, 0x37, 0xb3, 0x45, 0x41, 0x37, 0xb3, 0x45, 0x41, 0x37, 0xb3, 0x45, 0x41, 0x37, 0xb3,
    0x45, 0x41, 0x37, 0xb3, 0x45, 0x41, 0x37, 0xb3, 0x45, 0x41, 0x37, 0xb3, 0x45, 0x41, 0x37, 0xb3,
    0x45, 0x41, 0x37, 0xb3, 0x45, 0x41, 0x37, 0xb3, 0x45, 0x41, 0x37, 0xb3, 0x45, 0x41, 0x37, 0xb3,
    0x45, 0x41, 0x37, 0xb3, 0x45, 0x41, 0x37, 0xb3, 0x45, 0x41, 0x37, 0xb3, 0x45, 0x41, 0x37, 0xb3,
    0x45, 0x41, 0x37, 0xb3, 0x45, 0x41, 0x37, 0xb3, 0x45, 0x41, 0x37, 0xb3, 0x45, 0x41, 0x37, 0xb3,
    0x45, 0x41, 0x37, 0xb3, 0x45, 0x41, 0x37, 0xb3, 0x45, 0x41, 0x37, 0xb3, 0x45, 0x41, 0x37, 0xb3,
    0x45, 0x41, 0x37, 0xb3, 0x45, 0x41, 0x37, 0xb3, 0x45, 0x41, 0x37, 0xb3, 0x45, 0x41, 0x37, 0xb3,
    0x45, 0x41, 0x37, 0xb3, 0x45, 0x41, 0x37, 0xb3, 0x45, 0x41, 0x37, 0xb3, 0x45, 0x41, 0x37, 0xb3,
    0x45, 0x41, 0x37, 0xb3, 0x45, 0x41, 0x37, 0xb3, 0x45, 0x41, 0x37, 0xb3, 0x45, 0x41, 0x37, 0xb3,
    0x45, 0x41, 0x37, 0xb3, 0x45, 0x41, 0x37, 0xb3, 0x45, 0x41, 0x37, 0xb3, 0x45, 0x41, 0x37, 0xb3,
    0x45, 0x41, 0x37, 0xb3, 0x45, 0x41, 0x37, 0xb3, 0x45, 0x41, 0x37, 0xb3, 0x45, 0x41, 0x37, 0xb3,
    0x45, 0x41, 0x37, 0xb3, 0x45, 0x41, 0x37, 0xb3, 0x45, 0x41, 0x37, 0xb3, 0x45, 0x41, 0x37, 0xb3,
    0x45, 0x41, 0x37, 0xb3, 0x45, 0x41, 0x37, 0xb3, 0x45, 0x41, 0x37, 0xb3, 0x45, 0x41, 0x37, 0xb3,
    0x45, 0x41, 0x37, 0xb3, 0x45, 0x41, 0x37, 0xb3, 0x45, 0x41, 0x37, 0xb3, 0x45, 0x41, 0x37, 0xb3,
    0x45, 0x41, 0x37, 0xb3, 0x45, 0x41, 0x37, 0xb3, 0x45, 0x41, 0x37, 0xb3, 0x45, 0x41, 0x37, 0xb3,
    0x45, 0x41, 0x37, 0xb3, 0x45, 0x41, 0x37, 0xb3, 0x45, 0x41, 0x37, 0xb3, 0x45, 0x41, 0x37, 0xb3,
    0x45, 0x41, 0x37, 0xb3, 0x45, 0x41, 0x37, 0xb3, 0x45, 0x41, 0x37, 0xb3, 0x80, 0xc0, 0xa7, 0x4d,
    0x80, 0xc0, 0xa7, 0x4c, 0x45, 0x41, 0x37, 0xb3, 0x45, 0x41, 0x37, 0xb3, 0x45, 0x41, 0x37, 0xb3,
    0x45, 0x41, 0x37, 0xb3, 0x45, 0x41, 0x37, 0xb3, 0x45, 0x41, 0x37, 0xb3, 0x45, 0x41, 0x37, 0xb3,
    0x45, 0x41, 0x37, 0xb3, 0x45, 0x41, 0x37, 0xb3, 0x45, 0x41, 0x37, 0xb3, 0x45, 0x41, 0x37, 0xb3,
    0x45, 0x41, 0x37, 0xb3, 0x45, 0x41, 0x37, 0xb3, 0x45, 0x41, 0x37, 0xb3, 0x45, 0x41, 0x37, 0xb3,
    0x45, 0x41, 0x37, 0xb3, 0x45, 0x41, 0x37, 0xb3, 0x45, 0x41, 0x37, 0xb3, 0x45, 0x41, 0x37, 0xb3,
    0x45, 0x41, 0x37, 0xb3, 0x45, 0x41, 0x37, 0xb3, 0x45, 0x41, 0x37, 0xb3, 0x45, 0x41, 0x37, 0xb3,
    0x45, 0x41, 0x37, 0xb3, 0x45, 0x41, 0x37, 0xb3, 0x45, 0x41, 0x37, 0xb3, 0x45, 0x41, 0x37, 0xb3,
    0x45, 0x41, 0x37, 0xb3, 0x45, 0x41, 0x37, 0xb3, 0x45, 0x41, 0x37, 0xb3, 0x45, 0x41, 0x37, 0xb3,
    0x45, 0x41, 0x37, 0xb3, 0x45, 0x41, 0x37, 0xb3, 0x45, 0x41, 0x37, 0xb3, 0x45, 0x41, 0x37, 0xb3,
    0x45, 0x41, 0x37, 0xb3, 0x45, 0x41, 0x37, 0xb3, 0x45, 0x41, 0x37, 0xb3, 0x45, 0x41, 0x37, 0xb3,
    0x45, 0x41, 0x37, 0xb3, 0x45, 0x41, 0x37, 0xb3, 0x45, 0x41, 0x37, 0xb3, 0x45, 0x41, 0x37, 0xb3,
    0x45, 0x41, 0x37, 0xb3, 0x45, 0x41, 0x37, 0xb3, 0x45, 0x41, 0x37, 0xb3, 0x45, 0x41, 0x37, 0xb3,
    0x45, 0x41, 0x37, 0xb3, 0x45, 0x41, 0x37, 0xb3, 0x45, 0x41, 0x37, 0xb3, 0x45, 0x41, 0x37, 0xb3,
    0x45, 0x41, 0x37, 0xb3, 0x45, 0x41, 0x37, 0xb3, 0x45, 0x41, 0x37, 0xb3, 0x45, 0x41, 0x37, 0xb3,
    0x45, 0x41, 0x37, 0xb3, 0x45, 0x41, 0x37, 0xb3, 0x45, 0x41, 0x37, 0xb3, 0x45, 0x41, 0x37, 0xb3,
    0x45, 0x41, 0x37, 0xb3, 0x45, 0x41, 0x37, 0xb3, 0x45, 0x41, 0x37, 0xb3, 0x45, 0x41, 0x37, 0xb3,
    0x45, 0x41, 0x37, 0xb3, 0x45, 0x41, 0x37, 0xb3, 0x45, 0x41, 0x37, 0xb3, 0x45, 0x41, 0x37, 0xb3,
    0x45, 0x41, 0x37, 0xb3, 0x45, 0x41, 0x37, 0xb3, 0x45, 0x41, 0x37, 0xb3, 0x45, 0x41, 0x37, 0xb3,
    0x45, 0x41, 0x37, 0xb3, 0x45, 0x41, 0x37, 0xb3, 0x45, 0x41, 0x37, 0xb3, 0x45, 0x41, 0x37, 0xb3,
    0x45, 0x41, 0x37, 0xb3, 0x45, 0x41, 0x37, 0xb3, 0x45, 0x41, 0x37, 0xb3, 0x80, 0xc0, 0xa7, 0x4c,
    0x80, 0xc0, 0xa7, 0x45, 0x45, 0x41, 0x37, 0xb3, 0x45, 0x41, 0x37, 0xb3, 0x45, 0x41, 0x37, 0xb3,
    0x45, 0x41, 0x37, 0xb3, 0x45, 0x41, 0x37, 0xb3, 0x45, 0x41, 0x37, 0xb3, 0x45, 0x41, 0x37, 0xb3,
    0x45, 0x41, 0x37, 0xb3, 0x45, 0x41, 0x37, 0xb3, 0x45, 0x41, 0x37, 0xb3, 0x45, 0x41, 0x37, 0xb3,
    0x45, 0x41, 0x37, 0xb3, 0x45, 0x41, 0x37, 0xb3, 0x45, 0x41, 0x37, 0xb3, 0x45, 0x41, 0x37, 0xb3,
    0x45, 0x41, 0x37, 0xb3, 0x45, 0x41, 0x37, 0xb3, 0x45, 0x41, 0x37, 0xb3, 0x45, 0x41, 0x37, 0xb3,
    0x45, 0x41, 0x37, 0xb3, 0x45, 0x41, 0x37, 0xb3, 0x45, 0x41, 0x37, 0xb3, 0x45, 0x41, 0x37, 0xb3,
    0x45, 0x41, 0x37, 0xb3, 0x45, 0x41, 0x37, 0xb3, 0x45, 0x41, 0x37, 0xb3, 0x45, 0x41, 0x37, 0xb3,
    0x45, 0x41, 0x37, 0xb3, 0x45, 0x41, 0x37, 0xb3, 0x45, 0x41, 0x37, 0xb3, 0x45, 0x41, 0x37, 0xb3,
    0x45, 0x41, 0x37, 0xb3, 0x45, 0x41, 0x37, 0xb3, 0x45, 0x41, 0x37, 0xb3, 0x45, 0x41, 0x37, 0xb3,
    0x45, 0x41, 0x37, 0xb3, 0x45, 0x41, 0x37, 0xb3, 0x45, 0x41, 0x37, 0xb3, 0x45, 0x41, 0x37, 0xb3,
    0x45, 0x41, 0x37, 0xb3, 0x45, 0x41, 0x37, 0xb3, 0x45, 0x41, 0x37, 0xb3, 0x45, 0x41, 0x37, 0xb3,
    0x45, 0x41, 0x37, 0xb3, 0x45, 0x41, 0x37, 0xb3, 0x45, 0x41, 0x37, 0xb3, 0x45, 0x41, 0x37, 0xb3,
    0x45, 0x41, 0x37, 0xb3, 0x45, 0x41, 0x37, 0xb3, 0x45, 0x41, 0x37, 0xb3, 0x45, 0x41, 0x37, 0xb3,
    0x45, 0x41, 0x37, 0xb3, 0x45, 0x41, 0x37, 0xb3, 0x45, 0x41, 0x37, 0xb3, 0x45, 0x41, 0x37, 0xb3,
    0x45, 0x41, 0x37, 0xb3, 0x45, 0x41, 0x37, 0xb3, 0x45, 0x41, 0x37, 0xb3, 0x45, 0x41, 0x37, 0xb3,
    0x45, 0x41, 0x37, 0xb3, 0x45, 0x41, 0x37, 0xb3, 0x45, 0x41, 0x37, 0xb3, 0x45, 0x41, 0x37, 0xb3,
    0x45, 0x41, 0x37, 0xb3, 0x45, 0x41, 0x37, 0xb3, 0x45, 0x41, 0x37, 0xb3, 0x45, 0x41, 0x37, 0xb3,
    0x45, 0x41, 0x37, 0xb3, 0x45, 0x41, 0x37, 0xb3, 0x45, 0x41, 0x37, 0xb3, 0x45, 0x41, 0x37, 0xb3,
    0x45, 0x41, 0x37, 0xb3, 0x45, 0x41, 0x37, 0xb3, 0x45, 0x41, 0x37, 0xb3, 0x45, 0x41, 0x37, 0xb3,
    0x45, 0x41, 0x37, 0xb3, 0x45, 0x41, 0x37, 0xb3, 0x45, 0x41, 0x37, 0xb3, 0x80, 0xc0, 0xa7, 0x45,
    0x80, 0xc0, 0xa7, 0x38, 0x45, 0x41, 0x37, 0xb3, 0x45, 0x41, 0x37, 0xb3, 0x45, 0x41, 0x37, 0xb3,
    0x45, 0x41, 0x37, 0xb3, 0x45, 0x41, 0x37, 0xb3, 0x45, 0x41, 0x37, 0xb3, 0x45, 0x41, 0x37, 0xb3,
    0x45, 0x41, 0x37, 0xb3, 0x45, 0x41, 0x37, 0xb3, 0x45, 0x41, 0x37, 0xb3, 0x45, 0x41, 0x37, 0xb3,
    0x45, 0x41, 0x37, 0xb3, 0x45, 0x41, 0x37, 0xb3, 0x45, 0x41, 0x37, 0xb3, 0x45, 0x41, 0x37, 0xb3,
    0x45, 0x41, 0x37, 0xb3, 0x45, 0x41, 0x37, 0xb3, 0x45, 0x41, 0x37, 0xb3, 0x45, 0x41, 0x37, 0xb3,
    0x45, 0x41, 0x37, 0xb3, 0x45, 0x41, 0x37, 0xb3, 0x45, 0x41, 0x37, 0xb3, 0x45, 0x41, 0x37, 0xb3,
    0x45, 0x41, 0x37, 0xb3, 0x45, 0x41, 0x37, 0xb3, 0x45, 0x41, 0x37, 0xb3, 0x45, 0x41, 0x37, 0xb3,
    0x45, 0x41, 0x37, 0xb3, 0x45, 0x41, 0x37, 0xb3, 0x45, 0x41, 0x37, 0xb3, 0x45, 0x41, 0x37, 0xb3,
    0x45, 0x41, 0x37, 0xb3, 0x45, 0x41, 0x37, 0xb3, 0x45, 0x41, 0x37, 0xb3, 0x45, 0x41, 0x37, 0xb3,
    0x45, 0x41, 0x37, 0xb3, 0x45, 0x41, 0x37, 0xb3, 0x45, 0x41, 0x37, 0xb3, 0x45, 0x41, 0x37, 0xb3,
    0x45, 0x41, 0x37, 0xb3, 0x45, 0x41, 0x37, 0xb3, 0x45, 0x41, 0x37, 0xb3, 0x45, 0x41, 0x37, 0xb3,
    0x45, 0x41, 0x37, 0xb3, 0x45, 0x41, 0x37, 0xb3, 0x45, 0x41, 0x37, 0xb3, 0x45, 0x41, 0x37, 0xb3,
    0x45, 0x41, 0x37, 0xb3, 0x45, 0x41, 0x37, 0xb3, 0x45, 0x41, 0x37, 0xb3, 0x45, 0x41, 0x37, 0xb3,
    0x45, 0x41, 0x37, 0xb3, 0x45, 0x41, 0x37, 0xb3, 0x45, 0x41, 0x37, 0xb3, 0x45, 0x41, 0x37, 0xb3,
    0x45, 0x41, 0x37, 0xb3, 0x45, 0x41, 0x37, 0xb3, 0x45, 0x41, 0x37, 0xb3, 0x45, 0x41, 0x37, 0xb3,
    0x45, 0x41, 0x37, 0xb3, 0x45, 0x41, 0x37, 0xb3, 0x45, 0x41, 0x37, 0xb3, 0x45, 0x41, 0x37, 0xb3,
    0x45, 0x41, 0x37, 0xb3, 0x45, 0x41, 0x37, 0xb3, 0x45, 0x41, 0x37, 0xb3, 0x45, 0x41, 0x37, 0xb3,
    0x45, 0x41, 0x37, 0xb3, 0x45, 0x41, 0x37, 0xb3, 0x45, 0x41, 0x37, 0xb3, 0x45, 0x41, 0x37, 0xb3,
    0x45, 0x41, 0x37, 0xb3, 0x45, 0x41, 0x37, 0xb3, 0x45, 0x41, 0x37, 0xb3, 0x45, 0x41, 0x37, 0xb3,
    0x45, 0x41, 0x37, 0xb3, 0x45, 0x41, 0x37, 0xb3, 0x45, 0x41, 0x37, 0xb3, 0x80, 0xc0, 0xa7, 0x38,
    0x80, 0xc0, 0xa7, 0x24, 0x80, 0xc0, 0xa7, 0x4d, 0x45, 0x41, 0x37, 0xb3, 0x45, 0x41, 0x37, 0xb3,
    0x45, 0x41, 0x37, 0xb3, 0x45, 0x41, 0x37, 0xb3, 0x45, 0x41, 0x37, 0xb3, 0x45, 0x41, 0x37, 0xb3,
    0x45, 0x41, 0x37, 0xb3, 0x45, 0x41, 0x37, 0xb3, 0x45, 0x41, 0x37, 0xb3, 0x45, 0x41, 0x37, 0xb3,
    0x45, 0x41, 0x37, 0xb3, 0x45, 0x41, 0x37, 0xb3, 0x45, 0x41, 0x37, 0xb3, 0x45, 0x41, 0x37, 0xb3,
    0x45, 0x41, 0x37, 0xb3, 0x45, 0x41, 0x37, 0xb3, 0x45, 0x41, 0x37, 0xb3, 0x45, 0x41, 0x37, 0xb3,
    0x45, 0x41, 0x37, 0xb3, 0x45, 0x41, 0x37, 0xb3, 0x45, 0x41, 0x37, 0xb3, 0x45, 0x41, 0x37, 0xb3,
    0x45, 0x41, 0x37, 0xb3, 0x45, 0x41, 0x37, 0xb3, 0x45, 0x41, 0x37, 0xb3, 0x45, 0x41, 0x37, 0xb3,
    0x45, 0x41, 0x37, 0xb3, 0x45, 0x41, 0x37, 0xb3, 0x45, 0x41, 0x37, 0xb3, 0x45, 0x41, 0x37, 0xb3,
    0x45, 0x41, 0x37, 0xb3, 0x45, 0x41, 0x37, 0xb3, 0x45, 0x41, 0x37, 0xb3, 0x45, 0x41, 0x37, 0xb3,
    0x45, 0x41, 0x37, 0xb3, 0x45, 0x41, 0x37, 0xb3, 0x45, 0x41, 0x37, 0xb3, 0x45, 0x41, 0x37, 0xb3,
    0x45, 0x41, 0x37, 0xb3, 0x45, 0x41, 0x37, 0xb3, 0x45, 0x41, 0x37, 0xb3, 0x45, 0x41, 0x37, 0xb3,
    0x45, 0x41, 0x37, 0xb3, 0x45, 0x41, 0x37, 0xb3, 0x45, 0x41, 0x37, 0xb3, 0x45, 0x41, 0x37, 0xb3,
    0x45, 0x41, 0x37, 0xb3, 0x45, 0x41, 0x37, 0xb3, 0x45, 0x41, 0x37, 0xb3, 0x45, 0x41, 0x37, 0xb3,
    0x45, 0x41, 0x37, 0xb3, 0x45, 0x41, 0x37, 0xb3, 0x45, 0x41, 0x37, 0xb3, 0x45, 0x41, 0x37, 0xb3,
    0x45, 0x41, 0x37, 0xb3, 0x45, 0x41, 0x37, 0xb3, 0x45, 0x41, 0x37, 0xb3, 0x45, 0x41, 0x37, 0xb3,
    0x45, 0x41, 0x37, 0xb3, 0x45, 0x41, 0x37, 0xb3, 0x45, 0x41, 0x37, 0xb3, 0x45, 0x41, 0x37, 0xb3,
    0x45, 0x41, 0x37, 0xb3, 0x45, 0x41, 0x37, 0xb3, 0x45, 0x41, 0x37, 0xb3, 0x45, 0x41, 0x37, 0xb3,
    0x45, 0x41, 0x37, 0xb3, 0x45, 0x41, 0x37, 0xb3, 0x45, 0x41, 0x37, 0xb3, 0x45, 0x41, 0x37, 0xb3,
    0x45, 0x41, 0x37, 0xb3, 0x45, 0x41, 0x37, 0xb3, 0x45, 0x41, 0x37, 0xb3, 0x45, 0x41, 0x37, 0xb3,
    0x45, 0x41, 0x37, 0xb3, 0x45, 0x41, 0x37, 0xb3, 0x80, 0xc0, 0xa7, 0x4d, 0x80, 0xc0, 0xa7, 0x24,
    0x80, 0xc0, 0xa7, 0x0b, 0x80, 0xc0, 0xa7, 0x4d, 0x45, 0x41, 0x37, 0xb3, 0x45, 0x41, 0x37, 0xb3,
    0x45, 0x41, 0x37, 0xb3, 0x45, 0x41, 0x37, 0xb3, 0x45, 0x41, 0x37, 0xb3, 0x45, 0x41, 0x37, 0xb3,
    0x45, 0x41, 0x37, 0xb3, 0x45, 0x41, 0x37, 0xb3, 0x45, 0x41, 0x37, 0xb3, 0x45, 0x41, 0x37, 0xb3,
    0x45, 0x41, 0x37, 0xb3, 0x45, 0x41, 0x37, 0xb3, 0x45, 0x41, 0x37, 0xb3, 0x45, 0x41, 0x37, 0xb3,
    0x45, 0x41, 0x37, 0xb3, 0x45, 0x41, 0x37, 0xb3, 0x45, 0x41, 0x37, 0xb3, 0x45, 0x41, 0x37, 0xb3,
    0x45, 0x41, 0x37, 0xb3, 0x45, 0x41, 0x37, 0xb3, 0x45, 0x41, 0x37, 0xb3, 0x45, 0x41, 0x37, 0xb3,
    0x45, 0x41, 0x37, 0xb3, 0x45, 0x41, 0x37, 0xb3, 0x45, 0x41, 0x37, 0xb3, 0x45, 0x41, 0x37, 0xb3,
    0x45, 0x41, 0x37, 0xb3, 0x45, 0x41, 0x37, 0xb3, 0x45, 0x41, 0x37, 0xb3, 0x45, 0x41, 0x37, 0xb3,
    0x45, 0x41, 0x37, 0xb3, 0x45, 0x41, 0x37, 0xb3, 0x45, 0x41, 0x37, 0xb3, 0x45, 0x41, 0x37, 0xb3,
    0x45, 0x41, 0x37, 0xb3, 0x45, 0x41, 0x37, 0xb3, 0x45, 0x41, 0x37, 0xb3, 0x45, 0x41, 0x37, 0xb3,
    0x45, 0x41, 0x37, 0xb3, 0x45, 0x41, 0x37, 0xb3, 0x45, 0x41, 0x37, 0xb3, 0x45, 0x41, 0x37, 0xb3,
    0x45, 0x41, 0x37, 0xb3, 0x45, 0x41, 0x37, 0xb3, 0x45, 0x41, 0x37, 0xb3, 0x45, 0x41, 0x37, 0xb3,
    0x45, 0x41, 0x37, 0xb3, 0x45, 0x41, 0x37, 0xb3, 0x45, 0x41, 0x37, 0xb3, 0x45, 0x41, 0x37, 0xb3,
    0x45, 0x41, 0x37, 0xb3, 0x45, 0x41, 0x37, 0xb3, 0x45, 0x41, 0x37, 0xb3, 0x45, 0x41, 0x37, 0xb3,
    0x45, 0x41, 0x37, 0xb3, 0x45, 0x41, 0x37, 0xb3, 0x45, 0x41, 0x37, 0xb3, 0x45, 0x41, 0x37, 0xb3,
    0x45, 0x41, 0x37, 0xb3, 0x45, 0x41, 0x37, 0xb3, 0x45, 0x41, 0x37, 0xb3, 0x45, 0x41, 0x37, 0xb3,
    0x45, 0x41, 0x37, 0xb3, 0x45, 0x41, 0x37, 0xb3, 0x45, 0x41, 0x37, 0xb3, 0x45, 0x41, 0x37, 0xb3,
    0x45, 0x41, 0x37, 0xb3, 0x45, 0x41, 0x37, 0xb3, 0x45, 0x41, 0x37, 0xb3, 0x45, 0x41, 0x37, 0xb3,
    0x45, 0x41, 0x37, 0xb3, 0x45, 0x41, 0x37, 0xb3, 0x45, 0x41, 0x37, 0xb3, 0x45, 0x41, 0x37, 0xb3,
    0x45, 0x41, 0x37, 0xb3, 0x45, 0x41, 0x37, 0xb3, 0x80, 0xc0, 0xa7, 0x4d, 0x80, 0xc0, 0xa7, 0x0b,
    0x00, 0x00, 0x00, 0x00, 0x80, 0xc0, 0xa7, 0x31, 0x45, 0x41, 0x37, 0xb3, 0x45, 0x41, 0x37, 0xb3,
    0x45, 0x41, 0x37, 0xb3, 0x45, 0x41, 0x37, 0xb3, 0x45, 0x41, 0x37, 0xb3, 0x45, 0x41, 0x37, 0xb3,
    0x45, 0x41, 0x37, 0xb3, 0x45, 0x41, 0x37, 0xb3, 0x45, 0x41, 0x37, 0xb3, 0x45, 0x41, 0x37, 0xb3,
    0x45, 0x41, 0x37, 0xb3, 0x45, 0x41, 0x37, 0xb3, 0x45, 0x41, 0x37, 0xb3, 0x45, 0x41, 0x37, 0xb3,
    0x45, 0x41, 0x37, 0xb3, 0x45, 0x41, 0x37, 0xb3, 0x45, 0x41, 0x37, 0xb3, 0x45, 0x41, 0x37, 0xb3,
    0x45, 0x41, 0x37, 0xb3, 0x45, 0x41, 0x37, 0xb3, 0x45, 0x41, 0x37, 0xb3, 0x45, 0x41, 0x37, 0xb3,
    0x45, 0x41, 0x37, 0xb3, 0x45, 0x41, 0x37, 0xb3, 0x45, 0x41, 0x37, 0xb3, 0x45, 0x41, 0x37, 0xb3,
    0x45, 0x41, 0x37, 0xb3, 0x45, 0x41, 0x37, 0xb3, 0x45, 0x41, 0x37, 0xb3, 0x45, 0x41, 0x37, 0xb3,
    0x45, 0x41, 0x37, 0xb3, 0x45, 0x41, 0x37, 0xb3, 0x45, 0x41, 0x37, 0xb3, 0x45, 0x41, 0x37, 0xb3,
    0x45, 0x41, 0x37, 0xb3, 0x45, 0x41, 0x37, 0xb3, 0x45, 0x41, 0x37, 0xb3, 0x45, 0x41, 0x37, 0xb3,
    0x45, 0x41, 0x37, 0xb3, 0x45, 0x41, 0x37, 0xb3, 0x45, 0x41, 0x37, 0xb3, 0x45, 0x41, 0x37, 0xb3,
    0x45, 0x41, 0x37, 0xb3, 0x45, 0x41, 0x37, 0xb3, 0x45, 0x41, 0x37, 0xb3, 0x45, 0x41, 0x37, 0xb3,
    0x45, 0x41, 0x37, 0xb3, 0x45, 0x41, 0x37, 0xb3, 0x45, 0x41, 0x37, 0xb3, 0x45, 0x41, 0x37, 0xb3,
    0x45, 0x41, 0x37, 0xb3, 0x45, 0x41, 0x37, 0xb3, 0x45, 0x41, 0x37, 0xb3, 0x45, 0x41, 0x37, 0xb3,
    0x45, 0x41, 0x37, 0xb3, 0x45, 0x41, 0x37, 0xb3, 0x45, 0x41, 0x37, 0xb3, 0x45, 0x41, 0x37, 0xb3,
    0x45, 0x41, 0x37, 0xb3, 0x45, 0x41, 0x37, 0xb3, 0x45, 0x41, 0x37, 0xb3, 0x45, 0x41, 0x37, 0xb3,
    0x45, 0x41, 0x37, 0xb3, 0x45, 0x41, 0x37, 0xb3, 0x45, 0x41, 0x37, 0xb3, 0x45, 0x41, 0x37, 0xb3,
    0x45, 0x41, 0x37, 0xb3, 0x45, 0x41, 0x37, 0xb3, 0x45, 0x41, 0x37, 0xb3, 0x45, 0x41, 0x37, 0xb3,
    0x45, 0x41, 0x37, 0xb3, 0x45, 0x41, 0x37, 0xb3, 0x45, 0x41, 0x37, 0xb3, 0x45, 0x41, 0x37, 0xb3,
    0x45, 0x41, 0x37, 0xb3, 0x45, 0x41, 0x37, 0xb3, 0x80, 0xc0, 0xa7, 0x31, 0x00, 0x00, 0x00, 0x00,
    0x00, 0x00, 0x00, 0x00, 0x80, 0xc0, 0xa7, 0x0b, 0x80, 0xc0, 0xa7, 0x4c, 0x45, 0x41, 0x37, 0xb3,
    0x45, 0x41, 0x37, 0xb3, 0x45, 0x41, 0x37, 0xb3, 0x45, 0x41, 0x37, 0xb3, 0x45, 0x41, 0x37, 0xb3,
    0x45, 0x41, 0x37, 0xb3, 0x45, 0x41, 0x37, 0xb3, 0x45, 0x41, 0x37, 0xb3, 0x45, 0x41, 0x37, 0xb3,
    0x45, 0x41, 0x37, 0xb3, 0x45, 0x41, 0x37, 0xb3, 0x45, 0x41, 0x37, 0xb3, 0x45, 0x41, 0x37, 0xb3,
    0x45, 0x41, 0x37, 0xb3, 0x45, 0x41, 0x37, 0xb3, 0x45, 0x41, 0x37, 0xb3, 0x45, 0x41, 0x37, 0xb3,
    0x45, 0x41, 0x37, 0xb3, 0x45, 0x41, 0x37, 0xb3, 0x45, 0x41, 0x37, 0xb3, 0x45, 0x41, 0x37, 0xb3,
    0x45, 0x41, 0x37, 0xb3, 0x45, 0x41, 0x37, 0xb3, 0x45, 0x41, 0x37, 0xb3, 0x45, 0x41, 0x37, 0xb3,
    0x45, 0x41, 0x37, 0xb3, 0x45, 0x41, 0x37, 0xb3, 0x45, 0x41, 0x37, 0xb3, 0x45, 0x41, 0x37, 0xb3,
    0x45, 0x41, 0x37, 0xb3, 0x45, 0x41, 0x37, 0xb3, 0x45, 0x41, 0x37, 0xb3, 0x45, 0x41, 0x37, 0xb3,
    0x45, 0x41, 0x37, 0xb3, 0x45, 0x41, 0x37, 0xb3, 0x45, 0x41, 0x37, 0xb3, 0x45, 0x41, 0x37, 0xb3,
    0x45, 0x41, 0x37, 0xb3, 0x45, 0x41, 0x37, 0xb3, 0x45, 0x41, 0x37, 0xb3, 0x45, 0x41, 0x37, 0xb3,
    0x45, 0x41, 0x37, 0xb3, 0x45, 0x41, 0x37, 0xb3, 0x45, 0x41, 0x37, 0xb3, 0x45, 0x41, 0x37, 0xb3,
    0x45, 0x41, 0x37, 0xb3, 0x45, 0x41, 0x37, 0xb3, 0x45, 0x41, 0x37, 0xb3, 0x45, 0x41, 0x37, 0xb3,
    0x45, 0x41, 0x37, 0xb3, 0x45, 0x41, 0x37, 0xb3, 0x45, 0x41, 0x37, 0xb3, 0x45, 0x41, 0x37, 0xb3,
    0x45, 0x41, 0x37, 0xb3, 0x45, 0x41, 0x37, 0xb3, 0x45, 0x41, 0x37, 0xb3, 0x45, 0x41, 0x37, 0xb3,
    0x45, 0x41, 0x37, 0xb3, 0x45, 0x41, 0x37, 0xb3, 0x45, 0x41, 0x37, 0xb3, 0x45, 0x41, 0x37, 0xb3,
    0x45, 0x41, 0x37, 0xb3, 0x45, 0x41, 0x37, 0xb3, 0x45, 0x41, 0x37, 0xb3, 0x45, 0x41, 0x37, 0xb3,
    0x45, 0x41, 0x37, 0xb3, 0x45, 0x41, 0x37, 0xb3, 0x45, 0x41, 0x37, 0xb3, 0x45, 0x41, 0x37, 0xb3,
    0x45, 0x41, 0x37, 0xb3, 0x45, 0x41, 0x37, 0xb3, 0x45, 0x41, 0x37, 0xb3, 0x45, 0x41, 0x37, 0xb3,
    0x45, 0x41, 0x37, 0xb3, 0x80, 0xc0, 0xa7, 0x4c, 0x80, 0xc0, 0xa7, 0x0b, 0x00, 0x00, 0x00, 0x00,
    0x00, 0x00, 0x00, 0x00, 0x00, 0x00, 0x00, 0x00, 0x80, 0xc0, 0xa7, 0x1e, 0x80, 0xc0, 0xa7, 0x4d,
    0x45, 0x41, 0x37, 0xb3, 0x45, 0x41, 0x37, 0xb3, 0x45, 0x41, 0x37, 0xb3, 0x45, 0x41, 0x37, 0xb3,
    0x45, 0x41, 0x37, 0xb3, 0x45, 0x41, 0x37, 0xb3, 0x45, 0x41, 0x37, 0xb3, 0x45, 0x41, 0x37, 0xb3,
    0x45, 0x41, 0x37, 0xb3, 0x45, 0x41, 0x37, 0xb3, 0x45, 0x41, 0x37, 0xb3, 0x45, 0x41, 0x37, 0xb3,
    0x45, 0x41, 0x37, 0xb3, 0x45, 0x41, 0x37, 0xb3, 0x45, 0x41, 0x37, 0xb3, 0x45, 0x41, 0x37, 0xb3,
    0x45, 0x41, 0x37, 0xb3, 0x45, 0x41, 0x37, 0xb3, 0x45, 0x41, 0x37, 0xb3, 0x45, 0x41, 0x37, 0xb3,
    0x45, 0x41, 0x37, 0xb3, 0x45, 0x41, 0x37, 0xb3, 0x45, 0x41, 0x37, 0xb3, 0x45, 0x41, 0x37, 0xb3,
    0x45, 0x41, 0x37, 0xb3, 0x45, 0x41, 0x37, 0xb3, 0x45, 0x41, 0x37, 0xb3, 0x45, 0x41, 0x37, 0xb3,
    0x45, 0x41, 0x37, 0xb3, 0x45, 0x41, 0x37, 0xb3, 0x45, 0x41, 0x37, 0xb3, 0x45, 0x41, 0x37, 0xb3,
    0x45, 0x41, 0x37, 0xb3, 0x45, 0x41, 0x37, 0xb3, 0x45, 0x41, 0x37, 0xb3, 0x45, 0x41, 0x37, 0xb3,
    0x45, 0x41, 0x37, 0xb3, 0x45, 0x41, 0x37, 0xb3, 0x45, 0x41, 0x37, 0xb3, 0x45, 0x41, 0x37, 0xb3,
    0x45, 0x41, 0x37, 0xb3, 0x45, 0x41, 0x37, 0xb3, 0x45, 0x41, 0x37, 0xb3, 0x45, 0x41, 0x37, 0xb3,
    0x45, 0x41, 0x37, 0xb3, 0x45, 0x41, 0x37, 0xb3, 0x45, 0x41, 0x37, 0xb3, 0x45, 0x41, 0x37, 0xb3,
    0x45, 0x41, 0x37, 0xb3, 0x45, 0x41, 0x37, 0xb3, 0x45, 0x41, 0x37, 0xb3, 0x45, 0x41, 0x37, 0xb3,
    0x45, 0x41, 0x37, 0xb3, 0x45, 0x41, 0x37, 0xb3, 0x45, 0x41, 0x37, 0xb3, 0x45, 0x41, 0x37, 0xb3,
    0x45, 0x41, 0x37, 0xb3, 0x45, 0x41, 0x37, 0xb3, 0x45, 0x41, 0x37, 0xb3, 0x45, 0x41, 0x37, 0xb3,
    0x45, 0x41, 0x37, 0xb3, 0x45, 0x41, 0x37, 0xb3, 0x45, 0x41, 0x37, 0xb3, 0x45, 0x41, 0x37, 0xb3,
    0x45, 0x41, 0x37, 0xb3, 0x45, 0x41, 0x37, 0xb3, 0x45, 0x41, 0x37, 0xb3, 0x45, 0x41, 0x37, 0xb3,
    0x45, 0x41, 0x37, 0xb3, 0x45, 0x41, 0x37, 0xb3, 0x45, 0x41, 0x37, 0xb3, 0x45, 0x41, 0x37, 0xb3,
    0x80, 0xc0, 0xa7, 0x4d, 0x80, 0xc0, 0xa7, 0x1e, 0x00, 0x00, 0x00, 0x00, 0x00, 0x00, 0x00, 0x00,
    0x00, 0x00, 0x00, 0x00, 0x00, 0x00, 0x00, 0x00, 0x00, 0x00, 0x00, 0x00, 0x80, 0xc0, 0xa7, 0x24,
    0x80, 0xc0, 0xa7, 0x4d, 0x45, 0x41, 0x37, 0xb3, 0x45, 0x41, 0x37, 0xb3, 0x45, 0x41, 0x37, 0xb3,
    0x45, 0x41, 0x37, 0xb3, 0x45, 0x41, 0x37, 0xb3, 0x45, 0x41, 0x37, 0xb3, 0x45, 0x41, 0x37, 0xb3,
    0x45, 0x41, 0x37, 0xb3, 0x45, 0x41, 0x37, 0xb3, 0x45, 0x41, 0x37, 0xb3, 0x45, 0x41, 0x37, 0xb3,
    0x45, 0x41, 0x37, 0xb3, 0x45, 0x41, 0x37, 0xb3, 0x45, 0x41, 0x37, 0xb3, 0x45, 0x41, 0x37, 0xb3,
    0x45, 0x41, 0x37, 0xb3, 0x45, 0x41, 0x37, 0xb3, 0x45, 0x41, 0x37, 0xb3, 0x45, 0x41, 0x37, 0xb3,
    0x45, 0x41, 0x37, 0xb3, 0x45, 0x41, 0x37, 0xb3, 0x45, 0x41, 0x37, 0xb3, 0x45, 0x41, 0x37, 0xb3,
    0x45, 0x41, 0x37, 0xb3, 0x45, 0x41, 0x37, 0xb3, 0x45, 0x41, 0x37, 0xb3, 0x45, 0x41, 0x37, 0xb3,
    0x45, 0x41, 0x37, 0xb3, 0x45, 0x41, 0x37, 0xb3, 0x45, 0x41, 0x37, 0xb3, 0x45, 0x41, 0x37, 0xb3,
    0x45, 0x41, 0x37, 0xb3, 0x45, 0x41, 0x37, 0xb3, 0x45, 0x41, 0x37, 0xb3, 0x45, 0x41, 0x37, 0xb3,
    0x45, 0x41, 0x37, 0xb3, 0x45, 0x41, 0x37, 0xb3, 0x45, 0x41, 0x37, 0xb3, 0x45, 0x41, 0x37, 0xb3,
    0x45, 0x41, 0x37, 0xb3, 0x45, 0x41, 0x37, 0xb3, 0x45, 0x41, 0x37, 0xb3, 0x45, 0x41, 0x37, 0xb3,
    0x45, 0x41, 0x37, 0xb3, 0x45, 0x41, 0x37, 0xb3, 0x45, 0x41, 0x37, 0xb3, 0x45, 0x41, 0x37, 0xb3,
    0x45, 0x41, 0x37, 0xb3, 0x45, 0x41, 0x37, 0xb3, 0x45, 0x41, 0x37, 0xb3, 0x45, 0x41, 0x37, 0xb3,
    0x45, 0x41, 0x37, 0xb3, 0x45, 0x41, 0x37, 0xb3, 0x45, 0x41, 0x37, 0xb3, 0x45, 0x41, 0x37, 0xb3,
    0x45, 0x41, 0x37, 0xb3, 0x45, 0x41, 0x37, 0xb3, 0x45, 0x41, 0x37, 0xb3, 0x45, 0x41, 0x37, 0xb3,
    0x45, 0x41, 0x37, 0xb3, 0x45, 0x41, 0x37, 0xb3, 0x45, 0x41, 0x37, 0xb3, 0x45, 0x41, 0x37, 0xb3,
    0x45, 0x41, 0x37, 0xb3, 0x45, 0x41, 0x37, 0xb3, 0x45, 0x41, 0x37, 0xb3, 0x45, 0x41, 0x37, 0xb3,
    0x45, 0x41, 0x37, 0xb3, 0x45, 0x41, 0x37, 0xb3, 0x45, 0x41, 0x37, 0xb3, 0x80, 0xc0, 0xa7, 0x4d,
    0x80, 0xc0, 0xa7, 0x24, 0x00, 0x00, 0x00, 0x00, 0x00, 0x00, 0x00, 0x00, 0x00, 0x00, 0x00, 0x00,
    0x00, 0x00, 0x00, 0x00, 0x00, 0x00, 0x00, 0x00, 0x00, 0x00, 0x00, 0x00, 0x00, 0x00, 0x00, 0x00,
    0x80, 0xc0, 0xa7, 0x1e, 0x80, 0xc0, 0xa7, 0x4c, 0x45, 0x41, 0x37, 0xb3, 0x45, 0x41, 0x37, 0xb3,
    0x45, 0x41, 0x37, 0xb3, 0x45, 0x41, 0x37, 0xb3, 0x45, 0x41, 0x37, 0xb3, 0x45, 0x41, 0x37, 0xb3,
    0x45, 0x41, 0x37, 0xb3, 0x45, 0x41, 0x37, 0xb3, 0x45, 0x41, 0x37, 0xb3, 0x45, 0x41, 0x37, 0xb3,
    0x45, 0x41, 0x37, 0xb3, 0x45, 0x41, 0x37, 0xb3, 0x45, 0x41, 0x37, 0xb3, 0x45, 0x41, 0x37, 0xb3,
    0x45, 0x41, 0x37, 0xb3, 0x45, 0x41, 0x37, 0xb3, 0x45, 0x41, 0x37, 0xb3, 0x45, 0x41, 0x37, 0xb3,
    0x45, 0x41, 0x37, 0xb3, 0x45, 0x41, 0x37, 0xb3, 0x45, 0x41, 0x37, 0xb3, 0x45, 0x41, 0x37, 0xb3,
    0x45, 0x41, 0x37, 0xb3, 0x45, 0x41, 0x37, 0xb3, 0x45, 0x41, 0x37, 0xb3, 0x45, 0x41, 0x37, 0xb3,
    0x45, 0x41, 0x37, 0xb3, 0x45, 0x41, 0x37, 0xb3, 0x45, 0x41, 0x37, 0xb3, 0x45, 0x41, 0x37, 0xb3,
    0x45, 0x41, 0x37, 0xb3, 0x45, 0x41, 0x37, 0xb3, 0x45, 0x41, 0x37, 0xb3, 0x45, 0x41, 0x37, 0xb3,
    0x45, 0x41, 0x37, 0xb3, 0x45, 0x41, 0x37, 0xb3, 0x45, 0x41, 0x37, 0xb3, 0x45, 0x41, 0x37, 0xb3,
    0x45, 0x41, 0x37, 0xb3, 0x45, 0x41, 0x37, 0xb3, 0x45, 0x41, 0x37, 0xb3, 0x45, 0x41, 0x37, 0xb3,
    0x45, 0x41, 0x37, 0xb3, 0x45, 0x41, 0x37, 0xb3, 0x45, 0x41, 0x37, 0xb3, 0x45, 0x41, 0x37, 0xb3,
    0x45, 0x41, 0x37, 0xb3, 0x45, 0x41, 0x37, 0xb3, 0x45, 0x41, 0x37, 0xb3, 0x45, 0x41, 0x37, 0xb3,
    0x45, 0x41, 0x37, 0xb3, 0x45, 0x41, 0x37, 0xb3, 0x45, 0x41, 0x37, 0xb3, 0x45, 0x41, 0x37, 0xb3,
    0x45, 0x41, 0x37, 0xb3, 0x45, 0x41, 0x37, 0xb3, 0x45, 0x41, 0x37, 0xb3, 0x45, 0x41, 0x37, 0xb3,
    0x45, 0x41, 0x37, 0xb3, 0x45, 0x41, 0x37, 0xb3, 0x45, 0x41, 0x37, 0xb3, 0x45, 0x41, 0x37, 0xb3,
    0x45, 0x41, 0x37, 0xb3, 0x45, 0x41, 0x37, 0xb3, 0x45, 0x41, 0x37, 0xb3, 0x45, 0x41, 0x37, 0xb3,
    0x45, 0x41, 0x37, 0xb3, 0x45, 0x41, 0x37, 0xb3, 0x80, 0xc0, 0xa7, 0x4c, 0x80, 0xc0, 0xa7, 0x1e,
    0x00, 0x00, 0x00, 0x00, 0x00, 0x00, 0x00, 0x00, 0x00, 0x00, 0x00, 0x00, 0x00, 0x00, 0x00, 0x00,
    0x00, 0x00, 0x00, 0x00, 0x00, 0x00, 0x00, 0x00, 0x00, 0x00, 0x00, 0x00, 0x00, 0x00, 0x00, 0x00,
    0x00, 0x00, 0x00, 0x00, 0x80, 0xc0, 0xa7, 0x0b, 0x80, 0xc0, 0xa7, 0x31, 0x80, 0xc0, 0xa7, 0x4d,
    0x80, 0xc0, 0xa7, 0x4d, 0x45, 0x41, 0x37, 0xb3, 0x45, 0x41, 0x37, 0xb3, 0x45, 0x41, 0x37, 0xb3,
    0x45, 0x41, 0x37, 0xb3, 0x45, 0x41, 0x37, 0xb3, 0x45, 0x41, 0x37, 0xb3, 0x45, 0x41, 0x37, 0xb3,
    0x45, 0x41, 0x37, 0xb3, 0x45, 0x41, 0x37, 0xb3, 0x45, 0x41, 0x37, 0xb3, 0x45, 0x41, 0x37, 0xb3,
    0x45, 0x41, 0x37, 0xb3, 0x45, 0x41, 0x37, 0xb3, 0x45, 0x41, 0x37, 0xb3, 0x45, 0x41, 0x37, 0xb3,
    0x45, 0x41, 0x37, 0xb3, 0x45, 0x41, 0x37, 0xb3, 0x45, 0x41, 0x37, 0xb3, 0x45, 0x41, 0x37, 0xb3,
    0x45, 0x41, 0x37, 0xb3, 0x45, 0x41, 0x37, 0xb3, 0x45, 0x41, 0x37, 0xb3, 0x45, 0x41, 0x37, 0xb3,
    0x45, 0x41, 0x37, 0xb3, 0x45, 0x41, 0x37, 0xb3, 0x45, 0x41, 0x37, 0xb3, 0x45, 0x41, 0x37, 0xb3,
    0x45, 0x41, 0x37, 0xb3, 0x45, 0x41, 0x37, 0xb3, 0x45, 0x41, 0x37, 0xb3, 0x45, 0x41, 0x37, 0xb3,
    0x45, 0x41, 0x37, 0xb3, 0x45, 0x41, 0x37, 0xb3, 0x45, 0x41, 0x37, 0xb3, 0x45, 0x41, 0x37, 0xb3,
    0x45, 0x41, 0x37, 0xb3, 0x45, 0x41, 0x37, 0xb3, 0x45, 0x41, 0x37, 0xb3, 0x45, 0x41, 0x37, 0xb3,
    0x45, 0x41, 0x37, 0xb3, 0x45, 0x41, 0x37, 0xb3, 0x45, 0x41, 0x37, 0xb3, 0x45, 0x41, 0x37, 0xb3,
    0x45, 0x41, 0x37, 0xb3, 0x45, 0x41, 0x37, 0xb3, 0x45, 0x41, 0x37, 0xb3, 0x45, 0x41, 0x37, 0xb3,
    0x45, 0x41, 0x37, 0xb3, 0x45, 0x41, 0x37, 0xb3, 0x45, 0x41, 0x37, 0xb3, 0x45, 0x41, 0x37, 0xb3,
    0x45, 0x41, 0x37, 0xb3, 0x45, 0x41, 0x37, 0xb3, 0x45, 0x41, 0x37, 0xb3, 0x45, 0x41, 0x37, 0xb3,
    0x45, 0x41, 0x37, 0xb3, 0x45, 0x41, 0x37, 0xb3, 0x45, 0x41, 0x37, 0xb3, 0x45, 0x41, 0x37, 0xb3,
    0x45, 0x41, 0x37, 0xb3, 0x45, 0x41, 0x37, 0xb3, 0x45, 0x41, 0x37, 0xb3, 0x80, 0xc0, 0xa7, 0x4d,
    0x80, 0xc0, 0xa7, 0x4d, 0x80, 0xc0, 0xa7, 0x31, 0x80, 0xc0, 0xa7, 0x0b, 0x00, 0x00, 0x00, 0x00,
    0x00, 0x00, 0x00, 0x00, 0x00, 0x00, 0x00, 0x00, 0x00, 0x00, 0x00, 0x00, 0x00, 0x00, 0x00, 0x00,
    0x00, 0x00, 0x00, 0x00, 0x00, 0x00, 0x00, 0x00, 0x00, 0x00, 0x00, 0x00, 0x00, 0x00, 0x00, 0x00,
    0x00, 0x00, 0x00, 0x00, 0x00, 0x00, 0x00, 0x00, 0x00, 0x00, 0x00, 0x00, 0x80, 0xc0, 0xa7, 0x0b,
    0x80, 0xc0, 0xa7, 0x24, 0x80, 0xc0, 0xa7, 0x38, 0x80, 0xc0, 0xa7, 0x45, 0x80, 0xc0, 0xa7, 0x4c,
    0x80, 0xc0, 0xa7, 0x4d, 0x80, 0xc0, 0xa7, 0x4d, 0x80, 0xc0, 0xa7, 0x4d, 0x80, 0xc0, 0xa7, 0x4d,
    0x80, 0xc0, 0xa7, 0x4d, 0x80, 0xc0, 0xa7, 0x4d, 0x80, 0xc0, 0xa7, 0x4d, 0x80, 0xc0, 0xa7, 0x4d,
    0x80, 0xc0, 0xa7, 0x4d, 0x80, 0xc0, 0xa7, 0x4d, 0x80, 0xc0, 0xa7, 0x4d, 0x80, 0xc0, 0xa7, 0x4d,
    0x80, 0xc0, 0xa7, 0x4d, 0x80, 0xc0, 0xa7, 0x4d, 0x80, 0xc0, 0xa7, 0x4d, 0x80, 0xc0, 0xa7, 0x4d,
    0x80, 0xc0, 0xa7, 0x4d, 0x80, 0xc0, 0xa7, 0x4d, 0x80, 0xc0, 0xa7, 0x4d, 0x80, 0xc0, 0xa7, 0x4d,
    0x80, 0xc0, 0xa7, 0x4d, 0x80, 0xc0, 0xa7, 0x4d, 0x80, 0xc0, 0xa7, 0x4d, 0x80, 0xc0, 0xa7, 0x4d,
    0x80, 0xc0, 0xa7, 0x4d, 0x80, 0xc0, 0xa7, 0x4d, 0x80, 0xc0, 0xa7, 0x4d, 0x80, 0xc0, 0xa7, 0x4d,
    0x80, 0xc0, 0xa7, 0x4d, 0x80, 0xc0, 0xa7, 0x4d, 0x80, 0xc0, 0xa7, 0x4d, 0x80, 0xc0, 0xa7, 0x4d,
    0x80, 0xc0, 0xa7, 0x4d, 0x80, 0xc0, 0xa7, 0x4d, 0x80, 0xc0, 0xa7, 0x4d, 0x80, 0xc0, 0xa7, 0x4d,
    0x80, 0xc0, 0xa7, 0x4d, 0x80, 0xc0, 0xa7, 0x4d, 0x80, 0xc0, 0xa7, 0x4d, 0x80, 0xc0, 0xa7, 0x4d,
    0x80, 0xc0, 0xa7, 0x4d, 0x80, 0xc0, 0xa7, 0x4d, 0x80, 0xc0, 0xa7, 0x4d, 0x80, 0xc0, 0xa7, 0x4d,
    0x80, 0xc0, 0xa7, 0x4d, 0x80, 0xc0, 0xa7, 0x4d, 0x80, 0xc0, 0xa7, 0x4d, 0x80, 0xc0, 0xa7, 0x4d,
    0x80, 0xc0, 0xa7, 0x4d, 0x80, 0xc0, 0xa7, 0x4d, 0x80, 0xc0, 0xa7, 0x4d, 0x80, 0xc0, 0xa7, 0x4d,
    0x80, 0xc0, 0xa7, 0x4d, 0x80, 0xc0, 0xa7, 0x4d, 0x80, 0xc0, 0xa7, 0x4d, 0x80, 0xc0, 0xa7, 0x4d,
    0x80, 0xc0, 0xa7, 0x4c, 0x80, 0xc0, 0xa7, 0x45, 0x80, 0xc0, 0xa7, 0x38, 0x80, 0xc0, 0xa7, 0x24,
    0x80, 0xc0, 0xa7, 0x0b, 0x00, 0x00, 0x00, 0x00, 0x00, 0x00, 0x00, 0x00, 0x00, 0x00, 0x00, 0x00,
    0x00, 0x00, 0x00, 0x00, 0x00, 0x00, 0x00, 0x00, 0x00, 0x00, 0x00, 0x00, 0x00, 0x00, 0x00, 0x00,
};
static const lv_img_dsc_t pill_meta_ready_green = {
    .header.always_zero = 0,
    .header.w = 80,
    .header.h = 25,
    .header.cf = LV_IMG_CF_TRUE_COLOR_ALPHA,
    .data_size = sizeof(pill_meta_ready_green_data),
    .data = pill_meta_ready_green_data,
};

static const uint8_t pill_chip_l_data[] = {
    0x00, 0x00, 0x00, 0x00, 0x00, 0x00, 0x00, 0x00, 0x00, 0x00, 0x00, 0x00, 0x00, 0x00, 0x00, 0x00,
    0x00, 0x00, 0x00, 0x00, 0x00, 0x00, 0x00, 0x00, 0x00, 0x00, 0x00, 0x00, 0x00, 0x00, 0x00, 0x00,
    0xaa, 0xc6, 0xd3, 0x04, 0xaa, 0xc6, 0xd3, 0x0a, 0xaa, 0xc6, 0xd3, 0x0f, 0xaa, 0xc6, 0xd3, 0x12,
    0xaa, 0xc6, 0xd3, 0x13, 0x00, 0x00, 0x00, 0x00, 0x00, 0x00, 0x00, 0x00, 0x00, 0x00, 0x00, 0x00,
    0x00, 0x00, 0x00, 0x00, 0x00, 0x00, 0x00, 0x00, 0x00, 0x00, 0x00, 0x00, 0xaa, 0xc6, 0xd3, 0x05,
    0xaa, 0xc6, 0xd3, 0x0f, 0xaa, 0xc6, 0xd3, 0x14, 0xaa, 0xc6, 0xd3, 0x14, 0x3c, 0x38, 0x2e, 0x8c,
    0x3c, 0x38, 0x2e, 0x8c, 0x3c, 0x38, 0x2e, 0x8c, 0x00, 0x00, 0x00, 0x00, 0x00, 0x00, 0x00, 0x00,
    0x00, 0x00, 0x00, 0x00, 0x00, 0x00, 0x00, 0x00, 0x00, 0x00, 0x00, 0x00, 0xaa, 0xc6, 0xd3, 0x0b,
    0xaa, 0xc6, 0xd3, 0x14, 0x3c, 0x38, 0x2e, 0x8c, 0x3c, 0x38, 0x2e, 0x8c, 0x3c, 0x38, 0x2e, 0x8c,
    0x3c, 0x38, 0x2e, 0x8c, 0x3c, 0x38, 0x2e, 0x8c, 0x3c, 0x38, 0x2e, 0x8c, 0x00, 0x00, 0x00, 0x00,
    0x00, 0x00, 0x00, 0x00, 0x00, 0x00, 0x00, 0x00, 0xaa, 0xc6, 0xd3, 0x01, 0xaa, 0xc6, 0xd3, 0x0f,
    0xaa, 0xc6, 0xd3, 0x14, 0x3c, 0x38, 0x2e, 0x8c, 0x3c, 0x38, 0x2e, 0x8c, 0x3c, 0x38, 0x2e, 0x8c,
    0x3c, 0x38, 0x2e, 0x8c, 0x3c, 0x38, 0x2e, 0x8c, 0x3c, 0x38, 0x2e, 0x8c, 0x3c, 0x38, 0x2e, 0x8c,
    0x00, 0x00, 0x00, 0x00, 0x00, 0x00, 0x00, 0x00, 0x00, 0x00, 0x00, 0x00, 0xaa, 0xc6, 0xd3, 0x0f,
    0xaa, 0xc6, 0xd3, 0x14, 0x3c, 0x38, 0x2e, 0x8c, 0x3c, 0x38, 0x2e, 0x8c, 0x3c, 0x38, 0x2e, 0x8c,
    0x3c, 0x38, 0x2e, 0x8c, 0x3c, 0x38, 0x2e, 0x8c, 0x3c, 0x38, 0x2e, 0x8c, 0x3c, 0x38, 0x2e, 0x8c,
    0x3c, 0x38, 0x2e, 0x8c, 0x00, 0x00, 0x00, 0x00, 0x00, 0x00, 0x00, 0x00, 0xaa, 0xc6, 0xd3, 0x0b,
    0xaa, 0xc6, 0xd3, 0x14, 0x3c, 0x38, 0x2e, 0x8c, 0x3c, 0x38, 0x2e, 0x8c, 0x3c, 0x38, 0x2e, 0x8c,
    0x3c, 0x38, 0x2e, 0x8c, 0x3c, 0x38, 0x2e, 0x8c, 0x3c, 0x38, 0x2e, 0x8c, 0x3c, 0x38, 0x2e, 0x8c,
    0x3c, 0x38, 0x2e, 0x8c, 0x3c, 0x38, 0x2e, 0x8c, 0x00, 0x00, 0x00, 0x00, 0xaa, 0xc6, 0xd3, 0x05,
    0xaa, 0xc6, 0xd3, 0x14, 0x3c, 0x38, 0x2e, 0x8c, 0x3c, 0x38, 0x2e, 0x8c, 0x3c, 0x38, 0x2e, 0x8c,
    0x3c, 0x38, 0x2e, 0x8c, 0x3c, 0x38, 0x2e, 0x8c, 0x3c, 0x38, 0x2e, 0x8c, 0x3c, 0x38, 0x2e, 0x8c,
    0x3c, 0x38, 0x2e, 0x8c, 0x3c, 0x38, 0x2e, 0x8c, 0x3c, 0x38, 0x2e, 0x8c, 0x00, 0x00, 0x00, 0x00,
    0xaa, 0xc6, 0xd3, 0x0f, 0x3c, 0x38, 0x2e, 0x8c, 0x3c, 0x38, 0x2e, 0x8c, 0x3c, 0x38, 0x2e, 0x8c,
    0x3c, 0x38, 0x2e, 0x8c, 0x3c, 0x38, 0x2e, 0x8c, 0x3c, 0x38, 0x2e, 0x8c, 0x3c, 0x38, 0x2e, 0x8c,
    0x3c, 0x38, 0x2e, 0x8c, 0x3c, 0x38, 0x2e, 0x8c, 0x3c, 0x38, 0x2e, 0x8c, 0x3c, 0x38, 0x2e, 0x8c,
    0xaa, 0xc6, 0xd3, 0x04, 0xaa, 0xc6, 0xd3, 0x14, 0x3c, 0x38, 0x2e, 0x8c, 0x3c, 0x38, 0x2e, 0x8c,
    0x3c, 0x38, 0x2e, 0x8c, 0x3c, 0x38, 0x2e, 0x8c, 0x3c, 0x38, 0x2e, 0x8c, 0x3c, 0x38, 0x2e, 0x8c,
    0x3c, 0x38, 0x2e, 0x8c, 0x3c, 0x38, 0x2e, 0x8c, 0x3c, 0x38, 0x2e, 0x8c, 0x3c, 0x38, 0x2e, 0x8c,
    0x3c, 0x38, 0x2e, 0x8c, 0xaa, 0xc6, 0xd3, 0x0a, 0xaa, 0xc6, 0xd3, 0x14, 0x3c, 0x38, 0x2e, 0x8c,
    0x3c, 0x38, 0x2e, 0x8c, 0x3c, 0x38, 0x2e, 0x8c, 0x3c, 0x38, 0x2e, 0x8c, 0x3c, 0x38, 0x2e, 0x8c,
    0x3c, 0x38, 0x2e, 0x8c, 0x3c, 0x38, 0x2e, 0x8c, 0x3c, 0x38, 0x2e, 0x8c, 0x3c, 0x38, 0x2e, 0x8c,
    0x3c, 0x38, 0x2e, 0x8c, 0x3c, 0x38, 0x2e, 0x8c, 0xaa, 0xc6, 0xd3, 0x0f, 0x3c, 0x38, 0x2e, 0x8c,
    0x3c, 0x38, 0x2e, 0x8c, 0x3c, 0x38, 0x2e, 0x8c, 0x3c, 0x38, 0x2e, 0x8c, 0x3c, 0x38, 0x2e, 0x8c,
    0x3c, 0x38, 0x2e, 0x8c, 0x3c, 0x38, 0x2e, 0x8c, 0x3c, 0x38, 0x2e, 0x8c, 0x3c, 0x38, 0x2e, 0x8c,
    0x3c, 0x38, 0x2e, 0x8c, 0x3c, 0x38, 0x2e, 0x8c, 0x3c, 0x38, 0x2e, 0x8c, 0xaa, 0xc6, 0xd3, 0x12,
    0x3c, 0x38, 0x2e, 0x8c, 0x3c, 0x38, 0x2e, 0x8c, 0x3c, 0x38, 0x2e, 0x8c, 0x3c, 0x38, 0x2e, 0x8c,
    0x3c, 0x38, 0x2e, 0x8c, 0x3c, 0x38, 0x2e, 0x8c, 0x3c, 0x38, 0x2e, 0x8c, 0x3c, 0x38, 0x2e, 0x8c,
    0x3c, 0x38, 0x2e, 0x8c, 0x3c, 0x38, 0x2e, 0x8c, 0x3c, 0x38, 0x2e, 0x8c, 0x3c, 0x38, 0x2e, 0x8c,
    0xaa, 0xc6, 0xd3, 0x13, 0x3c, 0x38, 0x2e, 0x8c, 0x3c, 0x38, 0x2e, 0x8c, 0x3c, 0x38, 0x2e, 0x8c,
    0x3c, 0x38, 0x2e, 0x8c, 0x3c, 0x38, 0x2e, 0x8c, 0x3c, 0x38, 0x2e, 0x8c, 0x3c, 0x38, 0x2e, 0x8c,
    0x3c, 0x38, 0x2e, 0x8c, 0x3c, 0x38, 0x2e, 0x8c, 0x3c, 0x38, 0x2e, 0x8c, 0x3c, 0x38, 0x2e, 0x8c,
    0x3c, 0x38, 0x2e, 0x8c, 0xaa, 0xc6, 0xd3, 0x14, 0x3c, 0x38, 0x2e, 0x8c, 0x3c, 0x38, 0x2e, 0x8c,
    0x3c, 0x38, 0x2e, 0x8c, 0x3c, 0x38, 0x2e, 0x8c, 0x3c, 0x38, 0x2e, 0x8c, 0x3c, 0x38, 0x2e, 0x8c,
    0x3c, 0x38, 0x2e, 0x8c, 0x3c, 0x38, 0x2e, 0x8c, 0x3c, 0x38, 0x2e, 0x8c, 0x3c, 0x38, 0x2e, 0x8c,
    0x3c, 0x38, 0x2e, 0x8c, 0x3c, 0x38, 0x2e, 0x8c, 0xaa, 0xc6, 0xd3, 0x13, 0x3c, 0x38, 0x2e, 0x8c,
    0x3c, 0x38, 0x2e, 0x8c, 0x3c, 0x38, 0x2e, 0x8c, 0x3c, 0x38, 0x2e, 0x8c, 0x3c, 0x38, 0x2e, 0x8c,
    0x3c, 0x38, 0x2e, 0x8c, 0x3c, 0x38, 0x2e, 0x8c, 0x3c, 0x38, 0x2e, 0x8c, 0x3c, 0x38, 0x2e, 0x8c,
    0x3c, 0x38, 0x2e, 0x8c, 0x3c, 0x38, 0x2e, 0x8c, 0x3c, 0x38, 0x2e, 0x8c, 0xaa, 0xc6, 0xd3, 0x12,
    0x3c, 0x38, 0x2e, 0x8c, 0x3c, 0x38, 0x2e, 0x8c, 0x3c, 0x38, 0x2e, 0x8c, 0x3c, 0x38, 0x2e, 0x8c,
    0x3c, 0x38, 0x2e, 0x8c, 0x3c, 0x38, 0x2e, 0x8c, 0x3c, 0x38, 0x2e, 0x8c, 0x3c, 0x38, 0x2e, 0x8c,
    0x3c, 0x38, 0x2e, 0x8c, 0x3c, 0x38, 0x2e, 0x8c, 0x3c, 0x38, 0x2e, 0x8c, 0x3c, 0x38, 0x2e, 0x8c,
    0xaa, 0xc6, 0xd3, 0x0f, 0x3c, 0x38, 0x2e, 0x8c, 0x3c, 0x38, 0x2e, 0x8c, 0x3c, 0x38, 0x2e, 0x8c,
    0x3c, 0x38, 0x2e, 0x8c, 0x3c, 0x38, 0x2e, 0x8c, 0x3c, 0x38, 0x2e, 0x8c, 0x3c, 0x38, 0x2e, 0x8c,
    0x3c, 0x38, 0x2e, 0x8c, 0x3c, 0x38, 0x2e, 0x8c, 0x3c, 0x38, 0x2e, 0x8c, 0x3c, 0x38, 0x2e, 0x8c,
    0x3c, 0x38, 0x2e, 0x8c, 0xaa, 0xc6, 0xd3, 0x0a, 0xaa, 0xc6, 0xd3, 0x14, 0x3c, 0x38, 0x2e, 0x8c,
    0x3c, 0x38, 0x2e, 0x8c, 0x3c, 0x38, 0x2e, 0x8c, 0x3c, 0x38, 0x2e, 0x8c, 0x3c, 0x38, 0x2e, 0x8c,
    0x3c, 0x38, 0x2e, 0x8c, 0x3c, 0x38, 0x2e, 0x8c, 0x3c, 0x38, 0x2e, 0x8c, 0x3c, 0x38, 0x2e, 0x8c,
    0x3c, 0x38, 0x2e, 0x8c, 0x3c, 0x38, 0x2e, 0x8c, 0xaa, 0xc6, 0xd3, 0x04, 0xaa, 0xc6, 0xd3, 0x14,
    0x3c, 0x38, 0x2e, 0x8c, 0x3c, 0x38, 0x2e, 0x8c, 0x3c, 0x38, 0x2e, 0x8c, 0x3c, 0x38, 0x2e, 0x8c,
    0x3c, 0x38, 0x2e, 0x8c, 0x3c, 0x38, 0x2e, 0x8c, 0x3c, 0x38, 0x2e, 0x8c, 0x3c, 0x38, 0x2e, 0x8c,
    0x3c, 0x38, 0x2e, 0x8c, 0x3c, 0x38, 0x2e, 0x8c, 0x3c, 0x38, 0x2e, 0x8c, 0x00, 0x00, 0x00, 0x00,
    0xaa, 0xc6, 0xd3, 0x0f, 0x3c, 0x38, 0x2e, 0x8c, 0x3c, 0x38, 0x2e, 0x8c, 0x3c, 0x38, 0x2e, 0x8c,
    0x3c, 0x38, 0x2e, 0x8c, 0x3c, 0x38, 0x2e, 0x8c, 0x3c, 0x38, 0x2e, 0x8c, 0x3c, 0x38, 0x2e, 0x8c,
    0x3c, 0x38, 0x2e, 0x8c, 0x3c, 0x38, 0x2e, 0x8c, 0x3c, 0x38, 0x2e, 0x8c, 0x3c, 0x38, 0x2e, 0x8c,
    0x00, 0x00, 0x00, 0x00, 0xaa, 0xc6, 0xd3, 0x05, 0xaa, 0xc6, 0xd3, 0x14, 0x3c, 0x38, 0x2e, 0x8c,
    0x3c, 0x38, 0x2e, 0x8c, 0x3c, 0x38, 0x2e, 0x8c, 0x3c, 0x38, 0x2e, 0x8c, 0x3c, 0x38, 0x2e, 0x8c,
    0x3c, 0x38, 0x2e, 0x8c, 0x3c, 0x38, 0x2e, 0x8c, 0x3c, 0x38, 0x2e, 0x8c, 0x3c, 0x38, 0x2e, 0x8c,
    0x3c, 0x38, 0x2e, 0x8c, 0x00, 0x00, 0x00, 0x00, 0x00, 0x00, 0x00, 0x00, 0xaa, 0xc6, 0xd3, 0x0b,
    0xaa, 0xc6, 0xd3, 0x14, 0x3c, 0x38, 0x2e, 0x8c, 0x3c, 0x38, 0x2e, 0x8c, 0x3c, 0x38, 0x2e, 0x8c,
    0x3c, 0x38, 0x2e, 0x8c, 0x3c, 0x38, 0x2e, 0x8c, 0x3c, 0x38, 0x2e, 0x8c, 0x3c, 0x38, 0x2e, 0x8c,
    0x3c, 0x38, 0x2e, 0x8c, 0x3c, 0x38, 0x2e, 0x8c, 0x00, 0x00, 0x00, 0x00, 0x00, 0x00, 0x00, 0x00,
    0x00, 0x00, 0x00, 0x00, 0xaa, 0xc6, 0xd3, 0x0f, 0xaa, 0xc6, 0xd3, 0x14, 0x3c, 0x38, 0x2e, 0x8c,
    0x3c, 0x38, 0x2e, 0x8c, 0x3c, 0x38, 0x2e, 0x8c, 0x3c, 0x38, 0x2e, 0x8c, 0x3c, 0x38, 0x2e, 0x8c,
    0x3c, 0x38, 0x2e, 0x8c, 0x3c, 0x38, 0x2e, 0x8c, 0x3c, 0x38, 0x2e, 0x8c, 0x00, 0x00, 0x00, 0x00,
    0x00, 0x00, 0x00, 0x00, 0x00, 0x00, 0x00, 0x00, 0xaa, 0xc6, 0xd3, 0x01, 0xaa, 0xc6, 0xd3, 0x0f,
    0xaa, 0xc6, 0xd3, 0x14, 0x3c, 0x38, 0x2e, 0x8c, 0x3c, 0x38, 0x2e, 0x8c, 0x3c, 0x38, 0x2e, 0x8c,
    0x3c, 0x38, 0x2e, 0x8c, 0x3c, 0x38, 0x2e, 0x8c, 0x3c, 0x38, 0x2e, 0x8c, 0x3c, 0x38, 0x2e, 0x8c,
    0x00, 0x00, 0x00, 0x00, 0x00, 0x00, 0x00, 0x00, 0x00, 0x00, 0x00, 0x00, 0x00, 0x00, 0x00, 0x00,
    0x00, 0x00, 0x00, 0x00, 0xaa, 0xc6, 0xd3, 0x0b, 0xaa, 0xc6, 0xd3, 0x14, 0x3c, 0x38, 0x2e, 0x8c,
    0x3c, 0x38, 0x2e, 0x8c, 0x3c, 0x38, 0x2e, 0x8c, 0x3c, 0x38, 0x2e, 0x8c, 0x3c, 0x38, 0x2e, 0x8c,
    0x3c, 0x38, 0x2e, 0x8c, 0x00, 0x00, 0x00, 0x00, 0x00, 0x00, 0x00, 0x00, 0x00, 0x00, 0x00, 0x00,
    0x00, 0x00, 0x00, 0x00, 0x00, 0x00, 0x00, 0x00, 0x00, 0x00, 0x00, 0x00, 0xaa, 0xc6, 0xd3, 0x05,
    0xaa, 0xc6, 0xd3, 0x0f, 0xaa, 0xc6, 0xd3, 0x14, 0xaa, 0xc6, 0xd3, 0x14, 0x3c, 0x38, 0x2e, 0x8c,
    0x3c, 0x38, 0x2e, 0x8c, 0x3c, 0x38, 0x2e, 0x8c, 0x00, 0x00, 0x00, 0x00, 0x00, 0x00, 0x00, 0x00,
    0x00, 0x00, 0x00, 0x00, 0x00, 0x00, 0x00, 0x00, 0x00, 0x00, 0x00, 0x00, 0x00, 0x00, 0x00, 0x00,
    0x00, 0x00, 0x00, 0x00, 0x00, 0x00, 0x00, 0x00, 0xaa, 0xc6, 0xd3, 0x04, 0xaa, 0xc6, 0xd3, 0x0a,
    0xaa, 0xc6, 0xd3, 0x0f, 0xaa, 0xc6, 0xd3, 0x12, 0xaa, 0xc6, 0xd3, 0x13,
};
static const lv_img_dsc_t pill_chip_l = {
    .header.always_zero = 0,
    .header.w = 13,
    .header.h = 27,
    .header.cf = LV_IMG_CF_TRUE_COLOR_ALPHA,
    .data_size = sizeof(pill_chip_l_data),
    .data = pill_chip_l_data,
};

static const uint8_t pill_chip_m_data[] = {
    0xaa, 0xc6, 0xd3, 0x14, 0xaa, 0xc6, 0xd3, 0x14, 0xaa, 0xc6, 0xd3, 0x14, 0xaa, 0xc6, 0xd3, 0x14,
    0xaa, 0xc6, 0xd3, 0x14, 0xaa, 0xc6, 0xd3, 0x14, 0xaa, 0xc6, 0xd3, 0x14, 0xaa, 0xc6, 0xd3, 0x14,
    0x3c, 0x38, 0x2e, 0x8c, 0x3c, 0x38, 0x2e, 0x8c, 0x3c, 0x38, 0x2e, 0x8c, 0x3c, 0x38, 0x2e, 0x8c,
    0x3c, 0x38, 0x2e, 0x8c, 0x3c, 0x38, 0x2e, 0x8c, 0x3c, 0x38, 0x2e, 0x8c, 0x3c, 0x38, 0x2e, 0x8c,
    0x3c, 0x38, 0x2e, 0x8c, 0x3c, 0x38, 0x2e, 0x8c, 0x3c, 0x38, 0x2e, 0x8c, 0x3c, 0x38, 0x2e, 0x8c,
    0x3c, 0x38, 0x2e, 0x8c, 0x3c, 0x38, 0x2e, 0x8c, 0x3c, 0x38, 0x2e, 0x8c, 0x3c, 0x38, 0x2e, 0x8c,
    0x3c, 0x38, 0x2e, 0x8c, 0x3c, 0x38, 0x2e, 0x8c, 0x3c, 0x38, 0x2e, 0x8c, 0x3c, 0x38, 0x2e, 0x8c,
    0x3c, 0x38, 0x2e, 0x8c, 0x3c, 0x38, 0x2e, 0x8c, 0x3c, 0x38, 0x2e, 0x8c, 0x3c, 0x38, 0x2e, 0x8c,
    0x3c, 0x38, 0x2e, 0x8c, 0x3c, 0x38, 0x2e, 0x8c, 0x3c, 0x38, 0x2e, 0x8c, 0x3c, 0x38, 0x2e, 0x8c,
    0x3c, 0x38, 0x2e, 0x8c, 0x3c, 0x38, 0x2e, 0x8c, 0x3c, 0x38, 0x2e, 0x8c, 0x3c, 0x38, 0x2e, 0x8c,
    0x3c, 0x38, 0x2e, 0x8c, 0x3c, 0x38, 0x2e, 0x8c, 0x3c, 0x38, 0x2e, 0x8c, 0x3c, 0x38, 0x2e, 0x8c,
    0x3c, 0x38, 0x2e, 0x8c, 0x3c, 0x38, 0x2e, 0x8c, 0x3c, 0x38, 0x2e, 0x8c, 0x3c, 0x38, 0x2e, 0x8c,
    0x3c, 0x38, 0x2e, 0x8c, 0x3c, 0x38, 0x2e, 0x8c, 0x3c, 0x38, 0x2e, 0x8c, 0x3c, 0x38, 0x2e, 0x8c,
    0x3c, 0x38, 0x2e, 0x8c, 0x3c, 0x38, 0x2e, 0x8c, 0x3c, 0x38, 0x2e, 0x8c, 0x3c, 0x38, 0x2e, 0x8c,
    0x3c, 0x38, 0x2e, 0x8c, 0x3c, 0x38, 0x2e, 0x8c, 0x3c, 0x38, 0x2e, 0x8c, 0x3c, 0x38, 0x2e, 0x8c,
    0x3c, 0x38, 0x2e, 0x8c, 0x3c, 0x38, 0x2e, 0x8c, 0x3c, 0x38, 0x2e, 0x8c, 0x3c, 0x38, 0x2e, 0x8c,
    0x3c, 0x38, 0x2e, 0x8c, 0x3c, 0x38, 0x2e, 0x8c, 0x3c, 0x38, 0x2e, 0x8c, 0x3c, 0x38, 0x2e, 0x8c,
    0x3c, 0x38, 0x2e, 0x8c, 0x3c, 0x38, 0x2e, 0x8c, 0x3c, 0x38, 0x2e, 0x8c, 0x3c, 0x38, 0x2e, 0x8c,
    0x3c, 0x38, 0x2e, 0x8c, 0x3c, 0x38, 0x2e, 0x8c, 0x3c, 0x38, 0x2e, 0x8c, 0x3c, 0x38, 0x2e, 0x8c,
    0x3c, 0x38, 0x2e, 0x8c, 0x3c, 0x38, 0x2e, 0x8c, 0x3c, 0x38, 0x2e, 0x8c, 0x3c, 0x38, 0x2e, 0x8c,
    0x3c, 0x38, 0x2e, 0x8c, 0x3c, 0x38, 0x2e, 0x8c, 0x3c, 0x38, 0x2e, 0x8c, 0x3c, 0x38, 0x2e, 0x8c,
    0x3c, 0x38, 0x2e, 0x8c, 0x3c, 0x38, 0x2e, 0x8c, 0x3c, 0x38, 0x2e, 0x8c, 0x3c, 0x38, 0x2e, 0x8c,
    0x3c, 0x38, 0x2e, 0x8c, 0x3c, 0x38, 0x2e, 0x8c, 0x3c, 0x38, 0x2e, 0x8c, 0x3c, 0x38, 0x2e, 0x8c,
    0x3c, 0x38, 0x2e, 0x8c, 0x3c, 0x38, 0x2e, 0x8c, 0x3c, 0x38, 0x2e, 0x8c, 0x3c, 0x38, 0x2e, 0x8c,
    0x3c, 0x38, 0x2e, 0x8c, 0x3c, 0x38, 0x2e, 0x8c, 0x3c, 0x38, 0x2e, 0x8c, 0x3c, 0x38, 0x2e, 0x8c,
    0x3c, 0x38, 0x2e, 0x8c, 0x3c, 0x38, 0x2e, 0x8c, 0x3c, 0x38, 0x2e, 0x8c, 0x3c, 0x38, 0x2e, 0x8c,
    0x3c, 0x38, 0x2e, 0x8c, 0x3c, 0x38, 0x2e, 0x8c, 0x3c, 0x38, 0x2e, 0x8c, 0x3c, 0x38, 0x2e, 0x8c,
    0x3c, 0x38, 0x2e, 0x8c, 0x3c, 0x38, 0x2e, 0x8c, 0x3c, 0x38, 0x2e, 0x8c, 0x3c, 0x38, 0x2e, 0x8c,
    0x3c, 0x38, 0x2e, 0x8c, 0x3c, 0x38, 0x2e, 0x8c, 0x3c, 0x38, 0x2e, 0x8c, 0x3c, 0x38, 0x2e, 0x8c,
    0x3c, 0x38, 0x2e, 0x8c, 0x3c, 0x38, 0x2e, 0x8c, 0x3c, 0x38, 0x2e, 0x8c, 0x3c, 0x38, 0x2e, 0x8c,
    0x3c, 0x38, 0x2e, 0x8c, 0x3c, 0x38, 0x2e, 0x8c, 0x3c, 0x38, 0x2e, 0x8c, 0x3c, 0x38, 0x2e, 0x8c,
    0x3c, 0x38, 0x2e, 0x8c, 0x3c, 0x38, 0x2e, 0x8c, 0x3c, 0x38, 0x2e, 0x8c, 0x3c, 0x38, 0x2e, 0x8c,
    0x3c, 0x38, 0x2e, 0x8c, 0x3c, 0x38, 0x2e, 0x8c, 0x3c, 0x38, 0x2e, 0x8c, 0x3c, 0x38, 0x2e, 0x8c,
    0x3c, 0x38, 0x2e, 0x8c, 0x3c, 0x38, 0x2e, 0x8c, 0x3c, 0x38, 0x2e, 0x8c, 0x3c, 0x38, 0x2e, 0x8c,
    0x3c, 0x38, 0x2e, 0x8c, 0x3c, 0x38, 0x2e, 0x8c, 0x3c, 0x38, 0x2e, 0x8c, 0x3c, 0x38, 0x2e, 0x8c,
    0x3c, 0x38, 0x2e, 0x8c, 0x3c, 0x38, 0x2e, 0x8c, 0x3c, 0x38, 0x2e, 0x8c, 0x3c, 0x38, 0x2e, 0x8c,
    0x3c, 0x38, 0x2e, 0x8c, 0x3c, 0x38, 0x2e, 0x8c, 0x3c, 0x38, 0x2e, 0x8c, 0x3c, 0x38, 0x2e, 0x8c,
    0x3c, 0x38, 0x2e, 0x8c, 0x3c, 0x38, 0x2e, 0x8c, 0x3c, 0x38, 0x2e, 0x8c, 0x3c, 0x38, 0x2e, 0x8c,
    0x3c, 0x38, 0x2e, 0x8c, 0x3c, 0x38, 0x2e, 0x8c, 0x3c, 0x38, 0x2e, 0x8c, 0x3c, 0x38, 0x2e, 0x8c,
    0x3c, 0x38, 0x2e, 0x8c, 0x3c, 0x38, 0x2e, 0x8c, 0x3c, 0x38, 0x2e, 0x8c, 0x3c, 0x38, 0x2e, 0x8c,
    0x3c, 0x38, 0x2e, 0x8c, 0x3c, 0x38, 0x2e, 0x8c, 0x3c, 0x38, 0x2e, 0x8c, 0x3c, 0x38, 0x2e, 0x8c,
    0x3c, 0x38, 0x2e, 0x8c, 0x3c, 0x38, 0x2e, 0x8c, 0x3c, 0x38, 0x2e, 0x8c, 0x3c, 0x38, 0x2e, 0x8c,
    0x3c, 0x38, 0x2e, 0x8c, 0x3c, 0x38, 0x2e, 0x8c, 0x3c, 0x38, 0x2e, 0x8c, 0x3c, 0x38, 0x2e, 0x8c,
    0x3c, 0x38, 0x2e, 0x8c, 0x3c, 0x38, 0x2e, 0x8c, 0x3c, 0x38, 0x2e, 0x8c, 0x3c, 0x38, 0x2e, 0x8c,
    0x3c, 0x38, 0x2e, 0x8c, 0x3c, 0x38, 0x2e, 0x8c, 0x3c, 0x38, 0x2e, 0x8c, 0x3c, 0x38, 0x2e, 0x8c,
    0x3c, 0x38, 0x2e, 0x8c, 0x3c, 0x38, 0x2e, 0x8c, 0x3c, 0x38, 0x2e, 0x8c, 0x3c, 0x38, 0x2e, 0x8c,
    0x3c, 0x38, 0x2e, 0x8c, 0x3c, 0x38, 0x2e, 0x8c, 0x3c, 0x38, 0x2e, 0x8c, 0x3c, 0x38, 0x2e, 0x8c,
    0x3c, 0x38, 0x2e, 0x8c, 0x3c, 0x38, 0x2e, 0x8c, 0x3c, 0x38, 0x2e, 0x8c, 0x3c, 0x38, 0x2e, 0x8c,
    0x3c, 0x38, 0x2e, 0x8c, 0x3c, 0x38, 0x2e, 0x8c, 0x3c, 0x38, 0x2e, 0x8c, 0x3c, 0x38, 0x2e, 0x8c,
    0x3c, 0x38, 0x2e, 0x8c, 0x3c, 0x38, 0x2e, 0x8c, 0x3c, 0x38, 0x2e, 0x8c, 0x3c, 0x38, 0x2e, 0x8c,
    0x3c, 0x38, 0x2e, 0x8c, 0x3c, 0x38, 0x2e, 0x8c, 0x3c, 0x38, 0x2e, 0x8c, 0x3c, 0x38, 0x2e, 0x8c,
    0x3c, 0x38, 0x2e, 0x8c, 0x3c, 0x38, 0x2e, 0x8c, 0x3c, 0x38, 0x2e, 0x8c, 0x3c, 0x38, 0x2e, 0x8c,
    0xaa, 0xc6, 0xd3, 0x14, 0xaa, 0xc6, 0xd3, 0x14, 0xaa, 0xc6, 0xd3, 0x14, 0xaa, 0xc6, 0xd3, 0x14,
    0xaa, 0xc6, 0xd3, 0x14, 0xaa, 0xc6, 0xd3, 0x14, 0xaa, 0xc6, 0xd3, 0x14, 0xaa, 0xc6, 0xd3, 0x14,
};
static const lv_img_dsc_t pill_chip_m = {
    .header.always_zero = 0,
    .header.w = 8,
    .header.h = 27,
    .header.cf = LV_IMG_CF_TRUE_COLOR_ALPHA,
    .data_size = sizeof(pill_chip_m_data),
    .data = pill_chip_m_data,
};

static const uint8_t pill_chip_r_data[] = {
    0xaa, 0xc6, 0xd3, 0x13, 0xaa, 0xc6, 0xd3, 0x12, 0xaa, 0xc6, 0xd3, 0x0f, 0xaa, 0xc6, 0xd3, 0x0a,
    0xaa, 0xc6, 0xd3, 0x04, 0x00, 0x00, 0x00, 0x00, 0x00, 0x00, 0x00, 0x00, 0x00, 0x00, 0x00, 0x00,
    0x00, 0x00, 0x00, 0x00, 0x00, 0x00, 0x00, 0x00, 0x00, 0x00, 0x00, 0x00, 0x00, 0x00, 0x00, 0x00,
    0x00, 0x00, 0x00, 0x00, 0x3c, 0x38, 0x2e, 0x8c, 0x3c, 0x38, 0x2e, 0x8c, 0x3c, 0x38, 0x2e, 0x8c,
    0xaa, 0xc6, 0xd3, 0x14, 0xaa, 0xc6, 0xd3, 0x14, 0xaa, 0xc6, 0xd3, 0x0f, 0xaa, 0xc6, 0xd3, 0x05,
    0x00, 0x00, 0x00, 0x00, 0x00, 0x00, 0x00, 0x00, 0x00, 0x00, 0x00, 0x00, 0x00, 0x00, 0x00, 0x00,
    0x00, 0x00, 0x00, 0x00, 0x00, 0x00, 0x00, 0x00, 0x3c, 0x38, 0x2e, 0x8c, 0x3c, 0x38, 0x2e, 0x8c,
    0x3c, 0x38, 0x2e, 0x8c, 0x3c, 0x38, 0x2e, 0x8c, 0x3c, 0x38, 0x2e, 0x8c, 0x3c, 0x38, 0x2e, 0x8c,
    0xaa, 0xc6, 0xd3, 0x14, 0xaa, 0xc6, 0xd3, 0x0b, 0x00, 0x00, 0x00, 0x00, 0x00, 0x00, 0x00, 0x00,
    0x00, 0x00, 0x00, 0x00, 0x00, 0x00, 0x00, 0x00, 0x00, 0x00, 0x00, 0x00, 0x3c, 0x38, 0x2e, 0x8c,
    0x3c, 0x38, 0x2e, 0x8c, 0x3c, 0x38, 0x2e, 0x8c, 0x3c, 0x38, 0x2e, 0x8c, 0x3c, 0x38, 0x2e, 0x8c,
    0x3c, 0x38, 0x2e, 0x8c, 0x3c, 0x38, 0x2e, 0x8c, 0xaa, 0xc6, 0xd3, 0x14, 0xaa, 0xc6, 0xd3, 0x0f,
    0xaa, 0xc6, 0xd3, 0x01, 0x00, 0x00, 0x00, 0x00, 0x00, 0x00, 0x00, 0x00, 0x00, 0x00, 0x00, 0x00,
    0x3c, 0x38, 0x2e, 0x8c, 0x3c, 0x38, 0x2e, 0x8c, 0x3c, 0x38, 0x2e, 0x8c, 0x3c, 0x38, 0x2e, 0x8c,
    0x3c, 0x38, 0x2e, 0x8c, 0x3c, 0x38, 0x2e, 0x8c, 0x3c, 0x38, 0x2e, 0x8c, 0x3c, 0x38, 0x2e, 0x8c,
    0xaa, 0xc6, 0xd3, 0x14, 0xaa, 0xc6, 0xd3, 0x0f, 0x00, 0x00, 0x00, 0x00, 0x00, 0x00, 0x00, 0x00,
    0x00, 0x00, 0x00, 0x00, 0x3c, 0x38, 0x2e, 0x8c, 0x3c, 0x38, 0x2e, 0x8c, 0x3c, 0x38, 0x2e, 0x8c,
    0x3c, 0x38, 0x2e, 0x8c, 0x3c, 0x38, 0x2e, 0x8c, 0x3c, 0x38, 0x2e, 0x8c, 0x3c, 0x38, 0x2e, 0x8c,
    0x3c, 0x38, 0x2e, 0x8c, 0x3c, 0x38, 0x2e, 0x8c, 0xaa, 0xc6, 0xd3, 0x14, 0xaa, 0xc6, 0xd3, 0x0b,
    0x00, 0x00, 0x00, 0x00, 0x00, 0x00, 0x00, 0x00, 0x3c, 0x38, 0x2e, 0x8c, 0x3c, 0x38, 0x2e, 0x8c,
    0x3c, 0x38, 0x2e, 0x8c, 0x3c, 0x38, 0x2e, 0x8c, 0x3c, 0x38, 0x2e, 0x8c, 0x3c, 0x38, 0x2e, 0x8c,
    0x3c, 0x38, 0x2e, 0x8c, 0x3c, 0x38, 0x2e, 0x8c, 0x3c, 0x38, 0x2e, 0x8c, 0x3c, 0x38, 0x2e, 0x8c,
    0xaa, 0xc6, 0xd3, 0x14, 0xaa, 0xc6, 0xd3, 0x05, 0x00, 0x00, 0x00, 0x00, 0x3c, 0x38, 0x2e, 0x8c,
    0x3c, 0x38, 0x2e, 0x8c, 0x3c, 0x38, 0x2e, 0x8c, 0x3c, 0x38, 0x2e, 0x8c, 0x3c, 0x38, 0x2e, 0x8c,
    0x3c, 0x38, 0x2e, 0x8c, 0x3c, 0x38, 0x2e, 0x8c, 0x3c, 0x38, 0x2e, 0x8c, 0x3c, 0x38, 0x2e, 0x8c,
    0x3c, 0x38, 0x2e, 0x8c, 0x3c, 0x38, 0x2e, 0x8c, 0xaa, 0xc6, 0xd3, 0x0f, 0x00, 0x00, 0x00, 0x00,
    0x3c, 0x38, 0x2e, 0x8c, 0x3c, 0x38, 0x2e, 0x8c, 0x3c, 0x38, 0x2e, 0x8c, 0x3c, 0x38, 0x2e, 0x8c,
    0x3c, 0x38, 0x2e, 0x8c, 0x3c, 0x38, 0x2e, 0x8c, 0x3c, 0x38, 0x2e, 0x8c, 0x3c, 0x38, 0x2e, 0x8c,
    0x3c, 0x38, 0x2e, 0x8c, 0x3c, 0x38, 0x2e, 0x8c, 0x3c, 0x38, 0x2e, 0x8c, 0xaa, 0xc6, 0xd3, 0x14,
    0xaa, 0xc6, 0xd3, 0x04, 0x3c, 0x38, 0x2e, 0x8c, 0x3c, 0x38, 0x2e, 0x8c, 0x3c, 0x38, 0x2e, 0x8c,
    0x3c, 0x38, 0x2e, 0x8c, 0x3c, 0x38, 0x2e, 0x8c, 0x3c, 0x38, 0x2e, 0x8c, 0x3c, 0x38, 0x2e, 0x8c,
    0x3c, 0x38, 0x2e, 0x8c, 0x3c, 0x38, 0x2e, 0x8c, 0x3c, 0x38, 0x2e, 0x8c, 0x3c, 0x38, 0x2e, 0x8c,
    0xaa, 0xc6, 0xd3, 0x14, 0xaa, 0xc6, 0xd3, 0x0a, 0x3c, 0x38, 0x2e, 0x8c, 0x3c, 0x38, 0x2e, 0x8c,
    0x3c, 0x38, 0x2e, 0x8c, 0x3c, 0x38, 0x2e, 0x8c, 0x3c, 0x38, 0x2e, 0x8c, 0x3c, 0x38, 0x2e, 0x8c,
    0x3c, 0x38, 0x2e, 0x8c, 0x3c, 0x38, 0x2e, 0x8c, 0x3c, 0x38, 0x2e, 0x8c, 0x3c, 0x38, 0x2e, 0x8c,
    0x3c, 0x38, 0x2e, 0x8c, 0x3c, 0x38, 0x2e, 0x8c, 0xaa, 0xc6, 0xd3, 0x0f, 0x3c, 0x38, 0x2e, 0x8c,
    0x3c, 0x38, 0x2e, 0x8c, 0x3c, 0x38, 0x2e, 0x8c, 0x3c, 0x38, 0x2e, 0x8c, 0x3c, 0x38, 0x2e, 0x8c,
    0x3c, 0x38, 0x2e, 0x8c, 0x3c, 0x38, 0x2e, 0x8c, 0x3c, 0x38, 0x2e, 0x8c, 0x3c, 0x38, 0x2e, 0x8c,
    0x3c, 0x38, 0x2e, 0x8c, 0x3c, 0x38, 0x2e, 0x8c, 0x3c, 0x38, 0x2e, 0x8c, 0xaa, 0xc6, 0xd3, 0x12,
    0x3c, 0x38, 0x2e, 0x8c, 0x3c, 0x38, 0x2e, 0x8c, 0x3c, 0x38, 0x2e, 0x8c, 0x3c, 0x38, 0x2e, 0x8c,
    0x3c, 0x38, 0x2e, 0x8c, 0x3c, 0x38, 0x2e, 0x8c, 0x3c, 0x38, 0x2e, 0x8c, 0x3c, 0x38, 0x2e, 0x8c,
    0x3c, 0x38, 0x2e, 0x8c, 0x3c, 0x38, 0x2e, 0x8c, 0x3c, 0x38, 0x2e, 0x8c, 0x3c, 0x38, 0x2e, 0x8c,
    0xaa, 0xc6, 0xd3, 0x13, 0x3c, 0x38, 0x2e, 0x8c, 0x3c, 0x38, 0x2e, 0x8c, 0x3c, 0x38, 0x2e, 0x8c,
    0x3c, 0x38, 0x2e, 0x8c, 0x3c, 0x38, 0x2e, 0x8c, 0x3c, 0x38, 0x2e, 0x8c, 0x3c, 0x38, 0x2e, 0x8c,
    0x3c, 0x38, 0x2e, 0x8c, 0x3c, 0x38, 0x2e, 0x8c, 0x3c, 0x38, 0x2e, 0x8c, 0x3c, 0x38, 0x2e, 0x8c,
    0x3c, 0x38, 0x2e, 0x8c, 0xaa, 0xc6, 0xd3, 0x14, 0x3c, 0x38, 0x2e, 0x8c, 0x3c, 0x38, 0x2e, 0x8c,
    0x3c, 0x38, 0x2e, 0x8c, 0x3c, 0x38, 0x2e, 0x8c, 0x3c, 0x38, 0x2e, 0x8c, 0x3c, 0x38, 0x2e, 0x8c,
    0x3c, 0x38, 0x2e, 0x8c, 0x3c, 0x38, 0x2e, 0x8c, 0x3c, 0x38, 0x2e, 0x8c, 0x3c, 0x38, 0x2e, 0x8c,
    0x3c, 0x38, 0x2e, 0x8c, 0x3c, 0x38, 0x2e, 0x8c, 0xaa, 0xc6, 0xd3, 0x13, 0x3c, 0x38, 0x2e, 0x8c,
    0x3c, 0x38, 0x2e, 0x8c, 0x3c, 0x38, 0x2e, 0x8c, 0x3c, 0x38, 0x2e, 0x8c, 0x3c, 0x38, 0x2e, 0x8c,
    0x3c, 0x38, 0x2e, 0x8c, 0x3c, 0x38, 0x2e, 0x8c, 0x3c, 0x38, 0x2e, 0x8c, 0x3c, 0x38, 0x2e, 0x8c,
    0x3c, 0x38, 0x2e, 0x8c, 0x3c, 0x38, 0x2e, 0x8c, 0x3c, 0x38, 0x2e, 0x8c, 0xaa, 0xc6, 0xd3, 0x12,
    0x3c, 0x38, 0x2e, 0x8c, 0x3c, 0x38, 0x2e, 0x8c, 0x3c, 0x38, 0x2e, 0x8c, 0x3c, 0x38, 0x2e, 0x8c,
    0x3c, 0x38, 0x2e, 0x8c, 0x3c, 0x38, 0x2e, 0x8c, 0x3c, 0x38, 0x2e, 0x8c, 0x3c, 0x38, 0x2e, 0x8c,
    0x3c, 0x38, 0x2e, 0x8c, 0x3c, 0x38, 0x2e, 0x8c, 0x3c, 0x38, 0x2e, 0x8c, 0x3c, 0x38, 0x2e, 0x8c,
    0xaa, 0xc6, 0xd3, 0x0f, 0x3c, 0x38, 0x2e, 0x8c, 0x3c, 0x38, 0x2e, 0x8c, 0x3c, 0x38, 0x2e, 0x8c,
    0x3c, 0x38, 0x2e, 0x8c, 0x3c, 0x38, 0x2e, 0x8c, 0x3c, 0x38, 0x2e, 0x8c, 0x3c, 0x38, 0x2e, 0x8c,
    0x3c, 0x38, 0x2e, 0x8c, 0x3c, 0x38, 0x2e, 0x8c, 0x3c, 0x38, 0x2e, 0x8c, 0x3c, 0x38, 0x2e, 0x8c,
    0xaa, 0xc6, 0xd3, 0x14, 0xaa, 0xc6, 0xd3, 0x0a, 0x3c, 0x38, 0x2e, 0x8c, 0x3c, 0x38, 0x2e, 0x8c,
    0x3c, 0x38, 0x2e, 0x8c, 0x3c, 0x38, 0x2e, 0x8c, 0x3c, 0x38, 0x2e, 0x8c, 0x3c, 0x38, 0x2e, 0x8c,
    0x3c, 0x38, 0x2e, 0x8c, 0x3c, 0x38, 0x2e, 0x8c, 0x3c, 0x38, 0x2e, 0x8c, 0x3c, 0x38, 0x2e, 0x8c,
    0x3c, 0x38, 0x2e, 0x8c, 0xaa, 0xc6, 0xd3, 0x14, 0xaa, 0xc6, 0xd3, 0x04, 0x3c, 0x38, 0x2e, 0x8c,
    0x3c, 0x38, 0x2e, 0x8c, 0x3c, 0x38, 0x2e, 0x8c, 0x3c, 0x38, 0x2e, 0x8c, 0x3c, 0x38, 0x2e, 0x8c,
    0x3c, 0x38, 0x2e, 0x8c, 0x3c, 0x38, 0x2e, 0x8c, 0x3c, 0x38, 0x2e, 0x8c, 0x3c, 0x38, 0x2e, 0x8c,
    0x3c, 0x38, 0x2e, 0x8c, 0x3c, 0x38, 0x2e, 0x8c, 0xaa, 0xc6, 0xd3, 0x0f, 0x00, 0x00, 0x00, 0x00,
    0x3c, 0x38, 0x2e, 0x8c, 0x3c, 0x38, 0x2e, 0x8c, 0x3c, 0x38, 0x2e, 0x8c, 0x3c, 0x38, 0x2e, 0x8c,
    0x3c, 0x38, 0x2e, 0x8c, 0x3c, 0x38, 0x2e, 0x8c, 0x3c, 0x38, 0x2e, 0x8c, 0x3c, 0x38, 0x2e, 0x8c,
    0x3c, 0x38, 0x2e, 0x8c, 0x3c, 0x38, 0x2e, 0x8c, 0xaa, 0xc6, 0xd3, 0x14, 0xaa, 0xc6, 0xd3, 0x05,
    0x00, 0x00, 0x00, 0x00, 0x3c, 0x38, 0x2e, 0x8c, 0x3c, 0x38, 0x2e, 0x8c, 0x3c, 0x38, 0x2e, 0x8c,
    0x3c, 0x38, 0x2e, 0x8c, 0x3c, 0x38, 0x2e, 0x8c, 0x3c, 0x38, 0x2e, 0x8c, 0x3c, 0x38, 0x2e, 0x8c,
    0x3c, 0x38, 0x2e, 0x8c, 0x3c, 0x38, 0x2e, 0x8c, 0xaa, 0xc6, 0xd3, 0x14, 0xaa, 0xc6, 0xd3, 0x0b,
    0x00, 0x00, 0x00, 0x00, 0x00, 0x00, 0x00, 0x00, 0x3c, 0x38, 0x2e, 0x8c, 0x3c, 0x38, 0x2e, 0x8c,
    0x3c, 0x38, 0x2e, 0x8c, 0x3c, 0x38, 0x2e, 0x8c, 0x3c, 0x38, 0x2e, 0x8c, 0x3c, 0x38, 0x2e, 0x8c,
    0x3c, 0x38, 0x2e, 0x8c, 0x3c, 0x38, 0x2e, 0x8c, 0xaa, 0xc6, 0xd3, 0x14, 0xaa, 0xc6, 0xd3, 0x0f,
    0x00, 0x00, 0x00, 0x00, 0x00, 0x00, 0x00, 0x00, 0x00, 0x00, 0x00, 0x00, 0x3c, 0x38, 0x2e, 0x8c,
    0x3c, 0x38, 0x2e, 0x8c, 0x3c, 0x38, 0x2e, 0x8c, 0x3c, 0x38, 0x2e, 0x8c, 0x3c, 0x38, 0x2e, 0x8c,
    0x3c, 0x38, 0x2e, 0x8c, 0x3c, 0x38, 0x2e, 0x8c, 0xaa, 0xc6, 0xd3, 0x14, 0xaa, 0xc6, 0xd3, 0x0f,
    0xaa, 0xc6, 0xd3, 0x01, 0x00, 0x00, 0x00, 0x00, 0x00, 0x00, 0x00, 0x00, 0x00, 0x00, 0x00, 0x00,
    0x3c, 0x38, 0x2e, 0x8c, 0x3c, 0x38, 0x2e, 0x8c, 0x3c, 0x38, 0x2e, 0x8c, 0x3c, 0x38, 0x2e, 0x8c,
    0x3c, 0x38, 0x2e, 0x8c, 0x3c, 0x38, 0x2e, 0x8c, 0xaa, 0xc6, 0xd3, 0x14, 0xaa, 0xc6, 0xd3, 0x0b,
    0x00, 0x00, 0x00, 0x00, 0x00, 0x00, 0x00, 0x00, 0x00, 0x00, 0x00, 0x00, 0x00, 0x00, 0x00, 0x00,
    0x00, 0x00, 0x00, 0x00, 0x3c, 0x38, 0x2e, 0x8c, 0x3c, 0x38, 0x2e, 0x8c, 0x3c, 0x38, 0x2e, 0x8c,
    0xaa, 0xc6, 0xd3, 0x14, 0xaa, 0xc6, 0xd3, 0x14, 0xaa, 0xc6, 0xd3, 0x0f, 0xaa, 0xc6, 0xd3, 0x05,
    0x00, 0x00, 0x00, 0x00, 0x00, 0x00, 0x00, 0x00, 0x00, 0x00, 0x00, 0x00, 0x00, 0x00, 0x00, 0x00,
    0x00, 0x00, 0x00, 0x00, 0x00, 0x00, 0x00, 0x00, 0xaa, 0xc6, 0xd3, 0x13, 0xaa, 0xc6, 0xd3, 0x12,
    0xaa, 0xc6, 0xd3, 0x0f, 0xaa, 0xc6, 0xd3, 0x0a, 0xaa, 0xc6, 0xd3, 0x04, 0x00, 0x00, 0x00, 0x00,
    0x00, 0x00, 0x00, 0x00, 0x00, 0x00, 0x00, 0x00, 0x00, 0x00, 0x00, 0x00, 0x00, 0x00, 0x00, 0x00,
    0x00, 0x00, 0x00, 0x00, 0x00, 0x00, 0x00, 0x00, 0x00, 0x00, 0x00, 0x00,
};
static const lv_img_dsc_t pill_chip_r = {
    .header.always_zero = 0,
    .header.w = 13,
    .header.h = 27,
    .header.cf = LV_IMG_CF_TRUE_COLOR_ALPHA,
    .data_size = sizeof(pill_chip_r_data),
    .data = pill_chip_r_data,
};

static const uint8_t pill_btn_active_l_data[] = {
    0x00, 0x00, 0x00, 0x00, 0x00, 0x00, 0x00, 0x00, 0x00, 0x00, 0x00, 0x00, 0x00, 0x00, 0x00, 0x00,
    0x00, 0x00, 0x00, 0x00, 0x00, 0x00, 0x00, 0x00, 0x00, 0x00, 0x00, 0x00, 0x00, 0x00, 0x00, 0x00,
    0x80, 0xc0, 0xa7, 0x00, 0x80, 0xc0, 0xa7, 0xff, 0x80, 0xc0, 0xa7, 0xff, 0x80, 0xc0, 0xa7, 0xff,
    0x80, 0xc0, 0xa7, 0xff, 0x00, 0x00, 0x00, 0x00, 0x00, 0x00, 0x00, 0x00, 0x00, 0x00, 0x00, 0x00,
    0x00, 0x00, 0x00, 0x00, 0x00, 0x00, 0x00, 0x00, 0x00, 0x00, 0x00, 0x00, 0x80, 0xc0, 0xa7, 0x00,
    0x80, 0xc0, 0xa7, 0xff, 0x80, 0xc0, 0xa7, 0xff, 0x80, 0xc0, 0xa7, 0xff, 0x80, 0xc0, 0xa7, 0xff,
    0x80, 0xc0, 0xa7, 0xff, 0x80, 0xc0, 0xa7, 0xff, 0x00, 0x00, 0x00, 0x00, 0x00, 0x00, 0x00, 0x00,
    0x00, 0x00, 0x00, 0x00, 0x00, 0x00, 0x00, 0x00, 0x00, 0x00, 0x00, 0x00, 0x80, 0xc0, 0xa7, 0xff,
    0x80, 0xc0, 0xa7, 0xff, 0x80, 0xc0, 0xa7, 0xff, 0x80, 0xc0, 0xa7, 0xff, 0x80, 0xc0, 0xa7, 0xff,
    0x80, 0xc0, 0xa7, 0xff, 0x80, 0xc0, 0xa7, 0xff, 0x80, 0xc0, 0xa7, 0xff, 0x00, 0x00, 0x00, 0x00,
    0x00, 0x00, 0x00, 0x00, 0x00, 0x00, 0x00, 0x00, 0x80, 0xc0, 0xa7, 0x00, 0x80, 0xc0, 0xa7, 0xff,
    0x80, 0xc0, 0xa7, 0xff, 0x80, 0xc0, 0xa7, 0xff, 0x80, 0xc0, 0xa7, 0xff, 0x80, 0xc0, 0xa7, 0xff,
    0x80, 0xc0, 0xa7, 0xff, 0x80, 0xc0, 0xa7, 0xff, 0x80, 0xc0, 0xa7, 0xff, 0x80, 0xc0, 0xa7, 0xff,
    0x00, 0x00, 0x00, 0x00, 0x00, 0x00, 0x00, 0x00, 0x00, 0x00, 0x00, 0x00, 0x80, 0xc0, 0xa7, 0xff,
    0x80, 0xc0, 0xa7, 0xff, 0x80, 0xc0, 0xa7, 0xff, 0x80, 0xc0, 0xa7, 0xff, 0x80, 0xc0, 0xa7, 0xff,
    0x80, 0xc0, 0xa7, 0xff, 0x80, 0xc0, 0xa7, 0xff, 0x80, 0xc0, 0xa7, 0xff, 0x80, 0xc0, 0xa7, 0xff,
    0x80, 0xc0, 0xa7, 0xff, 0x00, 0x00, 0x00, 0x00, 0x00, 0x00, 0x00, 0x00, 0x80, 0xc0, 0xa7, 0xff,
    0x80, 0xc0, 0xa7, 0xff, 0x80, 0xc0, 0xa7, 0xff, 0x80, 0xc0, 0xa7, 0xff, 0x80, 0xc0, 0xa7, 0xff,
    0x80, 0xc0, 0xa7, 0xff, 0x80, 0xc0, 0xa7, 0xff, 0x80, 0xc0, 0xa7, 0xff, 0x80, 0xc0, 0xa7, 0xff,
    0x80, 0xc0, 0xa7, 0xff, 0x80, 0xc0, 0xa7, 0xff, 0x00, 0x00, 0x00, 0x00, 0x80, 0xc0, 0xa7, 0x00,
    0x80, 0xc0, 0xa7, 0xff, 0x80, 0xc0, 0xa7, 0xff, 0x80, 0xc0, 0xa7, 0xff, 0x80, 0xc0, 0xa7, 0xff,
    0x80, 0xc0, 0xa7, 0xff, 0x80, 0xc0, 0xa7, 0xff, 0x80, 0xc0, 0xa7, 0xff, 0x80, 0xc0, 0xa7, 0xff,
    0x80, 0xc0, 0xa7, 0xff, 0x80, 0xc0, 0xa7, 0xff, 0x80, 0xc0, 0xa7, 0xff, 0x00, 0x00, 0x00, 0x00,
    0x80, 0xc0, 0xa7, 0xff, 0x80, 0xc0, 0xa7, 0xff, 0x80, 0xc0, 0xa7, 0xff, 0x80, 0xc0, 0xa7, 0xff,
    0x80, 0xc0, 0xa7, 0xff, 0x80, 0xc0, 0xa7, 0xff, 0x80, 0xc0, 0xa7, 0xff, 0x80, 0xc0, 0xa7, 0xff,
    0x80, 0xc0, 0xa7, 0xff, 0x80, 0xc0, 0xa7, 0xff, 0x80, 0xc0, 0xa7, 0xff, 0x80, 0xc0, 0xa7, 0xff,
    0x80, 0xc0, 0xa7, 0x00, 0x80, 0xc0, 0xa7, 0xff, 0x80, 0xc0, 0xa7, 0xff, 0x80, 0xc0, 0xa7, 0xff,
    0x80, 0xc0, 0xa7, 0xff, 0x80, 0xc0, 0xa7, 0xff, 0x80, 0xc0, 0xa7, 0xff, 0x80, 0xc0, 0xa7, 0xff,
    0x80, 0xc0, 0xa7, 0xff, 0x80, 0xc0, 0xa7, 0xff, 0x80, 0xc0, 0xa7, 0xff, 0x80, 0xc0, 0xa7, 0xff,
    0x80, 0xc0, 0xa7, 0xff, 0x80, 0xc0, 0xa7, 0xff, 0x80, 0xc0, 0xa7, 0xff, 0x80, 0xc0, 0xa7, 0xff,
    0x80, 0xc0, 0xa7, 0xff, 0x80, 0xc0, 0xa7, 0xff, 0x80, 0xc0, 0xa7, 0xff, 0x80, 0xc0, 0xa7, 0xff,
    0x80, 0xc0, 0xa7, 0xff, 0x80, 0xc0, 0xa7, 0xff, 0x80, 0xc0, 0xa7, 0xff, 0x80, 0xc0, 0xa7, 0xff,
    0x80, 0xc0, 0xa7, 0xff, 0x80, 0xc0, 0xa7, 0xff, 0x80, 0xc0, 0xa7, 0xff, 0x80, 0xc0, 0xa7, 0xff,
    0x80, 0xc0, 0xa7, 0xff, 0x80, 0xc0, 0xa7, 0xff, 0x80, 0xc0, 0xa7, 0xff, 0x80, 0xc0, 0xa7, 0xff,
    0x80, 0xc0, 0xa7, 0xff, 0x80, 0xc0, 0xa7, 0xff, 0x80, 0xc0, 0xa7, 0xff, 0x80, 0xc0, 0xa7, 0xff,
    0x80, 0xc0, 0xa7, 0xff, 0x80, 0xc0, 0xa7, 0xff, 0x80, 0xc0, 0xa7, 0xff, 0x80, 0xc0, 0xa7, 0xff,
    0x80, 0xc0, 0xa7, 0xff, 0x80, 0xc0, 0xa7, 0xff, 0x80, 0xc0, 0xa7, 0xff, 0x80, 0xc0, 0xa7, 0xff,
    0x80, 0xc0, 0xa7, 0xff, 0x80, 0xc0, 0xa7, 0xff, 0x80, 0xc0, 0xa7, 0xff, 0x80, 0xc0, 0xa7, 0xff,
    0x80, 0xc0, 0xa7, 0xff, 0x80, 0xc0, 0xa7, 0xff, 0x80, 0xc0, 0xa7, 0xff, 0x80, 0xc0, 0xa7, 0xff,
    0x80, 0xc0, 0xa7, 0xff, 0x80, 0xc0, 0xa7, 0xff, 0x80, 0xc0, 0xa7, 0xff, 0x80, 0xc0, 0xa7, 0xff,
    0x80, 0xc0, 0xa7, 0xff, 0x80, 0xc0, 0xa7, 0xff, 0x80, 0xc0, 0xa7, 0xff, 0x80, 0xc0, 0xa7, 0xff,
    0x80, 0xc0, 0xa7, 0xff, 0x80, 0xc0, 0xa7, 0xff, 0x80, 0xc0, 0xa7, 0xff, 0x80, 0xc0, 0xa7, 0xff,
    0x80, 0xc0, 0xa7, 0xff, 0x80, 0xc0, 0xa7, 0xff, 0x80, 0xc0, 0xa7, 0xff, 0x80, 0xc0, 0xa7, 0xff,
    0x80, 0xc0, 0xa7, 0xff, 0x80, 0xc0, 0xa7, 0xff, 0x80, 0xc0, 0xa7, 0xff, 0x80, 0xc0, 0xa7, 0xff,
    0x80, 0xc0, 0xa7, 0xff, 0x80, 0xc0, 0xa7, 0xff, 0x80, 0xc0, 0xa7, 0xff, 0x80, 0xc0, 0xa7, 0xff,
    0x80, 0xc0, 0xa7, 0xff, 0x80, 0xc0, 0xa7, 0xff, 0x80, 0xc0, 0xa7, 0xff, 0x80, 0xc0, 0xa7, 0xff,
    0x80, 0xc0, 0xa7, 0xff, 0x80, 0xc0, 0xa7, 0xff, 0x80, 0xc0, 0xa7, 0xff, 0x80, 0xc0, 0xa7, 0xff,
    0x80, 0xc0, 0xa7, 0xff, 0x80, 0xc0, 0xa7, 0xff, 0x80, 0xc0, 0xa7, 0xff, 0x80, 0xc0, 0xa7, 0xff,
    0x80, 0xc0, 0xa7, 0xff, 0x80, 0xc0, 0xa7, 0xff, 0x80, 0xc0, 0xa7, 0xff, 0x80, 0xc0, 0xa7, 0xff,
    0x80, 0xc0, 0xa7, 0xff, 0x80, 0xc0, 0xa7, 0xff, 0x80, 0xc0, 0xa7, 0xff, 0x80, 0xc0, 0xa7, 0xff,
    0x80, 0xc0, 0xa7, 0xff, 0x80, 0xc0, 0xa7, 0xff, 0x80, 0xc0, 0xa7, 0xff, 0x80, 0xc0, 0xa7, 0xff,
    0x80, 0xc0, 0xa7, 0xff, 0x80, 0xc0, 0xa7, 0xff, 0x80, 0xc0, 0xa7, 0xff, 0x80, 0xc0, 0xa7, 0xff,
    0x80, 0xc0, 0xa7, 0xff, 0x80, 0xc0, 0xa7, 0xff, 0x80, 0xc0, 0xa7, 0xff, 0x80, 0xc0, 0xa7, 0xff,
    0x80, 0xc0, 0xa7, 0xff, 0x80, 0xc0, 0xa7, 0xff, 0x80, 0xc0, 0xa7, 0xff, 0x80, 0xc0, 0xa7, 0xff,
    0x80, 0xc0, 0xa7, 0xff, 0x80, 0xc0, 0xa7, 0xff, 0x80, 0xc0, 0xa7, 0xff, 0x80, 0xc0, 0xa7, 0xff,
    0x80, 0xc0, 0xa7, 0xff, 0x80, 0xc0, 0xa7, 0xff, 0x80, 0xc0, 0xa7, 0xff, 0x80, 0xc0, 0xa7, 0xff,
    0x80, 0xc0, 0xa7, 0xff, 0x80, 0xc0, 0xa7, 0xff, 0x80, 0xc0, 0xa7, 0xff, 0x80, 0xc0, 0xa7, 0xff,
    0x80, 0xc0, 0xa7, 0xff, 0x80, 0xc0, 0xa7, 0xff, 0x80, 0xc0, 0xa7, 0xff, 0x80, 0xc0, 0xa7, 0xff,
    0x80, 0xc0, 0xa7, 0xff, 0x80, 0xc0, 0xa7, 0xff, 0x80, 0xc0, 0xa7, 0x00, 0x80, 0xc0, 0xa7, 0xff,
    0x80, 0xc0, 0xa7, 0xff, 0x80, 0xc0, 0xa7, 0xff, 0x80, 0xc0, 0xa7, 0xff, 0x80, 0xc0, 0xa7, 0xff,
    0x80, 0xc0, 0xa7, 0xff, 0x80, 0xc0, 0xa7, 0xff, 0x80, 0xc0, 0xa7, 0xff, 0x80, 0xc0, 0xa7, 0xff,
    0x80, 0xc0, 0xa7, 0xff, 0x80, 0xc0, 0xa7, 0xff, 0x80, 0xc0, 0xa7, 0xff, 0x00, 0x00, 0x00, 0x00,
    0x80, 0xc0, 0xa7, 0xff, 0x80, 0xc0, 0xa7, 0xff, 0x80, 0xc0, 0xa7, 0xff, 0x80, 0xc0, 0xa7, 0xff,
    0x80, 0xc0, 0xa7, 0xff, 0x80, 0xc0, 0xa7, 0xff, 0x80, 0xc0, 0xa7, 0xff, 0x80, 0xc0, 0xa7, 0xff,
    0x80, 0xc0, 0xa7, 0xff, 0x80, 0xc0, 0xa7, 0xff, 0x80, 0xc0, 0xa7, 0xff, 0x80, 0xc0, 0xa7, 0xff,
    0x00, 0x00, 0x00, 0x00, 0x80, 0xc0, 0xa7, 0x00, 0x80, 0xc0, 0xa7, 0xff, 0x80, 0xc0, 0xa7, 0xff,
    0x80, 0xc0, 0xa7, 0xff, 0x80, 0xc0, 0xa7, 0xff, 0x80, 0xc0, 0xa7, 0xff, 0x80, 0xc0, 0xa7, 0xff,
    0x80, 0xc0, 0xa7, 0xff, 0x80, 0xc0, 0xa7, 0xff, 0x80, 0xc0, 0xa7, 0xff, 0x80, 0xc0, 0xa7, 0xff,
    0x80, 0xc0, 0xa7, 0xff, 0x00, 0x00, 0x00, 0x00, 0x00, 0x00, 0x00, 0x00, 0x80, 0xc0, 0xa7, 0xff,
    0x80, 0xc0, 0xa7, 0xff, 0x80, 0xc0, 0xa7, 0xff, 0x80, 0xc0, 0xa7, 0xff, 0x80, 0xc0, 0xa7, 0xff,
    0x80, 0xc0, 0xa7, 0xff, 0x80, 0xc0, 0xa7, 0xff, 0x80, 0xc0, 0xa7, 0xff, 0x80, 0xc0, 0xa7, 0xff,
    0x80, 0xc0, 0xa7, 0xff, 0x80, 0xc0, 0xa7, 0xff, 0x00, 0x00, 0x00, 0x00, 0x00, 0x00, 0x00, 0x00,
    0x00, 0x00, 0x00, 0x00, 0x80, 0xc0, 0xa7, 0xff, 0x80, 0xc0, 0xa7, 0xff, 0x80, 0xc0, 0xa7, 0xff,
    0x80, 0xc0, 0xa7, 0xff, 0x80, 0xc0, 0xa7, 0xff, 0x80, 0xc0, 0xa7, 0xff, 0x80, 0xc0, 0xa7, 0xff,
    0x80, 0xc0, 0xa7, 0xff, 0x80, 0xc0, 0xa7, 0xff, 0x80, 0xc0, 0xa7, 0xff, 0x00, 0x00, 0x00, 0x00,
    0x00, 0x00, 0x00, 0x00, 0x00, 0x00, 0x00, 0x00, 0x80, 0xc0, 0xa7, 0x00, 0x80, 0xc0, 0xa7, 0xff,
    0x80, 0xc0, 0xa7, 0xff, 0x80, 0xc0, 0xa7, 0xff, 0x80, 0xc0, 0xa7, 0xff, 0x80, 0xc0, 0xa7, 0xff,
    0x80, 0xc0, 0xa7, 0xff, 0x80, 0xc0, 0xa7, 0xff, 0x80, 0xc0, 0xa7, 0xff, 0x80, 0xc0, 0xa7, 0xff,
    0x00, 0x00, 0x00, 0x00, 0x00, 0x00, 0x00, 0x00, 0x00, 0x00, 0x00, 0x00, 0x00, 0x00, 0x00, 0x00,
    0x00, 0x00, 0x00, 0x00, 0x80, 0xc0, 0xa7, 0xff, 0x80, 0xc0, 0xa7, 0xff, 0x80, 0xc0, 0xa7, 0xff,
    0x80, 0xc0, 0xa7, 0xff, 0x80, 0xc0, 0xa7, 0xff, 0x80, 0xc0, 0xa7, 0xff, 0x80, 0xc0, 0xa7, 0xff,
    0x80, 0xc0, 0xa7, 0xff, 0x00, 0x00, 0x00, 0x00, 0x00, 0x00, 0x00, 0x00, 0x00, 0x00, 0x00, 0x00,
    0x00, 0x00, 0x00, 0x00, 0x00, 0x00, 0x00, 0x00, 0x00, 0x00, 0x00, 0x00, 0x80, 0xc0, 0xa7, 0x00,
    0x80, 0xc0, 0xa7, 0xff, 0x80, 0xc0, 0xa7, 0xff, 0x80, 0xc0, 0xa7, 0xff, 0x80, 0xc0, 0xa7, 0xff,
    0x80, 0xc0, 0xa7, 0xff, 0x80, 0xc0, 0xa7, 0xff, 0x00, 0x00, 0x00, 0x00, 0x00, 0x00, 0x00, 0x00,
    0x00, 0x00, 0x00, 0x00, 0x00, 0x00, 0x00, 0x00, 0x00, 0x00, 0x00, 0x00, 0x00, 0x00, 0x00, 0x00,
    0x00, 0x00, 0x00, 0x00, 0x00, 0x00, 0x00, 0x00, 0x80, 0xc0, 0xa7, 0x00, 0x80, 0xc0, 0xa7, 0xff,
    0x80, 0xc0, 0xa7, 0xff, 0x80, 0xc0, 0xa7, 0xff, 0x80, 0xc0, 0xa7, 0xff,
};
static const lv_img_dsc_t pill_btn_active_l = {
    .header.always_zero = 0,
    .header.w = 13,
    .header.h = 27,
    .header.cf = LV_IMG_CF_TRUE_COLOR_ALPHA,
    .data_size = sizeof(pill_btn_active_l_data),
    .data = pill_btn_active_l_data,
};

static const uint8_t pill_btn_active_m_data[] = {
    0x80, 0xc0, 0xa7, 0xff, 0x80, 0xc0, 0xa7, 0xff, 0x80, 0xc0, 0xa7, 0xff, 0x80, 0xc0, 0xa7, 0xff,
    0x80, 0xc0, 0xa7, 0xff, 0x80, 0xc0, 0xa7, 0xff, 0x80, 0xc0, 0xa7, 0xff, 0x80, 0xc0, 0xa7, 0xff,
    0x80, 0xc0, 0xa7, 0xff, 0x80, 0xc0, 0xa7, 0xff, 0x80, 0xc0, 0xa7, 0xff, 0x80, 0xc0, 0xa7, 0xff,
    0x80, 0xc0, 0xa7, 0xff, 0x80, 0xc0, 0xa7, 0xff, 0x80, 0xc0, 0xa7, 0xff, 0x80, 0xc0, 0xa7, 0xff,
    0x80, 0xc0, 0xa7, 0xff, 0x80, 0xc0, 0xa7, 0xff, 0x80, 0xc0, 0xa7, 0xff, 0x80, 0xc0, 0xa7, 0xff,
    0x80, 0xc0, 0xa7, 0xff, 0x80, 0xc0, 0xa7, 0xff, 0x80, 0xc0, 0xa7, 0xff, 0x80, 0xc0, 0xa7, 0xff,
    0x80, 0xc0, 0xa7, 0xff, 0x80, 0xc0, 0xa7, 0xff, 0x80, 0xc0, 0xa7, 0xff, 0x80, 0xc0, 0xa7, 0xff,
    0x80, 0xc0, 0xa7, 0xff, 0x80, 0xc0, 0xa7, 0xff, 0x80, 0xc0, 0xa7, 0xff, 0x80, 0xc0, 0xa7, 0xff,
    0x80, 0xc0, 0xa7, 0xff, 0x80, 0xc0, 0xa7, 0xff, 0x80, 0xc0, 0xa7, 0xff, 0x80, 0xc0, 0xa7, 0xff,
    0x80, 0xc0, 0xa7, 0xff, 0x80, 0xc0, 0xa7, 0xff, 0x80, 0xc0, 0xa7, 0xff, 0x80, 0xc0, 0xa7, 0xff,
    0x80, 0xc0, 0xa7, 0xff, 0x80, 0xc0, 0xa7, 0xff, 0x80, 0xc0, 0xa7, 0xff, 0x80, 0xc0, 0xa7, 0xff,
    0x80, 0xc0, 0xa7, 0xff, 0x80, 0xc0, 0xa7, 0xff, 0x80, 0xc0, 0xa7, 0xff, 0x80, 0xc0, 0xa7, 0xff,
    0x80, 0xc0, 0xa7, 0xff, 0x80, 0xc0, 0xa7, 0xff, 0x80, 0xc0, 0xa7, 0xff, 0x80, 0xc0, 0xa7, 0xff,
    0x80, 0xc0, 0xa7, 0xff, 0x80, 0xc0, 0xa7, 0xff, 0x80, 0xc0, 0xa7, 0xff, 0x80, 0xc0, 0xa7, 0xff,
    0x80, 0xc0, 0xa7, 0xff, 0x80, 0xc0, 0xa7, 0xff, 0x80, 0xc0, 0xa7, 0xff, 0x80, 0xc0, 0xa7, 0xff,
    0x80, 0xc0, 0xa7, 0xff, 0x80, 0xc0, 0xa7, 0xff, 0x80, 0xc0, 0xa7, 0xff, 0x80, 0xc0, 0xa7, 0xff,
    0x80, 0xc0, 0xa7, 0xff, 0x80, 0xc0, 0xa7, 0xff, 0x80, 0xc0, 0xa7, 0xff, 0x80, 0xc0, 0xa7, 0xff,
    0x80, 0xc0, 0xa7, 0xff, 0x80, 0xc0, 0xa7, 0xff, 0x80, 0xc0, 0xa7, 0xff, 0x80, 0xc0, 0xa7, 0xff,
    0x80, 0xc0, 0xa7, 0xff, 0x80, 0xc0, 0xa7, 0xff, 0x80, 0xc0, 0xa7, 0xff, 0x80, 0xc0, 0xa7, 0xff,
    0x80, 0xc0, 0xa7, 0xff, 0x80, 0xc0, 0xa7, 0xff, 0x80, 0xc0, 0xa7, 0xff, 0x80, 0xc0, 0xa7, 0xff,
    0x80, 0xc0, 0xa7, 0xff, 0x80, 0xc0, 0xa7, 0xff, 0x80, 0xc0, 0xa7, 0xff, 0x80, 0xc0, 0xa7, 0xff,
    0x80, 0xc0, 0xa7, 0xff, 0x80, 0xc0, 0xa7, 0xff, 0x80, 0xc0, 0xa7, 0xff, 0x80, 0xc0, 0xa7, 0xff,
    0x80, 0xc0, 0xa7, 0xff, 0x80, 0xc0, 0xa7, 0xff, 0x80, 0xc0, 0xa7, 0xff, 0x80, 0xc0, 0xa7, 0xff,
    0x80, 0xc0, 0xa7, 0xff, 0x80, 0xc0, 0xa7, 0xff, 0x80, 0xc0, 0xa7, 0xff, 0x80, 0xc0, 0xa7, 0xff,
    0x80, 0xc0, 0xa7, 0xff, 0x80, 0xc0, 0xa7, 0xff, 0x80, 0xc0, 0xa7, 0xff, 0x80, 0xc0, 0xa7, 0xff,
    0x80, 0xc0, 0xa7, 0xff, 0x80, 0xc0, 0xa7, 0xff, 0x80, 0xc0, 0xa7, 0xff, 0x80, 0xc0, 0xa7, 0xff,
    0x80, 0xc0, 0xa7, 0xff, 0x80, 0xc0, 0xa7, 0xff, 0x80, 0xc0, 0xa7, 0xff, 0x80, 0xc0, 0xa7, 0xff,
    0x80, 0xc0, 0xa7, 0xff, 0x80, 0xc0, 0xa7, 0xff, 0x80, 0xc0, 0xa7, 0xff, 0x80, 0xc0, 0xa7, 0xff,
    0x80, 0xc0, 0xa7, 0xff, 0x80, 0xc0, 0xa7, 0xff, 0x80, 0xc0, 0xa7, 0xff, 0x80, 0xc0, 0xa7, 0xff,
    0x80, 0xc0, 0xa7, 0xff, 0x80, 0xc0, 0xa7, 0xff, 0x80, 0xc0, 0xa7, 0xff, 0x80, 0xc0, 0xa7, 0xff,
    0x80, 0xc0, 0xa7, 0xff, 0x80, 0xc0, 0xa7, 0xff, 0x80, 0xc0, 0xa7, 0xff, 0x80, 0xc0, 0xa7, 0xff,
    0x80, 0xc0, 0xa7, 0xff, 0x80, 0xc0, 0xa7, 0xff, 0x80, 0xc0, 0xa7, 0xff, 0x80, 0xc0, 0xa7, 0xff,
    0x80, 0xc0, 0xa7, 0xff, 0x80, 0xc0, 0xa7, 0xff, 0x80, 0xc0, 0xa7, 0xff, 0x80, 0xc0, 0xa7, 0xff,
    0x80, 0xc0, 0xa7, 0xff, 0x80, 0xc0, 0xa7, 0xff, 0x80, 0xc0, 0xa7, 0xff, 0x80, 0xc0, 0xa7, 0xff,
    0x80, 0xc0, 0xa7, 0xff, 0x80, 0xc0, 0xa7, 0xff, 0x80, 0xc0, 0xa7, 0xff, 0x80, 0xc0, 0xa7, 0xff,
    0x80, 0xc0, 0xa7, 0xff, 0x80, 0xc0, 0xa7, 0xff, 0x80, 0xc0, 0xa7, 0xff, 0x80, 0xc0, 0xa7, 0xff,
    0x80, 0xc0, 0xa7, 0xff, 0x80, 0xc0, 0xa7, 0xff, 0x80, 0xc0, 0xa7, 0xff, 0x80, 0xc0, 0xa7, 0xff,
    0x80, 0xc0, 0xa7, 0xff, 0x80, 0xc0, 0xa7, 0xff, 0x80, 0xc0, 0xa7, 0xff, 0x80, 0xc0, 0xa7, 0xff,
    0x80, 0xc0, 0xa7, 0xff, 0x80, 0xc0, 0xa7, 0xff, 0x80, 0xc0, 0xa7, 0xff, 0x80, 0xc0, 0xa7, 0xff,
    0x80, 0xc0, 0xa7, 0xff, 0x80, 0xc0, 0xa7, 0xff, 0x80, 0xc0, 0xa7, 0xff, 0x80, 0xc0, 0xa7, 0xff,
    0x80, 0xc0, 0xa7, 0xff, 0x80, 0xc0, 0xa7, 0xff, 0x80, 0xc0, 0xa7, 0xff, 0x80, 0xc0, 0xa7, 0xff,
    0x80, 0xc0, 0xa7, 0xff, 0x80, 0xc0, 0xa7, 0xff, 0x80, 0xc0, 0xa7, 0xff, 0x80, 0xc0, 0xa7, 0xff,
    0x80, 0xc0, 0xa7, 0xff, 0x80, 0xc0, 0xa7, 0xff, 0x80, 0xc0, 0xa7, 0xff, 0x80, 0xc0, 0xa7, 0xff,
    0x80, 0xc0, 0xa7, 0xff, 0x80, 0xc0, 0xa7, 0xff, 0x80, 0xc0, 0xa7, 0xff, 0x80, 0xc0, 0xa7, 0xff,
    0x80, 0xc0, 0xa7, 0xff, 0x80, 0xc0, 0xa7, 0xff, 0x80, 0xc0, 0xa7, 0xff, 0x80, 0xc0, 0xa7, 0xff,
    0x80, 0xc0, 0xa7, 0xff, 0x80, 0xc0, 0xa7, 0xff, 0x80, 0xc0, 0xa7, 0xff, 0x80, 0xc0, 0xa7, 0xff,
    0x80, 0xc0, 0xa7, 0xff, 0x80, 0xc0, 0xa7, 0xff, 0x80, 0xc0, 0xa7, 0xff, 0x80, 0xc0, 0xa7, 0xff,
    0x80, 0xc0, 0xa7, 0xff, 0x80, 0xc0, 0xa7, 0xff, 0x80, 0xc0, 0xa7, 0xff, 0x80, 0xc0, 0xa7, 0xff,
    0x80, 0xc0, 0xa7, 0xff, 0x80, 0xc0, 0xa7, 0xff, 0x80, 0xc0, 0xa7, 0xff, 0x80, 0xc0, 0xa7, 0xff,
    0x80, 0xc0, 0xa7, 0xff, 0x80, 0xc0, 0xa7, 0xff, 0x80, 0xc0, 0xa7, 0xff, 0x80, 0xc0, 0xa7, 0xff,
    0x80, 0xc0, 0xa7, 0xff, 0x80, 0xc0, 0xa7, 0xff, 0x80, 0xc0, 0xa7, 0xff, 0x80, 0xc0, 0xa7, 0xff,
    0x80, 0xc0, 0xa7, 0xff, 0x80, 0xc0, 0xa7, 0xff, 0x80, 0xc0, 0xa7, 0xff, 0x80, 0xc0, 0xa7, 0xff,
    0x80, 0xc0, 0xa7, 0xff, 0x80, 0xc0, 0xa7, 0xff, 0x80, 0xc0, 0xa7, 0xff, 0x80, 0xc0, 0xa7, 0xff,
    0x80, 0xc0, 0xa7, 0xff, 0x80, 0xc0, 0xa7, 0xff, 0x80, 0xc0, 0xa7, 0xff, 0x80, 0xc0, 0xa7, 0xff,
};
static const lv_img_dsc_t pill_btn_active_m = {
    .header.always_zero = 0,
    .header.w = 8,
    .header.h = 27,
    .header.cf = LV_IMG_CF_TRUE_COLOR_ALPHA,
    .data_size = sizeof(pill_btn_active_m_data),
    .data = pill_btn_active_m_data,
};

static const uint8_t pill_btn_active_r_data[] = {
    0x80, 0xc0, 0xa7, 0xff, 0x80, 0xc0, 0xa7, 0xff, 0x80, 0xc0, 0xa7, 0xff, 0x80, 0xc0, 0xa7, 0xff,
    0x80, 0xc0, 0xa7, 0x00, 0x00, 0x00, 0x00, 0x00, 0x00, 0x00, 0x00, 0x00, 0x00, 0x00, 0x00, 0x00,
    0x00, 0x00, 0x00, 0x00, 0x00, 0x00, 0x00, 0x00, 0x00, 0x00, 0x00, 0x00, 0x00, 0x00, 0x00, 0x00,
    0x00, 0x00, 0x00, 0x00, 0x80, 0xc0, 0xa7, 0xff, 0x80, 0xc0, 0xa7, 0xff, 0x80, 0xc0, 0xa7, 0xff,
    0x80, 0xc0, 0xa7, 0xff, 0x80, 0xc0, 0xa7, 0xff, 0x80, 0xc0, 0xa7, 0xff, 0x80, 0xc0, 0xa7, 0x00,
    0x00, 0x00, 0x00, 0x00, 0x00, 0x00, 0x00, 0x00, 0x00, 0x00, 0x00, 0x00, 0x00, 0x00, 0x00, 0x00,
    0x00, 0x00, 0x00, 0x00, 0x00, 0x00, 0x00, 0x00, 0x80, 0xc0, 0xa7, 0xff, 0x80, 0xc0, 0xa7, 0xff,
    0x80, 0xc0, 0xa7, 0xff, 0x80, 0xc0, 0xa7, 0xff, 0x80, 0xc0, 0xa7, 0xff, 0x80, 0xc0, 0xa7, 0xff,
    0x80, 0xc0, 0xa7, 0xff, 0x80, 0xc0, 0xa7, 0xff, 0x00, 0x00, 0x00, 0x00, 0x00, 0x00, 0x00, 0x00,
    0x00, 0x00, 0x00, 0x00, 0x00, 0x00, 0x00, 0x00, 0x00, 0x00, 0x00, 0x00, 0x80, 0xc0, 0xa7, 0xff,
    0x80, 0xc0, 0xa7, 0xff, 0x80, 0xc0, 0xa7, 0xff, 0x80, 0xc0, 0xa7, 0xff, 0x80, 0xc0, 0xa7, 0xff,
    0x80, 0xc0, 0xa7, 0xff, 0x80, 0xc0, 0xa7, 0xff, 0x80, 0xc0, 0xa7, 0xff, 0x80, 0xc0, 0xa7, 0xff,
    0x80, 0xc0, 0xa7, 0x00, 0x00, 0x00, 0x00, 0x00, 0x00, 0x00, 0x00, 0x00, 0x00, 0x00, 0x00, 0x00,
    0x80, 0xc0, 0xa7, 0xff, 0x80, 0xc0, 0xa7, 0xff, 0x80, 0xc0, 0xa7, 0xff, 0x80, 0xc0, 0xa7, 0xff,
    0x80, 0xc0, 0xa7, 0xff, 0x80, 0xc0, 0xa7, 0xff, 0x80, 0xc0, 0xa7, 0xff, 0x80, 0xc0, 0xa7, 0xff,
    0x80, 0xc0, 0xa7, 0xff, 0x80, 0xc0, 0xa7, 0xff, 0x00, 0x00, 0x00, 0x00, 0x00, 0x00, 0x00, 0x00,
    0x00, 0x00, 0x00, 0x00, 0x80, 0xc0, 0xa7, 0xff, 0x80, 0xc0, 0xa7, 0xff, 0x80, 0xc0, 0xa7, 0xff,
    0x80, 0xc0, 0xa7, 0xff, 0x80, 0xc0, 0xa7, 0xff, 0x80, 0xc0, 0xa7, 0xff, 0x80, 0xc0, 0xa7, 0xff,
    0x80, 0xc0, 0xa7, 0xff, 0x80, 0xc0, 0xa7, 0xff, 0x80, 0xc0, 0xa7, 0xff, 0x80, 0xc0, 0xa7, 0xff,
    0x00, 0x00, 0x00, 0x00, 0x00, 0x00, 0x00, 0x00, 0x80, 0xc0, 0xa7, 0xff, 0x80, 0xc0, 0xa7, 0xff,
    0x80, 0xc0, 0xa7, 0xff, 0x80, 0xc0, 0xa7, 0xff, 0x80, 0xc0, 0xa7, 0xff, 0x80, 0xc0, 0xa7, 0xff,
    0x80, 0xc0, 0xa7, 0xff, 0x80, 0xc0, 0xa7, 0xff, 0x80, 0xc0, 0xa7, 0xff, 0x80, 0xc0, 0xa7, 0xff,
    0x80, 0xc0, 0xa7, 0xff, 0x80, 0xc0, 0xa7, 0x00, 0x00, 0x00, 0x00, 0x00, 0x80, 0xc0, 0xa7, 0xff,
    0x80, 0xc0, 0xa7, 0xff, 0x80, 0xc0, 0xa7, 0xff, 0x80, 0xc0, 0xa7, 0xff, 0x80, 0xc0, 0xa7, 0xff,
    0x80, 0xc0, 0xa7, 0xff, 0x80, 0xc0, 0xa7, 0xff, 0x80, 0xc0, 0xa7, 0xff, 0x80, 0xc0, 0xa7, 0xff,
    0x80, 0xc0, 0xa7, 0xff, 0x80, 0xc0, 0xa7, 0xff, 0x80, 0xc0, 0xa7, 0xff, 0x00, 0x00, 0x00, 0x00,
    0x80, 0xc0, 0xa7, 0xff, 0x80, 0xc0, 0xa7, 0xff, 0x80, 0xc0, 0xa7, 0xff, 0x80, 0xc0, 0xa7, 0xff,
    0x80, 0xc0, 0xa7, 0xff, 0x80, 0xc0, 0xa7, 0xff, 0x80, 0xc0, 0xa7, 0xff, 0x80, 0xc0, 0xa7, 0xff,
    0x80, 0xc0, 0xa7, 0xff, 0x80, 0xc0, 0xa7, 0xff, 0x80, 0xc0, 0xa7, 0xff, 0x80, 0xc0, 0xa7, 0xff,
    0x80, 0xc0, 0xa7, 0x00, 0x80, 0xc0, 0xa7, 0xff, 0x80, 0xc0, 0xa7, 0xff, 0x80, 0xc0, 0xa7, 0xff,
    0x80, 0xc0, 0xa7, 0xff, 0x80, 0xc0, 0xa7, 0xff, 0x80, 0xc0, 0xa7, 0xff, 0x80, 0xc0, 0xa7, 0xff,
    0x80, 0xc0, 0xa7, 0xff, 0x80, 0xc0, 0xa7, 0xff, 0x80, 0xc0, 0xa7, 0xff, 0x80, 0xc0, 0xa7, 0xff,
    0x80, 0xc0, 0xa7, 0xff, 0x80, 0xc0, 0xa7, 0xff, 0x80, 0xc0, 0xa7, 0xff, 0x80, 0xc0, 0xa7, 0xff,
    0x80, 0xc0, 0xa7, 0xff, 0x80, 0xc0, 0xa7, 0xff, 0x80, 0xc0, 0xa7, 0xff, 0x80, 0xc0, 0xa7, 0xff,
    0x80, 0xc0, 0xa7, 0xff, 0x80, 0xc0, 0xa7, 0xff, 0x80, 0xc0, 0xa7, 0xff, 0x80, 0xc0, 0xa7, 0xff,
    0x80, 0xc0, 0xa7, 0xff, 0x80, 0xc0, 0xa7, 0xff, 0x80, 0xc0, 0xa7, 0xff, 0x80, 0xc0, 0xa7, 0xff,
    0x80, 0xc0, 0xa7, 0xff, 0x80, 0xc0, 0xa7, 0xff, 0x80, 0xc0, 0xa7, 0xff, 0x80, 0xc0, 0xa7, 0xff,
    0x80, 0xc0, 0xa7, 0xff, 0x80, 0xc0, 0xa7, 0xff, 0x80, 0xc0, 0xa7, 0xff, 0x80, 0xc0, 0xa7, 0xff,
    0x80, 0xc0, 0xa7, 0xff, 0x80, 0xc0, 0xa7, 0xff, 0x80, 0xc0, 0xa7, 0xff, 0x80, 0xc0, 0xa7, 0xff,
    0x80, 0xc0, 0xa7, 0xff, 0x80, 0xc0, 0xa7, 0xff, 0x80, 0xc0, 0xa7, 0xff, 0x80, 0xc0, 0xa7, 0xff,
    0x80, 0xc0, 0xa7, 0xff, 0x80, 0xc0, 0xa7, 0xff, 0x80, 0xc0, 0xa7, 0xff, 0x80, 0xc0, 0xa7, 0xff,
    0x80, 0xc0, 0xa7, 0xff, 0x80, 0xc0, 0xa7, 0xff, 0x80, 0xc0, 0xa7, 0xff, 0x80, 0xc0, 0xa7, 0xff,
    0x80, 0xc0, 0xa7, 0xff, 0x80, 0xc0, 0xa7, 0xff, 0x80, 0xc0, 0xa7, 0xff, 0x80, 0xc0, 0xa7, 0xff,
    0x80, 0xc0, 0xa7, 0xff, 0x80, 0xc0, 0xa7, 0xff, 0x80, 0xc0, 0xa7, 0xff, 0x80, 0xc0, 0xa7, 0xff,
    0x80, 0xc0, 0xa7, 0xff, 0x80, 0xc0, 0xa7, 0xff, 0x80, 0xc0, 0xa7, 0xff, 0x80, 0xc0, 0xa7, 0xff,
    0x80, 0xc0, 0xa7, 0xff, 0x80, 0xc0, 0xa7, 0xff, 0x80, 0xc0, 0xa7, 0xff, 0x80, 0xc0, 0xa7, 0xff,
    0x80, 0xc0, 0xa7, 0xff, 0x80, 0xc0, 0xa7, 0xff, 0x80, 0xc0, 0xa7, 0xff, 0x80, 0xc0, 0xa7, 0xff,
    0x80, 0xc0, 0xa7, 0xff, 0x80, 0xc0, 0xa7, 0xff, 0x80, 0xc0, 0xa7, 0xff, 0x80, 0xc0, 0xa7, 0xff,
    0x80, 0xc0, 0xa7, 0xff, 0x80, 0xc0, 0xa7, 0xff, 0x80, 0xc0, 0xa7, 0xff, 0x80, 0xc0, 0xa7, 0xff,
    0x80, 0xc0, 0xa7, 0xff, 0x80, 0xc0, 0xa7, 0xff, 0x80, 0xc0, 0xa7, 0xff, 0x80, 0xc0, 0xa7, 0xff,
    0x80, 0xc0, 0xa7, 0xff, 0x80, 0xc0, 0xa7, 0xff, 0x80, 0xc0, 0xa7, 0xff, 0x80, 0xc0, 0xa7, 0xff,
    0x80, 0xc0, 0xa7, 0xff, 0x80, 0xc0, 0xa7, 0xff, 0x80, 0xc0, 0xa7, 0xff, 0x80, 0xc0, 0xa7, 0xff,
    0x80, 0xc0, 0xa7, 0xff, 0x80, 0xc0, 0xa7, 0xff, 0x80, 0xc0, 0xa7, 0xff, 0x80, 0xc0, 0xa7, 0xff,
    0x80, 0xc0, 0xa7, 0xff, 0x80, 0xc0, 0xa7, 0xff, 0x80, 0xc0, 0xa7, 0xff, 0x80, 0xc0, 0xa7, 0xff,
    0x80, 0xc0, 0xa7, 0xff, 0x80, 0xc0, 0xa7, 0xff, 0x80, 0xc0, 0xa7, 0xff, 0x80, 0xc0, 0xa7, 0xff,
    0x80, 0xc0, 0xa7, 0xff, 0x80, 0xc0, 0xa7, 0xff, 0x80, 0xc0, 0xa7, 0xff, 0x80, 0xc0, 0xa7, 0xff,
    0x80, 0xc0, 0xa7, 0xff, 0x80, 0xc0, 0xa7, 0xff, 0x80, 0xc0, 0xa7, 0xff, 0x80, 0xc0, 0xa7, 0xff,
    0x80, 0xc0, 0xa7, 0xff, 0x80, 0xc0, 0xa7, 0xff, 0x80, 0xc0, 0xa7, 0xff, 0x80, 0xc0, 0xa7, 0xff,
    0x80, 0xc0, 0xa7, 0xff, 0x80, 0xc0, 0xa7, 0xff, 0x80, 0xc0, 0xa7, 0xff, 0x80, 0xc0, 0xa7, 0xff,
    0x80, 0xc0, 0xa7, 0xff, 0x80, 0xc0, 0xa7, 0xff, 0x80, 0xc0, 0xa7, 0xff, 0x80, 0xc0, 0xa7, 0xff,
    0x80, 0xc0, 0xa7, 0xff, 0x80, 0xc0, 0xa7, 0xff, 0x80, 0xc0, 0xa7, 0xff, 0x80, 0xc0, 0xa7, 0xff,
    0x80, 0xc0, 0xa7, 0xff, 0x80, 0xc0, 0xa7, 0xff, 0x80, 0xc0, 0xa7, 0x00, 0x80, 0xc0, 0xa7, 0xff,
    0x80, 0xc0, 0xa7, 0xff, 0x80, 0xc0, 0xa7, 0xff, 0x80, 0xc0, 0xa7, 0xff, 0x80, 0xc0, 0xa7, 0xff,
    0x80, 0xc0, 0xa7, 0xff, 0x80, 0xc0, 0xa7, 0xff, 0x80, 0xc0, 0xa7, 0xff, 0x80, 0xc0, 0xa7, 0xff,
    0x80, 0xc0, 0xa7, 0xff, 0x80, 0xc0, 0xa7, 0xff, 0x80, 0xc0, 0xa7, 0xff, 0x00, 0x00, 0x00, 0x00,
    0x80, 0xc0, 0xa7, 0xff, 0x80, 0xc0, 0xa7, 0xff, 0x80, 0xc0, 0xa7, 0xff, 0x80, 0xc0, 0xa7, 0xff,
    0x80, 0xc0, 0xa7, 0xff, 0x80, 0xc0, 0xa7, 0xff, 0x80, 0xc0, 0xa7, 0xff, 0x80, 0xc0, 0xa7, 0xff,
    0x80, 0xc0, 0xa7, 0xff, 0x80, 0xc0, 0xa7, 0xff, 0x80, 0xc0, 0xa7, 0xff, 0x80, 0xc0, 0xa7, 0x00,
    0x00, 0x00, 0x00, 0x00, 0x80, 0xc0, 0xa7, 0xff, 0x80, 0xc0, 0xa7, 0xff, 0x80, 0xc0, 0xa7, 0xff,
    0x80, 0xc0, 0xa7, 0xff, 0x80, 0xc0, 0xa7, 0xff, 0x80, 0xc0, 0xa7, 0xff, 0x80, 0xc0, 0xa7, 0xff,
    0x80, 0xc0, 0xa7, 0xff, 0x80, 0xc0, 0xa7, 0xff, 0x80, 0xc0, 0xa7, 0xff, 0x80, 0xc0, 0xa7, 0xff,
    0x00, 0x00, 0x00, 0x00, 0x00, 0x00, 0x00, 0x00, 0x80, 0xc0, 0xa7, 0xff, 0x80, 0xc0, 0xa7, 0xff,
    0x80, 0xc0, 0xa7, 0xff, 0x80, 0xc0, 0xa7, 0xff, 0x80, 0xc0, 0xa7, 0xff, 0x80, 0xc0, 0xa7, 0xff,
    0x80, 0xc0, 0xa7, 0xff, 0x80, 0xc0, 0xa7, 0xff, 0x80, 0xc0, 0xa7, 0xff, 0x80, 0xc0, 0xa7, 0xff,
    0x00, 0x00, 0x00, 0x00, 0x00, 0x00, 0x00, 0x00, 0x00, 0x00, 0x00, 0x00, 0x80, 0xc0, 0xa7, 0xff,
    0x80, 0xc0, 0xa7, 0xff, 0x80, 0xc0, 0xa7, 0xff, 0x80, 0xc0, 0xa7, 0xff, 0x80, 0xc0, 0xa7, 0xff,
    0x80, 0xc0, 0xa7, 0xff, 0x80, 0xc0, 0xa7, 0xff, 0x80, 0xc0, 0xa7, 0xff, 0x80, 0xc0, 0xa7, 0xff,
    0x80, 0xc0, 0xa7, 0x00, 0x00, 0x00, 0x00, 0x00, 0x00, 0x00, 0x00, 0x00, 0x00, 0x00, 0x00, 0x00,
    0x80, 0xc0, 0xa7, 0xff, 0x80, 0xc0, 0xa7, 0xff, 0x80, 0xc0, 0xa7, 0xff, 0x80, 0xc0, 0xa7, 0xff,
    0x80, 0xc0, 0xa7, 0xff, 0x80, 0xc0, 0xa7, 0xff, 0x80, 0xc0, 0xa7, 0xff, 0x80, 0xc0, 0xa7, 0xff,
    0x00, 0x00, 0x00, 0x00, 0x00, 0x00, 0x00, 0x00, 0x00, 0x00, 0x00, 0x00, 0x00, 0x00, 0x00, 0x00,
    0x00, 0x00, 0x00, 0x00, 0x80, 0xc0, 0xa7, 0xff, 0x80, 0xc0, 0xa7, 0xff, 0x80, 0xc0, 0xa7, 0xff,
    0x80, 0xc0, 0xa7, 0xff, 0x80, 0xc0, 0xa7, 0xff, 0x80, 0xc0, 0xa7, 0xff, 0x80, 0xc0, 0xa7, 0x00,
    0x00, 0x00, 0x00, 0x00, 0x00, 0x00, 0x00, 0x00, 0x00, 0x00, 0x00, 0x00, 0x00, 0x00, 0x00, 0x00,
    0x00, 0x00, 0x00, 0x00, 0x00, 0x00, 0x00, 0x00, 0x80, 0xc0, 0xa7, 0xff, 0x80, 0xc0, 0xa7, 0xff,
    0x80, 0xc0, 0xa7, 0xff, 0x80, 0xc0, 0xa7, 0xff, 0x80, 0xc0, 0xa7, 0x00, 0x00, 0x00, 0x00, 0x00,
    0x00, 0x00, 0x00, 0x00, 0x00, 0x00, 0x00, 0x00, 0x00, 0x00, 0x00, 0x00, 0x00, 0x00, 0x00, 0x00,
    0x00, 0x00, 0x00, 0x00, 0x00, 0x00, 0x00, 0x00, 0x00, 0x00, 0x00, 0x00,
};
static const lv_img_dsc_t pill_btn_active_r = {
    .header.always_zero = 0,
    .header.w = 13,
    .header.h = 27,
    .header.cf = LV_IMG_CF_TRUE_COLOR_ALPHA,
    .data_size = sizeof(pill_btn_active_r_data),
    .data = pill_btn_active_r_data,
};

static const uint8_t pill_btn_inactive_l_data[] = {
    0x00, 0x00, 0x00, 0x00, 0x00, 0x00, 0x00, 0x00, 0x00, 0x00, 0x00, 0x00, 0x00, 0x00, 0x00, 0x00,
    0x00, 0x00, 0x00, 0x00, 0x00, 0x00, 0x00, 0x00, 0x00, 0x00, 0x00, 0x00, 0x00, 0x00, 0x00, 0x00,
    0xaa, 0xc6, 0xd3, 0x04, 0xaa, 0xc6, 0xd3, 0x0a, 0xaa, 0xc6, 0xd3, 0x0f, 0xaa, 0xc6, 0xd3, 0x12,
    0xaa, 0xc6, 0xd3, 0x13, 0x00, 0x00, 0x00, 0x00, 0x00, 0x00, 0x00, 0x00, 0x00, 0x00, 0x00, 0x00,
    0x00, 0x00, 0x00, 0x00, 0x00, 0x00, 0x00, 0x00, 0x00, 0x00, 0x00, 0x00, 0xaa, 0xc6, 0xd3, 0x05,
    0xaa, 0xc6, 0xd3, 0x0f, 0xaa, 0xc6, 0xd3, 0x14, 0xaa, 0xc6, 0xd3, 0x14, 0x3c, 0x38, 0x2e, 0x8c,
    0x3c, 0x38, 0x2e, 0x8c, 0x3c, 0x38, 0x2e, 0x8c, 0x00, 0x00, 0x00, 0x00, 0x00, 0x00, 0x00, 0x00,
    0x00, 0x00, 0x00, 0x00, 0x00, 0x00, 0x00, 0x00, 0x00, 0x00, 0x00, 0x00, 0xaa, 0xc6, 0xd3, 0x0b,
    0xaa, 0xc6, 0xd3, 0x14, 0x3c, 0x38, 0x2e, 0x8c, 0x3c, 0x38, 0x2e, 0x8c, 0x3c, 0x38, 0x2e, 0x8c,
    0x3c, 0x38, 0x2e, 0x8c, 0x3c, 0x38, 0x2e, 0x8c, 0x3c, 0x38, 0x2e, 0x8c, 0x00, 0x00, 0x00, 0x00,
    0x00, 0x00, 0x00, 0x00, 0x00, 0x00, 0x00, 0x00, 0xaa, 0xc6, 0xd3, 0x01, 0xaa, 0xc6, 0xd3, 0x0f,
    0xaa, 0xc6, 0xd3, 0x14, 0x3c, 0x38, 0x2e, 0x8c, 0x3c, 0x38, 0x2e, 0x8c, 0x3c, 0x38, 0x2e, 0x8c,
    0x3c, 0x38, 0x2e, 0x8c, 0x3c, 0x38, 0x2e, 0x8c, 0x3c, 0x38, 0x2e, 0x8c, 0x3c, 0x38, 0x2e, 0x8c,
    0x00, 0x00, 0x00, 0x00, 0x00, 0x00, 0x00, 0x00, 0x00, 0x00, 0x00, 0x00, 0xaa, 0xc6, 0xd3, 0x0f,
    0xaa, 0xc6, 0xd3, 0x14, 0x3c, 0x38, 0x2e, 0x8c, 0x3c, 0x38, 0x2e, 0x8c, 0x3c, 0x38, 0x2e, 0x8c,
    0x3c, 0x38, 0x2e, 0x8c, 0x3c, 0x38, 0x2e, 0x8c, 0x3c, 0x38, 0x2e, 0x8c, 0x3c, 0x38, 0x2e, 0x8c,
    0x3c, 0x38, 0x2e, 0x8c, 0x00, 0x00, 0x00, 0x00, 0x00, 0x00, 0x00, 0x00, 0xaa, 0xc6, 0xd3, 0x0b,
    0xaa, 0xc6, 0xd3, 0x14, 0x3c, 0x38, 0x2e, 0x8c, 0x3c, 0x38, 0x2e, 0x8c, 0x3c, 0x38, 0x2e, 0x8c,
    0x3c, 0x38, 0x2e, 0x8c, 0x3c, 0x38, 0x2e, 0x8c, 0x3c, 0x38, 0x2e, 0x8c, 0x3c, 0x38, 0x2e, 0x8c,
    0x3c, 0x38, 0x2e, 0x8c, 0x3c, 0x38, 0x2e, 0x8c, 0x00, 0x00, 0x00, 0x00, 0xaa, 0xc6, 0xd3, 0x05,
    0xaa, 0xc6, 0xd3, 0x14, 0x3c, 0x38, 0x2e, 0x8c, 0x3c, 0x38, 0x2e, 0x8c, 0x3c, 0x38, 0x2e, 0x8c,
    0x3c, 0x38, 0x2e, 0x8c, 0x3c, 0x38, 0x2e, 0x8c, 0x3c, 0x38, 0x2e, 0x8c, 0x3c, 0x38, 0x2e, 0x8c,
    0x3c, 0x38, 0x2e, 0x8c, 0x3c, 0x38, 0x2e, 0x8c, 0x3c, 0x38, 0x2e, 0x8c, 0x00, 0x00, 0x00, 0x00,
    0xaa, 0xc6, 0xd3, 0x0f, 0x3c, 0x38, 0x2e, 0x8c, 0x3c, 0x38, 0x2e, 0x8c, 0x3c, 0x38, 0x2e, 0x8c,
    0x3c, 0x38, 0x2e, 0x8c, 0x3c, 0x38, 0x2e, 0x8c, 0x3c, 0x38, 0x2e, 0x8c, 0x3c, 0x38, 0x2e, 0x8c,
    0x3c, 0x38, 0x2e, 0x8c, 0x3c, 0x38, 0x2e, 0x8c, 0x3c, 0x38, 0x2e, 0x8c, 0x3c, 0x38, 0x2e, 0x8c,
    0xaa, 0xc6, 0xd3, 0x04, 0xaa, 0xc6, 0xd3, 0x14, 0x3c, 0x38, 0x2e, 0x8c, 0x3c, 0x38, 0x2e, 0x8c,
    0x3c, 0x38, 0x2e, 0x8c, 0x3c, 0x38, 0x2e, 0x8c, 0x3c, 0x38, 0x2e, 0x8c, 0x3c, 0x38, 0x2e, 0x8c,
    0x3c, 0x38, 0x2e, 0x8c, 0x3c, 0x38, 0x2e, 0x8c, 0x3c, 0x38, 0x2e, 0x8c, 0x3c, 0x38, 0x2e, 0x8c,
    0x3c, 0x38, 0x2e, 0x8c, 0xaa, 0xc6, 0xd3, 0x0a, 0xaa, 0xc6, 0xd3, 0x14, 0x3c, 0x38, 0x2e, 0x8c,
    0x3c, 0x38, 0x2e, 0x8c, 0x3c, 0x38, 0x2e, 0x8c, 0x3c, 0x38, 0x2e, 0x8c, 0x3c, 0x38, 0x2e, 0x8c,
    0x3c, 0x38, 0x2e, 0x8c, 0x3c, 0x38, 0x2e, 0x8c, 0x3c, 0x38, 0x2e, 0x8c, 0x3c, 0x38, 0x2e, 0x8c,
    0x3c, 0x38, 0x2e, 0x8c, 0x3c, 0x38, 0x2e, 0x8c, 0xaa, 0xc6, 0xd3, 0x0f, 0x3c, 0x38, 0x2e, 0x8c,
    0x3c, 0x38, 0x2e, 0x8c, 0x3c, 0x38, 0x2e, 0x8c, 0x3c, 0x38, 0x2e, 0x8c, 0x3c, 0x38, 0x2e, 0x8c,
    0x3c, 0x38, 0x2e, 0x8c, 0x3c, 0x38, 0x2e, 0x8c, 0x3c, 0x38, 0x2e, 0x8c, 0x3c, 0x38, 0x2e, 0x8c,
    0x3c, 0x38, 0x2e, 0x8c, 0x3c, 0x38, 0x2e, 0x8c, 0x3c, 0x38, 0x2e, 0x8c, 0xaa, 0xc6, 0xd3, 0x12,
    0x3c, 0x38, 0x2e, 0x8c, 0x3c, 0x38, 0x2e, 0x8c, 0x3c, 0x38, 0x2e, 0x8c, 0x3c, 0x38, 0x2e, 0x8c,
    0x3c, 0x38, 0x2e, 0x8c, 0x3c, 0x38, 0x2e, 0x8c, 0x3c, 0x38, 0x2e, 0x8c, 0x3c, 0x38, 0x2e, 0x8c,
    0x3c, 0x38, 0x2e, 0x8c, 0x3c, 0x38, 0x2e, 0x8c, 0x3c, 0x38, 0x2e, 0x8c, 0x3c, 0x38, 0x2e, 0x8c,
    0xaa, 0xc6, 0xd3, 0x13, 0x3c, 0x38, 0x2e, 0x8c, 0x3c, 0x38, 0x2e, 0x8c, 0x3c, 0x38, 0x2e, 0x8c,
    0x3c, 0x38, 0x2e, 0x8c, 0x3c, 0x38, 0x2e, 0x8c, 0x3c, 0x38, 0x2e, 0x8c, 0x3c, 0x38, 0x2e, 0x8c,
    0x3c, 0x38, 0x2e, 0x8c, 0x3c, 0x38, 0x2e, 0x8c, 0x3c, 0x38, 0x2e, 0x8c, 0x3c, 0x38, 0x2e, 0x8c,
    0x3c, 0x38, 0x2e, 0x8c, 0xaa, 0xc6, 0xd3, 0x14, 0x3c, 0x38, 0x2e, 0x8c, 0x3c, 0x38, 0x2e, 0x8c,
    0x3c, 0x38, 0x2e, 0x8c, 0x3c, 0x38, 0x2e, 0x8c, 0x3c, 0x38, 0x2e, 0x8c, 0x3c, 0x38, 0x2e, 0x8c,
    0x3c, 0x38, 0x2e, 0x8c, 0x3c, 0x38, 0x2e, 0x8c, 0x3c, 0x38, 0x2e, 0x8c, 0x3c, 0x38, 0x2e, 0x8c,
    0x3c, 0x38, 0x2e, 0x8c, 0x3c, 0x38, 0x2e, 0x8c, 0xaa, 0xc6, 0xd3, 0x13, 0x3c, 0x38, 0x2e, 0x8c,
    0x3c, 0x38, 0x2e, 0x8c, 0x3c, 0x38, 0x2e, 0x8c, 0x3c, 0x38, 0x2e, 0x8c, 0x3c, 0x38, 0x2e, 0x8c,
    0x3c, 0x38, 0x2e, 0x8c, 0x3c, 0x38, 0x2e, 0x8c, 0x3c, 0x38, 0x2e, 0x8c, 0x3c, 0x38, 0x2e, 0x8c,
    0x3c, 0x38, 0x2e, 0x8c, 0x3c, 0x38, 0x2e, 0x8c, 0x3c, 0x38, 0x2e, 0x8c, 0xaa, 0xc6, 0xd3, 0x12,
    0x3c, 0x38, 0x2e, 0x8c, 0x3c, 0x38, 0x2e, 0x8c, 0x3c, 0x38, 0x2e, 0x8c, 0x3c, 0x38, 0x2e, 0x8c,
    0x3c, 0x38, 0x2e, 0x8c, 0x3c, 0x38, 0x2e, 0x8c, 0x3c, 0x38, 0x2e, 0x8c, 0x3c, 0x38, 0x2e, 0x8c,
    0x3c, 0x38, 0x2e, 0x8c, 0x3c, 0x38, 0x2e, 0x8c, 0x3c, 0x38, 0x2e, 0x8c, 0x3c, 0x38, 0x2e, 0x8c,
    0xaa, 0xc6, 0xd3, 0x0f, 0x3c, 0x38, 0x2e, 0x8c, 0x3c, 0x38, 0x2e, 0x8c, 0x3c, 0x38, 0x2e, 0x8c,
    0x3c, 0x38, 0x2e, 0x8c, 0x3c, 0x38, 0x2e, 0x8c, 0x3c, 0x38, 0x2e, 0x8c, 0x3c, 0x38, 0x2e, 0x8c,
    0x3c, 0x38, 0x2e, 0x8c, 0x3c, 0x38, 0x2e, 0x8c, 0x3c, 0x38, 0x2e, 0x8c, 0x3c, 0x38, 0x2e, 0x8c,
    0x3c, 0x38, 0x2e, 0x8c, 0xaa, 0xc6, 0xd3, 0x0a, 0xaa, 0xc6, 0xd3, 0x14, 0x3c, 0x38, 0x2e, 0x8c,
    0x3c, 0x38, 0x2e, 0x8c, 0x3c, 0x38, 0x2e, 0x8c, 0x3c, 0x38, 0x2e, 0x8c, 0x3c, 0x38, 0x2e, 0x8c,
    0x3c, 0x38, 0x2e, 0x8c, 0x3c, 0x38, 0x2e, 0x8c, 0x3c, 0x38, 0x2e, 0x8c, 0x3c, 0x38, 0x2e, 0x8c,
    0x3c, 0x38, 0x2e, 0x8c, 0x3c, 0x38, 0x2e, 0x8c, 0xaa, 0xc6, 0xd3, 0x04, 0xaa, 0xc6, 0xd3, 0x14,
    0x3c, 0x38, 0x2e, 0x8c, 0x3c, 0x38, 0x2e, 0x8c, 0x3c, 0x38, 0x2e, 0x8c, 0x3c, 0x38, 0x2e, 0x8c,
    0x3c, 0x38, 0x2e, 0x8c, 0x3c, 0x38, 0x2e, 0x8c, 0x3c, 0x38, 0x2e, 0x8c, 0x3c, 0x38, 0x2e, 0x8c,
    0x3c, 0x38, 0x2e, 0x8c, 0x3c, 0x38, 0x2e, 0x8c, 0x3c, 0x38, 0x2e, 0x8c, 0x00, 0x00, 0x00, 0x00,
    0xaa, 0xc6, 0xd3, 0x0f, 0x3c, 0x38, 0x2e, 0x8c, 0x3c, 0x38, 0x2e, 0x8c, 0x3c, 0x38, 0x2e, 0x8c,
    0x3c, 0x38, 0x2e, 0x8c, 0x3c, 0x38, 0x2e, 0x8c, 0x3c, 0x38, 0x2e, 0x8c, 0x3c, 0x38, 0x2e, 0x8c,
    0x3c, 0x38, 0x2e, 0x8c, 0x3c, 0x38, 0x2e, 0x8c, 0x3c, 0x38, 0x2e, 0x8c, 0x3c, 0x38, 0x2e, 0x8c,
    0x00, 0x00, 0x00, 0x00, 0xaa, 0xc6, 0xd3, 0x05, 0xaa, 0xc6, 0xd3, 0x14, 0x3c, 0x38, 0x2e, 0x8c,
    0x3c, 0x38, 0x2e, 0x8c, 0x3c, 0x38, 0x2e, 0x8c, 0x3c, 0x38, 0x2e, 0x8c, 0x3c, 0x38, 0x2e, 0x8c,
    0x3c, 0x38, 0x2e, 0x8c, 0x3c, 0x38, 0x2e, 0x8c, 0x3c, 0x38, 0x2e, 0x8c, 0x3c, 0x38, 0x2e, 0x8c,
    0x3c, 0x38, 0x2e, 0x8c, 0x00, 0x00, 0x00, 0x00, 0x00, 0x00, 0x00, 0x00, 0xaa, 0xc6, 0xd3, 0x0b,
    0xaa, 0xc6, 0xd3, 0x14, 0x3c, 0x38, 0x2e, 0x8c, 0x3c, 0x38, 0x2e, 0x8c, 0x3c, 0x38, 0x2e, 0x8c,
    0x3c, 0x38, 0x2e, 0x8c, 0x3c, 0x38, 0x2e, 0x8c, 0x3c, 0x38, 0x2e, 0x8c, 0x3c, 0x38, 0x2e, 0x8c,
    0x3c, 0x38, 0x2e, 0x8c, 0x3c, 0x38, 0x2e, 0x8c, 0x00, 0x00, 0x00, 0x00, 0x00, 0x00, 0x00, 0x00,
    0x00, 0x00, 0x00, 0x00, 0xaa, 0xc6, 0xd3, 0x0f, 0xaa, 0xc6, 0xd3, 0x14, 0x3c, 0x38, 0x2e, 0x8c,
    0x3c, 0x38, 0x2e, 0x8c, 0x3c, 0x38, 0x2e, 0x8c, 0x3c, 0x38, 0x2e, 0x8c, 0x3c, 0x38, 0x2e, 0x8c,
    0x3c, 0x38, 0x2e, 0x8c, 0x3c, 0x38, 0x2e, 0x8c, 0x3c, 0x38, 0x2e, 0x8c, 0x00, 0x00, 0x00, 0x00,
    0x00, 0x00, 0x00, 0x00, 0x00, 0x00, 0x00, 0x00, 0xaa, 0xc6, 0xd3, 0x01, 0xaa, 0xc6, 0xd3, 0x0f,
    0xaa, 0xc6, 0xd3, 0x14, 0x3c, 0x38, 0x2e, 0x8c, 0x3c, 0x38, 0x2e, 0x8c, 0x3c, 0x38, 0x2e, 0x8c,
    0x3c, 0x38, 0x2e, 0x8c, 0x3c, 0x38, 0x2e, 0x8c, 0x3c, 0x38, 0x2e, 0x8c, 0x3c, 0x38, 0x2e, 0x8c,
    0x00, 0x00, 0x00, 0x00, 0x00, 0x00, 0x00, 0x00, 0x00, 0x00, 0x00, 0x00, 0x00, 0x00, 0x00, 0x00,
    0x00, 0x00, 0x00, 0x00, 0xaa, 0xc6, 0xd3, 0x0b, 0xaa, 0xc6, 0xd3, 0x14, 0x3c, 0x38, 0x2e, 0x8c,
    0x3c, 0x38, 0x2e, 0x8c, 0x3c, 0x38, 0x2e, 0x8c, 0x3c, 0x38, 0x2e, 0x8c, 0x3c, 0x38, 0x2e, 0x8c,
    0x3c, 0x38, 0x2e, 0x8c, 0x00, 0x00, 0x00, 0x00, 0x00, 0x00, 0x00, 0x00, 0x00, 0x00, 0x00, 0x00,
    0x00, 0x00, 0x00, 0x00, 0x00, 0x00, 0x00, 0x00, 0x00, 0x00, 0x00, 0x00, 0xaa, 0xc6, 0xd3, 0x05,
    0xaa, 0xc6, 0xd3, 0x0f, 0xaa, 0xc6, 0xd3, 0x14, 0xaa, 0xc6, 0xd3, 0x14, 0x3c, 0x38, 0x2e, 0x8c,
    0x3c, 0x38, 0x2e, 0x8c, 0x3c, 0x38, 0x2e, 0x8c, 0x00, 0x00, 0x00, 0x00, 0x00, 0x00, 0x00, 0x00,
    0x00, 0x00, 0x00, 0x00, 0x00, 0x00, 0x00, 0x00, 0x00, 0x00, 0x00, 0x00, 0x00, 0x00, 0x00, 0x00,
    0x00, 0x00, 0x00, 0x00, 0x00, 0x00, 0x00, 0x00, 0xaa, 0xc6, 0xd3, 0x04, 0xaa, 0xc6, 0xd3, 0x0a,
    0xaa, 0xc6, 0xd3, 0x0f, 0xaa, 0xc6, 0xd3, 0x12, 0xaa, 0xc6, 0xd3, 0x13,
};
static const lv_img_dsc_t pill_btn_inactive_l = {
    .header.always_zero = 0,
    .header.w = 13,
    .header.h = 27,
    .header.cf = LV_IMG_CF_TRUE_COLOR_ALPHA,
    .data_size = sizeof(pill_btn_inactive_l_data),
    .data = pill_btn_inactive_l_data,
};

static const uint8_t pill_btn_inactive_m_data[] = {
    0xaa, 0xc6, 0xd3, 0x14, 0xaa, 0xc6, 0xd3, 0x14, 0xaa, 0xc6, 0xd3, 0x14, 0xaa, 0xc6, 0xd3, 0x14,
    0xaa, 0xc6, 0xd3, 0x14, 0xaa, 0xc6, 0xd3, 0x14, 0xaa, 0xc6, 0xd3, 0x14, 0xaa, 0xc6, 0xd3, 0x14,
    0x3c, 0x38, 0x2e, 0x8c, 0x3c, 0x38, 0x2e, 0x8c, 0x3c, 0x38, 0x2e, 0x8c, 0x3c, 0x38, 0x2e, 0x8c,
    0x3c, 0x38, 0x2e, 0x8c, 0x3c, 0x38, 0x2e, 0x8c, 0x3c, 0x38, 0x2e, 0x8c, 0x3c, 0x38, 0x2e, 0x8c,
    0x3c, 0x38, 0x2e, 0x8c, 0x3c, 0x38, 0x2e, 0x8c, 0x3c, 0x38, 0x2e, 0x8c, 0x3c, 0x38, 0x2e, 0x8c,
    0x3c, 0x38, 0x2e, 0x8c, 0x3c, 0x38, 0x2e, 0x8c, 0x3c, 0x38, 0x2e, 0x8c, 0x3c, 0x38, 0x2e, 0x8c,
    0x3c, 0x38, 0x2e, 0x8c, 0x3c, 0x38, 0x2e, 0x8c, 0x3c, 0x38, 0x2e, 0x8c, 0x3c, 0x38, 0x2e, 0x8c,
    0x3c, 0x38, 0x2e, 0x8c, 0x3c, 0x38, 0x2e, 0x8c, 0x3c, 0x38, 0x2e, 0x8c, 0x3c, 0x38, 0x2e, 0x8c,
    0x3c, 0x38, 0x2e, 0x8c, 0x3c, 0x38, 0x2e, 0x8c, 0x3c, 0x38, 0x2e, 0x8c, 0x3c, 0x38, 0x2e, 0x8c,
    0x3c, 0x38, 0x2e, 0x8c, 0x3c, 0x38, 0x2e, 0x8c, 0x3c, 0x38, 0x2e, 0x8c, 0x3c, 0x38, 0x2e, 0x8c,
    0x3c, 0x38, 0x2e, 0x8c, 0x3c, 0x38, 0x2e, 0x8c, 0x3c, 0x38, 0x2e, 0x8c, 0x3c, 0x38, 0x2e, 0x8c,
    0x3c, 0x38, 0x2e, 0x8c, 0x3c, 0x38, 0x2e, 0x8c, 0x3c, 0x38, 0x2e, 0x8c, 0x3c, 0x38, 0x2e, 0x8c,
    0x3c, 0x38, 0x2e, 0x8c, 0x3c, 0x38, 0x2e, 0x8c, 0x3c, 0x38, 0x2e, 0x8c, 0x3c, 0x38, 0x2e, 0x8c,
    0x3c, 0x38, 0x2e, 0x8c, 0x3c, 0x38, 0x2e, 0x8c, 0x3c, 0x38, 0x2e, 0x8c, 0x3c, 0x38, 0x2e, 0x8c,
    0x3c, 0x38, 0x2e, 0x8c, 0x3c, 0x38, 0x2e, 0x8c, 0x3c, 0x38, 0x2e, 0x8c, 0x3c, 0x38, 0x2e, 0x8c,
    0x3c, 0x38, 0x2e, 0x8c, 0x3c, 0x38, 0x2e, 0x8c, 0x3c, 0x38, 0x2e, 0x8c, 0x3c, 0x38, 0x2e, 0x8c,
    0x3c, 0x38, 0x2e, 0x8c, 0x3c, 0x38, 0x2e, 0x8c, 0x3c, 0x38, 0x2e, 0x8c, 0x3c, 0x38, 0x2e, 0x8c,
    0x3c, 0x38, 0x2e, 0x8c, 0x3c, 0x38, 0x2e, 0x8c, 0x3c, 0x38, 0x2e, 0x8c, 0x3c, 0x38, 0x2e, 0x8c,
    0x3c, 0x38, 0x2e, 0x8c, 0x3c, 0x38, 0x2e, 0x8c, 0x3c, 0x38, 0x2e, 0x8c, 0x3c, 0x38, 0x2e, 0x8c,
    0x3c, 0x38, 0x2e, 0x8c, 0x3c, 0x38, 0x2e, 0x8c, 0x3c, 0x38, 0x2e, 0x8c, 0x3c, 0x38, 0x2e, 0x8c,
    0x3c, 0x38, 0x2e, 0x8c, 0x3c, 0x38, 0x2e, 0x8c, 0x3c, 0x38, 0x2e, 0x8c, 0x3c, 0x38, 0x2e, 0x8c,
    0x3c, 0x38, 0x2e, 0x8c, 0x3c, 0x38, 0x2e, 0x8c, 0x3c, 0x38, 0x2e, 0x8c, 0x3c, 0x38, 0x2e, 0x8c,
    0x3c, 0x38, 0x2e, 0x8c, 0x3c, 0x38, 0x2e, 0x8c, 0x3c, 0x38, 0x2e, 0x8c, 0x3c, 0x38, 0x2e, 0x8c,
    0x3c, 0x38, 0x2e, 0x8c, 0x3c, 0x38, 0x2e, 0x8c, 0x3c, 0x38, 0x2e, 0x8c, 0x3c, 0x38, 0x2e, 0x8c,
    0x3c, 0x38, 0x2e, 0x8c, 0x3c, 0x38, 0x2e, 0x8c, 0x3c, 0x38, 0x2e, 0x8c, 0x3c, 0x38, 0x2e, 0x8c,
    0x3c, 0x38, 0x2e, 0x8c, 0x3c, 0x38, 0x2e, 0x8c, 0x3c, 0x38, 0x2e, 0x8c, 0x3c, 0x38, 0x2e, 0x8c,
    0x3c, 0x38, 0x2e, 0x8c, 0x3c, 0x38, 0x2e, 0x8c, 0x3c, 0x38, 0x2e, 0x8c, 0x3c, 0x38, 0x2e, 0x8c,
    0x3c, 0x38, 0x2e, 0x8c, 0x3c, 0x38, 0x2e, 0x8c, 0x3c, 0x38, 0x2e, 0x8c, 0x3c, 0x38, 0x2e, 0x8c,
    0x3c, 0x38, 0x2e, 0x8c, 0x3c, 0x38, 0x2e, 0x8c, 0x3c, 0x38, 0x2e, 0x8c, 0x3c, 0x38, 0x2e, 0x8c,
    0x3c, 0x38, 0x2e, 0x8c, 0x3c, 0x38, 0x2e, 0x8c, 0x3c, 0x38, 0x2e, 0x8c, 0x3c, 0x38, 0x2e, 0x8c,
    0x3c, 0x38, 0x2e, 0x8c, 0x3c, 0x38, 0x2e, 0x8c, 0x3c, 0x38, 0x2e, 0x8c, 0x3c, 0x38, 0x2e, 0x8c,
    0x3c, 0x38, 0x2e, 0x8c, 0x3c, 0x38, 0x2e, 0x8c, 0x3c, 0x38, 0x2e, 0x8c, 0x3c, 0x38, 0x2e, 0x8c,
    0x3c, 0x38, 0x2e, 0x8c, 0x3c, 0x38, 0x2e, 0x8c, 0x3c, 0x38, 0x2e, 0x8c, 0x3c, 0x38, 0x2e, 0x8c,
    0x3c, 0x38, 0x2e, 0x8c, 0x3c, 0x38, 0x2e, 0x8c, 0x3c, 0x38, 0x2e, 0x8c, 0x3c, 0x38, 0x2e, 0x8c,
    0x3c, 0x38, 0x2e, 0x8c, 0x3c, 0x38, 0x2e, 0x8c, 0x3c, 0x38, 0x2e, 0x8c, 0x3c, 0x38, 0x2e, 0x8c,
    0x3c, 0x38, 0x2e, 0x8c, 0x3c, 0x38, 0x2e, 0x8c, 0x3c, 0x38, 0x2e, 0x8c, 0x3c, 0x38, 0x2e, 0x8c,
    0x3c, 0x38, 0x2e, 0x8c, 0x3c, 0x38, 0x2e, 0x8c, 0x3c, 0x38, 0x2e, 0x8c, 0x3c, 0x38, 0x2e, 0x8c,
    0x3c, 0x38, 0x2e, 0x8c, 0x3c, 0x38, 0x2e, 0x8c, 0x3c, 0x38, 0x2e, 0x8c, 0x3c, 0x38, 0x2e, 0x8c,
    0x3c, 0x38, 0x2e, 0x8c, 0x3c, 0x38, 0x2e, 0x8c, 0x3c, 0x38, 0x2e, 0x8c, 0x3c, 0x38, 0x2e, 0x8c,
    0x3c, 0x38, 0x2e, 0x8c, 0x3c, 0x38, 0x2e, 0x8c, 0x3c, 0x38, 0x2e, 0x8c, 0x3c, 0x38, 0x2e, 0x8c,
    0x3c, 0x38, 0x2e, 0x8c, 0x3c, 0x38, 0x2e, 0x8c, 0x3c, 0x38, 0x2e, 0x8c, 0x3c, 0x38, 0x2e, 0x8c,
    0x3c, 0x38, 0x2e, 0x8c, 0x3c, 0x38, 0x2e, 0x8c, 0x3c, 0x38, 0x2e, 0x8c, 0x3c, 0x38, 0x2e, 0x8c,
    0x3c, 0x38, 0x2e, 0x8c, 0x3c, 0x38, 0x2e, 0x8c, 0x3c, 0x38, 0x2e, 0x8c, 0x3c, 0x38, 0x2e, 0x8c,
    0x3c, 0x38, 0x2e, 0x8c, 0x3c, 0x38, 0x2e, 0x8c, 0x3c, 0x38, 0x2e, 0x8c, 0x3c, 0x38, 0x2e, 0x8c,
    0x3c, 0x38, 0x2e, 0x8c, 0x3c, 0x38, 0x2e, 0x8c, 0x3c, 0x38, 0x2e, 0x8c, 0x3c, 0x38, 0x2e, 0x8c,
    0x3c, 0x38, 0x2e, 0x8c, 0x3c, 0x38, 0x2e, 0x8c, 0x3c, 0x38, 0x2e, 0x8c, 0x3c, 0x38, 0x2e, 0x8c,
    0x3c, 0x38, 0x2e, 0x8c, 0x3c, 0x38, 0x2e, 0x8c, 0x3c, 0x38, 0x2e, 0x8c, 0x3c, 0x38, 0x2e, 0x8c,
    0x3c, 0x38, 0x2e, 0x8c, 0x3c, 0x38, 0x2e, 0x8c, 0x3c, 0x38, 0x2e, 0x8c, 0x3c, 0x38, 0x2e, 0x8c,
    0x3c, 0x38, 0x2e, 0x8c, 0x3c, 0x38, 0x2e, 0x8c, 0x3c, 0x38, 0x2e, 0x8c, 0x3c, 0x38, 0x2e, 0x8c,
    0x3c, 0x38, 0x2e, 0x8c, 0x3c, 0x38, 0x2e, 0x8c, 0x3c, 0x38, 0x2e, 0x8c, 0x3c, 0x38, 0x2e, 0x8c,
    0x3c, 0x38, 0x2e, 0x8c, 0x3c, 0x38, 0x2e, 0x8c, 0x3c, 0x38, 0x2e, 0x8c, 0x3c, 0x38, 0x2e, 0x8c,
    0x3c, 0x38, 0x2e, 0x8c, 0x3c, 0x38, 0x2e, 0x8c, 0x3c, 0x38, 0x2e, 0x8c, 0x3c, 0x38, 0x2e, 0x8c,
    0xaa, 0xc6, 0xd3, 0x14, 0xaa, 0xc6, 0xd3, 0x14, 0xaa, 0xc6, 0xd3, 0x14, 0xaa, 0xc6, 0xd3, 0x14,
    0xaa, 0xc6, 0xd3, 0x14, 0xaa, 0xc6, 0xd3, 0x14, 0xaa, 0xc6, 0xd3, 0x14, 0xaa, 0xc6, 0xd3, 0x14,
};
static const lv_img_dsc_t pill_btn_inactive_m = {
    .header.always_zero = 0,
    .header.w = 8,
    .header.h = 27,
    .header.cf = LV_IMG_CF_TRUE_COLOR_ALPHA,
    .data_size = sizeof(pill_btn_inactive_m_data),
    .data = pill_btn_inactive_m_data,
};

static const uint8_t pill_btn_inactive_r_data[] = {
    0xaa, 0xc6, 0xd3, 0x13, 0xaa, 0xc6, 0xd3, 0x12, 0xaa, 0xc6, 0xd3, 0x0f, 0xaa, 0xc6, 0xd3, 0x0a,
    0xaa, 0xc6, 0xd3, 0x04, 0x00, 0x00, 0x00, 0x00, 0x00, 0x00, 0x00, 0x00, 0x00, 0x00, 0x00, 0x00,
    0x00, 0x00, 0x00, 0x00, 0x00, 0x00, 0x00, 0x00, 0x00, 0x00, 0x00, 0x00, 0x00, 0x00, 0x00, 0x00,
    0x00, 0x00, 0x00, 0x00, 0x3c, 0x38, 0x2e, 0x8c, 0x3c, 0x38, 0x2e, 0x8c, 0x3c, 0x38, 0x2e, 0x8c,
    0xaa, 0xc6, 0xd3, 0x14, 0xaa, 0xc6, 0xd3, 0x14, 0xaa, 0xc6, 0xd3, 0x0f, 0xaa, 0xc6, 0xd3, 0x05,
    0x00, 0x00, 0x00, 0x00, 0x00, 0x00, 0x00, 0x00, 0x00, 0x00, 0x00, 0x00, 0x00, 0x00, 0x00, 0x00,
    0x00, 0x00, 0x00, 0x00, 0x00, 0x00, 0x00, 0x00, 0x3c, 0x38, 0x2e, 0x8c, 0x3c, 0x38, 0x2e, 0x8c,
    0x3c, 0x38, 0x2e, 0x8c, 0x3c, 0x38, 0x2e, 0x8c, 0x3c, 0x38, 0x2e, 0x8c, 0x3c, 0x38, 0x2e, 0x8c,
    0xaa, 0xc6, 0xd3, 0x14, 0xaa, 0xc6, 0xd3, 0x0b, 0x00, 0x00, 0x00, 0x00, 0x00, 0x00, 0x00, 0x00,
    0x00, 0x00, 0x00, 0x00, 0x00, 0x00, 0x00, 0x00, 0x00, 0x00, 0x00, 0x00, 0x3c, 0x38, 0x2e, 0x8c,
    0x3c, 0x38, 0x2e, 0x8c, 0x3c, 0x38, 0x2e, 0x8c, 0x3c, 0x38, 0x2e, 0x8c, 0x3c, 0x38, 0x2e, 0x8c,
    0x3c, 0x38, 0x2e, 0x8c, 0x3c, 0x38, 0x2e, 0x8c, 0xaa, 0xc6, 0xd3, 0x14, 0xaa, 0xc6, 0xd3, 0x0f,
    0xaa, 0xc6, 0xd3, 0x01, 0x00, 0x00, 0x00, 0x00, 0x00, 0x00, 0x00, 0x00, 0x00, 0x00, 0x00, 0x00,
    0x3c, 0x38, 0x2e, 0x8c, 0x3c, 0x38, 0x2e, 0x8c, 0x3c, 0x38, 0x2e, 0x8c, 0x3c, 0x38, 0x2e, 0x8c,
    0x3c, 0x38, 0x2e, 0x8c, 0x3c, 0x38, 0x2e, 0x8c, 0x3c, 0x38, 0x2e, 0x8c, 0x3c, 0x38, 0x2e, 0x8c,
    0xaa, 0xc6, 0xd3, 0x14, 0xaa, 0xc6, 0xd3, 0x0f, 0x00, 0x00, 0x00, 0x00, 0x00, 0x00, 0x00, 0x00,
    0x00, 0x00, 0x00, 0x00, 0x3c, 0x38, 0x2e, 0x8c, 0x3c, 0x38, 0x2e, 0x8c, 0x3c, 0x38, 0x2e, 0x8c,
    0x3c, 0x38, 0x2e, 0x8c, 0x3c, 0x38, 0x2e, 0x8c, 0x3c, 0x38, 0x2e, 0x8c, 0x3c, 0x38, 0x2e, 0x8c,
    0x3c, 0x38, 0x2e, 0x8c, 0x3c, 0x38, 0x2e, 0x8c, 0xaa, 0xc6, 0xd3, 0x14, 0xaa, 0xc6, 0xd3, 0x0b,
    0x00, 0x00, 0x00, 0x00, 0x00, 0x00, 0x00, 0x00, 0x3c, 0x38, 0x2e, 0x8c, 0x3c, 0x38, 0x2e, 0x8c,
    0x3c, 0x38, 0x2e, 0x8c, 0x3c, 0x38, 0x2e, 0x8c, 0x3c, 0x38, 0x2e, 0x8c, 0x3c, 0x38, 0x2e, 0x8c,
    0x3c, 0x38, 0x2e, 0x8c, 0x3c, 0x38, 0x2e, 0x8c, 0x3c, 0x38, 0x2e, 0x8c, 0x3c, 0x38, 0x2e, 0x8c,
    0xaa, 0xc6, 0xd3, 0x14, 0xaa, 0xc6, 0xd3, 0x05, 0x00, 0x00, 0x00, 0x00, 0x3c, 0x38, 0x2e, 0x8c,
    0x3c, 0x38, 0x2e, 0x8c, 0x3c, 0x38, 0x2e, 0x8c, 0x3c, 0x38, 0x2e, 0x8c, 0x3c, 0x38, 0x2e, 0x8c,
    0x3c, 0x38, 0x2e, 0x8c, 0x3c, 0x38, 0x2e, 0x8c, 0x3c, 0x38, 0x2e, 0x8c, 0x3c, 0x38, 0x2e, 0x8c,
    0x3c, 0x38, 0x2e, 0x8c, 0x3c, 0x38, 0x2e, 0x8c, 0xaa, 0xc6, 0xd3, 0x0f, 0x00, 0x00, 0x00, 0x00,
    0x3c, 0x38, 0x2e, 0x8c, 0x3c, 0x38, 0x2e, 0x8c, 0x3c, 0x38, 0x2e, 0x8c, 0x3c, 0x38, 0x2e, 0x8c,
    0x3c, 0x38, 0x2e, 0x8c, 0x3c, 0x38, 0x2e, 0x8c, 0x3c, 0x38, 0x2e, 0x8c, 0x3c, 0x38, 0x2e, 0x8c,
    0x3c, 0x38, 0x2e, 0x8c, 0x3c, 0x38, 0x2e, 0x8c, 0x3c, 0x38, 0x2e, 0x8c, 0xaa, 0xc6, 0xd3, 0x14,
    0xaa, 0xc6, 0xd3, 0x04, 0x3c, 0x38, 0x2e, 0x8c, 0x3c, 0x38, 0x2e, 0x8c, 0x3c, 0x38, 0x2e, 0x8c,
    0x3c, 0x38, 0x2e, 0x8c, 0x3c, 0x38, 0x2e, 0x8c, 0x3c, 0x38, 0x2e, 0x8c, 0x3c, 0x38, 0x2e, 0x8c,
    0x3c, 0x38, 0x2e, 0x8c, 0x3c, 0x38, 0x2e, 0x8c, 0x3c, 0x38, 0x2e, 0x8c, 0x3c, 0x38, 0x2e, 0x8c,
    0xaa, 0xc6, 0xd3, 0x14, 0xaa, 0xc6, 0xd3, 0x0a, 0x3c, 0x38, 0x2e, 0x8c, 0x3c, 0x38, 0x2e, 0x8c,
    0x3c, 0x38, 0x2e, 0x8c, 0x3c, 0x38, 0x2e, 0x8c, 0x3c, 0x38, 0x2e, 0x8c, 0x3c, 0x38, 0x2e, 0x8c,
    0x3c, 0x38, 0x2e, 0x8c, 0x3c, 0x38, 0x2e, 0x8c, 0x3c, 0x38, 0x2e, 0x8c, 0x3c, 0x38, 0x2e, 0x8c,
    0x3c, 0x38, 0x2e, 0x8c, 0x3c, 0x38, 0x2e, 0x8c, 0xaa, 0xc6, 0xd3, 0x0f, 0x3c, 0x38, 0x2e, 0x8c,
    0x3c, 0x38, 0x2e, 0x8c, 0x3c, 0x38, 0x2e, 0x8c, 0x3c, 0x38, 0x2e, 0x8c, 0x3c, 0x38, 0x2e, 0x8c,
    0x3c, 0x38, 0x2e, 0x8c, 0x3c, 0x38, 0x2e, 0x8c, 0x3c, 0x38, 0x2e, 0x8c, 0x3c, 0x38, 0x2e, 0x8c,
    0x3c, 0x38, 0x2e, 0x8c, 0x3c, 0x38, 0x2e, 0x8c, 0x3c, 0x38, 0x2e, 0x8c, 0xaa, 0xc6, 0xd3, 0x12,
    0x3c, 0x38, 0x2e, 0x8c, 0x3c, 0x38, 0x2e, 0x8c, 0x3c, 0x38, 0x2e, 0x8c, 0x3c, 0x38, 0x2e, 0x8c,
    0x3c, 0x38, 0x2e, 0x8c, 0x3c, 0x38, 0x2e, 0x8c, 0x3c, 0x38, 0x2e, 0x8c, 0x3c, 0x38, 0x2e, 0x8c,
    0x3c, 0x38, 0x2e, 0x8c, 0x3c, 0x38, 0x2e, 0x8c, 0x3c, 0x38, 0x2e, 0x8c, 0x3c, 0x38, 0x2e, 0x8c,
    0xaa, 0xc6, 0xd3, 0x13, 0x3c, 0x38, 0x2e, 0x8c, 0x3c, 0x38, 0x2e, 0x8c, 0x3c, 0x38, 0x2e, 0x8c,
    0x3c, 0x38, 0x2e, 0x8c, 0x3c, 0x38, 0x2e, 0x8c, 0x3c, 0x38, 0x2e, 0x8c, 0x3c, 0x38, 0x2e, 0x8c,
    0x3c, 0x38, 0x2e, 0x8c, 0x3c, 0x38, 0x2e, 0x8c, 0x3c, 0x38, 0x2e, 0x8c, 0x3c, 0x38, 0x2e, 0x8c,
    0x3c, 0x38, 0x2e, 0x8c, 0xaa, 0xc6, 0xd3, 0x14, 0x3c, 0x38, 0x2e, 0x8c, 0x3c, 0x38, 0x2e, 0x8c,
    0x3c, 0x38, 0x2e, 0x8c, 0x3c, 0x38, 0x2e, 0x8c, 0x3c, 0x38, 0x2e, 0x8c, 0x3c, 0x38, 0x2e, 0x8c,
    0x3c, 0x38, 0x2e, 0x8c, 0x3c, 0x38, 0x2e, 0x8c, 0x3c, 0x38, 0x2e, 0x8c, 0x3c, 0x38, 0x2e, 0x8c,
    0x3c, 0x38, 0x2e, 0x8c, 0x3c, 0x38, 0x2e, 0x8c, 0xaa, 0xc6, 0xd3, 0x13, 0x3c, 0x38, 0x2e, 0x8c,
    0x3c, 0x38, 0x2e, 0x8c, 0x3c, 0x38, 0x2e, 0x8c, 0x3c, 0x38, 0x2e, 0x8c, 0x3c, 0x38, 0x2e, 0x8c,
    0x3c, 0x38, 0x2e, 0x8c, 0x3c, 0x38, 0x2e, 0x8c, 0x3c, 0x38, 0x2e, 0x8c, 0x3c, 0x38, 0x2e, 0x8c,
    0x3c, 0x38, 0x2e, 0x8c, 0x3c, 0x38, 0x2e, 0x8c, 0x3c, 0x38, 0x2e, 0x8c, 0xaa, 0xc6, 0xd3, 0x12,
    0x3c, 0x38, 0x2e, 0x8c, 0x3c, 0x38, 0x2e, 0x8c, 0x3c, 0x38, 0x2e, 0x8c, 0x3c, 0x38, 0x2e, 0x8c,
    0x3c, 0x38, 0x2e, 0x8c, 0x3c, 0x38, 0x2e, 0x8c, 0x3c, 0x38, 0x2e, 0x8c, 0x3c, 0x38, 0x2e, 0x8c,
    0x3c, 0x38, 0x2e, 0x8c, 0x3c, 0x38, 0x2e, 0x8c, 0x3c, 0x38, 0x2e, 0x8c, 0x3c, 0x38, 0x2e, 0x8c,
    0xaa, 0xc6, 0xd3, 0x0f, 0x3c, 0x38, 0x2e, 0x8c, 0x3c, 0x38, 0x2e, 0x8c, 0x3c, 0x38, 0x2e, 0x8c,
    0x3c, 0x38, 0x2e, 0x8c, 0x3c, 0x38, 0x2e, 0x8c, 0x3c, 0x38, 0x2e, 0x8c, 0x3c, 0x38, 0x2e, 0x8c,
    0x3c, 0x38, 0x2e, 0x8c, 0x3c, 0x38, 0x2e, 0x8c, 0x3c, 0x38, 0x2e, 0x8c, 0x3c, 0x38, 0x2e, 0x8c,
    0xaa, 0xc6, 0xd3, 0x14, 0xaa, 0xc6, 0xd3, 0x0a, 0x3c, 0x38, 0x2e, 0x8c, 0x3c, 0x38, 0x2e, 0x8c,
    0x3c, 0x38, 0x2e, 0x8c, 0x3c, 0x38, 0x2e, 0x8c, 0x3c, 0x38, 0x2e, 0x8c, 0x3c, 0x38, 0x2e, 0x8c,
    0x3c, 0x38, 0x2e, 0x8c, 0x3c, 0x38, 0x2e, 0x8c, 0x3c, 0x38, 0x2e, 0x8c, 0x3c, 0x38, 0x2e, 0x8c,
    0x3c, 0x38, 0x2e, 0x8c, 0xaa, 0xc6, 0xd3, 0x14, 0xaa, 0xc6, 0xd3, 0x04, 0x3c, 0x38, 0x2e, 0x8c,
    0x3c, 0x38, 0x2e, 0x8c, 0x3c, 0x38, 0x2e, 0x8c, 0x3c, 0x38, 0x2e, 0x8c, 0x3c, 0x38, 0x2e, 0x8c,
    0x3c, 0x38, 0x2e, 0x8c, 0x3c, 0x38, 0x2e, 0x8c, 0x3c, 0x38, 0x2e, 0x8c, 0x3c, 0x38, 0x2e, 0x8c,
    0x3c, 0x38, 0x2e, 0x8c, 0x3c, 0x38, 0x2e, 0x8c, 0xaa, 0xc6, 0xd3, 0x0f, 0x00, 0x00, 0x00, 0x00,
    0x3c, 0x38, 0x2e, 0x8c, 0x3c, 0x38, 0x2e, 0x8c, 0x3c, 0x38, 0x2e, 0x8c, 0x3c, 0x38, 0x2e, 0x8c,
    0x3c, 0x38, 0x2e, 0x8c, 0x3c, 0x38, 0x2e, 0x8c, 0x3c, 0x38, 0x2e, 0x8c, 0x3c, 0x38, 0x2e, 0x8c,
    0x3c, 0x38, 0x2e, 0x8c, 0x3c, 0x38, 0x2e, 0x8c, 0xaa, 0xc6, 0xd3, 0x14, 0xaa, 0xc6, 0xd3, 0x05,
    0x00, 0x00, 0x00, 0x00, 0x3c, 0x38, 0x2e, 0x8c, 0x3c, 0x38, 0x2e, 0x8c, 0x3c, 0x38, 0x2e, 0x8c,
    0x3c, 0x38, 0x2e, 0x8c, 0x3c, 0x38, 0x2e, 0x8c, 0x3c, 0x38, 0x2e, 0x8c, 0x3c, 0x38, 0x2e, 0x8c,
    0x3c, 0x38, 0x2e, 0x8c, 0x3c, 0x38, 0x2e, 0x8c, 0xaa, 0xc6, 0xd3, 0x14, 0xaa, 0xc6, 0xd3, 0x0b,
    0x00, 0x00, 0x00, 0x00, 0x00, 0x00, 0x00, 0x00, 0x3c, 0x38, 0x2e, 0x8c, 0x3c, 0x38, 0x2e, 0x8c,
    0x3c, 0x38, 0x2e, 0x8c, 0x3c, 0x38, 0x2e, 0x8c, 0x3c, 0x38, 0x2e, 0x8c, 0x3c, 0x38, 0x2e, 0x8c,
    0x3c, 0x38, 0x2e, 0x8c, 0x3c, 0x38, 0x2e, 0x8c, 0xaa, 0xc6, 0xd3, 0x14, 0xaa, 0xc6, 0xd3, 0x0f,
    0x00, 0x00, 0x00, 0x00, 0x00, 0x00, 0x00, 0x00, 0x00, 0x00, 0x00, 0x00, 0x3c, 0x38, 0x2e, 0x8c,
    0x3c, 0x38, 0x2e, 0x8c, 0x3c, 0x38, 0x2e, 0x8c, 0x3c, 0x38, 0x2e, 0x8c, 0x3c, 0x38, 0x2e, 0x8c,
    0x3c, 0x38, 0x2e, 0x8c, 0x3c, 0x38, 0x2e, 0x8c, 0xaa, 0xc6, 0xd3, 0x14, 0xaa, 0xc6, 0xd3, 0x0f,
    0xaa, 0xc6, 0xd3, 0x01, 0x00, 0x00, 0x00, 0x00, 0x00, 0x00, 0x00, 0x00, 0x00, 0x00, 0x00, 0x00,
    0x3c, 0x38, 0x2e, 0x8c, 0x3c, 0x38, 0x2e, 0x8c, 0x3c, 0x38, 0x2e, 0x8c, 0x3c, 0x38, 0x2e, 0x8c,
    0x3c, 0x38, 0x2e, 0x8c, 0x3c, 0x38, 0x2e, 0x8c, 0xaa, 0xc6, 0xd3, 0x14, 0xaa, 0xc6, 0xd3, 0x0b,
    0x00, 0x00, 0x00, 0x00, 0x00, 0x00, 0x00, 0x00, 0x00, 0x00, 0x00, 0x00, 0x00, 0x00, 0x00, 0x00,
    0x00, 0x00, 0x00, 0x00, 0x3c, 0x38, 0x2e, 0x8c, 0x3c, 0x38, 0x2e, 0x8c, 0x3c, 0x38, 0x2e, 0x8c,
    0xaa, 0xc6, 0xd3, 0x14, 0xaa, 0xc6, 0xd3, 0x14, 0xaa, 0xc6, 0xd3, 0x0f, 0xaa, 0xc6, 0xd3, 0x05,
    0x00, 0x00, 0x00, 0x00, 0x00, 0x00, 0x00, 0x00, 0x00, 0x00, 0x00, 0x00, 0x00, 0x00, 0x00, 0x00,
    0x00, 0x00, 0x00, 0x00, 0x00, 0x00, 0x00, 0x00, 0xaa, 0xc6, 0xd3, 0x13, 0xaa, 0xc6, 0xd3, 0x12,
    0xaa, 0xc6, 0xd3, 0x0f, 0xaa, 0xc6, 0xd3, 0x0a, 0xaa, 0xc6, 0xd3, 0x04, 0x00, 0x00, 0x00, 0x00,
    0x00, 0x00, 0x00, 0x00, 0x00, 0x00, 0x00, 0x00, 0x00, 0x00, 0x00, 0x00, 0x00, 0x00, 0x00, 0x00,
    0x00, 0x00, 0x00, 0x00, 0x00, 0x00, 0x00, 0x00, 0x00, 0x00, 0x00, 0x00,
};
static const lv_img_dsc_t pill_btn_inactive_r = {
    .header.always_zero = 0,
    .header.w = 13,
    .header.h = 27,
    .header.cf = LV_IMG_CF_TRUE_COLOR_ALPHA,
    .data_size = sizeof(pill_btn_inactive_r_data),
    .data = pill_btn_inactive_r_data,
};

static const uint8_t pill_btn_highlight_l_data[] = {
    0x00, 0x00, 0x00, 0x00, 0x00, 0x00, 0x00, 0x00, 0x00, 0x00, 0x00, 0x00, 0x00, 0x00, 0x00, 0x00,
    0x00, 0x00, 0x00, 0x00, 0x00, 0x00, 0x00, 0x00, 0x00, 0x00, 0x00, 0x00, 0x00, 0x00, 0x00, 0x00,
    0xff, 0xff, 0xff, 0x26, 0xff, 0xff, 0xff, 0x5d, 0xff, 0xff, 0xff, 0x87, 0xff, 0xff, 0xff, 0xa3,
    0xff, 0xff, 0xff, 0xb2, 0x00, 0x00, 0x00, 0x00, 0x00, 0x00, 0x00, 0x00, 0x00, 0x00, 0x00, 0x00,
    0x00, 0x00, 0x00, 0x00, 0x00, 0x00, 0x00, 0x00, 0x00, 0x00, 0x00, 0x00, 0xff, 0xff, 0xff, 0x34,
    0xff, 0xff, 0xff, 0x87, 0xff, 0xff, 0xff, 0xb4, 0xff, 0xff, 0xff, 0xb4, 0xff, 0xff, 0xff, 0xb4,
    0xff, 0xff, 0xff, 0xb4, 0xff, 0xff, 0xff, 0xb4, 0x00, 0x00, 0x00, 0x00, 0x00, 0x00, 0x00, 0x00,
    0x00, 0x00, 0x00, 0x00, 0x00, 0x00, 0x00, 0x00, 0x00, 0x00, 0x00, 0x00, 0xff, 0xff, 0xff, 0x6b,
    0xff, 0xff, 0xff, 0xb4, 0xff, 0xff, 0xff, 0xb4, 0xff, 0xff, 0xff, 0xb4, 0xff, 0xff, 0xff, 0xb4,
    0x80, 0xc0, 0xa7, 0xff, 0x80, 0xc0, 0xa7, 0xff, 0x80, 0xc0, 0xa7, 0xff, 0x00, 0x00, 0x00, 0x00,
    0x00, 0x00, 0x00, 0x00, 0x00, 0x00, 0x00, 0x00, 0xff, 0xff, 0xff, 0x0b, 0xff, 0xff, 0xff, 0x87,
    0xff, 0xff, 0xff, 0xb4, 0xff, 0xff, 0xff, 0xb4, 0x80, 0xc0, 0xa7, 0xff, 0x80, 0xc0, 0xa7, 0xff,
    0x80, 0xc0, 0xa7, 0xff, 0x80, 0xc0, 0xa7, 0xff, 0x80, 0xc0, 0xa7, 0xff, 0x80, 0xc0, 0xa7, 0xff,
    0x00, 0x00, 0x00, 0x00, 0x00, 0x00, 0x00, 0x00, 0x00, 0x00, 0x00, 0x00, 0xff, 0xff, 0xff, 0x87,
    0xff, 0xff, 0xff, 0xb4, 0xff, 0xff, 0xff, 0xb4, 0x80, 0xc0, 0xa7, 0xff, 0x80, 0xc0, 0xa7, 0xff,
    0x80, 0xc0, 0xa7, 0xff, 0x80, 0xc0, 0xa7, 0xff, 0x80, 0xc0, 0xa7, 0xff, 0x80, 0xc0, 0xa7, 0xff,
    0x80, 0xc0, 0xa7, 0xff, 0x00, 0x00, 0x00, 0x00, 0x00, 0x00, 0x00, 0x00, 0xff, 0xff, 0xff, 0x6b,
    0xff, 0xff, 0xff, 0xb4, 0xff, 0xff, 0xff, 0xb4, 0x80, 0xc0, 0xa7, 0xff, 0x80, 0xc0, 0xa7, 0xff,
    0x80, 0xc0, 0xa7, 0xff, 0x80, 0xc0, 0xa7, 0xff, 0x80, 0xc0, 0xa7, 0xff, 0x80, 0xc0, 0xa7, 0xff,
    0x80, 0xc0, 0xa7, 0xff, 0x80, 0xc0, 0xa7, 0xff, 0x00, 0x00, 0x00, 0x00, 0xff, 0xff, 0xff, 0x34,
    0xff, 0xff, 0xff, 0xb4, 0xff, 0xff, 0xff, 0xb4, 0x80, 0xc0, 0xa7, 0xff, 0x80, 0xc0, 0xa7, 0xff,
    0x80, 0xc0, 0xa7, 0xff, 0x80, 0xc0, 0xa7, 0xff, 0x80, 0xc0, 0xa7, 0xff, 0x80, 0xc0, 0xa7, 0xff,
    0x80, 0xc0, 0xa7, 0xff, 0x80, 0xc0, 0xa7, 0xff, 0x80, 0xc0, 0xa7, 0xff, 0x00, 0x00, 0x00, 0x00,
    0xff, 0xff, 0xff, 0x87, 0xff, 0xff, 0xff, 0xb4, 0x80, 0xc0, 0xa7, 0xff, 0x80, 0xc0, 0xa7, 0xff,
    0x80, 0xc0, 0xa7, 0xff, 0x80, 0xc0, 0xa7, 0xff, 0x80, 0xc0, 0xa7, 0xff, 0x80, 0xc0, 0xa7, 0xff,
    0x80, 0xc0, 0xa7, 0xff, 0x80, 0xc0, 0xa7, 0xff, 0x80, 0xc0, 0xa7, 0xff, 0x80, 0xc0, 0xa7, 0xff,
    0xff, 0xff, 0xff, 0x26, 0xff, 0xff, 0xff, 0xb4, 0xff, 0xff, 0xff, 0xb4, 0x80, 0xc0, 0xa7, 0xff,
    0x80, 0xc0, 0xa7, 0xff, 0x80, 0xc0, 0xa7, 0xff, 0x80, 0xc0, 0xa7, 0xff, 0x80, 0xc0, 0xa7, 0xff,
    0x80, 0xc0, 0xa7, 0xff, 0x80, 0xc0, 0xa7, 0xff, 0x80, 0xc0, 0xa7, 0xff, 0x80, 0xc0, 0xa7, 0xff,
    0x80, 0xc0, 0xa7, 0xff, 0xff, 0xff, 0xff, 0x5d, 0xff, 0xff, 0xff, 0xb4, 0xff, 0xff, 0xff, 0xb4,
    0x80, 0xc0, 0xa7, 0xff, 0x80, 0xc0, 0xa7, 0xff, 0x80, 0xc0, 0xa7, 0xff, 0x80, 0xc0, 0xa7, 0xff,
    0x80, 0xc0, 0xa7, 0xff, 0x80, 0xc0, 0xa7, 0xff, 0x80, 0xc0, 0xa7, 0xff, 0x80, 0xc0, 0xa7, 0xff,
    0x80, 0xc0, 0xa7, 0xff, 0x80, 0xc0, 0xa7, 0xff, 0xff, 0xff, 0xff, 0x87, 0xff, 0xff, 0xff, 0xb4,
    0x80, 0xc0, 0xa7, 0xff, 0x80, 0xc0, 0xa7, 0xff, 0x80, 0xc0, 0xa7, 0xff, 0x80, 0xc0, 0xa7, 0xff,
    0x80, 0xc0, 0xa7, 0xff, 0x80, 0xc0, 0xa7, 0xff, 0x80, 0xc0, 0xa7, 0xff, 0x80, 0xc0, 0xa7, 0xff,
    0x80, 0xc0, 0xa7, 0xff, 0x80, 0xc0, 0xa7, 0xff, 0x80, 0xc0, 0xa7, 0xff, 0xff, 0xff, 0xff, 0xa3,
    0xff, 0xff, 0xff, 0xb4, 0x80, 0xc0, 0xa7, 0xff, 0x80, 0xc0, 0xa7, 0xff, 0x80, 0xc0, 0xa7, 0xff,
    0x80, 0xc0, 0xa7, 0xff, 0x80, 0xc0, 0xa7, 0xff, 0x80, 0xc0, 0xa7, 0xff, 0x80, 0xc0, 0xa7, 0xff,
    0x80, 0xc0, 0xa7, 0xff, 0x80, 0xc0, 0xa7, 0xff, 0x80, 0xc0, 0xa7, 0xff, 0x80, 0xc0, 0xa7, 0xff,
    0xff, 0xff, 0xff, 0xb2, 0xff, 0xff, 0xff, 0xb4, 0x80, 0xc0, 0xa7, 0xff, 0x80, 0xc0, 0xa7, 0xff,
    0x80, 0xc0, 0xa7, 0xff, 0x80, 0xc0, 0xa7, 0xff, 0x80, 0xc0, 0xa7, 0xff, 0x80, 0xc0, 0xa7, 0xff,
    0x80, 0xc0, 0xa7, 0xff, 0x80, 0xc0, 0xa7, 0xff, 0x80, 0xc0, 0xa7, 0xff, 0x80, 0xc0, 0xa7, 0xff,
    0x80, 0xc0, 0xa7, 0xff, 0xff, 0xff, 0xff, 0xb4, 0xff, 0xff, 0xff, 0xb4, 0x80, 0xc0, 0xa7, 0xff,
    0x80, 0xc0, 0xa7, 0xff, 0x80, 0xc0, 0xa7, 0xff, 0x80, 0xc0, 0xa7, 0xff, 0x80, 0xc0, 0xa7, 0xff,
    0x80, 0xc0, 0xa7, 0xff, 0x80, 0xc0, 0xa7, 0xff, 0x80, 0xc0, 0xa7, 0xff, 0x80, 0xc0, 0xa7, 0xff,
    0x80, 0xc0, 0xa7, 0xff, 0x80, 0xc0, 0xa7, 0xff, 0xff, 0xff, 0xff, 0xb2, 0xff, 0xff, 0xff, 0xb4,
    0x80, 0xc0, 0xa7, 0xff, 0x80, 0xc0, 0xa7, 0xff, 0x80, 0xc0, 0xa7, 0xff, 0x80, 0xc0, 0xa7, 0xff,
    0x80, 0xc0, 0xa7, 0xff, 0x80, 0xc0, 0xa7, 0xff, 0x80, 0xc0, 0xa7, 0xff, 0x80, 0xc0, 0xa7, 0xff,
    0x80, 0xc0, 0xa7, 0xff, 0x80, 0xc0, 0xa7, 0xff, 0x80, 0xc0, 0xa7, 0xff, 0xff, 0xff, 0xff, 0xa3,
    0xff, 0xff, 0xff, 0xb4, 0x80, 0xc0, 0xa7, 0xff, 0x80, 0xc0, 0xa7, 0xff, 0x80, 0xc0, 0xa7, 0xff,
    0x80, 0xc0, 0xa7, 0xff, 0x80, 0xc0, 0xa7, 0xff, 0x80, 0xc0, 0xa7, 0xff, 0x80, 0xc0, 0xa7, 0xff,
    0x80, 0xc0, 0xa7, 0xff, 0x80, 0xc0, 0xa7, 0xff, 0x80, 0xc0, 0xa7, 0xff, 0x80, 0xc0, 0xa7, 0xff,
    0xff, 0xff, 0xff, 0x87, 0xff, 0xff, 0xff, 0xb4, 0x80, 0xc0, 0xa7, 0xff, 0x80, 0xc0, 0xa7, 0xff,
    0x80, 0xc0, 0xa7, 0xff, 0x80, 0xc0, 0xa7, 0xff, 0x80, 0xc0, 0xa7, 0xff, 0x80, 0xc0, 0xa7, 0xff,
    0x80, 0xc0, 0xa7, 0xff, 0x80, 0xc0, 0xa7, 0xff, 0x80, 0xc0, 0xa7, 0xff, 0x80, 0xc0, 0xa7, 0xff,
    0x80, 0xc0, 0xa7, 0xff, 0xff, 0xff, 0xff, 0x5d, 0xff, 0xff, 0xff, 0xb4, 0xff, 0xff, 0xff, 0xb4,
    0x80, 0xc0, 0xa7, 0xff, 0x80, 0xc0, 0xa7, 0xff, 0x80, 0xc0, 0xa7, 0xff, 0x80, 0xc0, 0xa7, 0xff,
    0x80, 0xc0, 0xa7, 0xff, 0x80, 0xc0, 0xa7, 0xff, 0x80, 0xc0, 0xa7, 0xff, 0x80, 0xc0, 0xa7, 0xff,
    0x80, 0xc0, 0xa7, 0xff, 0x80, 0xc0, 0xa7, 0xff, 0xff, 0xff, 0xff, 0x26, 0xff, 0xff, 0xff, 0xb4,
    0xff, 0xff, 0xff, 0xb4, 0x80, 0xc0, 0xa7, 0xff, 0x80, 0xc0, 0xa7, 0xff, 0x80, 0xc0, 0xa7, 0xff,
    0x80, 0xc0, 0xa7, 0xff, 0x80, 0xc0, 0xa7, 0xff, 0x80, 0xc0, 0xa7, 0xff, 0x80, 0xc0, 0xa7, 0xff,
    0x80, 0xc0, 0xa7, 0xff, 0x80, 0xc0, 0xa7, 0xff, 0x80, 0xc0, 0xa7, 0xff, 0x00, 0x00, 0x00, 0x00,
    0xff, 0xff, 0xff, 0x87, 0xff, 0xff, 0xff, 0xb4, 0x80, 0xc0, 0xa7, 0xff, 0x80, 0xc0, 0xa7, 0xff,
    0x80, 0xc0, 0xa7, 0xff, 0x80, 0xc0, 0xa7, 0xff, 0x80, 0xc0, 0xa7, 0xff, 0x80, 0xc0, 0xa7, 0xff,
    0x80, 0xc0, 0xa7, 0xff, 0x80, 0xc0, 0xa7, 0xff, 0x80, 0xc0, 0xa7, 0xff, 0x80, 0xc0, 0xa7, 0xff,
    0x00, 0x00, 0x00, 0x00, 0xff, 0xff, 0xff, 0x34, 0xff, 0xff, 0xff, 0xb4, 0xff, 0xff, 0xff, 0xb4,
    0x80, 0xc0, 0xa7, 0xff, 0x80, 0xc0, 0xa7, 0xff, 0x80, 0xc0, 0xa7, 0xff, 0x80, 0xc0, 0xa7, 0xff,
    0x80, 0xc0, 0xa7, 0xff, 0x80, 0xc0, 0xa7, 0xff, 0x80, 0xc0, 0xa7, 0xff, 0x80, 0xc0, 0xa7, 0xff,
    0x80, 0xc0, 0xa7, 0xff, 0x00, 0x00, 0x00, 0x00, 0x00, 0x00, 0x00, 0x00, 0xff, 0xff, 0xff, 0x6b,
    0xff, 0xff, 0xff, 0xb4, 0xff, 0xff, 0xff, 0xb4, 0x80, 0xc0, 0xa7, 0xff, 0x80, 0xc0, 0xa7, 0xff,
    0x80, 0xc0, 0xa7, 0xff, 0x80, 0xc0, 0xa7, 0xff, 0x80, 0xc0, 0xa7, 0xff, 0x80, 0xc0, 0xa7, 0xff,
    0x80, 0xc0, 0xa7, 0xff, 0x80, 0xc0, 0xa7, 0xff, 0x00, 0x00, 0x00, 0x00, 0x00, 0x00, 0x00, 0x00,
    0x00, 0x00, 0x00, 0x00, 0xff, 0xff, 0xff, 0x87, 0xff, 0xff, 0xff, 0xb4, 0xff, 0xff, 0xff, 0xb4,
    0x80, 0xc0, 0xa7, 0xff, 0x80, 0xc0, 0xa7, 0xff, 0x80, 0xc0, 0xa7, 0xff, 0x80, 0xc0, 0xa7, 0xff,
    0x80, 0xc0, 0xa7, 0xff, 0x80, 0xc0, 0xa7, 0xff, 0x80, 0xc0, 0xa7, 0xff, 0x00, 0x00, 0x00, 0x00,
    0x00, 0x00, 0x00, 0x00, 0x00, 0x00, 0x00, 0x00, 0xff, 0xff, 0xff, 0x0b, 0xff, 0xff, 0xff, 0x87,
    0xff, 0xff, 0xff, 0xb4, 0xff, 0xff, 0xff, 0xb4, 0x80, 0xc0, 0xa7, 0xff, 0x80, 0xc0, 0xa7, 0xff,
    0x80, 0xc0, 0xa7, 0xff, 0x80, 0xc0, 0xa7, 0xff, 0x80, 0xc0, 0xa7, 0xff, 0x80, 0xc0, 0xa7, 0xff,
    0x00, 0x00, 0x00, 0x00, 0x00, 0x00, 0x00, 0x00, 0x00, 0x00, 0x00, 0x00, 0x00, 0x00, 0x00, 0x00,
    0x00, 0x00, 0x00, 0x00, 0xff, 0xff, 0xff, 0x6b, 0xff, 0xff, 0xff, 0xb4, 0xff, 0xff, 0xff, 0xb4,
    0xff, 0xff, 0xff, 0xb4, 0xff, 0xff, 0xff, 0xb4, 0x80, 0xc0, 0xa7, 0xff, 0x80, 0xc0, 0xa7, 0xff,
    0x80, 0xc0, 0xa7, 0xff, 0x00, 0x00, 0x00, 0x00, 0x00, 0x00, 0x00, 0x00, 0x00, 0x00, 0x00, 0x00,
    0x00, 0x00, 0x00, 0x00, 0x00, 0x00, 0x00, 0x00, 0x00, 0x00, 0x00, 0x00, 0xff, 0xff, 0xff, 0x34,
    0xff, 0xff, 0xff, 0x87, 0xff, 0xff, 0xff, 0xb4, 0xff, 0xff, 0xff, 0xb4, 0xff, 0xff, 0xff, 0xb4,
    0xff, 0xff, 0xff, 0xb4, 0xff, 0xff, 0xff, 0xb4, 0x00, 0x00, 0x00, 0x00, 0x00, 0x00, 0x00, 0x00,
    0x00, 0x00, 0x00, 0x00, 0x00, 0x00, 0x00, 0x00, 0x00, 0x00, 0x00, 0x00, 0x00, 0x00, 0x00, 0x00,
    0x00, 0x00, 0x00, 0x00, 0x00, 0x00, 0x00, 0x00, 0xff, 0xff, 0xff, 0x26, 0xff, 0xff, 0xff, 0x5d,
    0xff, 0xff, 0xff, 0x87, 0xff, 0xff, 0xff, 0xa3, 0xff, 0xff, 0xff, 0xb2,
};
static const lv_img_dsc_t pill_btn_highlight_l = {
    .header.always_zero = 0,
    .header.w = 13,
    .header.h = 27,
    .header.cf = LV_IMG_CF_TRUE_COLOR_ALPHA,
    .data_size = sizeof(pill_btn_highlight_l_data),
    .data = pill_btn_highlight_l_data,
};

static const uint8_t pill_btn_highlight_m_data[] = {
    0xff, 0xff, 0xff, 0xb4, 0xff, 0xff, 0xff, 0xb4, 0xff, 0xff, 0xff, 0xb4, 0xff, 0xff, 0xff, 0xb4,
    0xff, 0xff, 0xff, 0xb4, 0xff, 0xff, 0xff, 0xb4, 0xff, 0xff, 0xff, 0xb4, 0xff, 0xff, 0xff, 0xb4,
    0xff, 0xff, 0xff, 0xb4, 0xff, 0xff, 0xff, 0xb4, 0xff, 0xff, 0xff, 0xb4, 0xff, 0xff, 0xff, 0xb4,
    0xff, 0xff, 0xff, 0xb4, 0xff, 0xff, 0xff, 0xb4, 0xff, 0xff, 0xff, 0xb4, 0xff, 0xff, 0xff, 0xb4,
    0x80, 0xc0, 0xa7, 0xff, 0x80, 0xc0, 0xa7, 0xff, 0x80, 0xc0, 0xa7, 0xff, 0x80, 0xc0, 0xa7, 0xff,
    0x80, 0xc0, 0xa7, 0xff, 0x80, 0xc0, 0xa7, 0xff, 0x80, 0xc0, 0xa7, 0xff, 0x80, 0xc0, 0xa7, 0xff,
    0x80, 0xc0, 0xa7, 0xff, 0x80, 0xc0, 0xa7, 0xff, 0x80, 0xc0, 0xa7, 0xff, 0x80, 0xc0, 0xa7, 0xff,
    0x80, 0xc0, 0xa7, 0xff, 0x80, 0xc0, 0xa7, 0xff, 0x80, 0xc0, 0xa7, 0xff, 0x80, 0xc0, 0xa7, 0xff,
    0x80, 0xc0, 0xa7, 0xff, 0x80, 0xc0, 0xa7, 0xff, 0x80, 0xc0, 0xa7, 0xff, 0x80, 0xc0, 0xa7, 0xff,
    0x80, 0xc0, 0xa7, 0xff, 0x80, 0xc0, 0xa7, 0xff, 0x80, 0xc0, 0xa7, 0xff, 0x80, 0xc0, 0xa7, 0xff,
    0x80, 0xc0, 0xa7, 0xff, 0x80, 0xc0, 0xa7, 0xff, 0x80, 0xc0, 0xa7, 0xff, 0x80, 0xc0, 0xa7, 0xff,
    0x80, 0xc0, 0xa7, 0xff, 0x80, 0xc0, 0xa7, 0xff, 0x80, 0xc0, 0xa7, 0xff, 0x80, 0xc0, 0xa7, 0xff,
    0x80, 0xc0, 0xa7, 0xff, 0x80, 0xc0, 0xa7, 0xff, 0x80, 0xc0, 0xa7, 0xff, 0x80, 0xc0, 0xa7, 0xff,
    0x80, 0xc0, 0xa7, 0xff, 0x80, 0xc0, 0xa7, 0xff, 0x80, 0xc0, 0xa7, 0xff, 0x80, 0xc0, 0xa7, 0xff,
    0x80, 0xc0, 0xa7, 0xff, 0x80, 0xc0, 0xa7, 0xff, 0x80, 0xc0, 0xa7, 0xff, 0x80, 0xc0, 0xa7, 0xff,
    0x80, 0xc0, 0xa7, 0xff, 0x80, 0xc0, 0xa7, 0xff, 0x80, 0xc0, 0xa7, 0xff, 0x80, 0xc0, 0xa7, 0xff,
    0x80, 0xc0, 0xa7, 0xff, 0x80, 0xc0, 0xa7, 0xff, 0x80, 0xc0, 0xa7, 0xff, 0x80, 0xc0, 0xa7, 0xff,
    0x80, 0xc0, 0xa7, 0xff, 0x80, 0xc0, 0xa7, 0xff, 0x80, 0xc0, 0xa7, 0xff, 0x80, 0xc0, 0xa7, 0xff,
    0x80, 0xc0, 0xa7, 0xff, 0x80, 0xc0, 0xa7, 0xff, 0x80, 0xc0, 0xa7, 0xff, 0x80, 0xc0, 0xa7, 0xff,
    0x80, 0xc0, 0xa7, 0xff, 0x80, 0xc0, 0xa7, 0xff, 0x80, 0xc0, 0xa7, 0xff, 0x80, 0xc0, 0xa7, 0xff,
    0x80, 0xc0, 0xa7, 0xff, 0x80, 0xc0, 0xa7, 0xff, 0x80, 0xc0, 0xa7, 0xff, 0x80, 0xc0, 0xa7, 0xff,
    0x80, 0xc0, 0xa7, 0xff, 0x80, 0xc0, 0xa7, 0xff, 0x80, 0xc0, 0xa7, 0xff, 0x80, 0xc0, 0xa7, 0xff,
    0x80, 0xc0, 0xa7, 0xff, 0x80, 0xc0, 0xa7, 0xff, 0x80, 0xc0, 0xa7, 0xff, 0x80, 0xc0, 0xa7, 0xff,
    0x80, 0xc0, 0xa7, 0xff, 0x80, 0xc0, 0xa7, 0xff, 0x80, 0xc0, 0xa7, 0xff, 0x80, 0xc0, 0xa7, 0xff,
    0x80, 0xc0, 0xa7, 0xff, 0x80, 0xc0, 0xa7, 0xff, 0x80, 0xc0, 0xa7, 0xff, 0x80, 0xc0, 0xa7, 0xff,
    0x80, 0xc0, 0xa7, 0xff, 0x80, 0xc0, 0xa7, 0xff, 0x80, 0xc0, 0xa7, 0xff, 0x80, 0xc0, 0xa7, 0xff,
    0x80, 0xc0, 0xa7, 0xff, 0x80, 0xc0, 0xa7, 0xff, 0x80, 0xc0, 0xa7, 0xff, 0x80, 0xc0, 0xa7, 0xff,
    0x80, 0xc0, 0xa7, 0xff, 0x80, 0xc0, 0xa7, 0xff, 0x80, 0xc0, 0xa7, 0xff, 0x80, 0xc0, 0xa7, 0xff,
    0x80, 0xc0, 0xa7, 0xff, 0x80, 0xc0, 0xa7, 0xff, 0x80, 0xc0, 0xa7, 0xff, 0x80, 0xc0, 0xa7, 0xff,
    0x80, 0xc0, 0xa7, 0xff, 0x80, 0xc0, 0xa7, 0xff, 0x80, 0xc0, 0xa7, 0xff, 0x80, 0xc0, 0xa7, 0xff,
    0x80, 0xc0, 0xa7, 0xff, 0x80, 0xc0, 0xa7, 0xff, 0x80, 0xc0, 0xa7, 0xff, 0x80, 0xc0, 0xa7, 0xff,
    0x80, 0xc0, 0xa7, 0xff, 0x80, 0xc0, 0xa7, 0xff, 0x80, 0xc0, 0xa7, 0xff, 0x80, 0xc0, 0xa7, 0xff,
    0x80, 0xc0, 0xa7, 0xff, 0x80, 0xc0, 0xa7, 0xff, 0x80, 0xc0, 0xa7, 0xff, 0x80, 0xc0, 0xa7, 0xff,
    0x80, 0xc0, 0xa7, 0xff, 0x80, 0xc0, 0xa7, 0xff, 0x80, 0xc0, 0xa7, 0xff, 0x80, 0xc0, 0xa7, 0xff,
    0x80, 0xc0, 0xa7, 0xff, 0x80, 0xc0, 0xa7, 0xff, 0x80, 0xc0, 0xa7, 0xff, 0x80, 0xc0, 0xa7, 0xff,
    0x80, 0xc0, 0xa7, 0xff, 0x80, 0xc0, 0xa7, 0xff, 0x80, 0xc0, 0xa7, 0xff, 0x80, 0xc0, 0xa7, 0xff,
    0x80, 0xc0, 0xa7, 0xff, 0x80, 0xc0, 0xa7, 0xff, 0x80, 0xc0, 0xa7, 0xff, 0x80, 0xc0, 0xa7, 0xff,
    0x80, 0xc0, 0xa7, 0xff, 0x80, 0xc0, 0xa7, 0xff, 0x80, 0xc0, 0xa7, 0xff, 0x80, 0xc0, 0xa7, 0xff,
    0x80, 0xc0, 0xa7, 0xff, 0x80, 0xc0, 0xa7, 0xff, 0x80, 0xc0, 0xa7, 0xff, 0x80, 0xc0, 0xa7, 0xff,
    0x80, 0xc0, 0xa7, 0xff, 0x80, 0xc0, 0xa7, 0xff, 0x80, 0xc0, 0xa7, 0xff, 0x80, 0xc0, 0xa7, 0xff,
    0x80, 0xc0, 0xa7, 0xff, 0x80, 0xc0, 0xa7, 0xff, 0x80, 0xc0, 0xa7, 0xff, 0x80, 0xc0, 0xa7, 0xff,
    0x80, 0xc0, 0xa7, 0xff, 0x80, 0xc0, 0xa7, 0xff, 0x80, 0xc0, 0xa7, 0xff, 0x80, 0xc0, 0xa7, 0xff,
    0x80, 0xc0, 0xa7, 0xff, 0x80, 0xc0, 0xa7, 0xff, 0x80, 0xc0, 0xa7, 0xff, 0x80, 0xc0, 0xa7, 0xff,
    0x80, 0xc0, 0xa7, 0xff, 0x80, 0xc0, 0xa7, 0xff, 0x80, 0xc0, 0xa7, 0xff, 0x80, 0xc0, 0xa7, 0xff,
    0x80, 0xc0, 0xa7, 0xff, 0x80, 0xc0, 0xa7, 0xff, 0x80, 0xc0, 0xa7, 0xff, 0x80, 0xc0, 0xa7, 0xff,
    0x80, 0xc0, 0xa7, 0xff, 0x80, 0xc0, 0xa7, 0xff, 0x80, 0xc0, 0xa7, 0xff, 0x80, 0xc0, 0xa7, 0xff,
    0x80, 0xc0, 0xa7, 0xff, 0x80, 0xc0, 0xa7, 0xff, 0x80, 0xc0, 0xa7, 0xff, 0x80, 0xc0, 0xa7, 0xff,
    0x80, 0xc0, 0xa7, 0xff, 0x80, 0xc0, 0xa7, 0xff, 0x80, 0xc0, 0xa7, 0xff, 0x80, 0xc0, 0xa7, 0xff,
    0x80, 0xc0, 0xa7, 0xff, 0x80, 0xc0, 0xa7, 0xff, 0x80, 0xc0, 0xa7, 0xff, 0x80, 0xc0, 0xa7, 0xff,
    0x80, 0xc0, 0xa7, 0xff, 0x80, 0xc0, 0xa7, 0xff, 0x80, 0xc0, 0xa7, 0xff, 0x80, 0xc0, 0xa7, 0xff,
    0xff, 0xff, 0xff, 0xb4, 0xff, 0xff, 0xff, 0xb4, 0xff, 0xff, 0xff, 0xb4, 0xff, 0xff, 0xff, 0xb4,
    0xff, 0xff, 0xff, 0xb4, 0xff, 0xff, 0xff, 0xb4, 0xff, 0xff, 0xff, 0xb4, 0xff, 0xff, 0xff, 0xb4,
    0xff, 0xff, 0xff, 0xb4, 0xff, 0xff, 0xff, 0xb4, 0xff, 0xff, 0xff, 0xb4, 0xff, 0xff, 0xff, 0xb4,
    0xff, 0xff, 0xff, 0xb4, 0xff, 0xff, 0xff, 0xb4, 0xff, 0xff, 0xff, 0xb4, 0xff, 0xff, 0xff, 0xb4,
};
static const lv_img_dsc_t pill_btn_highlight_m = {
    .header.always_zero = 0,
    .header.w = 8,
    .header.h = 27,
    .header.cf = LV_IMG_CF_TRUE_COLOR_ALPHA,
    .data_size = sizeof(pill_btn_highlight_m_data),
    .data = pill_btn_highlight_m_data,
};

static const uint8_t pill_btn_highlight_r_data[] = {
    0xff, 0xff, 0xff, 0xb2, 0xff, 0xff, 0xff, 0xa3, 0xff, 0xff, 0xff, 0x87, 0xff, 0xff, 0xff, 0x5d,
    0xff, 0xff, 0xff, 0x26, 0x00, 0x00, 0x00, 0x00, 0x00, 0x00, 0x00, 0x00, 0x00, 0x00, 0x00, 0x00,
    0x00, 0x00, 0x00, 0x00, 0x00, 0x00, 0x00, 0x00, 0x00, 0x00, 0x00, 0x00, 0x00, 0x00, 0x00, 0x00,
    0x00, 0x00, 0x00, 0x00, 0xff, 0xff, 0xff, 0xb4, 0xff, 0xff, 0xff, 0xb4, 0xff, 0xff, 0xff, 0xb4,
    0xff, 0xff, 0xff, 0xb4, 0xff, 0xff, 0xff, 0xb4, 0xff, 0xff, 0xff, 0x87, 0xff, 0xff, 0xff, 0x34,
    0x00, 0x00, 0x00, 0x00, 0x00, 0x00, 0x00, 0x00, 0x00, 0x00, 0x00, 0x00, 0x00, 0x00, 0x00, 0x00,
    0x00, 0x00, 0x00, 0x00, 0x00, 0x00, 0x00, 0x00, 0x80, 0xc0, 0xa7, 0xff, 0x80, 0xc0, 0xa7, 0xff,
    0x80, 0xc0, 0xa7, 0xff, 0xff, 0xff, 0xff, 0xb4, 0xff, 0xff, 0xff, 0xb4, 0xff, 0xff, 0xff, 0xb4,
    0xff, 0xff, 0xff, 0xb4, 0xff, 0xff, 0xff, 0x6b, 0x00, 0x00, 0x00, 0x00, 0x00, 0x00, 0x00, 0x00,
    0x00, 0x00, 0x00, 0x00, 0x00, 0x00, 0x00, 0x00, 0x00, 0x00, 0x00, 0x00, 0x80, 0xc0, 0xa7, 0xff,
    0x80, 0xc0, 0xa7, 0xff, 0x80, 0xc0, 0xa7, 0xff, 0x80, 0xc0, 0xa7, 0xff, 0x80, 0xc0, 0xa7, 0xff,
    0x80, 0xc0, 0xa7, 0xff, 0xff, 0xff, 0xff, 0xb4, 0xff, 0xff, 0xff, 0xb4, 0xff, 0xff, 0xff, 0x87,
    0xff, 0xff, 0xff, 0x0b, 0x00, 0x00, 0x00, 0x00, 0x00, 0x00, 0x00, 0x00, 0x00, 0x00, 0x00, 0x00,
    0x80, 0xc0, 0xa7, 0xff, 0x80, 0xc0, 0xa7, 0xff, 0x80, 0xc0, 0xa7, 0xff, 0x80, 0xc0, 0xa7, 0xff,
    0x80, 0xc0, 0xa7, 0xff, 0x80, 0xc0, 0xa7, 0xff, 0x80, 0xc0, 0xa7, 0xff, 0xff, 0xff, 0xff, 0xb4,
    0xff, 0xff, 0xff, 0xb4, 0xff, 0xff, 0xff, 0x87, 0x00, 0x00, 0x00, 0x00, 0x00, 0x00, 0x00, 0x00,
    0x00, 0x00, 0x00, 0x00, 0x80, 0xc0, 0xa7, 0xff, 0x80, 0xc0, 0xa7, 0xff, 0x80, 0xc0, 0xa7, 0xff,
    0x80, 0xc0, 0xa7, 0xff, 0x80, 0xc0, 0xa7, 0xff, 0x80, 0xc0, 0xa7, 0xff, 0x80, 0xc0, 0xa7, 0xff,
    0x80, 0xc0, 0xa7, 0xff, 0xff, 0xff, 0xff, 0xb4, 0xff, 0xff, 0xff, 0xb4, 0xff, 0xff, 0xff, 0x6b,
    0x00, 0x00, 0x00, 0x00, 0x00, 0x00, 0x00, 0x00, 0x80, 0xc0, 0xa7, 0xff, 0x80, 0xc0, 0xa7, 0xff,
    0x80, 0xc0, 0xa7, 0xff, 0x80, 0xc0, 0xa7, 0xff, 0x80, 0xc0, 0xa7, 0xff, 0x80, 0xc0, 0xa7, 0xff,
    0x80, 0xc0, 0xa7, 0xff, 0x80, 0xc0, 0xa7, 0xff, 0x80, 0xc0, 0xa7, 0xff, 0xff, 0xff, 0xff, 0xb4,
    0xff, 0xff, 0xff, 0xb4, 0xff, 0xff, 0xff, 0x34, 0x00, 0x00, 0x00, 0x00, 0x80, 0xc0, 0xa7, 0xff,
    0x80, 0xc0, 0xa7, 0xff, 0x80, 0xc0, 0xa7, 0xff, 0x80, 0xc0, 0xa7, 0xff, 0x80, 0xc0, 0xa7, 0xff,
    0x80, 0xc0, 0xa7, 0xff, 0x80, 0xc0, 0xa7, 0xff, 0x80, 0xc0, 0xa7, 0xff, 0x80, 0xc0, 0xa7, 0xff,
    0x80, 0xc0, 0xa7, 0xff, 0xff, 0xff, 0xff, 0xb4, 0xff, 0xff, 0xff, 0x87, 0x00, 0x00, 0x00, 0x00,
    0x80, 0xc0, 0xa7, 0xff, 0x80, 0xc0, 0xa7, 0xff, 0x80, 0xc0, 0xa7, 0xff, 0x80, 0xc0, 0xa7, 0xff,
    0x80, 0xc0, 0xa7, 0xff, 0x80, 0xc0, 0xa7, 0xff, 0x80, 0xc0, 0xa7, 0xff, 0x80, 0xc0, 0xa7, 0xff,
    0x80, 0xc0, 0xa7, 0xff, 0x80, 0xc0, 0xa7, 0xff, 0xff, 0xff, 0xff, 0xb4, 0xff, 0xff, 0xff, 0xb4,
    0xff, 0xff, 0xff, 0x26, 0x80, 0xc0, 0xa7, 0xff, 0x80, 0xc0, 0xa7, 0xff, 0x80, 0xc0, 0xa7, 0xff,
    0x80, 0xc0, 0xa7, 0xff, 0x80, 0xc0, 0xa7, 0xff, 0x80, 0xc0, 0xa7, 0xff, 0x80, 0xc0, 0xa7, 0xff,
    0x80, 0xc0, 0xa7, 0xff, 0x80, 0xc0, 0xa7, 0xff, 0x80, 0xc0, 0xa7, 0xff, 0xff, 0xff, 0xff, 0xb4,
    0xff, 0xff, 0xff, 0xb4, 0xff, 0xff, 0xff, 0x5d, 0x80, 0xc0, 0xa7, 0xff, 0x80, 0xc0, 0xa7, 0xff,
    0x80, 0xc0, 0xa7, 0xff, 0x80, 0xc0, 0xa7, 0xff, 0x80, 0xc0, 0xa7, 0xff, 0x80, 0xc0, 0xa7, 0xff,
    0x80, 0xc0, 0xa7, 0xff, 0x80, 0xc0, 0xa7, 0xff, 0x80, 0xc0, 0xa7, 0xff, 0x80, 0xc0, 0xa7, 0xff,
    0x80, 0xc0, 0xa7, 0xff, 0xff, 0xff, 0xff, 0xb4, 0xff, 0xff, 0xff, 0x87, 0x80, 0xc0, 0xa7, 0xff,
    0x80, 0xc0, 0xa7, 0xff, 0x80, 0xc0, 0xa7, 0xff, 0x80, 0xc0, 0xa7, 0xff, 0x80, 0xc0, 0xa7, 0xff,
    0x80, 0xc0, 0xa7, 0xff, 0x80, 0xc0, 0xa7, 0xff, 0x80, 0xc0, 0xa7, 0xff, 0x80, 0xc0, 0xa7, 0xff,
    0x80, 0xc0, 0xa7, 0xff, 0x80, 0xc0, 0xa7, 0xff, 0xff, 0xff, 0xff, 0xb4, 0xff, 0xff, 0xff, 0xa3,
    0x80, 0xc0, 0xa7, 0xff, 0x80, 0xc0, 0xa7, 0xff, 0x80, 0xc0, 0xa7, 0xff, 0x80, 0xc0, 0xa7, 0xff,
    0x80, 0xc0, 0xa7, 0xff, 0x80, 0xc0, 0xa7, 0xff, 0x80, 0xc0, 0xa7, 0xff, 0x80, 0xc0, 0xa7, 0xff,
    0x80, 0xc0, 0xa7, 0xff, 0x80, 0xc0, 0xa7, 0xff, 0x80, 0xc0, 0xa7, 0xff, 0xff, 0xff, 0xff, 0xb4,
    0xff, 0xff, 0xff, 0xb2, 0x80, 0xc0, 0xa7, 0xff, 0x80, 0xc0, 0xa7, 0xff, 0x80, 0xc0, 0xa7, 0xff,
    0x80, 0xc0, 0xa7, 0xff, 0x80, 0xc0, 0xa7, 0xff, 0x80, 0xc0, 0xa7, 0xff, 0x80, 0xc0, 0xa7, 0xff,
    0x80, 0xc0, 0xa7, 0xff, 0x80, 0xc0, 0xa7, 0xff, 0x80, 0xc0, 0xa7, 0xff, 0x80, 0xc0, 0xa7, 0xff,
    0xff, 0xff, 0xff, 0xb4, 0xff, 0xff, 0xff, 0xb4, 0x80, 0xc0, 0xa7, 0xff, 0x80, 0xc0, 0xa7, 0xff,
    0x80, 0xc0, 0xa7, 0xff, 0x80, 0xc0, 0xa7, 0xff, 0x80, 0xc0, 0xa7, 0xff, 0x80, 0xc0, 0xa7, 0xff,
    0x80, 0xc0, 0xa7, 0xff, 0x80, 0xc0, 0xa7, 0xff, 0x80, 0xc0, 0xa7, 0xff, 0x80, 0xc0, 0xa7, 0xff,
    0x80, 0xc0, 0xa7, 0xff, 0xff, 0xff, 0xff, 0xb4, 0xff, 0xff, 0xff, 0xb2, 0x80, 0xc0, 0xa7, 0xff,
    0x80, 0xc0, 0xa7, 0xff, 0x80, 0xc0, 0xa7, 0xff, 0x80, 0xc0, 0xa7, 0xff, 0x80, 0xc0, 0xa7, 0xff,
    0x80, 0xc0, 0xa7, 0xff, 0x80, 0xc0, 0xa7, 0xff, 0x80, 0xc0, 0xa7, 0xff, 0x80, 0xc0, 0xa7, 0xff,
    0x80, 0xc0, 0xa7, 0xff, 0x80, 0xc0, 0xa7, 0xff, 0xff, 0xff, 0xff, 0xb4, 0xff, 0xff, 0xff, 0xa3,
    0x80, 0xc0, 0xa7, 0xff, 0x80, 0xc0, 0xa7, 0xff, 0x80, 0xc0, 0xa7, 0xff, 0x80, 0xc0, 0xa7, 0xff,
    0x80, 0xc0, 0xa7, 0xff, 0x80, 0xc0, 0xa7, 0xff, 0x80, 0xc0, 0xa7, 0xff, 0x80, 0xc0, 0xa7, 0xff,
    0x80, 0xc0, 0xa7, 0xff, 0x80, 0xc0, 0xa7, 0xff, 0x80, 0xc0, 0xa7, 0xff, 0xff, 0xff, 0xff, 0xb4,
    0xff, 0xff, 0xff, 0x87, 0x80, 0xc0, 0xa7, 0xff, 0x80, 0xc0, 0xa7, 0xff, 0x80, 0xc0, 0xa7, 0xff,
    0x80, 0xc0, 0xa7, 0xff, 0x80, 0xc0, 0xa7, 0xff, 0x80, 0xc0, 0xa7, 0xff, 0x80, 0xc0, 0xa7, 0xff,
    0x80, 0xc0, 0xa7, 0xff, 0x80, 0xc0, 0xa7, 0xff, 0x80, 0xc0, 0xa7, 0xff, 0xff, 0xff, 0xff, 0xb4,
    0xff, 0xff, 0xff, 0xb4, 0xff, 0xff, 0xff, 0x5d, 0x80, 0xc0, 0xa7, 0xff, 0x80, 0xc0, 0xa7, 0xff,
    0x80, 0xc0, 0xa7, 0xff, 0x80, 0xc0, 0xa7, 0xff, 0x80, 0xc0, 0xa7, 0xff, 0x80, 0xc0, 0xa7, 0xff,
    0x80, 0xc0, 0xa7, 0xff, 0x80, 0xc0, 0xa7, 0xff, 0x80, 0xc0, 0xa7, 0xff, 0x80, 0xc0, 0xa7, 0xff,
    0xff, 0xff, 0xff, 0xb4, 0xff, 0xff, 0xff, 0xb4, 0xff, 0xff, 0xff, 0x26, 0x80, 0xc0, 0xa7, 0xff,
    0x80, 0xc0, 0xa7, 0xff, 0x80, 0xc0, 0xa7, 0xff, 0x80, 0xc0, 0xa7, 0xff, 0x80, 0xc0, 0xa7, 0xff,
    0x80, 0xc0, 0xa7, 0xff, 0x80, 0xc0, 0xa7, 0xff, 0x80, 0xc0, 0xa7, 0xff, 0x80, 0xc0, 0xa7, 0xff,
    0x80, 0xc0, 0xa7, 0xff, 0xff, 0xff, 0xff, 0xb4, 0xff, 0xff, 0xff, 0x87, 0x00, 0x00, 0x00, 0x00,
    0x80, 0xc0, 0xa7, 0xff, 0x80, 0xc0, 0xa7, 0xff, 0x80, 0xc0, 0xa7, 0xff, 0x80, 0xc0, 0xa7, 0xff,
    0x80, 0xc0, 0xa7, 0xff, 0x80, 0xc0, 0xa7, 0xff, 0x80, 0xc0, 0xa7, 0xff, 0x80, 0xc0, 0xa7, 0xff,
    0x80, 0xc0, 0xa7, 0xff, 0xff, 0xff, 0xff, 0xb4, 0xff, 0xff, 0xff, 0xb4, 0xff, 0xff, 0xff, 0x34,
    0x00, 0x00, 0x00, 0x00, 0x80, 0xc0, 0xa7, 0xff, 0x80, 0xc0, 0xa7, 0xff, 0x80, 0xc0, 0xa7, 0xff,
    0x80, 0xc0, 0xa7, 0xff, 0x80, 0xc0, 0xa7, 0xff, 0x80, 0xc0, 0xa7, 0xff, 0x80, 0xc0, 0xa7, 0xff,
    0x80, 0xc0, 0xa7, 0xff, 0xff, 0xff, 0xff, 0xb4, 0xff, 0xff, 0xff, 0xb4, 0xff, 0xff, 0xff, 0x6b,
    0x00, 0x00, 0x00, 0x00, 0x00, 0x00, 0x00, 0x00, 0x80, 0xc0, 0xa7, 0xff, 0x80, 0xc0, 0xa7, 0xff,
    0x80, 0xc0, 0xa7, 0xff, 0x80, 0xc0, 0xa7, 0xff, 0x80, 0xc0, 0xa7, 0xff, 0x80, 0xc0, 0xa7, 0xff,
    0x80, 0xc0, 0xa7, 0xff, 0xff, 0xff, 0xff, 0xb4, 0xff, 0xff, 0xff, 0xb4, 0xff, 0xff, 0xff, 0x87,
    0x00, 0x00, 0x00, 0x00, 0x00, 0x00, 0x00, 0x00, 0x00, 0x00, 0x00, 0x00, 0x80, 0xc0, 0xa7, 0xff,
    0x80, 0xc0, 0xa7, 0xff, 0x80, 0xc0, 0xa7, 0xff, 0x80, 0xc0, 0xa7, 0xff, 0x80, 0xc0, 0xa7, 0xff,
    0x80, 0xc0, 0xa7, 0xff, 0xff, 0xff, 0xff, 0xb4, 0xff, 0xff, 0xff, 0xb4, 0xff, 0xff, 0xff, 0x87,
    0xff, 0xff, 0xff, 0x0b, 0x00, 0x00, 0x00, 0x00, 0x00, 0x00, 0x00, 0x00, 0x00, 0x00, 0x00, 0x00,
    0x80, 0xc0, 0xa7, 0xff, 0x80, 0xc0, 0xa7, 0xff, 0x80, 0xc0, 0xa7, 0xff, 0xff, 0xff, 0xff, 0xb4,
    0xff, 0xff, 0xff, 0xb4, 0xff, 0xff, 0xff, 0xb4, 0xff, 0xff, 0xff, 0xb4, 0xff, 0xff, 0xff, 0x6b,
    0x00, 0x00, 0x00, 0x00, 0x00, 0x00, 0x00, 0x00, 0x00, 0x00, 0x00, 0x00, 0x00, 0x00, 0x00, 0x00,
    0x00, 0x00, 0x00, 0x00, 0xff, 0xff, 0xff, 0xb4, 0xff, 0xff, 0xff, 0xb4, 0xff, 0xff, 0xff, 0xb4,
    0xff, 0xff, 0xff, 0xb4, 0xff, 0xff, 0xff, 0xb4, 0xff, 0xff, 0xff, 0x87, 0xff, 0xff, 0xff, 0x34,
    0x00, 0x00, 0x00, 0x00, 0x00, 0x00, 0x00, 0x00, 0x00, 0x00, 0x00, 0x00, 0x00, 0x00, 0x00, 0x00,
    0x00, 0x00, 0x00, 0x00, 0x00, 0x00, 0x00, 0x00, 0xff, 0xff, 0xff, 0xb2, 0xff, 0xff, 0xff, 0xa3,
    0xff, 0xff, 0xff, 0x87, 0xff, 0xff, 0xff, 0x5d, 0xff, 0xff, 0xff, 0x26, 0x00, 0x00, 0x00, 0x00,
    0x00, 0x00, 0x00, 0x00, 0x00, 0x00, 0x00, 0x00, 0x00, 0x00, 0x00, 0x00, 0x00, 0x00, 0x00, 0x00,
    0x00, 0x00, 0x00, 0x00, 0x00, 0x00, 0x00, 0x00, 0x00, 0x00, 0x00, 0x00,
};
static const lv_img_dsc_t pill_btn_highlight_r = {
    .header.always_zero = 0,
    .header.w = 13,
    .header.h = 27,
    .header.cf = LV_IMG_CF_TRUE_COLOR_ALPHA,
    .data_size = sizeof(pill_btn_highlight_r_data),
    .data = pill_btn_highlight_r_data,
};

static const uint8_t pill_btn_busy_l_data[] = {
    0x00, 0x00, 0x00, 0x00, 0x00, 0x00, 0x00, 0x00, 0x00, 0x00, 0x00, 0x00, 0x00, 0x00, 0x00, 0x00,
    0x00, 0x00, 0x00, 0x00, 0x00, 0x00, 0x00, 0x00, 0x00, 0x00, 0x00, 0x00, 0x00, 0x00, 0x00, 0x00,
    0x80, 0xc0, 0xa7, 0x15, 0x80, 0xc0, 0xa7, 0x33, 0x80, 0xc0, 0xa7, 0x4b, 0x80, 0xc0, 0xa7, 0x5b,
    0x80, 0xc0, 0xa7, 0x63, 0x00, 0x00, 0x00, 0x00, 0x00, 0x00, 0x00, 0x00, 0x00, 0x00, 0x00, 0x00,
    0x00, 0x00, 0x00, 0x00, 0x00, 0x00, 0x00, 0x00, 0x00, 0x00, 0x00, 0x00, 0x80, 0xc0, 0xa7, 0x1d,
    0x80, 0xc0, 0xa7, 0x4b, 0x80, 0xc0, 0xa7, 0x64, 0x80, 0xc0, 0xa7, 0x64, 0x3c, 0x38, 0x2e, 0x64,
    0x3c, 0x38, 0x2e, 0x64, 0x3c, 0x38, 0x2e, 0x64, 0x00, 0x00, 0x00, 0x00, 0x00, 0x00, 0x00, 0x00,
    0x00, 0x00, 0x00, 0x00, 0x00, 0x00, 0x00, 0x00, 0x00, 0x00, 0x00, 0x00, 0x80, 0xc0, 0xa7, 0x3b,
    0x80, 0xc0, 0xa7, 0x64, 0x3c, 0x38, 0x2e, 0x64, 0x3c, 0x38, 0x2e, 0x64, 0x3c, 0x38, 0x2e, 0x64,
    0x3c, 0x38, 0x2e, 0x64, 0x3c, 0x38, 0x2e, 0x64, 0x3c, 0x38, 0x2e, 0x64, 0x00, 0x00, 0x00, 0x00,
    0x00, 0x00, 0x00, 0x00, 0x00, 0x00, 0x00, 0x00, 0x80, 0xc0, 0xa7, 0x06, 0x80, 0xc0, 0xa7, 0x4b,
    0x80, 0xc0, 0xa7, 0x64, 0x3c, 0x38, 0x2e, 0x64, 0x3c, 0x38, 0x2e, 0x64, 0x3c, 0x38, 0x2e, 0x64,
    0x3c, 0x38, 0x2e, 0x64, 0x3c, 0x38, 0x2e, 0x64, 0x3c, 0x38, 0x2e, 0x64, 0x3c, 0x38, 0x2e, 0x64,
    0x00, 0x00, 0x00, 0x00, 0x00, 0x00, 0x00, 0x00, 0x00, 0x00, 0x00, 0x00, 0x80, 0xc0, 0xa7, 0x4b,
    0x80, 0xc0, 0xa7, 0x64, 0x3c, 0x38, 0x2e, 0x64, 0x3c, 0x38, 0x2e, 0x64, 0x3c, 0x38, 0x2e, 0x64,
    0x3c, 0x38, 0x2e, 0x64, 0x3c, 0x38, 0x2e, 0x64, 0x3c, 0x38, 0x2e, 0x64, 0x3c, 0x38, 0x2e, 0x64,
    0x3c, 0x38, 0x2e, 0x64, 0x00, 0x00, 0x00, 0x00, 0x00, 0x00, 0x00, 0x00, 0x80, 0xc0, 0xa7, 0x3b,
    0x80, 0xc0, 0xa7, 0x64, 0x3c, 0x38, 0x2e, 0x64, 0x3c, 0x38, 0x2e, 0x64, 0x3c, 0x38, 0x2e, 0x64,
    0x3c, 0x38, 0x2e, 0x64, 0x3c, 0x38, 0x2e, 0x64, 0x3c, 0x38, 0x2e, 0x64, 0x3c, 0x38, 0x2e, 0x64,
    0x3c, 0x38, 0x2e, 0x64, 0x3c, 0x38, 0x2e, 0x64, 0x00, 0x00, 0x00, 0x00, 0x80, 0xc0, 0xa7, 0x1d,
    0x80, 0xc0, 0xa7, 0x64, 0x3c, 0x38, 0x2e, 0x64, 0x3c, 0x38, 0x2e, 0x64, 0x3c, 0x38, 0x2e, 0x64,
    0x3c, 0x38, 0x2e, 0x64, 0x3c, 0x38, 0x2e, 0x64, 0x3c, 0x38, 0x2e, 0x64, 0x3c, 0x38, 0x2e, 0x64,
    0x3c, 0x38, 0x2e, 0x64, 0x3c, 0x38, 0x2e, 0x64, 0x3c, 0x38, 0x2e, 0x64, 0x00, 0x00, 0x00, 0x00,
    0x80, 0xc0, 0xa7, 0x4b, 0x3c, 0x38, 0x2e, 0x64, 0x3c, 0x38, 0x2e, 0x64, 0x3c, 0x38, 0x2e, 0x64,
    0x3c, 0x38, 0x2e, 0x64, 0x3c, 0x38, 0x2e, 0x64, 0x3c, 0x38, 0x2e, 0x64, 0x3c, 0x38, 0x2e, 0x64,
    0x3c, 0x38, 0x2e, 0x64, 0x3c, 0x38, 0x2e, 0x64, 0x3c, 0x38, 0x2e, 0x64, 0x3c, 0x38, 0x2e, 0x64,
    0x80, 0xc0, 0xa7, 0x15, 0x80, 0xc0, 0xa7, 0x64, 0x3c, 0x38, 0x2e, 0x64, 0x3c, 0x38, 0x2e, 0x64,
    0x3c, 0x38, 0x2e, 0x64, 0x3c, 0x38, 0x2e, 0x64, 0x3c, 0x38, 0x2e, 0x64, 0x3c, 0x38, 0x2e, 0x64,
    0x3c, 0x38, 0x2e, 0x64, 0x3c, 0x38, 0x2e, 0x64, 0x3c, 0x38, 0x2e, 0x64, 0x3c, 0x38, 0x2e, 0x64,
    0x3c, 0x38, 0x2e, 0x64, 0x80, 0xc0, 0xa7, 0x33, 0x80, 0xc0, 0xa7, 0x64, 0x3c, 0x38, 0x2e, 0x64,
    0x3c, 0x38, 0x2e, 0x64, 0x3c, 0x38, 0x2e, 0x64, 0x3c, 0x38, 0x2e, 0x64, 0x3c, 0x38, 0x2e, 0x64,
    0x3c, 0x38, 0x2e, 0x64, 0x3c, 0x38, 0x2e, 0x64, 0x3c, 0x38, 0x2e, 0x64, 0x3c, 0x38, 0x2e, 0x64,
    0x3c, 0x38, 0x2e, 0x64, 0x3c, 0x38, 0x2e, 0x64, 0x80, 0xc0, 0xa7, 0x4b, 0x3c, 0x38, 0x2e, 0x64,
    0x3c, 0x38, 0x2e, 0x64, 0x3c, 0x38, 0x2e, 0x64, 0x3c, 0x38, 0x2e, 0x64, 0x3c, 0x38, 0x2e, 0x64,
    0x3c, 0x38, 0x2e, 0x64, 0x3c, 0x38, 0x2e, 0x64, 0x3c, 0x38, 0x2e, 0x64, 0x3c, 0x38, 0x2e, 0x64,
    0x3c, 0x38, 0x2e, 0x64, 0x3c, 0x38, 0x2e, 0x64, 0x3c, 0x38, 0x2e, 0x64, 0x80, 0xc0, 0xa7, 0x5b,
    0x3c, 0x38, 0x2e, 0x64, 0x3c, 0x38, 0x2e, 0x64, 0x3c, 0x38, 0x2e, 0x64, 0x3c, 0x38, 0x2e, 0x64,
    0x3c, 0x38, 0x2e, 0x64, 0x3c, 0x38, 0x2e, 0x64, 0x3c, 0x38, 0x2e, 0x64, 0x3c, 0x38, 0x2e, 0x64,
    0x3c, 0x38, 0x2e, 0x64, 0x3c, 0x38, 0x2e, 0x64, 0x3c, 0x38, 0x2e, 0x64, 0x3c, 0x38, 0x2e, 0x64,
    0x80, 0xc0, 0xa7, 0x63, 0x3c, 0x38, 0x2e, 0x64, 0x3c, 0x38, 0x2e, 0x64, 0x3c, 0x38, 0x2e, 0x64,
    0x3c, 0x38, 0x2e, 0x64, 0x3c, 0x38, 0x2e, 0x64, 0x3c, 0x38, 0x2e, 0x64, 0x3c, 0x38, 0x2e, 0x64,
    0x3c, 0x38, 0x2e, 0x64, 0x3c, 0x38, 0x2e, 0x64, 0x3c, 0x38, 0x2e, 0x64, 0x3c, 0x38, 0x2e, 0x64,
    0x3c, 0x38, 0x2e, 0x64, 0x80, 0xc0, 0xa7, 0x64, 0x3c, 0x38, 0x2e, 0x64, 0x3c, 0x38, 0x2e, 0x64,
    0x3c, 0x38, 0x2e, 0x64, 0x3c, 0x38, 0x2e, 0x64, 0x3c, 0x38, 0x2e, 0x64, 0x3c, 0x38, 0x2e, 0x64,
    0x3c, 0x38, 0x2e, 0x64, 0x3c, 0x38, 0x2e, 0x64, 0x3c, 0x38, 0x2e, 0x64, 0x3c, 0x38, 0x2e, 0x64,
    0x3c, 0x38, 0x2e, 0x64, 0x3c, 0x38, 0x2e, 0x64, 0x80, 0xc0, 0xa7, 0x63, 0x3c, 0x38, 0x2e, 0x64,
    0x3c, 0x38, 0x2e, 0x64, 0x3c, 0x38, 0x2e, 0x64, 0x3c, 0x38, 0x2e, 0x64, 0x3c, 0x38, 0x2e, 0x64,
    0x3c, 0x38, 0x2e, 0x64, 0x3c, 0x38, 0x2e, 0x64, 0x3c, 0x38, 0x2e, 0x64, 0x3c, 0x38, 0x2e, 0x64,
    0x3c, 0x38, 0x2e, 0x64, 0x3c, 0x38, 0x2e, 0x64, 0x3c, 0x38, 0x2e, 0x64, 0x80, 0xc0, 0xa7, 0x5b,
    0x3c, 0x38, 0x2e, 0x64, 0x3c, 0x38, 0x2e, 0x64, 0x3c, 0x38, 0x2e, 0x64, 0x3c, 0x38, 0x2e, 0x64,
    0x3c, 0x38, 0x2e, 0x64, 0x3c, 0x38, 0x2e, 0x64, 0x3c, 0x38, 0x2e, 0x64, 0x3c, 0x38, 0x2e, 0x64,
    0x3c, 0x38, 0x2e, 0x64, 0x3c, 0x38, 0x2e, 0x64, 0x3c, 0x38, 0x2e, 0x64, 0x3c, 0x38, 0x2e, 0x64,
    0x80, 0xc0, 0xa7, 0x4b, 0x3c, 0x38, 0x2e, 0x64, 0x3c, 0x38, 0x2e, 0x64, 0x3c, 0x38, 0x2e, 0x64,
    0x3c, 0x38, 0x2e, 0x64, 0x3c, 0x38, 0x2e, 0x64, 0x3c, 0x38, 0x2e, 0x64, 0x3c, 0x38, 0x2e, 0x64,
    0x3c, 0x38, 0x2e, 0x64, 0x3c, 0x38, 0x2e, 0x64, 0x3c, 0x38, 0x2e, 0x64, 0x3c, 0x38, 0x2e, 0x64,
    0x3c, 0x38, 0x2e, 0x64, 0x80, 0xc0, 0xa7, 0x33, 0x80, 0xc0, 0xa7, 0x64, 0x3c, 0x38, 0x2e, 0x64,
    0x3c, 0x38, 0x2e, 0x64, 0x3c, 0x38, 0x2e, 0x64, 0x3c, 0x38, 0x2e, 0x64, 0x3c, 0x38, 0x2e, 0x64,
    0x3c, 0x38, 0x2e, 0x64, 0x3c, 0x38, 0x2e, 0x64, 0x3c, 0x38, 0x2e, 0x64, 0x3c, 0x38, 0x2e, 0x64,
    0x3c, 0x38, 0x2e, 0x64, 0x3c, 0x38, 0x2e, 0x64, 0x80, 0xc0, 0xa7, 0x15, 0x80, 0xc0, 0xa7, 0x64,
    0x3c, 0x38, 0x2e, 0x64, 0x3c, 0x38, 0x2e, 0x64, 0x3c, 0x38, 0x2e, 0x64, 0x3c, 0x38, 0x2e, 0x64,
    0x3c, 0x38, 0x2e, 0x64, 0x3c, 0x38, 0x2e, 0x64, 0x3c, 0x38, 0x2e, 0x64, 0x3c, 0x38, 0x2e, 0x64,
    0x3c, 0x38, 0x2e, 0x64, 0x3c, 0x38, 0x2e, 0x64, 0x3c, 0x38, 0x2e, 0x64, 0x00, 0x00, 0x00, 0x00,
    0x80, 0xc0, 0xa7, 0x4b, 0x3c, 0x38, 0x2e, 0x64, 0x3c, 0x38, 0x2e, 0x64, 0x3c, 0x38, 0x2e, 0x64,
    0x3c, 0x38, 0x2e, 0x64, 0x3c, 0x38, 0x2e, 0x64, 0x3c, 0x38, 0x2e, 0x64, 0x3c, 0x38, 0x2e, 0x64,
    0x3c, 0x38, 0x2e, 0x64, 0x3c, 0x38, 0x2e, 0x64, 0x3c, 0x38, 0x2e, 0x64, 0x3c, 0x38, 0x2e, 0x64,
    0x00, 0x00, 0x00, 0x00, 0x80, 0xc0, 0xa7, 0x1d, 0x80, 0xc0, 0xa7, 0x64, 0x3c, 0x38, 0x2e, 0x64,
    0x3c, 0x38, 0x2e, 0x64, 0x3c, 0x38, 0x2e, 0x64, 0x3c, 0x38, 0x2e, 0x64, 0x3c, 0x38, 0x2e, 0x64,
    0x3c, 0x38, 0x2e, 0x64, 0x3c, 0x38, 0x2e, 0x64, 0x3c, 0x38, 0x2e, 0x64, 0x3c, 0x38, 0x2e, 0x64,
    0x3c, 0x38, 0x2e, 0x64, 0x00, 0x00, 0x00, 0x00, 0x00, 0x00, 0x00, 0x00, 0x80, 0xc0, 0xa7, 0x3b,
    0x80, 0xc0, 0xa7, 0x64, 0x3c, 0x38, 0x2e, 0x64, 0x3c, 0x38, 0x2e, 0x64, 0x3c, 0x38, 0x2e, 0x64,
    0x3c, 0x38, 0x2e, 0x64, 0x3c, 0x38, 0x2e, 0x64, 0x3c, 0x38, 0x2e, 0x64, 0x3c, 0x38, 0x2e, 0x64,
    0x3c, 0x38, 0x2e, 0x64, 0x3c, 0x38, 0x2e, 0x64, 0x00, 0x00, 0x00, 0x00, 0x00, 0x00, 0x00, 0x00,
    0x00, 0x00, 0x00, 0x00, 0x80, 0xc0, 0xa7, 0x4b, 0x80, 0xc0, 0xa7, 0x64, 0x3c, 0x38, 0x2e, 0x64,
    0x3c, 0x38, 0x2e, 0x64, 0x3c, 0x38, 0x2e, 0x64, 0x3c, 0x38, 0x2e, 0x64, 0x3c, 0x38, 0x2e, 0x64,
    0x3c, 0x38, 0x2e, 0x64, 0x3c, 0x38, 0x2e, 0x64, 0x3c, 0x38, 0x2e, 0x64, 0x00, 0x00, 0x00, 0x00,
    0x00, 0x00, 0x00, 0x00, 0x00, 0x00, 0x00, 0x00, 0x80, 0xc0, 0xa7, 0x06, 0x80, 0xc0, 0xa7, 0x4b,
    0x80, 0xc0, 0xa7, 0x64, 0x3c, 0x38, 0x2e, 0x64, 0x3c, 0x38, 0x2e, 0x64, 0x3c, 0x38, 0x2e, 0x64,
    0x3c, 0x38, 0x2e, 0x64, 0x3c, 0x38, 0x2e, 0x64, 0x3c, 0x38, 0x2e, 0x64, 0x3c, 0x38, 0x2e, 0x64,
    0x00, 0x00, 0x00, 0x00, 0x00, 0x00, 0x00, 0x00, 0x00, 0x00, 0x00, 0x00, 0x00, 0x00, 0x00, 0x00,
    0x00, 0x00, 0x00, 0x00, 0x80, 0xc0, 0xa7, 0x3b, 0x80, 0xc0, 0xa7, 0x64, 0x3c, 0x38, 0x2e, 0x64,
    0x3c, 0x38, 0x2e, 0x64, 0x3c, 0x38, 0x2e, 0x64, 0x3c, 0x38, 0x2e, 0x64, 0x3c, 0x38, 0x2e, 0x64,
    0x3c, 0x38, 0x2e, 0x64, 0x00, 0x00, 0x00, 0x00, 0x00, 0x00, 0x00, 0x00, 0x00, 0x00, 0x00, 0x00,
    0x00, 0x00, 0x00, 0x00, 0x00, 0x00, 0x00, 0x00, 0x00, 0x00, 0x00, 0x00, 0x80, 0xc0, 0xa7, 0x1d,
    0x80, 0xc0, 0xa7, 0x4b, 0x80, 0xc0, 0xa7, 0x64, 0x80, 0xc0, 0xa7, 0x64, 0x3c, 0x38, 0x2e, 0x64,
    0x3c, 0x38, 0x2e, 0x64, 0x3c, 0x38, 0x2e, 0x64, 0x00, 0x00, 0x00, 0x00, 0x00, 0x00, 0x00, 0x00,
    0x00, 0x00, 0x00, 0x00, 0x00, 0x00, 0x00, 0x00, 0x00, 0x00, 0x00, 0x00, 0x00, 0x00, 0x00, 0x00,
    0x00, 0x00, 0x00, 0x00, 0x00, 0x00, 0x00, 0x00, 0x80, 0xc0, 0xa7, 0x15, 0x80, 0xc0, 0xa7, 0x33,
    0x80, 0xc0, 0xa7, 0x4b, 0x80, 0xc0, 0xa7, 0x5b, 0x80, 0xc0, 0xa7, 0x63,
};
static const lv_img_dsc_t pill_btn_busy_l = {
    .header.always_zero = 0,
    .header.w = 13,
    .header.h = 27,
    .header.cf = LV_IMG_CF_TRUE_COLOR_ALPHA,
    .data_size = sizeof(pill_btn_busy_l_data),
    .data = pill_btn_busy_l_data,
};

static const uint8_t pill_btn_busy_m_data[] = {
    0x80, 0xc0, 0xa7, 0x64, 0x80, 0xc0, 0xa7, 0x64, 0x80, 0xc0, 0xa7, 0x64, 0x80, 0xc0, 0xa7, 0x64,
    0x80, 0xc0, 0xa7, 0x64, 0x80, 0xc0, 0xa7, 0x64, 0x80, 0xc0, 0xa7, 0x64, 0x80, 0xc0, 0xa7, 0x64,
    0x3c, 0x38, 0x2e, 0x64, 0x3c, 0x38, 0x2e, 0x64, 0x3c, 0x38, 0x2e, 0x64, 0x3c, 0x38, 0x2e, 0x64,
    0x3c, 0x38, 0x2e, 0x64, 0x3c, 0x38, 0x2e, 0x64, 0x3c, 0x38, 0x2e, 0x64, 0x3c, 0x38, 0x2e, 0x64,
    0x3c, 0x38, 0x2e, 0x64, 0x3c, 0x38, 0x2e, 0x64, 0x3c, 0x38, 0x2e, 0x64, 0x3c, 0x38, 0x2e, 0x64,
    0x3c, 0x38, 0x2e, 0x64, 0x3c, 0x38, 0x2e, 0x64, 0x3c, 0x38, 0x2e, 0x64, 0x3c, 0x38, 0x2e, 0x64,
    0x3c, 0x38, 0x2e, 0x64, 0x3c, 0x38, 0x2e, 0x64, 0x3c, 0x38, 0x2e, 0x64, 0x3c, 0x38, 0x2e, 0x64,
    0x3c, 0x38, 0x2e, 0x64, 0x3c, 0x38, 0x2e, 0x64, 0x3c, 0x38, 0x2e, 0x64, 0x3c, 0x38, 0x2e, 0x64,
    0x3c, 0x38, 0x2e, 0x64, 0x3c, 0x38, 0x2e, 0x64, 0x3c, 0x38, 0x2e, 0x64, 0x3c, 0x38, 0x2e, 0x64,
    0x3c, 0x38, 0x2e, 0x64, 0x3c, 0x38, 0x2e, 0x64, 0x3c, 0x38, 0x2e, 0x64, 0x3c, 0x38, 0x2e, 0x64,
    0x3c, 0x38, 0x2e, 0x64, 0x3c, 0x38, 0x2e, 0x64, 0x3c, 0x38, 0x2e, 0x64, 0x3c, 0x38, 0x2e, 0x64,
    0x3c, 0x38, 0x2e, 0x64, 0x3c, 0x38, 0x2e, 0x64, 0x3c, 0x38, 0x2e, 0x64, 0x3c, 0x38, 0x2e, 0x64,
    0x3c, 0x38, 0x2e, 0x64, 0x3c, 0x38, 0x2e, 0x64, 0x3c, 0x38, 0x2e, 0x64, 0x3c, 0x38, 0x2e, 0x64,
    0x3c, 0x38, 0x2e, 0x64, 0x3c, 0x38, 0x2e, 0x64, 0x3c, 0x38, 0x2e, 0x64, 0x3c, 0x38, 0x2e, 0x64,
    0x3c, 0x38, 0x2e, 0x64, 0x3c, 0x38, 0x2e, 0x64, 0x3c, 0x38, 0x2e, 0x64, 0x3c, 0x38, 0x2e, 0x64,
    0x3c, 0x38, 0x2e, 0x64, 0x3c, 0x38, 0x2e, 0x64, 0x3c, 0x38, 0x2e, 0x64, 0x3c, 0x38, 0x2e, 0x64,
    0x3c, 0x38, 0x2e, 0x64, 0x3c, 0x38, 0x2e, 0x64, 0x3c, 0x38, 0x2e, 0x64, 0x3c, 0x38, 0x2e, 0x64,
    0x3c, 0x38, 0x2e, 0x64, 0x3c, 0x38, 0x2e, 0x64, 0x3c, 0x38, 0x2e, 0x64, 0x3c, 0x38, 0x2e, 0x64,
    0x3c, 0x38, 0x2e, 0x64, 0x3c, 0x38, 0x2e, 0x64, 0x3c, 0x38, 0x2e, 0x64, 0x3c, 0x38, 0x2e, 0x64,
    0x3c, 0x38, 0x2e, 0x64, 0x3c, 0x38, 0x2e, 0x64, 0x3c, 0x38, 0x2e, 0x64, 0x3c, 0x38, 0x2e, 0x64,
    0x3c, 0x38, 0x2e, 0x64, 0x3c, 0x38, 0x2e, 0x64, 0x3c, 0x38, 0x2e, 0x64, 0x3c, 0x38, 0x2e, 0x64,
    0x3c, 0x38, 0x2e, 0x64, 0x3c, 0x38, 0x2e, 0x64, 0x3c, 0x38, 0x2e, 0x64, 0x3c, 0x38, 0x2e, 0x64,
    0x3c, 0x38, 0x2e, 0x64, 0x3c, 0x38, 0x2e, 0x64, 0x3c, 0x38, 0x2e, 0x64, 0x3c, 0x38, 0x2e, 0x64,
    0x3c, 0x38, 0x2e, 0x64, 0x3c, 0x38, 0x2e, 0x64, 0x3c, 0x38, 0x2e, 0x64, 0x3c, 0x38, 0x2e, 0x64,
    0x3c, 0x38, 0x2e, 0x64, 0x3c, 0x38, 0x2e, 0x64, 0x3c, 0x38, 0x2e, 0x64, 0x3c, 0x38, 0x2e, 0x64,
    0x3c, 0x38, 0x2e, 0x64, 0x3c, 0x38, 0x2e, 0x64, 0x3c, 0x38, 0x2e, 0x64, 0x3c, 0x38, 0x2e, 0x64,
    0x3c, 0x38, 0x2e, 0x64, 0x3c, 0x38, 0x2e, 0x64, 0x3c, 0x38, 0x2e, 0x64, 0x3c, 0x38, 0x2e, 0x64,
    0x3c, 0x38, 0x2e, 0x64, 0x3c, 0x38, 0x2e, 0x64, 0x3c, 0x38, 0x2e, 0x64, 0x3c, 0x38, 0x2e, 0x64,
    0x3c, 0x38, 0x2e, 0x64, 0x3c, 0x38, 0x2e, 0x64, 0x3c, 0x38, 0x2e, 0x64, 0x3c, 0x38, 0x2e, 0x64,
    0x3c, 0x38, 0x2e, 0x64, 0x3c, 0x38, 0x2e, 0x64, 0x3c, 0x38, 0x2e, 0x64, 0x3c, 0x38, 0x2e, 0x64,
    0x3c, 0x38, 0x2e, 0x64, 0x3c, 0x38, 0x2e, 0x64, 0x3c, 0x38, 0x2e, 0x64, 0x3c, 0x38, 0x2e, 0x64,
    0x3c, 0x38, 0x2e, 0x64, 0x3c, 0x38, 0x2e, 0x64, 0x3c, 0x38, 0x2e, 0x64, 0x3c, 0x38, 0x2e, 0x64,
    0x3c, 0x38, 0x2e, 0x64, 0x3c, 0x38, 0x2e, 0x64, 0x3c, 0x38, 0x2e, 0x64, 0x3c, 0x38, 0x2e, 0x64,
    0x3c, 0x38, 0x2e, 0x64, 0x3c, 0x38, 0x2e, 0x64, 0x3c, 0x38, 0x2e, 0x64, 0x3c, 0x38, 0x2e, 0x64,
    0x3c, 0x38, 0x2e, 0x64, 0x3c, 0x38, 0x2e, 0x64, 0x3c, 0x38, 0x2e, 0x64, 0x3c, 0x38, 0x2e, 0x64,
    0x3c, 0x38, 0x2e, 0x64, 0x3c, 0x38, 0x2e, 0x64, 0x3c, 0x38, 0x2e, 0x64, 0x3c, 0x38, 0x2e, 0x64,
    0x3c, 0x38, 0x2e, 0x64, 0x3c, 0x38, 0x2e, 0x64, 0x3c, 0x38, 0x2e, 0x64, 0x3c, 0x38, 0x2e, 0x64,
    0x3c, 0x38, 0x2e, 0x64, 0x3c, 0x38, 0x2e, 0x64, 0x3c, 0x38, 0x2e, 0x64, 0x3c, 0x38, 0x2e, 0x64,
    0x3c, 0x38, 0x2e, 0x64, 0x3c, 0x38, 0x2e, 0x64, 0x3c, 0x38, 0x2e, 0x64, 0x3c, 0x38, 0x2e, 0x64,
    0x3c, 0x38, 0x2e, 0x64, 0x3c, 0x38, 0x2e, 0x64, 0x3c, 0x38, 0x2e, 0x64, 0x3c, 0x38, 0x2e, 0x64,
    0x3c, 0x38, 0x2e, 0x64, 0x3c, 0x38, 0x2e, 0x64, 0x3c, 0x38, 0x2e, 0x64, 0x3c, 0x38, 0x2e, 0x64,
    0x3c, 0x38, 0x2e, 0x64, 0x3c, 0x38, 0x2e, 0x64, 0x3c, 0x38, 0x2e, 0x64, 0x3c, 0x38, 0x2e, 0x64,
    0x3c, 0x38, 0x2e, 0x64, 0x3c, 0x38, 0x2e, 0x64, 0x3c, 0x38, 0x2e, 0x64, 0x3c, 0x38, 0x2e, 0x64,
    0x3c, 0x38, 0x2e, 0x64, 0x3c, 0x38, 0x2e, 0x64, 0x3c, 0x38, 0x2e, 0x64, 0x3c, 0x38, 0x2e, 0x64,
    0x3c, 0x38, 0x2e, 0x64, 0x3c, 0x38, 0x2e, 0x64, 0x3c, 0x38, 0x2e, 0x64, 0x3c, 0x38, 0x2e, 0x64,
    0x3c, 0x38, 0x2e, 0x64, 0x3c, 0x38, 0x2e, 0x64, 0x3c, 0x38, 0x2e, 0x64, 0x3c, 0x38, 0x2e, 0x64,
    0x3c, 0x38, 0x2e, 0x64, 0x3c, 0x38, 0x2e, 0x64, 0x3c, 0x38, 0x2e, 0x64, 0x3c, 0x38, 0x2e, 0x64,
    0x3c, 0x38, 0x2e, 0x64, 0x3c, 0x38, 0x2e, 0x64, 0x3c, 0x38, 0x2e, 0x64, 0x3c, 0x38, 0x2e, 0x64,
    0x3c, 0x38, 0x2e, 0x64, 0x3c, 0x38, 0x2e, 0x64, 0x3c, 0x38, 0x2e, 0x64, 0x3c, 0x38, 0x2e, 0x64,
    0x3c, 0x38, 0x2e, 0x64, 0x3c, 0x38, 0x2e, 0x64, 0x3c, 0x38, 0x2e, 0x64, 0x3c, 0x38, 0x2e, 0x64,
    0x3c, 0x38, 0x2e, 0x64, 0x3c, 0x38, 0x2e, 0x64, 0x3c, 0x38, 0x2e, 0x64, 0x3c, 0x38, 0x2e, 0x64,
    0x3c, 0x38, 0x2e, 0x64, 0x3c, 0x38, 0x2e, 0x64, 0x3c, 0x38, 0x2e, 0x64, 0x3c, 0x38, 0x2e, 0x64,
    0x80, 0xc0, 0xa7, 0x64, 0x80, 0xc0, 0xa7, 0x64, 0x80, 0xc0, 0xa7, 0x64, 0x80, 0xc0, 0xa7, 0x64,
    0x80, 0xc0, 0xa7, 0x64, 0x80, 0xc0, 0xa7, 0x64, 0x80, 0xc0, 0xa7, 0x64, 0x80, 0xc0, 0xa7, 0x64,
};
static const lv_img_dsc_t pill_btn_busy_m = {
    .header.always_zero = 0,
    .header.w = 8,
    .header.h = 27,
    .header.cf = LV_IMG_CF_TRUE_COLOR_ALPHA,
    .data_size = sizeof(pill_btn_busy_m_data),
    .data = pill_btn_busy_m_data,
};

static const uint8_t pill_btn_busy_r_data[] = {
    0x80, 0xc0, 0xa7, 0x63, 0x80, 0xc0, 0xa7, 0x5b, 0x80, 0xc0, 0xa7, 0x4b, 0x80, 0xc0, 0xa7, 0x33,
    0x80, 0xc0, 0xa7, 0x15, 0x00, 0x00, 0x00, 0x00, 0x00, 0x00, 0x00, 0x00, 0x00, 0x00, 0x00, 0x00,
    0x00, 0x00, 0x00, 0x00, 0x00, 0x00, 0x00, 0x00, 0x00, 0x00, 0x00, 0x00, 0x00, 0x00, 0x00, 0x00,
    0x00, 0x00, 0x00, 0x00, 0x3c, 0x38, 0x2e, 0x64, 0x3c, 0x38, 0x2e, 0x64, 0x3c, 0x38, 0x2e, 0x64,
    0x80, 0xc0, 0xa7, 0x64, 0x80, 0xc0, 0xa7, 0x64, 0x80, 0xc0, 0xa7, 0x4b, 0x80, 0xc0, 0xa7, 0x1d,
    0x00, 0x00, 0x00, 0x00, 0x00, 0x00, 0x00, 0x00, 0x00, 0x00, 0x00, 0x00, 0x00, 0x00, 0x00, 0x00,
    0x00, 0x00, 0x00, 0x00, 0x00, 0x00, 0x00, 0x00, 0x3c, 0x38, 0x2e, 0x64, 0x3c, 0x38, 0x2e, 0x64,
    0x3c, 0x38, 0x2e, 0x64, 0x3c, 0x38, 0x2e, 0x64, 0x3c, 0x38, 0x2e, 0x64, 0x3c, 0x38, 0x2e, 0x64,
    0x80, 0xc0, 0xa7, 0x64, 0x80, 0xc0, 0xa7, 0x3b, 0x00, 0x00, 0x00, 0x00, 0x00, 0x00, 0x00, 0x00,
    0x00, 0x00, 0x00, 0x00, 0x00, 0x00, 0x00, 0x00, 0x00, 0x00, 0x00, 0x00, 0x3c, 0x38, 0x2e, 0x64,
    0x3c, 0x38, 0x2e, 0x64, 0x3c, 0x38, 0x2e, 0x64, 0x3c, 0x38, 0x2e, 0x64, 0x3c, 0x38, 0x2e, 0x64,
    0x3c, 0x38, 0x2e, 0x64, 0x3c, 0x38, 0x2e, 0x64, 0x80, 0xc0, 0xa7, 0x64, 0x80, 0xc0, 0xa7, 0x4b,
    0x80, 0xc0, 0xa7, 0x06, 0x00, 0x00, 0x00, 0x00, 0x00, 0x00, 0x00, 0x00, 0x00, 0x00, 0x00, 0x00,
    0x3c, 0x38, 0x2e, 0x64, 0x3c, 0x38, 0x2e, 0x64, 0x3c, 0x38, 0x2e, 0x64, 0x3c, 0x38, 0x2e, 0x64,
    0x3c, 0x38, 0x2e, 0x64, 0x3c, 0x38, 0x2e, 0x64, 0x3c, 0x38, 0x2e, 0x64, 0x3c, 0x38, 0x2e, 0x64,
    0x80, 0xc0, 0xa7, 0x64, 0x80, 0xc0, 0xa7, 0x4b, 0x00, 0x00, 0x00, 0x00, 0x00, 0x00, 0x00, 0x00,
    0x00, 0x00, 0x00, 0x00, 0x3c, 0x38, 0x2e, 0x64, 0x3c, 0x38, 0x2e, 0x64, 0x3c, 0x38, 0x2e, 0x64,
    0x3c, 0x38, 0x2e, 0x64, 0x3c, 0x38, 0x2e, 0x64, 0x3c, 0x38, 0x2e, 0x64, 0x3c, 0x38, 0x2e, 0x64,
    0x3c, 0x38, 0x2e, 0x64, 0x3c, 0x38, 0x2e, 0x64, 0x80, 0xc0, 0xa7, 0x64, 0x80, 0xc0, 0xa7, 0x3b,
    0x00, 0x00, 0x00, 0x00, 0x00, 0x00, 0x00, 0x00, 0x3c, 0x38, 0x2e, 0x64, 0x3c, 0x38, 0x2e, 0x64,
    0x3c, 0x38, 0x2e, 0x64, 0x3c, 0x38, 0x2e, 0x64, 0x3c, 0x38, 0x2e, 0x64, 0x3c, 0x38, 0x2e, 0x64,
    0x3c, 0x38, 0x2e, 0x64, 0x3c, 0x38, 0x2e, 0x64, 0x3c, 0x38, 0x2e, 0x64, 0x3c, 0x38, 0x2e, 0x64,
    0x80, 0xc0, 0xa7, 0x64, 0x80, 0xc0, 0xa7, 0x1d, 0x00, 0x00, 0x00, 0x00, 0x3c, 0x38, 0x2e, 0x64,
    0x3c, 0x38, 0x2e, 0x64, 0x3c, 0x38, 0x2e, 0x64, 0x3c, 0x38, 0x2e, 0x64, 0x3c, 0x38, 0x2e, 0x64,
    0x3c, 0x38, 0x2e, 0x64, 0x3c, 0x38, 0x2e, 0x64, 0x3c, 0x38, 0x2e, 0x64, 0x3c, 0x38, 0x2e, 0x64,
    0x3c, 0x38, 0x2e, 0x64, 0x3c, 0x38, 0x2e, 0x64, 0x80, 0xc0, 0xa7, 0x4b, 0x00, 0x00, 0x00, 0x00,
    0x3c, 0x38, 0x2e, 0x64, 0x3c, 0x38, 0x2e, 0x64, 0x3c, 0x38, 0x2e, 0x64, 0x3c, 0x38, 0x2e, 0x64,
    0x3c, 0x38, 0x2e, 0x64, 0x3c, 0x38, 0x2e, 0x64, 0x3c, 0x38, 0x2e, 0x64, 0x3c, 0x38, 0x2e, 0x64,
    0x3c, 0x38, 0x2e, 0x64, 0x3c, 0x38, 0x2e, 0x64, 0x3c, 0x38, 0x2e, 0x64, 0x80, 0xc0, 0xa7, 0x64,
    0x80, 0xc0, 0xa7, 0x15, 0x3c, 0x38, 0x2e, 0x64, 0x3c, 0x38, 0x2e, 0x64, 0x3c, 0x38, 0x2e, 0x64,
    0x3c, 0x38, 0x2e, 0x64, 0x3c, 0x38, 0x2e, 0x64, 0x3c, 0x38, 0x2e, 0x64, 0x3c, 0x38, 0x2e, 0x64,
    0x3c, 0x38, 0x2e, 0x64, 0x3c, 0x38, 0x2e, 0x64, 0x3c, 0x38, 0x2e, 0x64, 0x3c, 0x38, 0x2e, 0x64,
    0x80, 0xc0, 0xa7, 0x64, 0x80, 0xc0, 0xa7, 0x33, 0x3c, 0x38, 0x2e, 0x64, 0x3c, 0x38, 0x2e, 0x64,
    0x3c, 0x38, 0x2e, 0x64, 0x3c, 0x38, 0x2e, 0x64, 0x3c, 0x38, 0x2e, 0x64, 0x3c, 0x38, 0x2e, 0x64,
    0x3c, 0x38, 0x2e, 0x64, 0x3c, 0x38, 0x2e, 0x64, 0x3c, 0x38, 0x2e, 0x64, 0x3c, 0x38, 0x2e, 0x64,
    0x3c, 0x38, 0x2e, 0x64, 0x3c, 0x38, 0x2e, 0x64, 0x80, 0xc0, 0xa7, 0x4b, 0x3c, 0x38, 0x2e, 0x64,
    0x3c, 0x38, 0x2e, 0x64, 0x3c, 0x38, 0x2e, 0x64, 0x3c, 0x38, 0x2e, 0x64, 0x3c, 0x38, 0x2e, 0x64,
    0x3c, 0x38, 0x2e, 0x64, 0x3c, 0x38, 0x2e, 0x64, 0x3c, 0x38, 0x2e, 0x64, 0x3c, 0x38, 0x2e, 0x64,
    0x3c, 0x38, 0x2e, 0x64, 0x3c, 0x38, 0x2e, 0x64, 0x3c, 0x38, 0x2e, 0x64, 0x80, 0xc0, 0xa7, 0x5b,
    0x3c, 0x38, 0x2e, 0x64, 0x3c, 0x38, 0x2e, 0x64, 0x3c, 0x38, 0x2e, 0x64, 0x3c, 0x38, 0x2e, 0x64,
    0x3c, 0x38, 0x2e, 0x64, 0x3c, 0x38, 0x2e, 0x64, 0x3c, 0x38, 0x2e, 0x64, 0x3c, 0x38, 0x2e, 0x64,
    0x3c, 0x38, 0x2e, 0x64, 0x3c, 0x38, 0x2e, 0x64, 0x3c, 0x38, 0x2e, 0x64, 0x3c, 0x38, 0x2e, 0x64,
    0x80, 0xc0, 0xa7, 0x63, 0x3c, 0x38, 0x2e, 0x64, 0x3c, 0x38, 0x2e, 0x64, 0x3c, 0x38, 0x2e, 0x64,
    0x3c, 0x38, 0x2e, 0x64, 0x3c, 0x38, 0x2e, 0x64, 0x3c, 0x38, 0x2e, 0x64, 0x3c, 0x38, 0x2e, 0x64,
    0x3c, 0x38, 0x2e, 0x64, 0x3c, 0x38, 0x2e, 0x64, 0x3c, 0x38, 0x2e, 0x64, 0x3c, 0x38, 0x2e, 0x64,
    0x3c, 0x38, 0x2e, 0x64, 0x80, 0xc0, 0xa7, 0x64, 0x3c, 0x38, 0x2e, 0x64, 0x3c, 0x38, 0x2e, 0x64,
    0x3c, 0x38, 0x2e, 0x64, 0x3c, 0x38, 0x2e, 0x64, 0x3c, 0x38, 0x2e, 0x64, 0x3c, 0x38, 0x2e, 0x64,
    0x3c, 0x38, 0x2e, 0x64, 0x3c, 0x38, 0x2e, 0x64, 0x3c, 0x38, 0x2e, 0x64, 0x3c, 0x38, 0x2e, 0x64,
    0x3c, 0x38, 0x2e, 0x64, 0x3c, 0x38, 0x2e, 0x64, 0x80, 0xc0, 0xa7, 0x63, 0x3c, 0x38, 0x2e, 0x64,
    0x3c, 0x38, 0x2e, 0x64, 0x3c, 0x38, 0x2e, 0x64, 0x3c, 0x38, 0x2e, 0x64, 0x3c, 0x38, 0x2e, 0x64,
    0x3c, 0x38, 0x2e, 0x64, 0x3c, 0x38, 0x2e, 0x64, 0x3c, 0x38, 0x2e, 0x64, 0x3c, 0x38, 0x2e, 0x64,
    0x3c, 0x38, 0x2e, 0x64, 0x3c, 0x38, 0x2e, 0x64, 0x3c, 0x38, 0x2e, 0x64, 0x80, 0xc0, 0xa7, 0x5b,
    0x3c, 0x38, 0x2e, 0x64, 0x3c, 0x38, 0x2e, 0x64, 0x3c, 0x38, 0x2e, 0x64, 0x3c, 0x38, 0x2e, 0x64,
    0x3c, 0x38, 0x2e, 0x64, 0x3c, 0x38, 0x2e, 0x64, 0x3c, 0x38, 0x2e, 0x64, 0x3c, 0x38, 0x2e, 0x64,
    0x3c, 0x38, 0x2e, 0x64, 0x3c, 0x38, 0x2e, 0x64, 0x3c, 0x38, 0x2e, 0x64, 0x3c, 0x38, 0x2e, 0x64,
    0x80, 0xc0, 0xa7, 0x4b, 0x3c, 0x38, 0x2e, 0x64, 0x3c, 0x38, 0x2e, 0x64, 0x3c, 0x38, 0x2e, 0x64,
    0x3c, 0x38, 0x2e, 0x64, 0x3c, 0x38, 0x2e, 0x64, 0x3c, 0x38, 0x2e, 0x64, 0x3c, 0x38, 0x2e, 0x64,
    0x3c, 0x38, 0x2e, 0x64, 0x3c, 0x38, 0x2e, 0x64, 0x3c, 0x38, 0x2e, 0x64, 0x3c, 0x38, 0x2e, 0x64,
    0x80, 0xc0, 0xa7, 0x64, 0x80, 0xc0, 0xa7, 0x33, 0x3c, 0x38, 0x2e, 0x64, 0x3c, 0x38, 0x2e, 0x64,
    0x3c, 0x38, 0x2e, 0x64, 0x3c, 0x38, 0x2e, 0x64, 0x3c, 0x38, 0x2e, 0x64, 0x3c, 0x38, 0x2e, 0x64,
    0x3c, 0x38, 0x2e, 0x64, 0x3c, 0x38, 0x2e, 0x64, 0x3c, 0x38, 0x2e, 0x64, 0x3c, 0x38, 0x2e, 0x64,
    0x3c, 0x38, 0x2e, 0x64, 0x80, 0xc0, 0xa7, 0x64, 0x80, 0xc0, 0xa7, 0x15, 0x3c, 0x38, 0x2e, 0x64,
    0x3c, 0x38, 0x2e, 0x64, 0x3c, 0x38, 0x2e, 0x64, 0x3c, 0x38, 0x2e, 0x64, 0x3c, 0x38, 0x2e, 0x64,
    0x3c, 0x38, 0x2e, 0x64, 0x3c, 0x38, 0x2e, 0x64, 0x3c, 0x38, 0x2e, 0x64, 0x3c, 0x38, 0x2e, 0x64,
    0x3c, 0x38, 0x2e, 0x64, 0x3c, 0x38, 0x2e, 0x64, 0x80, 0xc0, 0xa7, 0x4b, 0x00, 0x00, 0x00, 0x00,
    0x3c, 0x38, 0x2e, 0x64, 0x3c, 0x38, 0x2e, 0x64, 0x3c, 0x38, 0x2e, 0x64, 0x3c, 0x38, 0x2e, 0x64,
    0x3c, 0x38, 0x2e, 0x64, 0x3c, 0x38, 0x2e, 0x64, 0x3c, 0x38, 0x2e, 0x64, 0x3c, 0x38, 0x2e, 0x64,
    0x3c, 0x38, 0x2e, 0x64, 0x3c, 0x38, 0x2e, 0x64, 0x80, 0xc0, 0xa7, 0x64, 0x80, 0xc0, 0xa7, 0x1d,
    0x00, 0x00, 0x00, 0x00, 0x3c, 0x38, 0x2e, 0x64, 0x3c, 0x38, 0x2e, 0x64, 0x3c, 0x38, 0x2e, 0x64,
    0x3c, 0x38, 0x2e, 0x64, 0x3c, 0x38, 0x2e, 0x64, 0x3c, 0x38, 0x2e, 0x64, 0x3c, 0x38, 0x2e, 0x64,
    0x3c, 0x38, 0x2e, 0x64, 0x3c, 0x38, 0x2e, 0x64, 0x80, 0xc0, 0xa7, 0x64, 0x80, 0xc0, 0xa7, 0x3b,
    0x00, 0x00, 0x00, 0x00, 0x00, 0x00, 0x00, 0x00, 0x3c, 0x38, 0x2e, 0x64, 0x3c, 0x38, 0x2e, 0x64,
    0x3c, 0x38, 0x2e, 0x64, 0x3c, 0x38, 0x2e, 0x64, 0x3c, 0x38, 0x2e, 0x64, 0x3c, 0x38, 0x2e, 0x64,
    0x3c, 0x38, 0x2e, 0x64, 0x3c, 0x38, 0x2e, 0x64, 0x80, 0xc0, 0xa7, 0x64, 0x80, 0xc0, 0xa7, 0x4b,
    0x00, 0x00, 0x00, 0x00, 0x00, 0x00, 0x00, 0x00, 0x00, 0x00, 0x00, 0x00, 0x3c, 0x38, 0x2e, 0x64,
    0x3c, 0x38, 0x2e, 0x64, 0x3c, 0x38, 0x2e, 0x64, 0x3c, 0x38, 0x2e, 0x64, 0x3c, 0x38, 0x2e, 0x64,
    0x3c, 0x38, 0x2e, 0x64, 0x3c, 0x38, 0x2e, 0x64, 0x80, 0xc0, 0xa7, 0x64, 0x80, 0xc0, 0xa7, 0x4b,
    0x80, 0xc0, 0xa7, 0x06, 0x00, 0x00, 0x00, 0x00, 0x00, 0x00, 0x00, 0x00, 0x00, 0x00, 0x00, 0x00,
    0x3c, 0x38, 0x2e, 0x64, 0x3c, 0x38, 0x2e, 0x64, 0x3c, 0x38, 0x2e, 0x64, 0x3c, 0x38, 0x2e, 0x64,
    0x3c, 0x38, 0x2e, 0x64, 0x3c, 0x38, 0x2e, 0x64, 0x80, 0xc0, 0xa7, 0x64, 0x80, 0xc0, 0xa7, 0x3b,
    0x00, 0x00, 0x00, 0x00, 0x00, 0x00, 0x00, 0x00, 0x00, 0x00, 0x00, 0x00, 0x00, 0x00, 0x00, 0x00,
    0x00, 0x00, 0x00, 0x00, 0x3c, 0x38, 0x2e, 0x64, 0x3c, 0x38, 0x2e, 0x64, 0x3c, 0x38, 0x2e, 0x64,
    0x80, 0xc0, 0xa7, 0x64, 0x80, 0xc0, 0xa7, 0x64, 0x80, 0xc0, 0xa7, 0x4b, 0x80, 0xc0, 0xa7, 0x1d,
    0x00, 0x00, 0x00, 0x00, 0x00, 0x00, 0x00, 0x00, 0x00, 0x00, 0x00, 0x00, 0x00, 0x00, 0x00, 0x00,
    0x00, 0x00, 0x00, 0x00, 0x00, 0x00, 0x00, 0x00, 0x80, 0xc0, 0xa7, 0x63, 0x80, 0xc0, 0xa7, 0x5b,
    0x80, 0xc0, 0xa7, 0x4b, 0x80, 0xc0, 0xa7, 0x33, 0x80, 0xc0, 0xa7, 0x15, 0x00, 0x00, 0x00, 0x00,
    0x00, 0x00, 0x00, 0x00, 0x00, 0x00, 0x00, 0x00, 0x00, 0x00, 0x00, 0x00, 0x00, 0x00, 0x00, 0x00,
    0x00, 0x00, 0x00, 0x00, 0x00, 0x00, 0x00, 0x00, 0x00, 0x00, 0x00, 0x00,
};
static const lv_img_dsc_t pill_btn_busy_r = {
    .header.always_zero = 0,
    .header.w = 13,
    .header.h = 27,
    .header.cf = LV_IMG_CF_TRUE_COLOR_ALPHA,
    .data_size = sizeof(pill_btn_busy_r_data),
    .data = pill_btn_busy_r_data,
};

static const uint8_t pill_kb_white_data[] = {
    0x00, 0x00, 0x00, 0x00, 0x00, 0x00, 0x00, 0x00, 0x00, 0x00, 0x00, 0x00, 0x00, 0x00, 0x00, 0x00,
    0x00, 0x00, 0x00, 0x00, 0x00, 0x00, 0x00, 0x00, 0x0e, 0x0d, 0x0b, 0x13, 0x0e, 0x0d, 0x0b, 0x6e,
    0x0e, 0x0d, 0x0b, 0xb4, 0x0e, 0x0d, 0x0b, 0xe3, 0x0e, 0x0d, 0x0b, 0xfb, 0x0e, 0x0d, 0x0b, 0xfb,
    0x0e, 0x0d, 0x0b, 0xe3, 0x0e, 0x0d, 0x0b, 0xb4, 0x0e, 0x0d, 0x0b, 0x6e, 0x0e, 0x0d, 0x0b, 0x13,
    0x00, 0x00, 0x00, 0x00, 0x00, 0x00, 0x00, 0x00, 0x00, 0x00, 0x00, 0x00, 0x00, 0x00, 0x00, 0x00,
    0x00, 0x00, 0x00, 0x00, 0x00, 0x00, 0x00, 0x00, 0x00, 0x00, 0x00, 0x00, 0x00, 0x00, 0x00, 0x00,
    0x00, 0x00, 0x00, 0x00, 0x00, 0x00, 0x00, 0x00, 0x00, 0x00, 0x00, 0x00, 0x0e, 0x0d, 0x0b, 0x85,
    0x0e, 0x0d, 0x0b, 0xfb, 0x0e, 0x0d, 0x0b, 0xff, 0x0e, 0x0d, 0x0b, 0xff, 0x0e, 0x0d, 0x0b, 0xff,
    0x0e, 0x0d, 0x0b, 0xff, 0x0e, 0x0d, 0x0b, 0xff, 0x0e, 0x0d, 0x0b, 0xff, 0x0e, 0x0d, 0x0b, 0xff,
    0x0e, 0x0d, 0x0b, 0xff, 0x0e, 0x0d, 0x0b, 0xfb, 0x0e, 0x0d, 0x0b, 0x85, 0x00, 0x00, 0x00, 0x00,
    0x00, 0x00, 0x00, 0x00, 0x00, 0x00, 0x00, 0x00, 0x00, 0x00, 0x00, 0x00, 0x00, 0x00, 0x00, 0x00,
    0x00, 0x00, 0x00, 0x00, 0x00, 0x00, 0x00, 0x00, 0x00, 0x00, 0x00, 0x00, 0x0e, 0x0d, 0x0b, 0x29,
    0x0e, 0x0d, 0x0b, 0xcb, 0x0e, 0x0d, 0x0b, 0xff, 0x0e, 0x0d, 0x0b, 0xff, 0x0e, 0x0d, 0x0b, 0xff,
    0xaa, 0xc6, 0xd3, 0xff, 0xaa, 0xc6, 0xd3, 0xff, 0xaa, 0xc6, 0xd3, 0xff, 0xaa, 0xc6, 0xd3, 0xff,
    0xaa, 0xc6, 0xd3, 0xff, 0xaa, 0xc6, 0xd3, 0xff, 0x0e, 0x0d, 0x0b, 0xff, 0x0e, 0x0d, 0x0b, 0xff,
    0x0e, 0x0d, 0x0b, 0xff, 0x0e, 0x0d, 0x0b, 0xcb, 0x0e, 0x0d, 0x0b, 0x29, 0x00, 0x00, 0x00, 0x00,
    0x00, 0x00, 0x00, 0x00, 0x00, 0x00, 0x00, 0x00, 0x00, 0x00, 0x00, 0x00, 0x00, 0x00, 0x00, 0x00,
    0x0e, 0x0d, 0x0b, 0x29, 0x0e, 0x0d, 0x0b, 0xe3, 0x0e, 0x0d, 0x0b, 0xff, 0x0e, 0x0d, 0x0b, 0xff,
    0xaa, 0xc6, 0xd3, 0xff, 0xaa, 0xc6, 0xd3, 0xff, 0xaa, 0xc6, 0xd3, 0xff, 0xaa, 0xc6, 0xd3, 0xff,
    0xaa, 0xc6, 0xd3, 0xff, 0xaa, 0xc6, 0xd3, 0xff, 0xaa, 0xc6, 0xd3, 0xff, 0xaa, 0xc6, 0xd3, 0xff,
    0xaa, 0xc6, 0xd3, 0xff, 0xaa, 0xc6, 0xd3, 0xff, 0x0e, 0x0d, 0x0b, 0xff, 0x0e, 0x0d, 0x0b, 0xff,
    0x0e, 0x0d, 0x0b, 0xe3, 0x0e, 0x0d, 0x0b, 0x29, 0x00, 0x00, 0x00, 0x00, 0x00, 0x00, 0x00, 0x00,
    0x00, 0x00, 0x00, 0x00, 0x00, 0x00, 0x00, 0x00, 0x0e, 0x0d, 0x0b, 0xcb, 0x0e, 0x0d, 0x0b, 0xff,
    0x0e, 0x0d, 0x0b, 0xff, 0xaa, 0xc6, 0xd3, 0xff, 0xaa, 0xc6, 0xd3, 0xff, 0xaa, 0xc6, 0xd3, 0xff,
    0xaa, 0xc6, 0xd3, 0xff, 0xaa, 0xc6, 0xd3, 0xff, 0xaa, 0xc6, 0xd3, 0xff, 0xaa, 0xc6, 0xd3, 0xff,
    0xaa, 0xc6, 0xd3, 0xff, 0xaa, 0xc6, 0xd3, 0xff, 0xaa, 0xc6, 0xd3, 0xff, 0xaa, 0xc6, 0xd3, 0xff,
    0xaa, 0xc6, 0xd3, 0xff, 0x0e, 0x0d, 0x0b, 0xff, 0x0e, 0x0d, 0x0b, 0xff, 0x0e, 0x0d, 0x0b, 0xcb,
    0x00, 0x00, 0x00, 0x00, 0x00, 0x00, 0x00, 0x00, 0x00, 0x00, 0x00, 0x00, 0x0e, 0x0d, 0x0b, 0x85,
    0x0e, 0x0d, 0x0b, 0xff, 0x0e, 0x0d, 0x0b, 0xff, 0xaa, 0xc6, 0xd3, 0xff, 0xaa, 0xc6, 0xd3, 0xff,
    0xaa, 0xc6, 0xd3, 0xff, 0xaa, 0xc6, 0xd3, 0xff, 0xaa, 0xc6, 0xd3, 0xff, 0xaa, 0xc6, 0xd3, 0xff,
    0xaa, 0xc6, 0xd3, 0xff, 0xaa, 0xc6, 0xd3, 0xff, 0xaa, 0xc6, 0xd3, 0xff, 0xaa, 0xc6, 0xd3, 0xff,
    0xaa, 0xc6, 0xd3, 0xff, 0xaa, 0xc6, 0xd3, 0xff, 0xaa, 0xc6, 0xd3, 0xff, 0xaa, 0xc6, 0xd3, 0xff,
    0x0e, 0x0d, 0x0b, 0xff, 0x0e, 0x0d, 0x0b, 0xff, 0x0e, 0x0d, 0x0b, 0x85, 0x00, 0x00, 0x00, 0x00,
    0x0e, 0x0d, 0x0b, 0x13, 0x0e, 0x0d, 0x0b, 0xfb, 0x0e, 0x0d, 0x0b, 0xff, 0xaa, 0xc6, 0xd3, 0xff,
    0xaa, 0xc6, 0xd3, 0xff, 0xaa, 0xc6, 0xd3, 0xff, 0xaa, 0xc6, 0xd3, 0xff, 0xaa, 0xc6, 0xd3, 0xff,
    0xaa, 0xc6, 0xd3, 0xff, 0xaa, 0xc6, 0xd3, 0xff, 0xaa, 0xc6, 0xd3, 0xff, 0xaa, 0xc6, 0xd3, 0xff,
    0xaa, 0xc6, 0xd3, 0xff, 0xaa, 0xc6, 0xd3, 0xff, 0xaa, 0xc6, 0xd3, 0xff, 0xaa, 0xc6, 0xd3, 0xff,
    0xaa, 0xc6, 0xd3, 0xff, 0xaa, 0xc6, 0xd3, 0xff, 0xaa, 0xc6, 0xd3, 0xff, 0x0e, 0x0d, 0x0b, 0xff,
    0x0e, 0x0d, 0x0b, 0xfb, 0x0e, 0x0d, 0x0b, 0x13, 0x0e, 0x0d, 0x0b, 0x6e, 0x0e, 0x0d, 0x0b, 0xff,
    0x0e, 0x0d, 0x0b, 0xff, 0xaa, 0xc6, 0xd3, 0xff, 0xaa, 0xc6, 0xd3, 0xff, 0xaa, 0xc6, 0xd3, 0xff,
    0xaa, 0xc6, 0xd3, 0xff, 0xaa, 0xc6, 0xd3, 0xff, 0xaa, 0xc6, 0xd3, 0xff, 0xaa, 0xc6, 0xd3, 0xff,
    0xaa, 0xc6, 0xd3, 0xff, 0xaa, 0xc6, 0xd3, 0xff, 0xaa, 0xc6, 0xd3, 0xff, 0xaa, 0xc6, 0xd3, 0xff,
    0xaa, 0xc6, 0xd3, 0xff, 0xaa, 0xc6, 0xd3, 0xff, 0xaa, 0xc6, 0xd3, 0xff, 0xaa, 0xc6, 0xd3, 0xff,
    0xaa, 0xc6, 0xd3, 0xff, 0x0e, 0x0d, 0x0b, 0xff, 0x0e, 0x0d, 0x0b, 0xff, 0x0e, 0x0d, 0x0b, 0x6e,
    0x0e, 0x0d, 0x0b, 0xb4, 0x0e, 0x0d, 0x0b, 0xff, 0xaa, 0xc6, 0xd3, 0xff, 0xaa, 0xc6, 0xd3, 0xff,
    0xaa, 0xc6, 0xd3, 0xff, 0xaa, 0xc6, 0xd3, 0xff, 0xaa, 0xc6, 0xd3, 0xff, 0xaa, 0xc6, 0xd3, 0xff,
    0xaa, 0xc6, 0xd3, 0xff, 0xaa, 0xc6, 0xd3, 0xff, 0xaa, 0xc6, 0xd3, 0xff, 0xaa, 0xc6, 0xd3, 0xff,
    0xaa, 0xc6, 0xd3, 0xff, 0xaa, 0xc6, 0xd3, 0xff, 0xaa, 0xc6, 0xd3, 0xff, 0xaa, 0xc6, 0xd3, 0xff,
    0xaa, 0xc6, 0xd3, 0xff, 0xaa, 0xc6, 0xd3, 0xff, 0xaa, 0xc6, 0xd3, 0xff, 0xaa, 0xc6, 0xd3, 0xff,
    0x0e, 0x0d, 0x0b, 0xff, 0x0e, 0x0d, 0x0b, 0xb4, 0x0e, 0x0d, 0x0b, 0xe3, 0x0e, 0x0d, 0x0b, 0xff,
    0xaa, 0xc6, 0xd3, 0xff, 0xaa, 0xc6, 0xd3, 0xff, 0xaa, 0xc6, 0xd3, 0xff, 0xaa, 0xc6, 0xd3, 0xff,
    0xaa, 0xc6, 0xd3, 0xff, 0xaa, 0xc6, 0xd3, 0xff, 0xaa, 0xc6, 0xd3, 0xff, 0xaa, 0xc6, 0xd3, 0xff,
    0xaa, 0xc6, 0xd3, 0xff, 0xaa, 0xc6, 0xd3, 0xff, 0xaa, 0xc6, 0xd3, 0xff, 0xaa, 0xc6, 0xd3, 0xff,
    0xaa, 0xc6, 0xd3, 0xff, 0xaa, 0xc6, 0xd3, 0xff, 0xaa, 0xc6, 0xd3, 0xff, 0xaa, 0xc6, 0xd3, 0xff,
    0xaa, 0xc6, 0xd3, 0xff, 0xaa, 0xc6, 0xd3, 0xff, 0x0e, 0x0d, 0x0b, 0xff, 0x0e, 0x0d, 0x0b, 0xe3,
    0x0e, 0x0d, 0x0b, 0xfb, 0x0e, 0x0d, 0x0b, 0xff, 0xaa, 0xc6, 0xd3, 0xff, 0xaa, 0xc6, 0xd3, 0xff,
    0xaa, 0xc6, 0xd3, 0xff, 0xaa, 0xc6, 0xd3, 0xff, 0xaa, 0xc6, 0xd3, 0xff, 0xaa, 0xc6, 0xd3, 0xff,
    0xaa, 0xc6, 0xd3, 0xff, 0xaa, 0xc6, 0xd3, 0xff, 0xaa, 0xc6, 0xd3, 0xff, 0xaa, 0xc6, 0xd3, 0xff,
    0xaa, 0xc6, 0xd3, 0xff, 0xaa, 0xc6, 0xd3, 0xff, 0xaa, 0xc6, 0xd3, 0xff, 0xaa, 0xc6, 0xd3, 0xff,
    0xaa, 0xc6, 0xd3, 0xff, 0xaa, 0xc6, 0xd3, 0xff, 0xaa, 0xc6, 0xd3, 0xff, 0xaa, 0xc6, 0xd3, 0xff,
    0x0e, 0x0d, 0x0b, 0xff, 0x0e, 0x0d, 0x0b, 0xfb, 0x0e, 0x0d, 0x0b, 0xfb, 0x0e, 0x0d, 0x0b, 0xff,
    0xaa, 0xc6, 0xd3, 0xff, 0xaa, 0xc6, 0xd3, 0xff, 0xaa, 0xc6, 0xd3, 0xff, 0xaa, 0xc6, 0xd3, 0xff,
    0xaa, 0xc6, 0xd3, 0xff, 0xaa, 0xc6, 0xd3, 0xff, 0xaa, 0xc6, 0xd3, 0xff, 0xaa, 0xc6, 0xd3, 0xff,
    0xaa, 0xc6, 0xd3, 0xff, 0xaa, 0xc6, 0xd3, 0xff, 0xaa, 0xc6, 0xd3, 0xff, 0xaa, 0xc6, 0xd3, 0xff,
    0xaa, 0xc6, 0xd3, 0xff, 0xaa, 0xc6, 0xd3, 0xff, 0xaa, 0xc6, 0xd3, 0xff, 0xaa, 0xc6, 0xd3, 0xff,
    0xaa, 0xc6, 0xd3, 0xff, 0xaa, 0xc6, 0xd3, 0xff, 0x0e, 0x0d, 0x0b, 0xff, 0x0e, 0x0d, 0x0b, 0xfb,
    0x0e, 0x0d, 0x0b, 0xe3, 0x0e, 0x0d, 0x0b, 0xff, 0xaa, 0xc6, 0xd3, 0xff, 0xaa, 0xc6, 0xd3, 0xff,
    0xaa, 0xc6, 0xd3, 0xff, 0xaa, 0xc6, 0xd3, 0xff, 0xaa, 0xc6, 0xd3, 0xff, 0xaa, 0xc6, 0xd3, 0xff,
    0xaa, 0xc6, 0xd3, 0xff, 0xaa, 0xc6, 0xd3, 0xff, 0xaa, 0xc6, 0xd3, 0xff, 0xaa, 0xc6, 0xd3, 0xff,
    0xaa, 0xc6, 0xd3, 0xff, 0xaa, 0xc6, 0xd3, 0xff, 0xaa, 0xc6, 0xd3, 0xff, 0xaa, 0xc6, 0xd3, 0xff,
    0xaa, 0xc6, 0xd3, 0xff, 0xaa, 0xc6, 0xd3, 0xff, 0xaa, 0xc6, 0xd3, 0xff, 0xaa, 0xc6, 0xd3, 0xff,
    0x0e, 0x0d, 0x0b, 0xff, 0x0e, 0x0d, 0x0b, 0xe3, 0x0e, 0x0d, 0x0b, 0xb4, 0x0e, 0x0d, 0x0b, 0xff,
    0xaa, 0xc6, 0xd3, 0xff, 0xaa, 0xc6, 0xd3, 0xff, 0xaa, 0xc6, 0xd3, 0xff, 0xaa, 0xc6, 0xd3, 0xff,
    0xaa, 0xc6, 0xd3, 0xff, 0xaa, 0xc6, 0xd3, 0xff, 0xaa, 0xc6, 0xd3, 0xff, 0xaa, 0xc6, 0xd3, 0xff,
    0xaa, 0xc6, 0xd3, 0xff, 0xaa, 0xc6, 0xd3, 0xff, 0xaa, 0xc6, 0xd3, 0xff, 0xaa, 0xc6, 0xd3, 0xff,
    0xaa, 0xc6, 0xd3, 0xff, 0xaa, 0xc6, 0xd3, 0xff, 0xaa, 0xc6, 0xd3, 0xff, 0xaa, 0xc6, 0xd3, 0xff,
    0xaa, 0xc6, 0xd3, 0xff, 0xaa, 0xc6, 0xd3, 0xff, 0x0e, 0x0d, 0x0b, 0xff, 0x0e, 0x0d, 0x0b, 0xb4,
    0x0e, 0x0d, 0x0b, 0x6e, 0x0e, 0x0d, 0x0b, 0xff, 0x0e, 0x0d, 0x0b, 0xff, 0xaa, 0xc6, 0xd3, 0xff,
    0xaa, 0xc6, 0xd3, 0xff, 0xaa, 0xc6, 0xd3, 0xff, 0xaa, 0xc6, 0xd3, 0xff, 0xaa, 0xc6, 0xd3, 0xff,
    0xaa, 0xc6, 0xd3, 0xff, 0xaa, 0xc6, 0xd3, 0xff, 0xaa, 0xc6, 0xd3, 0xff, 0xaa, 0xc6, 0xd3, 0xff,
    0xaa, 0xc6, 0xd3, 0xff, 0xaa, 0xc6, 0xd3, 0xff, 0xaa, 0xc6, 0xd3, 0xff, 0xaa, 0xc6, 0xd3, 0xff,
    0xaa, 0xc6, 0xd3, 0xff, 0xaa, 0xc6, 0xd3, 0xff, 0xaa, 0xc6, 0xd3, 0xff, 0x0e, 0x0d, 0x0b, 0xff,
    0x0e, 0x0d, 0x0b, 0xff, 0x0e, 0x0d, 0x0b, 0x6e, 0x0e, 0x0d, 0x0b, 0x13, 0x0e, 0x0d, 0x0b, 0xfb,
    0x0e, 0x0d, 0x0b, 0xff, 0xaa, 0xc6, 0xd3, 0xff, 0xaa, 0xc6, 0xd3, 0xff, 0xaa, 0xc6, 0xd3, 0xff,
    0xaa, 0xc6, 0xd3, 0xff, 0xaa, 0xc6, 0xd3, 0xff, 0xaa, 0xc6, 0xd3, 0xff, 0xaa, 0xc6, 0xd3, 0xff,
    0xaa, 0xc6, 0xd3, 0xff, 0xaa, 0xc6, 0xd3, 0xff, 0xaa, 0xc6, 0xd3, 0xff, 0xaa, 0xc6, 0xd3, 0xff,
    0xaa, 0xc6, 0xd3, 0xff, 0xaa, 0xc6, 0xd3, 0xff, 0xaa, 0xc6, 0xd3, 0xff, 0xaa, 0xc6, 0xd3, 0xff,
    0xaa, 0xc6, 0xd3, 0xff, 0x0e, 0x0d, 0x0b, 0xff, 0x0e, 0x0d, 0x0b, 0xfb, 0x0e, 0x0d, 0x0b, 0x13,
    0x00, 0x00, 0x00, 0x00, 0x0e, 0x0d, 0x0b, 0x85, 0x0e, 0x0d, 0x0b, 0xff, 0x0e, 0x0d, 0x0b, 0xff,
    0xaa, 0xc6, 0xd3, 0xff, 0xaa, 0xc6, 0xd3, 0xff, 0xaa, 0xc6, 0xd3, 0xff, 0xaa, 0xc6, 0xd3, 0xff,
    0xaa, 0xc6, 0xd3, 0xff, 0xaa, 0xc6, 0xd3, 0xff, 0xaa, 0xc6, 0xd3, 0xff, 0xaa, 0xc6, 0xd3, 0xff,
    0xaa, 0xc6, 0xd3, 0xff, 0xaa, 0xc6, 0xd3, 0xff, 0xaa, 0xc6, 0xd3, 0xff, 0xaa, 0xc6, 0xd3, 0xff,
    0xaa, 0xc6, 0xd3, 0xff, 0xaa, 0xc6, 0xd3, 0xff, 0x0e, 0x0d, 0x0b, 0xff, 0x0e, 0x0d, 0x0b, 0xff,
    0x0e, 0x0d, 0x0b, 0x85, 0x00, 0x00, 0x00, 0x00, 0x00, 0x00, 0x00, 0x00, 0x00, 0x00, 0x00, 0x00,
    0x0e, 0x0d, 0x0b, 0xcb, 0x0e, 0x0d, 0x0b, 0xff, 0x0e, 0x0d, 0x0b, 0xff, 0xaa, 0xc6, 0xd3, 0xff,
    0xaa, 0xc6, 0xd3, 0xff, 0xaa, 0xc6, 0xd3, 0xff, 0xaa, 0xc6, 0xd3, 0xff, 0xaa, 0xc6, 0xd3, 0xff,
    0xaa, 0xc6, 0xd3, 0xff, 0xaa, 0xc6, 0xd3, 0xff, 0xaa, 0xc6, 0xd3, 0xff, 0xaa, 0xc6, 0xd3, 0xff,
    0xaa, 0xc6, 0xd3, 0xff, 0xaa, 0xc6, 0xd3, 0xff, 0xaa, 0xc6, 0xd3, 0xff, 0x0e, 0x0d, 0x0b, 0xff,
    0x0e, 0x0d, 0x0b, 0xff, 0x0e, 0x0d, 0x0b, 0xcb, 0x00, 0x00, 0x00, 0x00, 0x00, 0x00, 0x00, 0x00,
    0x00, 0x00, 0x00, 0x00, 0x00, 0x00, 0x00, 0x00, 0x0e, 0x0d, 0x0b, 0x29, 0x0e, 0x0d, 0x0b, 0xe3,
    0x0e, 0x0d, 0x0b, 0xff, 0x0e, 0x0d, 0x0b, 0xff, 0xaa, 0xc6, 0xd3, 0xff, 0xaa, 0xc6, 0xd3, 0xff,
    0xaa, 0xc6, 0xd3, 0xff, 0xaa, 0xc6, 0xd3, 0xff, 0xaa, 0xc6, 0xd3, 0xff, 0xaa, 0xc6, 0xd3, 0xff,
    0xaa, 0xc6, 0xd3, 0xff, 0xaa, 0xc6, 0xd3, 0xff, 0xaa, 0xc6, 0xd3, 0xff, 0xaa, 0xc6, 0xd3, 0xff,
    0x0e, 0x0d, 0x0b, 0xff, 0x0e, 0x0d, 0x0b, 0xff, 0x0e, 0x0d, 0x0b, 0xe3, 0x0e, 0x0d, 0x0b, 0x29,
    0x00, 0x00, 0x00, 0x00, 0x00, 0x00, 0x00, 0x00, 0x00, 0x00, 0x00, 0x00, 0x00, 0x00, 0x00, 0x00,
    0x00, 0x00, 0x00, 0x00, 0x0e, 0x0d, 0x0b, 0x29, 0x0e, 0x0d, 0x0b, 0xcb, 0x0e, 0x0d, 0x0b, 0xff,
    0x0e, 0x0d, 0x0b, 0xff, 0x0e, 0x0d, 0x0b, 0xff, 0xaa, 0xc6, 0xd3, 0xff, 0xaa, 0xc6, 0xd3, 0xff,
    0xaa, 0xc6, 0xd3, 0xff, 0xaa, 0xc6, 0xd3, 0xff, 0xaa, 0xc6, 0xd3, 0xff, 0xaa, 0xc6, 0xd3, 0xff,
    0x0e, 0x0d, 0x0b, 0xff, 0x0e, 0x0d, 0x0b, 0xff, 0x0e, 0x0d, 0x0b, 0xff, 0x0e, 0x0d, 0x0b, 0xcb,
    0x0e, 0x0d, 0x0b, 0x29, 0x00, 0x00, 0x00, 0x00, 0x00, 0x00, 0x00, 0x00, 0x00, 0x00, 0x00, 0x00,
    0x00, 0x00, 0x00, 0x00, 0x00, 0x00, 0x00, 0x00, 0x00, 0x00, 0x00, 0x00, 0x00, 0x00, 0x00, 0x00,
    0x00, 0x00, 0x00, 0x00, 0x0e, 0x0d, 0x0b, 0x85, 0x0e, 0x0d, 0x0b, 0xfb, 0x0e, 0x0d, 0x0b, 0xff,
    0x0e, 0x0d, 0x0b, 0xff, 0x0e, 0x0d, 0x0b, 0xff, 0x0e, 0x0d, 0x0b, 0xff, 0x0e, 0x0d, 0x0b, 0xff,
    0x0e, 0x0d, 0x0b, 0xff, 0x0e, 0x0d, 0x0b, 0xff, 0x0e, 0x0d, 0x0b, 0xff, 0x0e, 0x0d, 0x0b, 0xfb,
    0x0e, 0x0d, 0x0b, 0x85, 0x00, 0x00, 0x00, 0x00, 0x00, 0x00, 0x00, 0x00, 0x00, 0x00, 0x00, 0x00,
    0x00, 0x00, 0x00, 0x00, 0x00, 0x00, 0x00, 0x00, 0x00, 0x00, 0x00, 0x00, 0x00, 0x00, 0x00, 0x00,
    0x00, 0x00, 0x00, 0x00, 0x00, 0x00, 0x00, 0x00, 0x00, 0x00, 0x00, 0x00, 0x00, 0x00, 0x00, 0x00,
    0x0e, 0x0d, 0x0b, 0x13, 0x0e, 0x0d, 0x0b, 0x6e, 0x0e, 0x0d, 0x0b, 0xb4, 0x0e, 0x0d, 0x0b, 0xe3,
    0x0e, 0x0d, 0x0b, 0xfb, 0x0e, 0x0d, 0x0b, 0xfb, 0x0e, 0x0d, 0x0b, 0xe3, 0x0e, 0x0d, 0x0b, 0xb4,
    0x0e, 0x0d, 0x0b, 0x6e, 0x0e, 0x0d, 0x0b, 0x13, 0x00, 0x00, 0x00, 0x00, 0x00, 0x00, 0x00, 0x00,
    0x00, 0x00, 0x00, 0x00, 0x00, 0x00, 0x00, 0x00, 0x00, 0x00, 0x00, 0x00, 0x00, 0x00, 0x00, 0x00,
};
static const lv_img_dsc_t pill_kb_white = {
    .header.always_zero = 0,
    .header.w = 22,
    .header.h = 22,
    .header.cf = LV_IMG_CF_TRUE_COLOR_ALPHA,
    .data_size = sizeof(pill_kb_white_data),
    .data = pill_kb_white_data,
};

static const uint8_t pill_kb_black_data[] = {
    0x00, 0x00, 0x00, 0x00, 0x00, 0x00, 0x00, 0x00, 0x00, 0x00, 0x00, 0x00, 0x00, 0x00, 0x00, 0x00,
    0x00, 0x00, 0x00, 0x00, 0x00, 0x00, 0x00, 0x00, 0xaa, 0xc6, 0xd3, 0x13, 0xaa, 0xc6, 0xd3, 0x6e,
    0xaa, 0xc6, 0xd3, 0xb4, 0xaa, 0xc6, 0xd3, 0xe3, 0xaa, 0xc6, 0xd3, 0xfb, 0xaa, 0xc6, 0xd3, 0xfb,
    0xaa, 0xc6, 0xd3, 0xe3, 0xaa, 0xc6, 0xd3, 0xb4, 0xaa, 0xc6, 0xd3, 0x6e, 0xaa, 0xc6, 0xd3, 0x13,
    0x00, 0x00, 0x00, 0x00, 0x00, 0x00, 0x00, 0x00, 0x00, 0x00, 0x00, 0x00, 0x00, 0x00, 0x00, 0x00,
    0x00, 0x00, 0x00, 0x00, 0x00, 0x00, 0x00, 0x00, 0x00, 0x00, 0x00, 0x00, 0x00, 0x00, 0x00, 0x00,
    0x00, 0x00, 0x00, 0x00, 0x00, 0x00, 0x00, 0x00, 0x00, 0x00, 0x00, 0x00, 0xaa, 0xc6, 0xd3, 0x85,
    0xaa, 0xc6, 0xd3, 0xfb, 0xaa, 0xc6, 0xd3, 0xff, 0xaa, 0xc6, 0xd3, 0xff, 0xaa, 0xc6, 0xd3, 0xff,
    0xaa, 0xc6, 0xd3, 0xff, 0xaa, 0xc6, 0xd3, 0xff, 0xaa, 0xc6, 0xd3, 0xff, 0xaa, 0xc6, 0xd3, 0xff,
    0xaa, 0xc6, 0xd3, 0xff, 0xaa, 0xc6, 0xd3, 0xfb, 0xaa, 0xc6, 0xd3, 0x85, 0x00, 0x00, 0x00, 0x00,
    0x00, 0x00, 0x00, 0x00, 0x00, 0x00, 0x00, 0x00, 0x00, 0x00, 0x00, 0x00, 0x00, 0x00, 0x00, 0x00,
    0x00, 0x00, 0x00, 0x00, 0x00, 0x00, 0x00, 0x00, 0x00, 0x00, 0x00, 0x00, 0xaa, 0xc6, 0xd3, 0x29,
    0xaa, 0xc6, 0xd3, 0xcb, 0xaa, 0xc6, 0xd3, 0xff, 0xaa, 0xc6, 0xd3, 0xff, 0xaa, 0xc6, 0xd3, 0xff,
    0x0e, 0x0d, 0x0b, 0xff, 0x0e, 0x0d, 0x0b, 0xff, 0x0e, 0x0d, 0x0b, 0xff, 0x0e, 0x0d, 0x0b, 0xff,
    0x0e, 0x0d, 0x0b, 0xff, 0x0e, 0x0d, 0x0b, 0xff, 0xaa, 0xc6, 0xd3, 0xff, 0xaa, 0xc6, 0xd3, 0xff,
    0xaa, 0xc6, 0xd3, 0xff, 0xaa, 0xc6, 0xd3, 0xcb, 0xaa, 0xc6, 0xd3, 0x29, 0x00, 0x00, 0x00, 0x00,
    0x00, 0x00, 0x00, 0x00, 0x00, 0x00, 0x00, 0x00, 0x00, 0x00, 0x00, 0x00, 0x00, 0x00, 0x00, 0x00,
    0xaa, 0xc6, 0xd3, 0x29, 0xaa, 0xc6, 0xd3, 0xe3, 0xaa, 0xc6, 0xd3, 0xff, 0xaa, 0xc6, 0xd3, 0xff,
    0x0e, 0x0d, 0x0b, 0xff, 0x0e, 0x0d, 0x0b, 0xff, 0x0e, 0x0d, 0x0b, 0xff, 0x0e, 0x0d, 0x0b, 0xff,
    0x0e, 0x0d, 0x0b, 0xff, 0x0e, 0x0d, 0x0b, 0xff, 0x0e, 0x0d, 0x0b, 0xff, 0x0e, 0x0d, 0x0b, 0xff,
    0x0e, 0x0d, 0x0b, 0xff, 0x0e, 0x0d, 0x0b, 0xff, 0xaa, 0xc6, 0xd3, 0xff, 0xaa, 0xc6, 0xd3, 0xff,
    0xaa, 0xc6, 0xd3, 0xe3, 0xaa, 0xc6, 0xd3, 0x29, 0x00, 0x00, 0x00, 0x00, 0x00, 0x00, 0x00, 0x00,
    0x00, 0x00, 0x00, 0x00, 0x00, 0x00, 0x00, 0x00, 0xaa, 0xc6, 0xd3, 0xcb, 0xaa, 0xc6, 0xd3, 0xff,
    0xaa, 0xc6, 0xd3, 0xff, 0x0e, 0x0d, 0x0b, 0xff, 0x0e, 0x0d, 0x0b, 0xff, 0x0e, 0x0d, 0x0b, 0xff,
    0x0e, 0x0d, 0x0b, 0xff, 0x0e, 0x0d, 0x0b, 0xff, 0x0e, 0x0d, 0x0b, 0xff, 0x0e, 0x0d, 0x0b, 0xff,
    0x0e, 0x0d, 0x0b, 0xff, 0x0e, 0x0d, 0x0b, 0xff, 0x0e, 0x0d, 0x0b, 0xff, 0x0e, 0x0d, 0x0b, 0xff,
    0x0e, 0x0d, 0x0b, 0xff, 0xaa, 0xc6, 0xd3, 0xff, 0xaa, 0xc6, 0xd3, 0xff, 0xaa, 0xc6, 0xd3, 0xcb,
    0x00, 0x00, 0x00, 0x00, 0x00, 0x00, 0x00, 0x00, 0x00, 0x00, 0x00, 0x00, 0xaa, 0xc6, 0xd3, 0x85,
    0xaa, 0xc6, 0xd3, 0xff, 0xaa, 0xc6, 0xd3, 0xff, 0x0e, 0x0d, 0x0b, 0xff, 0x0e, 0x0d, 0x0b, 0xff,
    0x0e, 0x0d, 0x0b, 0xff, 0x0e, 0x0d, 0x0b, 0xff, 0x0e, 0x0d, 0x0b, 0xff, 0x0e, 0x0d, 0x0b, 0xff,
    0x0e, 0x0d, 0x0b, 0xff, 0x0e, 0x0d, 0x0b, 0xff, 0x0e, 0x0d, 0x0b, 0xff, 0x0e, 0x0d, 0x0b, 0xff,
    0x0e, 0x0d, 0x0b, 0xff, 0x0e, 0x0d, 0x0b, 0xff, 0x0e, 0x0d, 0x0b, 0xff, 0x0e, 0x0d, 0x0b, 0xff,
    0xaa, 0xc6, 0xd3, 0xff, 0xaa, 0xc6, 0xd3, 0xff, 0xaa, 0xc6, 0xd3, 0x85, 0x00, 0x00, 0x00, 0x00,
    0xaa, 0xc6, 0xd3, 0x13, 0xaa, 0xc6, 0xd3, 0xfb, 0xaa, 0xc6, 0xd3, 0xff, 0x0e, 0x0d, 0x0b, 0xff,
    0x0e, 0x0d, 0x0b, 0xff, 0x0e, 0x0d, 0x0b, 0xff, 0x0e, 0x0d, 0x0b, 0xff, 0x0e, 0x0d, 0x0b, 0xff,
    0x0e, 0x0d, 0x0b, 0xff, 0x0e, 0x0d, 0x0b, 0xff, 0x0e, 0x0d, 0x0b, 0xff, 0x0e, 0x0d, 0x0b, 0xff,
    0x0e, 0x0d, 0x0b, 0xff, 0x0e, 0x0d, 0x0b, 0xff, 0x0e, 0x0d, 0x0b, 0xff, 0x0e, 0x0d, 0x0b, 0xff,
    0x0e, 0x0d, 0x0b, 0xff, 0x0e, 0x0d, 0x0b, 0xff, 0x0e, 0x0d, 0x0b, 0xff, 0xaa, 0xc6, 0xd3, 0xff,
    0xaa, 0xc6, 0xd3, 0xfb, 0xaa, 0xc6, 0xd3, 0x13, 0xaa, 0xc6, 0xd3, 0x6e, 0xaa, 0xc6, 0xd3, 0xff,
    0xaa, 0xc6, 0xd3, 0xff, 0x0e, 0x0d, 0x0b, 0xff, 0x0e, 0x0d, 0x0b, 0xff, 0x0e, 0x0d, 0x0b, 0xff,
    0x0e, 0x0d, 0x0b, 0xff, 0x0e, 0x0d, 0x0b, 0xff, 0x0e, 0x0d, 0x0b, 0xff, 0x0e, 0x0d, 0x0b, 0xff,
    0x0e, 0x0d, 0x0b, 0xff, 0x0e, 0x0d, 0x0b, 0xff, 0x0e, 0x0d, 0x0b, 0xff, 0x0e, 0x0d, 0x0b, 0xff,
    0x0e, 0x0d, 0x0b, 0xff, 0x0e, 0x0d, 0x0b, 0xff, 0x0e, 0x0d, 0x0b, 0xff, 0x0e, 0x0d, 0x0b, 0xff,
    0x0e, 0x0d, 0x0b, 0xff, 0xaa, 0xc6, 0xd3, 0xff, 0xaa, 0xc6, 0xd3, 0xff, 0xaa, 0xc6, 0xd3, 0x6e,
    0xaa, 0xc6, 0xd3, 0xb4, 0xaa, 0xc6, 0xd3, 0xff, 0x0e, 0x0d, 0x0b, 0xff, 0x0e, 0x0d, 0x0b, 0xff,
    0x0e, 0x0d, 0x0b, 0xff, 0x0e, 0x0d, 0x0b, 0xff, 0x0e, 0x0d, 0x0b, 0xff, 0x0e, 0x0d, 0x0b, 0xff,
    0x0e, 0x0d, 0x0b, 0xff, 0x0e, 0x0d, 0x0b, 0xff, 0x0e, 0x0d, 0x0b, 0xff, 0x0e, 0x0d, 0x0b, 0xff,
    0x0e, 0x0d, 0x0b, 0xff, 0x0e, 0x0d, 0x0b, 0xff, 0x0e, 0x0d, 0x0b, 0xff, 0x0e, 0x0d, 0x0b, 0xff,
    0x0e, 0x0d, 0x0b, 0xff, 0x0e, 0x0d, 0x0b, 0xff, 0x0e, 0x0d, 0x0b, 0xff, 0x0e, 0x0d, 0x0b, 0xff,
    0xaa, 0xc6, 0xd3, 0xff, 0xaa, 0xc6, 0xd3, 0xb4, 0xaa, 0xc6, 0xd3, 0xe3, 0xaa, 0xc6, 0xd3, 0xff,
    0x0e, 0x0d, 0x0b, 0xff, 0x0e, 0x0d, 0x0b, 0xff, 0x0e, 0x0d, 0x0b, 0xff, 0x0e, 0x0d, 0x0b, 0xff,
    0x0e, 0x0d, 0x0b, 0xff, 0x0e, 0x0d, 0x0b, 0xff, 0x0e, 0x0d, 0x0b, 0xff, 0x0e, 0x0d, 0x0b, 0xff,
    0x0e, 0x0d, 0x0b, 0xff, 0x0e, 0x0d, 0x0b, 0xff, 0x0e, 0x0d, 0x0b, 0xff, 0x0e, 0x0d, 0x0b, 0xff,
    0x0e, 0x0d, 0x0b, 0xff, 0x0e, 0x0d, 0x0b, 0xff, 0x0e, 0x0d, 0x0b, 0xff, 0x0e, 0x0d, 0x0b, 0xff,
    0x0e, 0x0d, 0x0b, 0xff, 0x0e, 0x0d, 0x0b, 0xff, 0xaa, 0xc6, 0xd3, 0xff, 0xaa, 0xc6, 0xd3, 0xe3,
    0xaa, 0xc6, 0xd3, 0xfb, 0xaa, 0xc6, 0xd3, 0xff, 0x0e, 0x0d, 0x0b, 0xff, 0x0e, 0x0d, 0x0b, 0xff,
    0x0e, 0x0d, 0x0b, 0xff, 0x0e, 0x0d, 0x0b, 0xff, 0x0e, 0x0d, 0x0b, 0xff, 0x0e, 0x0d, 0x0b, 0xff,
    0x0e, 0x0d, 0x0b, 0xff, 0x0e, 0x0d, 0x0b, 0xff, 0x0e, 0x0d, 0x0b, 0xff, 0x0e, 0x0d, 0x0b, 0xff,
    0x0e, 0x0d, 0x0b, 0xff, 0x0e, 0x0d, 0x0b, 0xff, 0x0e, 0x0d, 0x0b, 0xff, 0x0e, 0x0d, 0x0b, 0xff,
    0x0e, 0x0d, 0x0b, 0xff, 0x0e, 0x0d, 0x0b, 0xff, 0x0e, 0x0d, 0x0b, 0xff, 0x0e, 0x0d, 0x0b, 0xff,
    0xaa, 0xc6, 0xd3, 0xff, 0xaa, 0xc6, 0xd3, 0xfb, 0xaa, 0xc6, 0xd3, 0xfb, 0xaa, 0xc6, 0xd3, 0xff,
    0x0e, 0x0d, 0x0b, 0xff, 0x0e, 0x0d, 0x0b, 0xff, 0x0e, 0x0d, 0x0b, 0xff, 0x0e, 0x0d, 0x0b, 0xff,
    0x0e, 0x0d, 0x0b, 0xff, 0x0e, 0x0d, 0x0b, 0xff, 0x0e, 0x0d, 0x0b, 0xff, 0x0e, 0x0d, 0x0b, 0xff,
    0x0e, 0x0d, 0x0b, 0xff, 0x0e, 0x0d, 0x0b, 0xff, 0x0e, 0x0d, 0x0b, 0xff, 0x0e, 0x0d, 0x0b, 0xff,
    0x0e, 0x0d, 0x0b, 0xff, 0x0e, 0x0d, 0x0b, 0xff, 0x0e, 0x0d, 0x0b, 0xff, 0x0e, 0x0d, 0x0b, 0xff,
    0x0e, 0x0d, 0x0b, 0xff, 0x0e, 0x0d, 0x0b, 0xff, 0xaa, 0xc6, 0xd3, 0xff, 0xaa, 0xc6, 0xd3, 0xfb,
    0xaa, 0xc6, 0xd3, 0xe3, 0xaa, 0xc6, 0xd3, 0xff, 0x0e, 0x0d, 0x0b, 0xff, 0x0e, 0x0d, 0x0b, 0xff,
    0x0e, 0x0d, 0x0b, 0xff, 0x0e, 0x0d, 0x0b, 0xff, 0x0e, 0x0d, 0x0b, 0xff, 0x0e, 0x0d, 0x0b, 0xff,
    0x0e, 0x0d, 0x0b, 0xff, 0x0e, 0x0d, 0x0b, 0xff, 0x0e, 0x0d, 0x0b, 0xff, 0x0e, 0x0d, 0x0b, 0xff,
    0x0e, 0x0d, 0x0b, 0xff, 0x0e, 0x0d, 0x0b, 0xff, 0x0e, 0x0d, 0x0b, 0xff, 0x0e, 0x0d, 0x0b, 0xff,
    0x0e, 0x0d, 0x0b, 0xff, 0x0e, 0x0d, 0x0b, 0xff, 0x0e, 0x0d, 0x0b, 0xff, 0x0e, 0x0d, 0x0b, 0xff,
    0xaa, 0xc6, 0xd3, 0xff, 0xaa, 0xc6, 0xd3, 0xe3, 0xaa, 0xc6, 0xd3, 0xb4, 0xaa, 0xc6, 0xd3, 0xff,
    0x0e, 0x0d, 0x0b, 0xff, 0x0e, 0x0d, 0x0b, 0xff, 0x0e, 0x0d, 0x0b, 0xff, 0x0e, 0x0d, 0x0b, 0xff,
    0x0e, 0x0d, 0x0b, 0xff, 0x0e, 0x0d, 0x0b, 0xff, 0x0e, 0x0d, 0x0b, 0xff, 0x0e, 0x0d, 0x0b, 0xff,
    0x0e, 0x0d, 0x0b, 0xff, 0x0e, 0x0d, 0x0b, 0xff, 0x0e, 0x0d, 0x0b, 0xff, 0x0e, 0x0d, 0x0b, 0xff,
    0x0e, 0x0d, 0x0b, 0xff, 0x0e, 0x0d, 0x0b, 0xff, 0x0e, 0x0d, 0x0b, 0xff, 0x0e, 0x0d, 0x0b, 0xff,
    0x0e, 0x0d, 0x0b, 0xff, 0x0e, 0x0d, 0x0b, 0xff, 0xaa, 0xc6, 0xd3, 0xff, 0xaa, 0xc6, 0xd3, 0xb4,
    0xaa, 0xc6, 0xd3, 0x6e, 0xaa, 0xc6, 0xd3, 0xff, 0xaa, 0xc6, 0xd3, 0xff, 0x0e, 0x0d, 0x0b, 0xff,
    0x0e, 0x0d, 0x0b, 0xff, 0x0e, 0x0d, 0x0b, 0xff, 0x0e, 0x0d, 0x0b, 0xff, 0x0e, 0x0d, 0x0b, 0xff,
    0x0e, 0x0d, 0x0b, 0xff, 0x0e, 0x0d, 0x0b, 0xff, 0x0e, 0x0d, 0x0b, 0xff, 0x0e, 0x0d, 0x0b, 0xff,
    0x0e, 0x0d, 0x0b, 0xff, 0x0e, 0x0d, 0x0b, 0xff, 0x0e, 0x0d, 0x0b, 0xff, 0x0e, 0x0d, 0x0b, 0xff,
    0x0e, 0x0d, 0x0b, 0xff, 0x0e, 0x0d, 0x0b, 0xff, 0x0e, 0x0d, 0x0b, 0xff, 0xaa, 0xc6, 0xd3, 0xff,
    0xaa, 0xc6, 0xd3, 0xff, 0xaa, 0xc6, 0xd3, 0x6e, 0xaa, 0xc6, 0xd3, 0x13, 0xaa, 0xc6, 0xd3, 0xfb,
    0xaa, 0xc6, 0xd3, 0xff, 0x0e, 0x0d, 0x0b, 0xff, 0x0e, 0x0d, 0x0b, 0xff, 0x0e, 0x0d, 0x0b, 0xff,
    0x0e, 0x0d, 0x0b, 0xff, 0x0e, 0x0d, 0x0b, 0xff, 0x0e, 0x0d, 0x0b, 0xff, 0x0e, 0x0d, 0x0b, 0xff,
    0x0e, 0x0d, 0x0b, 0xff, 0x0e, 0x0d, 0x0b, 0xff, 0x0e, 0x0d, 0x0b, 0xff, 0x0e, 0x0d, 0x0b, 0xff,
    0x0e, 0x0d, 0x0b, 0xff, 0x0e, 0x0d, 0x0b, 0xff, 0x0e, 0x0d, 0x0b, 0xff, 0x0e, 0x0d, 0x0b, 0xff,
    0x0e, 0x0d, 0x0b, 0xff, 0xaa, 0xc6, 0xd3, 0xff, 0xaa, 0xc6, 0xd3, 0xfb, 0xaa, 0xc6, 0xd3, 0x13,
    0x00, 0x00, 0x00, 0x00, 0xaa, 0xc6, 0xd3, 0x85, 0xaa, 0xc6, 0xd3, 0xff, 0xaa, 0xc6, 0xd3, 0xff,
    0x0e, 0x0d, 0x0b, 0xff, 0x0e, 0x0d, 0x0b, 0xff, 0x0e, 0x0d, 0x0b, 0xff, 0x0e, 0x0d, 0x0b, 0xff,
    0x0e, 0x0d, 0x0b, 0xff, 0x0e, 0x0d, 0x0b, 0xff, 0x0e, 0x0d, 0x0b, 0xff, 0x0e, 0x0d, 0x0b, 0xff,
    0x0e, 0x0d, 0x0b, 0xff, 0x0e, 0x0d, 0x0b, 0xff, 0x0e, 0x0d, 0x0b, 0xff, 0x0e, 0x0d, 0x0b, 0xff,
    0x0e, 0x0d, 0x0b, 0xff, 0x0e, 0x0d, 0x0b, 0xff, 0xaa, 0xc6, 0xd3, 0xff, 0xaa, 0xc6, 0xd3, 0xff,
    0xaa, 0xc6, 0xd3, 0x85, 0x00, 0x00, 0x00, 0x00, 0x00, 0x00, 0x00, 0x00, 0x00, 0x00, 0x00, 0x00,
    0xaa, 0xc6, 0xd3, 0xcb, 0xaa, 0xc6, 0xd3, 0xff, 0xaa, 0xc6, 0xd3, 0xff, 0x0e, 0x0d, 0x0b, 0xff,
    0x0e, 0x0d, 0x0b, 0xff, 0x0e, 0x0d, 0x0b, 0xff, 0x0e, 0x0d, 0x0b, 0xff, 0x0e, 0x0d, 0x0b, 0xff,
    0x0e, 0x0d, 0x0b, 0xff, 0x0e, 0x0d, 0x0b, 0xff, 0x0e, 0x0d, 0x0b, 0xff, 0x0e, 0x0d, 0x0b, 0xff,
    0x0e, 0x0d, 0x0b, 0xff, 0x0e, 0x0d, 0x0b, 0xff, 0x0e, 0x0d, 0x0b, 0xff, 0xaa, 0xc6, 0xd3, 0xff,
    0xaa, 0xc6, 0xd3, 0xff, 0xaa, 0xc6, 0xd3, 0xcb, 0x00, 0x00, 0x00, 0x00, 0x00, 0x00, 0x00, 0x00,
    0x00, 0x00, 0x00, 0x00, 0x00, 0x00, 0x00, 0x00, 0xaa, 0xc6, 0xd3, 0x29, 0xaa, 0xc6, 0xd3, 0xe3,
    0xaa, 0xc6, 0xd3, 0xff, 0xaa, 0xc6, 0xd3, 0xff, 0x0e, 0x0d, 0x0b, 0xff, 0x0e, 0x0d, 0x0b, 0xff,
    0x0e, 0x0d, 0x0b, 0xff, 0x0e, 0x0d, 0x0b, 0xff, 0x0e, 0x0d, 0x0b, 0xff, 0x0e, 0x0d, 0x0b, 0xff,
    0x0e, 0x0d, 0x0b, 0xff, 0x0e, 0x0d, 0x0b, 0xff, 0x0e, 0x0d, 0x0b, 0xff, 0x0e, 0x0d, 0x0b, 0xff,
    0xaa, 0xc6, 0xd3, 0xff, 0xaa, 0xc6, 0xd3, 0xff, 0xaa, 0xc6, 0xd3, 0xe3, 0xaa, 0xc6, 0xd3, 0x29,
    0x00, 0x00, 0x00, 0x00, 0x00, 0x00, 0x00, 0x00, 0x00, 0x00, 0x00, 0x00, 0x00, 0x00, 0x00, 0x00,
    0x00, 0x00, 0x00, 0x00, 0xaa, 0xc6, 0xd3, 0x29, 0xaa, 0xc6, 0xd3, 0xcb, 0xaa, 0xc6, 0xd3, 0xff,
    0xaa, 0xc6, 0xd3, 0xff, 0xaa, 0xc6, 0xd3, 0xff, 0x0e, 0x0d, 0x0b, 0xff, 0x0e, 0x0d, 0x0b, 0xff,
    0x0e, 0x0d, 0x0b, 0xff, 0x0e, 0x0d, 0x0b, 0xff, 0x0e, 0x0d, 0x0b, 0xff, 0x0e, 0x0d, 0x0b, 0xff,
    0xaa, 0xc6, 0xd3, 0xff, 0xaa, 0xc6, 0xd3, 0xff, 0xaa, 0xc6, 0xd3, 0xff, 0xaa, 0xc6, 0xd3, 0xcb,
    0xaa, 0xc6, 0xd3, 0x29, 0x00, 0x00, 0x00, 0x00, 0x00, 0x00, 0x00, 0x00, 0x00, 0x00, 0x00, 0x00,
    0x00, 0x00, 0x00, 0x00, 0x00, 0x00, 0x00, 0x00, 0x00, 0x00, 0x00, 0x00, 0x00, 0x00, 0x00, 0x00,
    0x00, 0x00, 0x00, 0x00, 0xaa, 0xc6, 0xd3, 0x85, 0xaa, 0xc6, 0xd3, 0xfb, 0xaa, 0xc6, 0xd3, 0xff,
    0xaa, 0xc6, 0xd3, 0xff, 0xaa, 0xc6, 0xd3, 0xff, 0xaa, 0xc6, 0xd3, 0xff, 0xaa, 0xc6, 0xd3, 0xff,
    0xaa, 0xc6, 0xd3, 0xff, 0xaa, 0xc6, 0xd3, 0xff, 0xaa, 0xc6, 0xd3, 0xff, 0xaa, 0xc6, 0xd3, 0xfb,
    0xaa, 0xc6, 0xd3, 0x85, 0x00, 0x00, 0x00, 0x00, 0x00, 0x00, 0x00, 0x00, 0x00, 0x00, 0x00, 0x00,
    0x00, 0x00, 0x00, 0x00, 0x00, 0x00, 0x00, 0x00, 0x00, 0x00, 0x00, 0x00, 0x00, 0x00, 0x00, 0x00,
    0x00, 0x00, 0x00, 0x00, 0x00, 0x00, 0x00, 0x00, 0x00, 0x00, 0x00, 0x00, 0x00, 0x00, 0x00, 0x00,
    0xaa, 0xc6, 0xd3, 0x13, 0xaa, 0xc6, 0xd3, 0x6e, 0xaa, 0xc6, 0xd3, 0xb4, 0xaa, 0xc6, 0xd3, 0xe3,
    0xaa, 0xc6, 0xd3, 0xfb, 0xaa, 0xc6, 0xd3, 0xfb, 0xaa, 0xc6, 0xd3, 0xe3, 0xaa, 0xc6, 0xd3, 0xb4,
    0xaa, 0xc6, 0xd3, 0x6e, 0xaa, 0xc6, 0xd3, 0x13, 0x00, 0x00, 0x00, 0x00, 0x00, 0x00, 0x00, 0x00,
    0x00, 0x00, 0x00, 0x00, 0x00, 0x00, 0x00, 0x00, 0x00, 0x00, 0x00, 0x00, 0x00, 0x00, 0x00, 0x00,
};
static const lv_img_dsc_t pill_kb_black = {
    .header.always_zero = 0,
    .header.w = 22,
    .header.h = 22,
    .header.cf = LV_IMG_CF_TRUE_COLOR_ALPHA,
    .data_size = sizeof(pill_kb_black_data),
    .data = pill_kb_black_data,
};

static const uint8_t pill_kb_lt_data[] = {
    0x00, 0x00, 0x00, 0x00, 0x75, 0x98, 0xe6, 0x00, 0x75, 0x98, 0xe6, 0xff, 0x75, 0x98, 0xe6, 0xff,
    0x75, 0x98, 0xe6, 0xff, 0x75, 0x98, 0xe6, 0xff, 0x75, 0x98, 0xe6, 0xff, 0x75, 0x98, 0xe6, 0xff,
    0x75, 0x98, 0xe6, 0xff, 0x75, 0x98, 0xe6, 0xff, 0x75, 0x98, 0xe6, 0xff, 0x75, 0x98, 0xe6, 0xff,
    0x75, 0x98, 0xe6, 0xff, 0x75, 0x98, 0xe6, 0xff, 0x75, 0x98, 0xe6, 0xff, 0x75, 0x98, 0xe6, 0xff,
    0x75, 0x98, 0xe6, 0xff, 0x75, 0x98, 0xe6, 0xff, 0x75, 0x98, 0xe6, 0xff, 0x75, 0x98, 0xe6, 0xff,
    0x75, 0x98, 0xe6, 0xff, 0x75, 0x98, 0xe6, 0xff, 0x75, 0x98, 0xe6, 0xff, 0x75, 0x98, 0xe6, 0xff,
    0x75, 0x98, 0xe6, 0xff, 0x75, 0x98, 0xe6, 0xff, 0x75, 0x98, 0xe6, 0x00, 0x00, 0x00, 0x00, 0x00,
    0x75, 0x98, 0xe6, 0x00, 0x75, 0x98, 0xe6, 0xff, 0x75, 0x98, 0xe6, 0xff, 0x75, 0x98, 0xe6, 0xff,
    0x75, 0x98, 0xe6, 0xff, 0x75, 0x98, 0xe6, 0xff, 0x75, 0x98, 0xe6, 0xff, 0x75, 0x98, 0xe6, 0xff,
    0x75, 0x98, 0xe6, 0xff, 0x75, 0x98, 0xe6, 0xff, 0x75, 0x98, 0xe6, 0xff, 0x75, 0x98, 0xe6, 0xff,
    0x75, 0x98, 0xe6, 0xff, 0x75, 0x98, 0xe6, 0xff, 0x75, 0x98, 0xe6, 0xff, 0x75, 0x98, 0xe6, 0xff,
    0x75, 0x98, 0xe6, 0xff, 0x75, 0x98, 0xe6, 0xff, 0x75, 0x98, 0xe6, 0xff, 0x75, 0x98, 0xe6, 0xff,
    0x75, 0x98, 0xe6, 0xff, 0x75, 0x98, 0xe6, 0xff, 0x75, 0x98, 0xe6, 0xff, 0x75, 0x98, 0xe6, 0xff,
    0x75, 0x98, 0xe6, 0xff, 0x75, 0x98, 0xe6, 0xff, 0x75, 0x98, 0xe6, 0xff, 0x75, 0x98, 0xe6, 0x00,
    0x75, 0x98, 0xe6, 0xff, 0x75, 0x98, 0xe6, 0xff, 0x75, 0x98, 0xe6, 0xff, 0x75, 0x98, 0xe6, 0xff,
    0x75, 0x98, 0xe6, 0xff, 0x75, 0x98, 0xe6, 0xff, 0x75, 0x98, 0xe6, 0xff, 0x75, 0x98, 0xe6, 0xff,
    0x75, 0x98, 0xe6, 0xff, 0x75, 0x98, 0xe6, 0xff, 0x75, 0x98, 0xe6, 0xff, 0x75, 0x98, 0xe6, 0xff,
    0x75, 0x98, 0xe6, 0xff, 0x75, 0x98, 0xe6, 0xff, 0x75, 0x98, 0xe6, 0xff, 0x75, 0x98, 0xe6, 0xff,
    0x75, 0x98, 0xe6, 0xff, 0x75, 0x98, 0xe6, 0xff, 0x75, 0x98, 0xe6, 0xff, 0x75, 0x98, 0xe6, 0xff,
    0x75, 0x98, 0xe6, 0xff, 0x75, 0x98, 0xe6, 0xff, 0x75, 0x98, 0xe6, 0xff, 0x75, 0x98, 0xe6, 0xff,
    0x75, 0x98, 0xe6, 0xff, 0x75, 0x98, 0xe6, 0xff, 0x75, 0x98, 0xe6, 0xff, 0x75, 0x98, 0xe6, 0xff,
    0x75, 0x98, 0xe6, 0xff, 0x75, 0x98, 0xe6, 0xff, 0x75, 0x98, 0xe6, 0xff, 0x75, 0x98, 0xe6, 0xff,
    0x75, 0x98, 0xe6, 0xff, 0x75, 0x98, 0xe6, 0xff, 0x75, 0x98, 0xe6, 0xff, 0x75, 0x98, 0xe6, 0xff,
    0x75, 0x98, 0xe6, 0xff, 0x75, 0x98, 0xe6, 0xff, 0x75, 0x98, 0xe6, 0xff, 0x75, 0x98, 0xe6, 0xff,
    0x75, 0x98, 0xe6, 0xff, 0x75, 0x98, 0xe6, 0xff, 0x75, 0x98, 0xe6, 0xff, 0x75, 0x98, 0xe6, 0xff,
    0x75, 0x98, 0xe6, 0xff, 0x75, 0x98, 0xe6, 0xff, 0x75, 0x98, 0xe6, 0xff, 0x75, 0x98, 0xe6, 0xff,
    0x75, 0x98, 0xe6, 0xff, 0x75, 0x98, 0xe6, 0xff, 0x75, 0x98, 0xe6, 0xff, 0x75, 0x98, 0xe6, 0xff,
    0x75, 0x98, 0xe6, 0xff, 0x75, 0x98, 0xe6, 0xff, 0x75, 0x98, 0xe6, 0xff, 0x75, 0x98, 0xe6, 0xff,
    0x75, 0x98, 0xe6, 0xff, 0x75, 0x98, 0xe6, 0xff, 0x75, 0x98, 0xe6, 0xff, 0x75, 0x98, 0xe6, 0xff,
    0x75, 0x98, 0xe6, 0xff, 0x75, 0x98, 0xe6, 0xff, 0x75, 0x98, 0xe6, 0xff, 0x75, 0x98, 0xe6, 0xff,
    0x75, 0x98, 0xe6, 0xff, 0x75, 0x98, 0xe6, 0xff, 0x75, 0x98, 0xe6, 0xff, 0x75, 0x98, 0xe6, 0xff,
    0x75, 0x98, 0xe6, 0xff, 0x75, 0x98, 0xe6, 0xff, 0x75, 0x98, 0xe6, 0xff, 0x75, 0x98, 0xe6, 0xff,
    0x75, 0x98, 0xe6, 0xff, 0x75, 0x98, 0xe6, 0xff, 0x75, 0x98, 0xe6, 0xff, 0x75, 0x98, 0xe6, 0xff,
    0x75, 0x98, 0xe6, 0xff, 0x75, 0x98, 0xe6, 0xff, 0x75, 0x98, 0xe6, 0xff, 0x75, 0x98, 0xe6, 0xff,
    0x75, 0x98, 0xe6, 0xff, 0x75, 0x98, 0xe6, 0xff, 0x75, 0x98, 0xe6, 0xff, 0x75, 0x98, 0xe6, 0xff,
    0x75, 0x98, 0xe6, 0xff, 0x75, 0x98, 0xe6, 0xff, 0x75, 0x98, 0xe6, 0xff, 0x75, 0x98, 0xe6, 0xff,
    0x75, 0x98, 0xe6, 0xff, 0x75, 0x98, 0xe6, 0xff, 0x75, 0x98, 0xe6, 0xff, 0x75, 0x98, 0xe6, 0xff,
    0x75, 0x98, 0xe6, 0xff, 0x75, 0x98, 0xe6, 0xff, 0x75, 0x98, 0xe6, 0xff, 0x75, 0x98, 0xe6, 0xff,
    0x75, 0x98, 0xe6, 0xff, 0x75, 0x98, 0xe6, 0xff, 0x75, 0x98, 0xe6, 0xff, 0x75, 0x98, 0xe6, 0xff,
    0x75, 0x98, 0xe6, 0xff, 0x75, 0x98, 0xe6, 0xff, 0x75, 0x98, 0xe6, 0xff, 0x75, 0x98, 0xe6, 0xff,
    0x75, 0x98, 0xe6, 0xff, 0x75, 0x98, 0xe6, 0xff, 0x75, 0x98, 0xe6, 0xff, 0x75, 0x98, 0xe6, 0xff,
    0x75, 0x98, 0xe6, 0xff, 0x75, 0x98, 0xe6, 0xff, 0x75, 0x98, 0xe6, 0xff, 0x75, 0x98, 0xe6, 0xff,
    0x75, 0x98, 0xe6, 0xff, 0x75, 0x98, 0xe6, 0xff, 0x75, 0x98, 0xe6, 0xff, 0x75, 0x98, 0xe6, 0xff,
    0x75, 0x98, 0xe6, 0xff, 0x75, 0x98, 0xe6, 0xff, 0x75, 0x98, 0xe6, 0xff, 0x75, 0x98, 0xe6, 0xff,
    0x75, 0x98, 0xe6, 0xff, 0x75, 0x98, 0xe6, 0xff, 0x75, 0x98, 0xe6, 0xff, 0x75, 0x98, 0xe6, 0xff,
    0x75, 0x98, 0xe6, 0xff, 0x75, 0x98, 0xe6, 0xff, 0x75, 0x98, 0xe6, 0xff, 0x75, 0x98, 0xe6, 0xff,
    0x75, 0x98, 0xe6, 0xff, 0x75, 0x98, 0xe6, 0xff, 0x75, 0x98, 0xe6, 0xff, 0x75, 0x98, 0xe6, 0xff,
    0x75, 0x98, 0xe6, 0xff, 0x75, 0x98, 0xe6, 0xff, 0x75, 0x98, 0xe6, 0xff, 0x75, 0x98, 0xe6, 0xff,
    0x75, 0x98, 0xe6, 0xff, 0x75, 0x98, 0xe6, 0xff, 0x75, 0x98, 0xe6, 0xff, 0x75, 0x98, 0xe6, 0xff,
    0x75, 0x98, 0xe6, 0xff, 0x75, 0x98, 0xe6, 0xff, 0x75, 0x98, 0xe6, 0xff, 0x75, 0x98, 0xe6, 0xff,
    0x75, 0x98, 0xe6, 0xff, 0x75, 0x98, 0xe6, 0xff, 0x75, 0x98, 0xe6, 0xff, 0x75, 0x98, 0xe6, 0xff,
    0x75, 0x98, 0xe6, 0xff, 0x75, 0x98, 0xe6, 0xff, 0x75, 0x98, 0xe6, 0xff, 0x75, 0x98, 0xe6, 0xff,
    0x75, 0x98, 0xe6, 0xff, 0x75, 0x98, 0xe6, 0xff, 0x75, 0x98, 0xe6, 0xff, 0x75, 0x98, 0xe6, 0xff,
    0x75, 0x98, 0xe6, 0xff, 0x75, 0x98, 0xe6, 0xff, 0x75, 0x98, 0xe6, 0xff, 0x75, 0x98, 0xe6, 0xff,
    0x75, 0x98, 0xe6, 0xff, 0x75, 0x98, 0xe6, 0xff, 0x75, 0x98, 0xe6, 0xff, 0x75, 0x98, 0xe6, 0xff,
    0x75, 0x98, 0xe6, 0xff, 0x75, 0x98, 0xe6, 0xff, 0x75, 0x98, 0xe6, 0xff, 0x75, 0x98, 0xe6, 0xff,
    0x75, 0x98, 0xe6, 0xff, 0x75, 0x98, 0xe6, 0xff, 0x75, 0x98, 0xe6, 0xff, 0x75, 0x98, 0xe6, 0xff,
    0x75, 0x98, 0xe6, 0xff, 0x75, 0x98, 0xe6, 0xff, 0x75, 0x98, 0xe6, 0xff, 0x75, 0x98, 0xe6, 0xff,
    0x75, 0x98, 0xe6, 0xff, 0x75, 0x98, 0xe6, 0xff, 0x75, 0x98, 0xe6, 0xff, 0x75, 0x98, 0xe6, 0xff,
    0x75, 0x98, 0xe6, 0xff, 0x75, 0x98, 0xe6, 0xff, 0x75, 0x98, 0xe6, 0xff, 0x75, 0x98, 0xe6, 0xff,
    0x75, 0x98, 0xe6, 0xff, 0x75, 0x98, 0xe6, 0xff, 0x75, 0x98, 0xe6, 0xff, 0x75, 0x98, 0xe6, 0xff,
    0x75, 0x98, 0xe6, 0xff, 0x75, 0x98, 0xe6, 0xff, 0x75, 0x98, 0xe6, 0xff, 0x75, 0x98, 0xe6, 0xff,
    0x75, 0x98, 0xe6, 0xff, 0x75, 0x98, 0xe6, 0xff, 0x75, 0x98, 0xe6, 0xff, 0x75, 0x98, 0xe6, 0xff,
    0x75, 0x98, 0xe6, 0xff, 0x75, 0x98, 0xe6, 0xff, 0x75, 0x98, 0xe6, 0xff, 0x75, 0x98, 0xe6, 0xff,
    0x75, 0x98, 0xe6, 0xff, 0x75, 0x98, 0xe6, 0xff, 0x75, 0x98, 0xe6, 0xff, 0x75, 0x98, 0xe6, 0xff,
    0x75, 0x98, 0xe6, 0xff, 0x75, 0x98, 0xe6, 0xff, 0x75, 0x98, 0xe6, 0xff, 0x75, 0x98, 0xe6, 0xff,
    0x75, 0x98, 0xe6, 0xff, 0x75, 0x98, 0xe6, 0xff, 0x75, 0x98, 0xe6, 0xff, 0x75, 0x98, 0xe6, 0xff,
    0x75, 0x98, 0xe6, 0xff, 0x75, 0x98, 0xe6, 0xff, 0x75, 0x98, 0xe6, 0xff, 0x75, 0x98, 0xe6, 0xff,
    0x75, 0x98, 0xe6, 0xff, 0x75, 0x98, 0xe6, 0xff, 0x75, 0x98, 0xe6, 0xff, 0x75, 0x98, 0xe6, 0xff,
    0x75, 0x98, 0xe6, 0xff, 0x75, 0x98, 0xe6, 0xff, 0x75, 0x98, 0xe6, 0xff, 0x75, 0x98, 0xe6, 0xff,
    0x75, 0x98, 0xe6, 0xff, 0x75, 0x98, 0xe6, 0xff, 0x75, 0x98, 0xe6, 0xff, 0x75, 0x98, 0xe6, 0xff,
    0x75, 0x98, 0xe6, 0xff, 0x75, 0x98, 0xe6, 0xff, 0x75, 0x98, 0xe6, 0xff, 0x75, 0x98, 0xe6, 0xff,
    0x75, 0x98, 0xe6, 0xff, 0x75, 0x98, 0xe6, 0xff, 0x75, 0x98, 0xe6, 0xff, 0x75, 0x98, 0xe6, 0xff,
    0x75, 0x98, 0xe6, 0xff, 0x75, 0x98, 0xe6, 0xff, 0x75, 0x98, 0xe6, 0xff, 0x75, 0x98, 0xe6, 0xff,
    0x75, 0x98, 0xe6, 0xff, 0x75, 0x98, 0xe6, 0xff, 0x75, 0x98, 0xe6, 0xff, 0x75, 0x98, 0xe6, 0xff,
    0x75, 0x98, 0xe6, 0xff, 0x75, 0x98, 0xe6, 0xff, 0x75, 0x98, 0xe6, 0xff, 0x75, 0x98, 0xe6, 0xff,
    0x75, 0x98, 0xe6, 0xff, 0x75, 0x98, 0xe6, 0xff, 0x75, 0x98, 0xe6, 0xff, 0x75, 0x98, 0xe6, 0xff,
    0x75, 0x98, 0xe6, 0xff, 0x75, 0x98, 0xe6, 0xff, 0x75, 0x98, 0xe6, 0xff, 0x75, 0x98, 0xe6, 0xff,
    0x75, 0x98, 0xe6, 0xff, 0x75, 0x98, 0xe6, 0xff, 0x75, 0x98, 0xe6, 0xff, 0x75, 0x98, 0xe6, 0xff,
    0x75, 0x98, 0xe6, 0xff, 0x75, 0x98, 0xe6, 0xff, 0x75, 0x98, 0xe6, 0xff, 0x75, 0x98, 0xe6, 0xff,
    0x75, 0x98, 0xe6, 0xff, 0x75, 0x98, 0xe6, 0xff, 0x75, 0x98, 0xe6, 0xff, 0x75, 0x98, 0xe6, 0xff,
    0x75, 0x98, 0xe6, 0xff, 0x75, 0x98, 0xe6, 0xff, 0x75, 0x98, 0xe6, 0xff, 0x75, 0x98, 0xe6, 0xff,
    0x75, 0x98, 0xe6, 0xff, 0x75, 0x98, 0xe6, 0xff, 0x75, 0x98, 0xe6, 0xff, 0x75, 0x98, 0xe6, 0xff,
    0x75, 0x98, 0xe6, 0xff, 0x75, 0x98, 0xe6, 0xff, 0x75, 0x98, 0xe6, 0xff, 0x75, 0x98, 0xe6, 0xff,
    0x75, 0x98, 0xe6, 0xff, 0x75, 0x98, 0xe6, 0xff, 0x75, 0x98, 0xe6, 0xff, 0x75, 0x98, 0xe6, 0xff,
    0x75, 0x98, 0xe6, 0xff, 0x75, 0x98, 0xe6, 0xff, 0x75, 0x98, 0xe6, 0xff, 0x75, 0x98, 0xe6, 0xff,
    0x75, 0x98, 0xe6, 0xff, 0x75, 0x98, 0xe6, 0xff, 0x75, 0x98, 0xe6, 0xff, 0x75, 0x98, 0xe6, 0xff,
    0x75, 0x98, 0xe6, 0xff, 0x75, 0x98, 0xe6, 0xff, 0x75, 0x98, 0xe6, 0xff, 0x75, 0x98, 0xe6, 0xff,
    0x75, 0x98, 0xe6, 0xff, 0x75, 0x98, 0xe6, 0xff, 0x75, 0x98, 0xe6, 0xff, 0x75, 0x98, 0xe6, 0xff,
    0x75, 0x98, 0xe6, 0xff, 0x75, 0x98, 0xe6, 0xff, 0x75, 0x98, 0xe6, 0xff, 0x75, 0x98, 0xe6, 0xff,
    0x75, 0x98, 0xe6, 0xff, 0x75, 0x98, 0xe6, 0xff, 0x75, 0x98, 0xe6, 0xff, 0x75, 0x98, 0xe6, 0xff,
    0x75, 0x98, 0xe6, 0xff, 0x75, 0x98, 0xe6, 0xff, 0x75, 0x98, 0xe6, 0xff, 0x75, 0x98, 0xe6, 0xff,
    0x75, 0x98, 0xe6, 0xff, 0x75, 0x98, 0xe6, 0xff, 0x75, 0x98, 0xe6, 0xff, 0x75, 0x98, 0xe6, 0xff,
    0x75, 0x98, 0xe6, 0xff, 0x75, 0x98, 0xe6, 0xff, 0x75, 0x98, 0xe6, 0xff, 0x75, 0x98, 0xe6, 0xff,
    0x75, 0x98, 0xe6, 0xff, 0x75, 0x98, 0xe6, 0xff, 0x75, 0x98, 0xe6, 0xff, 0x75, 0x98, 0xe6, 0xff,
    0x75, 0x98, 0xe6, 0xff, 0x75, 0x98, 0xe6, 0xff, 0x75, 0x98, 0xe6, 0xff, 0x75, 0x98, 0xe6, 0xff,
    0x75, 0x98, 0xe6, 0xff, 0x75, 0x98, 0xe6, 0xff, 0x75, 0x98, 0xe6, 0xff, 0x75, 0x98, 0xe6, 0xff,
    0x75, 0x98, 0xe6, 0xff, 0x75, 0x98, 0xe6, 0xff, 0x75, 0x98, 0xe6, 0xff, 0x75, 0x98, 0xe6, 0xff,
    0x75, 0x98, 0xe6, 0xff, 0x75, 0x98, 0xe6, 0xff, 0x75, 0x98, 0xe6, 0xff, 0x75, 0x98, 0xe6, 0xff,
    0x75, 0x98, 0xe6, 0xff, 0x75, 0x98, 0xe6, 0xff, 0x75, 0x98, 0xe6, 0xff, 0x75, 0x98, 0xe6, 0xff,
    0x75, 0x98, 0xe6, 0xff, 0x75, 0x98, 0xe6, 0xff, 0x75, 0x98, 0xe6, 0xff, 0x75, 0x98, 0xe6, 0xff,
    0x75, 0x98, 0xe6, 0xff, 0x75, 0x98, 0xe6, 0xff, 0x75, 0x98, 0xe6, 0xff, 0x75, 0x98, 0xe6, 0xff,
    0x75, 0x98, 0xe6, 0xff, 0x75, 0x98, 0xe6, 0xff, 0x75, 0x98, 0xe6, 0xff, 0x75, 0x98, 0xe6, 0xff,
    0x75, 0x98, 0xe6, 0xff, 0x75, 0x98, 0xe6, 0xff, 0x75, 0x98, 0xe6, 0xff, 0x75, 0x98, 0xe6, 0xff,
    0x75, 0x98, 0xe6, 0xff, 0x75, 0x98, 0xe6, 0xff, 0x75, 0x98, 0xe6, 0xff, 0x75, 0x98, 0xe6, 0xff,
    0x75, 0x98, 0xe6, 0xff, 0x75, 0x98, 0xe6, 0xff, 0x75, 0x98, 0xe6, 0xff, 0x75, 0x98, 0xe6, 0xff,
    0x75, 0x98, 0xe6, 0xff, 0x75, 0x98, 0xe6, 0xff, 0x75, 0x98, 0xe6, 0xff, 0x75, 0x98, 0xe6, 0xff,
    0x75, 0x98, 0xe6, 0xff, 0x75, 0x98, 0xe6, 0xff, 0x75, 0x98, 0xe6, 0xff, 0x75, 0x98, 0xe6, 0xff,
    0x75, 0x98, 0xe6, 0xff, 0x75, 0x98, 0xe6, 0xff, 0x75, 0x98, 0xe6, 0xff, 0x75, 0x98, 0xe6, 0xff,
    0x75, 0x98, 0xe6, 0xff, 0x75, 0x98, 0xe6, 0xff, 0x75, 0x98, 0xe6, 0xff, 0x75, 0x98, 0xe6, 0xff,
    0x75, 0x98, 0xe6, 0xff, 0x75, 0x98, 0xe6, 0xff, 0x75, 0x98, 0xe6, 0xff, 0x75, 0x98, 0xe6, 0xff,
    0x75, 0x98, 0xe6, 0xff, 0x75, 0x98, 0xe6, 0xff, 0x75, 0x98, 0xe6, 0xff, 0x75, 0x98, 0xe6, 0xff,
    0x75, 0x98, 0xe6, 0xff, 0x75, 0x98, 0xe6, 0xff, 0x75, 0x98, 0xe6, 0xff, 0x75, 0x98, 0xe6, 0xff,
    0x75, 0x98, 0xe6, 0xff, 0x75, 0x98, 0xe6, 0xff, 0x75, 0x98, 0xe6, 0xff, 0x75, 0x98, 0xe6, 0xff,
    0x75, 0x98, 0xe6, 0xff, 0x75, 0x98, 0xe6, 0xff, 0x75, 0x98, 0xe6, 0xff, 0x75, 0x98, 0xe6, 0xff,
    0x75, 0x98, 0xe6, 0xff, 0x75, 0x98, 0xe6, 0xff, 0x75, 0x98, 0xe6, 0xff, 0x75, 0x98, 0xe6, 0xff,
    0x75, 0x98, 0xe6, 0xff, 0x75, 0x98, 0xe6, 0xff, 0x75, 0x98, 0xe6, 0xff, 0x75, 0x98, 0xe6, 0xff,
    0x75, 0x98, 0xe6, 0xff, 0x75, 0x98, 0xe6, 0xff, 0x75, 0x98, 0xe6, 0xff, 0x75, 0x98, 0xe6, 0xff,
    0x75, 0x98, 0xe6, 0xff, 0x75, 0x98, 0xe6, 0xff, 0x75, 0x98, 0xe6, 0xff, 0x75, 0x98, 0xe6, 0xff,
    0x75, 0x98, 0xe6, 0xff, 0x75, 0x98, 0xe6, 0xff, 0x75, 0x98, 0xe6, 0xff, 0x75, 0x98, 0xe6, 0xff,
    0x75, 0x98, 0xe6, 0xff, 0x75, 0x98, 0xe6, 0xff, 0x75, 0x98, 0xe6, 0xff, 0x75, 0x98, 0xe6, 0xff,
    0x75, 0x98, 0xe6, 0xff, 0x75, 0x98, 0xe6, 0xff, 0x75, 0x98, 0xe6, 0xff, 0x75, 0x98, 0xe6, 0xff,
    0x75, 0x98, 0xe6, 0xff, 0x75, 0x98, 0xe6, 0xff, 0x75, 0x98, 0xe6, 0xff, 0x75, 0x98, 0xe6, 0xff,
    0x75, 0x98, 0xe6, 0xff, 0x75, 0x98, 0xe6, 0xff, 0x75, 0x98, 0xe6, 0xff, 0x75, 0x98, 0xe6, 0xff,
    0x75, 0x98, 0xe6, 0xff, 0x75, 0x98, 0xe6, 0xff, 0x75, 0x98, 0xe6, 0xff, 0x75, 0x98, 0xe6, 0xff,
    0x75, 0x98, 0xe6, 0xff, 0x75, 0x98, 0xe6, 0xff, 0x75, 0x98, 0xe6, 0xff, 0x75, 0x98, 0xe6, 0xff,
    0x75, 0x98, 0xe6, 0x00, 0x75, 0x98, 0xe6, 0xff, 0x75, 0x98, 0xe6, 0xff, 0x75, 0x98, 0xe6, 0xff,
    0x75, 0x98, 0xe6, 0xff, 0x75, 0x98, 0xe6, 0xff, 0x75, 0x98, 0xe6, 0xff, 0x75, 0x98, 0xe6, 0xff,
    0x75, 0x98, 0xe6, 0xff, 0x75, 0x98, 0xe6, 0xff, 0x75, 0x98, 0xe6, 0xff, 0x75, 0x98, 0xe6, 0xff,
    0x75, 0x98, 0xe6, 0xff, 0x75, 0x98, 0xe6, 0xff, 0x75, 0x98, 0xe6, 0xff, 0x75, 0x98, 0xe6, 0xff,
    0x75, 0x98, 0xe6, 0xff, 0x75, 0x98, 0xe6, 0xff, 0x75, 0x98, 0xe6, 0xff, 0x75, 0x98, 0xe6, 0xff,
    0x75, 0x98, 0xe6, 0xff, 0x75, 0x98, 0xe6, 0xff, 0x75, 0x98, 0xe6, 0xff, 0x75, 0x98, 0xe6, 0xff,
    0x75, 0x98, 0xe6, 0xff, 0x75, 0x98, 0xe6, 0xff, 0x75, 0x98, 0xe6, 0xff, 0x75, 0x98, 0xe6, 0x00,
    0x00, 0x00, 0x00, 0x00, 0x75, 0x98, 0xe6, 0x00, 0x75, 0x98, 0xe6, 0xff, 0x75, 0x98, 0xe6, 0xff,
    0x75, 0x98, 0xe6, 0xff, 0x75, 0x98, 0xe6, 0xff, 0x75, 0x98, 0xe6, 0xff, 0x75, 0x98, 0xe6, 0xff,
    0x75, 0x98, 0xe6, 0xff, 0x75, 0x98, 0xe6, 0xff, 0x75, 0x98, 0xe6, 0xff, 0x75, 0x98, 0xe6, 0xff,
    0x75, 0x98, 0xe6, 0xff, 0x75, 0x98, 0xe6, 0xff, 0x75, 0x98, 0xe6, 0xff, 0x75, 0x98, 0xe6, 0xff,
    0x75, 0x98, 0xe6, 0xff, 0x75, 0x98, 0xe6, 0xff, 0x75, 0x98, 0xe6, 0xff, 0x75, 0x98, 0xe6, 0xff,
    0x75, 0x98, 0xe6, 0xff, 0x75, 0x98, 0xe6, 0xff, 0x75, 0x98, 0xe6, 0xff, 0x75, 0x98, 0xe6, 0xff,
    0x75, 0x98, 0xe6, 0xff, 0x75, 0x98, 0xe6, 0xff, 0x75, 0x98, 0xe6, 0x00, 0x00, 0x00, 0x00, 0x00,
};
static const lv_img_dsc_t pill_kb_lt = {
    .header.always_zero = 0,
    .header.w = 28,
    .header.h = 20,
    .header.cf = LV_IMG_CF_TRUE_COLOR_ALPHA,
    .data_size = sizeof(pill_kb_lt_data),
    .data = pill_kb_lt_data,
};

static const uint8_t pill_kb_rt_data[] = {
    0x00, 0x00, 0x00, 0x00, 0x75, 0x98, 0xe6, 0x00, 0x75, 0x98, 0xe6, 0xff, 0x75, 0x98, 0xe6, 0xff,
    0x75, 0x98, 0xe6, 0xff, 0x75, 0x98, 0xe6, 0xff, 0x75, 0x98, 0xe6, 0xff, 0x75, 0x98, 0xe6, 0xff,
    0x75, 0x98, 0xe6, 0xff, 0x75, 0x98, 0xe6, 0xff, 0x75, 0x98, 0xe6, 0xff, 0x75, 0x98, 0xe6, 0xff,
    0x75, 0x98, 0xe6, 0xff, 0x75, 0x98, 0xe6, 0xff, 0x75, 0x98, 0xe6, 0xff, 0x75, 0x98, 0xe6, 0xff,
    0x75, 0x98, 0xe6, 0xff, 0x75, 0x98, 0xe6, 0xff, 0x75, 0x98, 0xe6, 0xff, 0x75, 0x98, 0xe6, 0xff,
    0x75, 0x98, 0xe6, 0xff, 0x75, 0x98, 0xe6, 0xff, 0x75, 0x98, 0xe6, 0xff, 0x75, 0x98, 0xe6, 0xff,
    0x75, 0x98, 0xe6, 0xff, 0x75, 0x98, 0xe6, 0xff, 0x75, 0x98, 0xe6, 0x00, 0x00, 0x00, 0x00, 0x00,
    0x75, 0x98, 0xe6, 0x00, 0x75, 0x98, 0xe6, 0xff, 0x75, 0x98, 0xe6, 0xff, 0x75, 0x98, 0xe6, 0xff,
    0x75, 0x98, 0xe6, 0xff, 0x75, 0x98, 0xe6, 0xff, 0x75, 0x98, 0xe6, 0xff, 0x75, 0x98, 0xe6, 0xff,
    0x75, 0x98, 0xe6, 0xff, 0x75, 0x98, 0xe6, 0xff, 0x75, 0x98, 0xe6, 0xff, 0x75, 0x98, 0xe6, 0xff,
    0x75, 0x98, 0xe6, 0xff, 0x75, 0x98, 0xe6, 0xff, 0x75, 0x98, 0xe6, 0xff, 0x75, 0x98, 0xe6, 0xff,
    0x75, 0x98, 0xe6, 0xff, 0x75, 0x98, 0xe6, 0xff, 0x75, 0x98, 0xe6, 0xff, 0x75, 0x98, 0xe6, 0xff,
    0x75, 0x98, 0xe6, 0xff, 0x75, 0x98, 0xe6, 0xff, 0x75, 0x98, 0xe6, 0xff, 0x75, 0x98, 0xe6, 0xff,
    0x75, 0x98, 0xe6, 0xff, 0x75, 0x98, 0xe6, 0xff, 0x75, 0x98, 0xe6, 0xff, 0x75, 0x98, 0xe6, 0x00,
    0x75, 0x98, 0xe6, 0xff, 0x75, 0x98, 0xe6, 0xff, 0x75, 0x98, 0xe6, 0xff, 0x75, 0x98, 0xe6, 0xff,
    0x75, 0x98, 0xe6, 0xff, 0x75, 0x98, 0xe6, 0xff, 0x75, 0x98, 0xe6, 0xff, 0x75, 0x98, 0xe6, 0xff,
    0x75, 0x98, 0xe6, 0xff, 0x75, 0x98, 0xe6, 0xff, 0x75, 0x98, 0xe6, 0xff, 0x75, 0x98, 0xe6, 0xff,
    0x75, 0x98, 0xe6, 0xff, 0x75, 0x98, 0xe6, 0xff, 0x75, 0x98, 0xe6, 0xff, 0x75, 0x98, 0xe6, 0xff,
    0x75, 0x98, 0xe6, 0xff, 0x75, 0x98, 0xe6, 0xff, 0x75, 0x98, 0xe6, 0xff, 0x75, 0x98, 0xe6, 0xff,
    0x75, 0x98, 0xe6, 0xff, 0x75, 0x98, 0xe6, 0xff, 0x75, 0x98, 0xe6, 0xff, 0x75, 0x98, 0xe6, 0xff,
    0x75, 0x98, 0xe6, 0xff, 0x75, 0x98, 0xe6, 0xff, 0x75, 0x98, 0xe6, 0xff, 0x75, 0x98, 0xe6, 0xff,
    0x75, 0x98, 0xe6, 0xff, 0x75, 0x98, 0xe6, 0xff, 0x75, 0x98, 0xe6, 0xff, 0x75, 0x98, 0xe6, 0xff,
    0x75, 0x98, 0xe6, 0xff, 0x75, 0x98, 0xe6, 0xff, 0x75, 0x98, 0xe6, 0xff, 0x75, 0x98, 0xe6, 0xff,
    0x75, 0x98, 0xe6, 0xff, 0x75, 0x98, 0xe6, 0xff, 0x75, 0x98, 0xe6, 0xff, 0x75, 0x98, 0xe6, 0xff,
    0x75, 0x98, 0xe6, 0xff, 0x75, 0x98, 0xe6, 0xff, 0x75, 0x98, 0xe6, 0xff, 0x75, 0x98, 0xe6, 0xff,
    0x75, 0x98, 0xe6, 0xff, 0x75, 0x98, 0xe6, 0xff, 0x75, 0x98, 0xe6, 0xff, 0x75, 0x98, 0xe6, 0xff,
    0x75, 0x98, 0xe6, 0xff, 0x75, 0x98, 0xe6, 0xff, 0x75, 0x98, 0xe6, 0xff, 0x75, 0x98, 0xe6, 0xff,
    0x75, 0x98, 0xe6, 0xff, 0x75, 0x98, 0xe6, 0xff, 0x75, 0x98, 0xe6, 0xff, 0x75, 0x98, 0xe6, 0xff,
    0x75, 0x98, 0xe6, 0xff, 0x75, 0x98, 0xe6, 0xff, 0x75, 0x98, 0xe6, 0xff, 0x75, 0x98, 0xe6, 0xff,
    0x75, 0x98, 0xe6, 0xff, 0x75, 0x98, 0xe6, 0xff, 0x75, 0x98, 0xe6, 0xff, 0x75, 0x98, 0xe6, 0xff,
    0x75, 0x98, 0xe6, 0xff, 0x75, 0x98, 0xe6, 0xff, 0x75, 0x98, 0xe6, 0xff, 0x75, 0x98, 0xe6, 0xff,
    0x75, 0x98, 0xe6, 0xff, 0x75, 0x98, 0xe6, 0xff, 0x75, 0x98, 0xe6, 0xff, 0x75, 0x98, 0xe6, 0xff,
    0x75, 0x98, 0xe6, 0xff, 0x75, 0x98, 0xe6, 0xff, 0x75, 0x98, 0xe6, 0xff, 0x75, 0x98, 0xe6, 0xff,
    0x75, 0x98, 0xe6, 0xff, 0x75, 0x98, 0xe6, 0xff, 0x75, 0x98, 0xe6, 0xff, 0x75, 0x98, 0xe6, 0xff,
    0x75, 0x98, 0xe6, 0xff, 0x75, 0x98, 0xe6, 0xff, 0x75, 0x98, 0xe6, 0xff, 0x75, 0x98, 0xe6, 0xff,
    0x75, 0x98, 0xe6, 0xff, 0x75, 0x98, 0xe6, 0xff, 0x75, 0x98, 0xe6, 0xff, 0x75, 0x98, 0xe6, 0xff,
    0x75, 0x98, 0xe6, 0xff, 0x75, 0x98, 0xe6, 0xff, 0x75, 0x98, 0xe6, 0xff, 0x75, 0x98, 0xe6, 0xff,
    0x75, 0x98, 0xe6, 0xff, 0x75, 0x98, 0xe6, 0xff, 0x75, 0x98, 0xe6, 0xff, 0x75, 0x98, 0xe6, 0xff,
    0x75, 0x98, 0xe6, 0xff, 0x75, 0x98, 0xe6, 0xff, 0x75, 0x98, 0xe6, 0xff, 0x75, 0x98, 0xe6, 0xff,
    0x75, 0x98, 0xe6, 0xff, 0x75, 0x98, 0xe6, 0xff, 0x75, 0x98, 0xe6, 0xff, 0x75, 0x98, 0xe6, 0xff,
    0x75, 0x98, 0xe6, 0xff, 0x75, 0x98, 0xe6, 0xff, 0x75, 0x98, 0xe6, 0xff, 0x75, 0x98, 0xe6, 0xff,
    0x75, 0x98, 0xe6, 0xff, 0x75, 0x98, 0xe6, 0xff, 0x75, 0x98, 0xe6, 0xff, 0x75, 0x98, 0xe6, 0xff,
    0x75, 0x98, 0xe6, 0xff, 0x75, 0x98, 0xe6, 0xff, 0x75, 0x98, 0xe6, 0xff, 0x75, 0x98, 0xe6, 0xff,
    0x75, 0x98, 0xe6, 0xff, 0x75, 0x98, 0xe6, 0xff, 0x75, 0x98, 0xe6, 0xff, 0x75, 0x98, 0xe6, 0xff,
    0x75, 0x98, 0xe6, 0xff, 0x75, 0x98, 0xe6, 0xff, 0x75, 0x98, 0xe6, 0xff, 0x75, 0x98, 0xe6, 0xff,
    0x75, 0x98, 0xe6, 0xff, 0x75, 0x98, 0xe6, 0xff, 0x75, 0x98, 0xe6, 0xff, 0x75, 0x98, 0xe6, 0xff,
    0x75, 0x98, 0xe6, 0xff, 0x75, 0x98, 0xe6, 0xff, 0x75, 0x98, 0xe6, 0xff, 0x75, 0x98, 0xe6, 0xff,
    0x75, 0x98, 0xe6, 0xff, 0x75, 0x98, 0xe6, 0xff, 0x75, 0x98, 0xe6, 0xff, 0x75, 0x98, 0xe6, 0xff,
    0x75, 0x98, 0xe6, 0xff, 0x75, 0x98, 0xe6, 0xff, 0x75, 0x98, 0xe6, 0xff, 0x75, 0x98, 0xe6, 0xff,
    0x75, 0x98, 0xe6, 0xff, 0x75, 0x98, 0xe6, 0xff, 0x75, 0x98, 0xe6, 0xff, 0x75, 0x98, 0xe6, 0xff,
    0x75, 0x98, 0xe6, 0xff, 0x75, 0x98, 0xe6, 0xff, 0x75, 0x98, 0xe6, 0xff, 0x75, 0x98, 0xe6, 0xff,
    0x75, 0x98, 0xe6, 0xff, 0x75, 0x98, 0xe6, 0xff, 0x75, 0x98, 0xe6, 0xff, 0x75, 0x98, 0xe6, 0xff,
    0x75, 0x98, 0xe6, 0xff, 0x75, 0x98, 0xe6, 0xff, 0x75, 0x98, 0xe6, 0xff, 0x75, 0x98, 0xe6, 0xff,
    0x75, 0x98, 0xe6, 0xff, 0x75, 0x98, 0xe6, 0xff, 0x75, 0x98, 0xe6, 0xff, 0x75, 0x98, 0xe6, 0xff,
    0x75, 0x98, 0xe6, 0xff, 0x75, 0x98, 0xe6, 0xff, 0x75, 0x98, 0xe6, 0xff, 0x75, 0x98, 0xe6, 0xff,
    0x75, 0x98, 0xe6, 0xff, 0x75, 0x98, 0xe6, 0xff, 0x75, 0x98, 0xe6, 0xff, 0x75, 0x98, 0xe6, 0xff,
    0x75, 0x98, 0xe6, 0xff, 0x75, 0x98, 0xe6, 0xff, 0x75, 0x98, 0xe6, 0xff, 0x75, 0x98, 0xe6, 0xff,
    0x75, 0x98, 0xe6, 0xff, 0x75, 0x98, 0xe6, 0xff, 0x75, 0x98, 0xe6, 0xff, 0x75, 0x98, 0xe6, 0xff,
    0x75, 0x98, 0xe6, 0xff, 0x75, 0x98, 0xe6, 0xff, 0x75, 0x98, 0xe6, 0xff, 0x75, 0x98, 0xe6, 0xff,
    0x75, 0x98, 0xe6, 0xff, 0x75, 0x98, 0xe6, 0xff, 0x75, 0x98, 0xe6, 0xff, 0x75, 0x98, 0xe6, 0xff,
    0x75, 0x98, 0xe6, 0xff, 0x75, 0x98, 0xe6, 0xff, 0x75, 0x98, 0xe6, 0xff, 0x75, 0x98, 0xe6, 0xff,
    0x75, 0x98, 0xe6, 0xff, 0x75, 0x98, 0xe6, 0xff, 0x75, 0x98, 0xe6, 0xff, 0x75, 0x98, 0xe6, 0xff,
    0x75, 0x98, 0xe6, 0xff, 0x75, 0x98, 0xe6, 0xff, 0x75, 0x98, 0xe6, 0xff, 0x75, 0x98, 0xe6, 0xff,
    0x75, 0x98, 0xe6, 0xff, 0x75, 0x98, 0xe6, 0xff, 0x75, 0x98, 0xe6, 0xff, 0x75, 0x98, 0xe6, 0xff,
    0x75, 0x98, 0xe6, 0xff, 0x75, 0x98, 0xe6, 0xff, 0x75, 0x98, 0xe6, 0xff, 0x75, 0x98, 0xe6, 0xff,
    0x75, 0x98, 0xe6, 0xff, 0x75, 0x98, 0xe6, 0xff, 0x75, 0x98, 0xe6, 0xff, 0x75, 0x98, 0xe6, 0xff,
    0x75, 0x98, 0xe6, 0xff, 0x75, 0x98, 0xe6, 0xff, 0x75, 0x98, 0xe6, 0xff, 0x75, 0x98, 0xe6, 0xff,
    0x75, 0x98, 0xe6, 0xff, 0x75, 0x98, 0xe6, 0xff, 0x75, 0x98, 0xe6, 0xff, 0x75, 0x98, 0xe6, 0xff,
    0x75, 0x98, 0xe6, 0xff, 0x75, 0x98, 0xe6, 0xff, 0x75, 0x98, 0xe6, 0xff, 0x75, 0x98, 0xe6, 0xff,
    0x75, 0x98, 0xe6, 0xff, 0x75, 0x98, 0xe6, 0xff, 0x75, 0x98, 0xe6, 0xff, 0x75, 0x98, 0xe6, 0xff,
    0x75, 0x98, 0xe6, 0xff, 0x75, 0x98, 0xe6, 0xff, 0x75, 0x98, 0xe6, 0xff, 0x75, 0x98, 0xe6, 0xff,
    0x75, 0x98, 0xe6, 0xff, 0x75, 0x98, 0xe6, 0xff, 0x75, 0x98, 0xe6, 0xff, 0x75, 0x98, 0xe6, 0xff,
    0x75, 0x98, 0xe6, 0xff, 0x75, 0x98, 0xe6, 0xff, 0x75, 0x98, 0xe6, 0xff, 0x75, 0x98, 0xe6, 0xff,
    0x75, 0x98, 0xe6, 0xff, 0x75, 0x98, 0xe6, 0xff, 0x75, 0x98, 0xe6, 0xff, 0x75, 0x98, 0xe6, 0xff,
    0x75, 0x98, 0xe6, 0xff, 0x75, 0x98, 0xe6, 0xff, 0x75, 0x98, 0xe6, 0xff, 0x75, 0x98, 0xe6, 0xff,
    0x75, 0x98, 0xe6, 0xff, 0x75, 0x98, 0xe6, 0xff, 0x75, 0x98, 0xe6, 0xff, 0x75, 0x98, 0xe6, 0xff,
    0x75, 0x98, 0xe6, 0xff, 0x75, 0x98, 0xe6, 0xff, 0x75, 0x98, 0xe6, 0xff, 0x75, 0x98, 0xe6, 0xff,
    0x75, 0x98, 0xe6, 0xff, 0x75, 0x98, 0xe6, 0xff, 0x75, 0x98, 0xe6, 0xff, 0x75, 0x98, 0xe6, 0xff,
    0x75, 0x98, 0xe6, 0xff, 0x75, 0x98, 0xe6, 0xff, 0x75, 0x98, 0xe6, 0xff, 0x75, 0x98, 0xe6, 0xff,
    0x75, 0x98, 0xe6, 0xff, 0x75, 0x98, 0xe6, 0xff, 0x75, 0x98, 0xe6, 0xff, 0x75, 0x98, 0xe6, 0xff,
    0x75, 0x98, 0xe6, 0xff, 0x75, 0x98, 0xe6, 0xff, 0x75, 0x98, 0xe6, 0xff, 0x75, 0x98, 0xe6, 0xff,
    0x75, 0x98, 0xe6, 0xff, 0x75, 0x98, 0xe6, 0xff, 0x75, 0x98, 0xe6, 0xff, 0x75, 0x98, 0xe6, 0xff,
    0x75, 0x98, 0xe6, 0xff, 0x75, 0x98, 0xe6, 0xff, 0x75, 0x98, 0xe6, 0xff, 0x75, 0x98, 0xe6, 0xff,
    0x75, 0x98, 0xe6, 0xff, 0x75, 0x98, 0xe6, 0xff, 0x75, 0x98, 0xe6, 0xff, 0x75, 0x98, 0xe6, 0xff,
    0x75, 0x98, 0xe6, 0xff, 0x75, 0x98, 0xe6, 0xff, 0x75, 0x98, 0xe6, 0xff, 0x75, 0x98, 0xe6, 0xff,
    0x75, 0x98, 0xe6, 0xff, 0x75, 0x98, 0xe6, 0xff, 0x75, 0x98, 0xe6, 0xff, 0x75, 0x98, 0xe6, 0xff,
    0x75, 0x98, 0xe6, 0xff, 0x75, 0x98, 0xe6, 0xff, 0x75, 0x98, 0xe6, 0xff, 0x75, 0x98, 0xe6, 0xff,
    0x75, 0x98, 0xe6, 0xff, 0x75, 0x98, 0xe6, 0xff, 0x75, 0x98, 0xe6, 0xff, 0x75, 0x98, 0xe6, 0xff,
    0x75, 0x98, 0xe6, 0xff, 0x75, 0x98, 0xe6, 0xff, 0x75, 0x98, 0xe6, 0xff, 0x75, 0x98, 0xe6, 0xff,
    0x75, 0x98, 0xe6, 0xff, 0x75, 0x98, 0xe6, 0xff, 0x75, 0x98, 0xe6, 0xff, 0x75, 0x98, 0xe6, 0xff,
    0x75, 0x98, 0xe6, 0xff, 0x75, 0x98, 0xe6, 0xff, 0x75, 0x98, 0xe6, 0xff, 0x75, 0x98, 0xe6, 0xff,
    0x75, 0x98, 0xe6, 0xff, 0x75, 0x98, 0xe6, 0xff, 0x75, 0x98, 0xe6, 0xff, 0x75, 0x98, 0xe6, 0xff,
    0x75, 0x98, 0xe6, 0xff, 0x75, 0x98, 0xe6, 0xff, 0x75, 0x98, 0xe6, 0xff, 0x75, 0x98, 0xe6, 0xff,
    0x75, 0x98, 0xe6, 0xff, 0x75, 0x98, 0xe6, 0xff, 0x75, 0x98, 0xe6, 0xff, 0x75, 0x98, 0xe6, 0xff,
    0x75, 0x98, 0xe6, 0xff, 0x75, 0x98, 0xe6, 0xff, 0x75, 0x98, 0xe6, 0xff, 0x75, 0x98, 0xe6, 0xff,
    0x75, 0x98, 0xe6, 0xff, 0x75, 0x98, 0xe6, 0xff, 0x75, 0x98, 0xe6, 0xff, 0x75, 0x98, 0xe6, 0xff,
    0x75, 0x98, 0xe6, 0xff, 0x75, 0x98, 0xe6, 0xff, 0x75, 0x98, 0xe6, 0xff, 0x75, 0x98, 0xe6, 0xff,
    0x75, 0x98, 0xe6, 0xff, 0x75, 0x98, 0xe6, 0xff, 0x75, 0x98, 0xe6, 0xff, 0x75, 0x98, 0xe6, 0xff,
    0x75, 0x98, 0xe6, 0xff, 0x75, 0x98, 0xe6, 0xff, 0x75, 0x98, 0xe6, 0xff, 0x75, 0x98, 0xe6, 0xff,
    0x75, 0x98, 0xe6, 0xff, 0x75, 0x98, 0xe6, 0xff, 0x75, 0x98, 0xe6, 0xff, 0x75, 0x98, 0xe6, 0xff,
    0x75, 0x98, 0xe6, 0xff, 0x75, 0x98, 0xe6, 0xff, 0x75, 0x98, 0xe6, 0xff, 0x75, 0x98, 0xe6, 0xff,
    0x75, 0x98, 0xe6, 0xff, 0x75, 0x98, 0xe6, 0xff, 0x75, 0x98, 0xe6, 0xff, 0x75, 0x98, 0xe6, 0xff,
    0x75, 0x98, 0xe6, 0xff, 0x75, 0x98, 0xe6, 0xff, 0x75, 0x98, 0xe6, 0xff, 0x75, 0x98, 0xe6, 0xff,
    0x75, 0x98, 0xe6, 0xff, 0x75, 0x98, 0xe6, 0xff, 0x75, 0x98, 0xe6, 0xff, 0x75, 0x98, 0xe6, 0xff,
    0x75, 0x98, 0xe6, 0xff, 0x75, 0x98, 0xe6, 0xff, 0x75, 0x98, 0xe6, 0xff, 0x75, 0x98, 0xe6, 0xff,
    0x75, 0x98, 0xe6, 0xff, 0x75, 0x98, 0xe6, 0xff, 0x75, 0x98, 0xe6, 0xff, 0x75, 0x98, 0xe6, 0xff,
    0x75, 0x98, 0xe6, 0xff, 0x75, 0x98, 0xe6, 0xff, 0x75, 0x98, 0xe6, 0xff, 0x75, 0x98, 0xe6, 0xff,
    0x75, 0x98, 0xe6, 0xff, 0x75, 0x98, 0xe6, 0xff, 0x75, 0x98, 0xe6, 0xff, 0x75, 0x98, 0xe6, 0xff,
    0x75, 0x98, 0xe6, 0xff, 0x75, 0x98, 0xe6, 0xff, 0x75, 0x98, 0xe6, 0xff, 0x75, 0x98, 0xe6, 0xff,
    0x75, 0x98, 0xe6, 0xff, 0x75, 0x98, 0xe6, 0xff, 0x75, 0x98, 0xe6, 0xff, 0x75, 0x98, 0xe6, 0xff,
    0x75, 0x98, 0xe6, 0xff, 0x75, 0x98, 0xe6, 0xff, 0x75, 0x98, 0xe6, 0xff, 0x75, 0x98, 0xe6, 0xff,
    0x75, 0x98, 0xe6, 0xff, 0x75, 0x98, 0xe6, 0xff, 0x75, 0x98, 0xe6, 0xff, 0x75, 0x98, 0xe6, 0xff,
    0x75, 0x98, 0xe6, 0xff, 0x75, 0x98, 0xe6, 0xff, 0x75, 0x98, 0xe6, 0xff, 0x75, 0x98, 0xe6, 0xff,
    0x75, 0x98, 0xe6, 0xff, 0x75, 0x98, 0xe6, 0xff, 0x75, 0x98, 0xe6, 0xff, 0x75, 0x98, 0xe6, 0xff,
    0x75, 0x98, 0xe6, 0xff, 0x75, 0x98, 0xe6, 0xff, 0x75, 0x98, 0xe6, 0xff, 0x75, 0x98, 0xe6, 0xff,
    0x75, 0x98, 0xe6, 0xff, 0x75, 0x98, 0xe6, 0xff, 0x75, 0x98, 0xe6, 0xff, 0x75, 0x98, 0xe6, 0xff,
    0x75, 0x98, 0xe6, 0xff, 0x75, 0x98, 0xe6, 0xff, 0x75, 0x98, 0xe6, 0xff, 0x75, 0x98, 0xe6, 0xff,
    0x75, 0x98, 0xe6, 0xff, 0x75, 0x98, 0xe6, 0xff, 0x75, 0x98, 0xe6, 0xff, 0x75, 0x98, 0xe6, 0xff,
    0x75, 0x98, 0xe6, 0xff, 0x75, 0x98, 0xe6, 0xff, 0x75, 0x98, 0xe6, 0xff, 0x75, 0x98, 0xe6, 0xff,
    0x75, 0x98, 0xe6, 0xff, 0x75, 0x98, 0xe6, 0xff, 0x75, 0x98, 0xe6, 0xff, 0x75, 0x98, 0xe6, 0xff,
    0x75, 0x98, 0xe6, 0xff, 0x75, 0x98, 0xe6, 0xff, 0x75, 0x98, 0xe6, 0xff, 0x75, 0x98, 0xe6, 0xff,
    0x75, 0x98, 0xe6, 0xff, 0x75, 0x98, 0xe6, 0xff, 0x75, 0x98, 0xe6, 0xff, 0x75, 0x98, 0xe6, 0xff,
    0x75, 0x98, 0xe6, 0xff, 0x75, 0x98, 0xe6, 0xff, 0x75, 0x98, 0xe6, 0xff, 0x75, 0x98, 0xe6, 0xff,
    0x75, 0x98, 0xe6, 0xff, 0x75, 0x98, 0xe6, 0xff, 0x75, 0x98, 0xe6, 0xff, 0x75, 0x98, 0xe6, 0xff,
    0x75, 0x98, 0xe6, 0xff, 0x75, 0x98, 0xe6, 0xff, 0x75, 0x98, 0xe6, 0xff, 0x75, 0x98, 0xe6, 0xff,
    0x75, 0x98, 0xe6, 0xff, 0x75, 0x98, 0xe6, 0xff, 0x75, 0x98, 0xe6, 0xff, 0x75, 0x98, 0xe6, 0xff,
    0x75, 0x98, 0xe6, 0x00, 0x75, 0x98, 0xe6, 0xff, 0x75, 0x98, 0xe6, 0xff, 0x75, 0x98, 0xe6, 0xff,
    0x75, 0x98, 0xe6, 0xff, 0x75, 0x98, 0xe6, 0xff, 0x75, 0x98, 0xe6, 0xff, 0x75, 0x98, 0xe6, 0xff,
    0x75, 0x98, 0xe6, 0xff, 0x75, 0x98, 0xe6, 0xff, 0x75, 0x98, 0xe6, 0xff, 0x75, 0x98, 0xe6, 0xff,
    0x75, 0x98, 0xe6, 0xff, 0x75, 0x98, 0xe6, 0xff, 0x75, 0x98, 0xe6, 0xff, 0x75, 0x98, 0xe6, 0xff,
    0x75, 0x98, 0xe6, 0xff, 0x75, 0x98, 0xe6, 0xff, 0x75, 0x98, 0xe6, 0xff, 0x75, 0x98, 0xe6, 0xff,
    0x75, 0x98, 0xe6, 0xff, 0x75, 0x98, 0xe6, 0xff, 0x75, 0x98, 0xe6, 0xff, 0x75, 0x98, 0xe6, 0xff,
    0x75, 0x98, 0xe6, 0xff, 0x75, 0x98, 0xe6, 0xff, 0x75, 0x98, 0xe6, 0xff, 0x75, 0x98, 0xe6, 0x00,
    0x00, 0x00, 0x00, 0x00, 0x75, 0x98, 0xe6, 0x00, 0x75, 0x98, 0xe6, 0xff, 0x75, 0x98, 0xe6, 0xff,
    0x75, 0x98, 0xe6, 0xff, 0x75, 0x98, 0xe6, 0xff, 0x75, 0x98, 0xe6, 0xff, 0x75, 0x98, 0xe6, 0xff,
    0x75, 0x98, 0xe6, 0xff, 0x75, 0x98, 0xe6, 0xff, 0x75, 0x98, 0xe6, 0xff, 0x75, 0x98, 0xe6, 0xff,
    0x75, 0x98, 0xe6, 0xff, 0x75, 0x98, 0xe6, 0xff, 0x75, 0x98, 0xe6, 0xff, 0x75, 0x98, 0xe6, 0xff,
    0x75, 0x98, 0xe6, 0xff, 0x75, 0x98, 0xe6, 0xff, 0x75, 0x98, 0xe6, 0xff, 0x75, 0x98, 0xe6, 0xff,
    0x75, 0x98, 0xe6, 0xff, 0x75, 0x98, 0xe6, 0xff, 0x75, 0x98, 0xe6, 0xff, 0x75, 0x98, 0xe6, 0xff,
    0x75, 0x98, 0xe6, 0xff, 0x75, 0x98, 0xe6, 0xff, 0x75, 0x98, 0xe6, 0x00, 0x00, 0x00, 0x00, 0x00,
};
static const lv_img_dsc_t pill_kb_rt = {
    .header.always_zero = 0,
    .header.w = 28,
    .header.h = 20,
    .header.cf = LV_IMG_CF_TRUE_COLOR_ALPHA,
    .data_size = sizeof(pill_kb_rt_data),
    .data = pill_kb_rt_data,
};

static const uint8_t pill_kb_start_data[] = {
    0x00, 0x00, 0x00, 0x00, 0x00, 0x00, 0x00, 0x00, 0x00, 0x00, 0x00, 0x00, 0xa0, 0xa9, 0x9d, 0x5b,
    0xa0, 0xa9, 0x9d, 0x9f, 0xa0, 0xa9, 0x9d, 0xc3, 0xa0, 0xa9, 0x9d, 0xc8, 0xa0, 0xa9, 0x9d, 0xc8,
    0xa0, 0xa9, 0x9d, 0xc8, 0xa0, 0xa9, 0x9d, 0xc8, 0xa0, 0xa9, 0x9d, 0xc8, 0xa0, 0xa9, 0x9d, 0xc8,
    0xa0, 0xa9, 0x9d, 0xc8, 0xa0, 0xa9, 0x9d, 0xc8, 0xa0, 0xa9, 0x9d, 0xc8, 0xa0, 0xa9, 0x9d, 0xc8,
    0xa0, 0xa9, 0x9d, 0xc8, 0xa0, 0xa9, 0x9d, 0xc8, 0xa0, 0xa9, 0x9d, 0xc8, 0xa0, 0xa9, 0x9d, 0xc8,
    0xa0, 0xa9, 0x9d, 0xc8, 0xa0, 0xa9, 0x9d, 0xc8, 0xa0, 0xa9, 0x9d, 0xc8, 0xa0, 0xa9, 0x9d, 0xc8,
    0xa0, 0xa9, 0x9d, 0xc8, 0xa0, 0xa9, 0x9d, 0xc8, 0xa0, 0xa9, 0x9d, 0xc8, 0xa0, 0xa9, 0x9d, 0xc8,
    0xa0, 0xa9, 0x9d, 0xc8, 0xa0, 0xa9, 0x9d, 0xc8, 0xa0, 0xa9, 0x9d, 0xc8, 0xa0, 0xa9, 0x9d, 0xc8,
    0xa0, 0xa9, 0x9d, 0xc8, 0xa0, 0xa9, 0x9d, 0xc8, 0xa0, 0xa9, 0x9d, 0xc8, 0xa0, 0xa9, 0x9d, 0xc8,
    0xa0, 0xa9, 0x9d, 0xc8, 0xa0, 0xa9, 0x9d, 0xc8, 0xa0, 0xa9, 0x9d, 0xc8, 0xa0, 0xa9, 0x9d, 0xc8,
    0xa0, 0xa9, 0x9d, 0xc8, 0xa0, 0xa9, 0x9d, 0xc8, 0xa0, 0xa9, 0x9d, 0xc8, 0xa0, 0xa9, 0x9d, 0xc8,
    0xa0, 0xa9, 0x9d, 0xc3, 0xa0, 0xa9, 0x9d, 0x9f, 0xa0, 0xa9, 0x9d, 0x5b, 0x00, 0x00, 0x00, 0x00,
    0x00, 0x00, 0x00, 0x00, 0x00, 0x00, 0x00, 0x00, 0x00, 0x00, 0x00, 0x00, 0xa0, 0xa9, 0x9d, 0x1b,
    0xa0, 0xa9, 0x9d, 0x9f, 0xa0, 0xa9, 0x9d, 0xc8, 0x0e, 0x0d, 0x0b, 0xdc, 0x0e, 0x0d, 0x0b, 0xdc,
    0x0e, 0x0d, 0x0b, 0xdc, 0x0e, 0x0d, 0x0b, 0xdc, 0x0e, 0x0d, 0x0b, 0xdc, 0x0e, 0x0d, 0x0b, 0xdc,
    0x0e, 0x0d, 0x0b, 0xdc, 0x0e, 0x0d, 0x0b, 0xdc, 0x0e, 0x0d, 0x0b, 0xdc, 0x0e, 0x0d, 0x0b, 0xdc,
    0x0e, 0x0d, 0x0b, 0xdc, 0x0e, 0x0d, 0x0b, 0xdc, 0x0e, 0x0d, 0x0b, 0xdc, 0x0e, 0x0d, 0x0b, 0xdc,
    0x0e, 0x0d, 0x0b, 0xdc, 0x0e, 0x0d, 0x0b, 0xdc, 0x0e, 0x0d, 0x0b, 0xdc, 0x0e, 0x0d, 0x0b, 0xdc,
    0x0e, 0x0d, 0x0b, 0xdc, 0x0e, 0x0d, 0x0b, 0xdc, 0x0e, 0x0d, 0x0b, 0xdc, 0x0e, 0x0d, 0x0b, 0xdc,
    0x0e, 0x0d, 0x0b, 0xdc, 0x0e, 0x0d, 0x0b, 0xdc, 0x0e, 0x0d, 0x0b, 0xdc, 0x0e, 0x0d, 0x0b, 0xdc,
    0x0e, 0x0d, 0x0b, 0xdc, 0x0e, 0x0d, 0x0b, 0xdc, 0x0e, 0x0d, 0x0b, 0xdc, 0x0e, 0x0d, 0x0b, 0xdc,
    0x0e, 0x0d, 0x0b, 0xdc, 0x0e, 0x0d, 0x0b, 0xdc, 0x0e, 0x0d, 0x0b, 0xdc, 0x0e, 0x0d, 0x0b, 0xdc,
    0x0e, 0x0d, 0x0b, 0xdc, 0x0e, 0x0d, 0x0b, 0xdc, 0x0e, 0x0d, 0x0b, 0xdc, 0x0e, 0x0d, 0x0b, 0xdc,
    0x0e, 0x0d, 0x0b, 0xdc, 0x0e, 0x0d, 0x0b, 0xdc, 0x0e, 0x0d, 0x0b, 0xdc, 0x0e, 0x0d, 0x0b, 0xdc,
    0xa0, 0xa9, 0x9d, 0xc8, 0xa0, 0xa9, 0x9d, 0x9f, 0xa0, 0xa9, 0x9d, 0x1b, 0x00, 0x00, 0x00, 0x00,
    0x00, 0x00, 0x00, 0x00, 0xa0, 0xa9, 0x9d, 0x9f, 0x0e, 0x0d, 0x0b, 0xdc, 0x0e, 0x0d, 0x0b, 0xdc,
    0x0e, 0x0d, 0x0b, 0xdc, 0x0e, 0x0d, 0x0b, 0xdc, 0x0e, 0x0d, 0x0b, 0xdc, 0x0e, 0x0d, 0x0b, 0xdc,
    0x0e, 0x0d, 0x0b, 0xdc, 0x0e, 0x0d, 0x0b, 0xdc, 0x0e, 0x0d, 0x0b, 0xdc, 0x0e, 0x0d, 0x0b, 0xdc,
    0x0e, 0x0d, 0x0b, 0xdc, 0x0e, 0x0d, 0x0b, 0xdc, 0x0e, 0x0d, 0x0b, 0xdc, 0x0e, 0x0d, 0x0b, 0xdc,
    0x0e, 0x0d, 0x0b, 0xdc, 0x0e, 0x0d, 0x0b, 0xdc, 0x0e, 0x0d, 0x0b, 0xdc, 0x0e, 0x0d, 0x0b, 0xdc,
    0x0e, 0x0d, 0x0b, 0xdc, 0x0e, 0x0d, 0x0b, 0xdc, 0x0e, 0x0d, 0x0b, 0xdc, 0x0e, 0x0d, 0x0b, 0xdc,
    0x0e, 0x0d, 0x0b, 0xdc, 0x0e, 0x0d, 0x0b, 0xdc, 0x0e, 0x0d, 0x0b, 0xdc, 0x0e, 0x0d, 0x0b, 0xdc,
    0x0e, 0x0d, 0x0b, 0xdc, 0x0e, 0x0d, 0x0b, 0xdc, 0x0e, 0x0d, 0x0b, 0xdc, 0x0e, 0x0d, 0x0b, 0xdc,
    0x0e, 0x0d, 0x0b, 0xdc, 0x0e, 0x0d, 0x0b, 0xdc, 0x0e, 0x0d, 0x0b, 0xdc, 0x0e, 0x0d, 0x0b, 0xdc,
    0x0e, 0x0d, 0x0b, 0xdc, 0x0e, 0x0d, 0x0b, 0xdc, 0x0e, 0x0d, 0x0b, 0xdc, 0x0e, 0x0d, 0x0b, 0xdc,
    0x0e, 0x0d, 0x0b, 0xdc, 0x0e, 0x0d, 0x0b, 0xdc, 0x0e, 0x0d, 0x0b, 0xdc, 0x0e, 0x0d, 0x0b, 0xdc,
    0x0e, 0x0d, 0x0b, 0xdc, 0x0e, 0x0d, 0x0b, 0xdc, 0x0e, 0x0d, 0x0b, 0xdc, 0x0e, 0x0d, 0x0b, 0xdc,
    0xa0, 0xa9, 0x9d, 0x9f, 0x00, 0x00, 0x00, 0x00, 0xa0, 0xa9, 0x9d, 0x5b, 0xa0, 0xa9, 0x9d, 0xc8,
    0x0e, 0x0d, 0x0b, 0xdc, 0x0e, 0x0d, 0x0b, 0xdc, 0x0e, 0x0d, 0x0b, 0xdc, 0x0e, 0x0d, 0x0b, 0xdc,
    0x0e, 0x0d, 0x0b, 0xdc, 0x0e, 0x0d, 0x0b, 0xdc, 0x0e, 0x0d, 0x0b, 0xdc, 0x0e, 0x0d, 0x0b, 0xdc,
    0x0e, 0x0d, 0x0b, 0xdc, 0x0e, 0x0d, 0x0b, 0xdc, 0x0e, 0x0d, 0x0b, 0xdc, 0x0e, 0x0d, 0x0b, 0xdc,
    0x0e, 0x0d, 0x0b, 0xdc, 0x0e, 0x0d, 0x0b, 0xdc, 0x0e, 0x0d, 0x0b, 0xdc, 0x0e, 0x0d, 0x0b, 0xdc,
    0x0e, 0x0d, 0x0b, 0xdc, 0x0e, 0x0d, 0x0b, 0xdc, 0x0e, 0x0d, 0x0b, 0xdc, 0x0e, 0x0d, 0x0b, 0xdc,
    0x0e, 0x0d, 0x0b, 0xdc, 0x0e, 0x0d, 0x0b, 0xdc, 0x0e, 0x0d, 0x0b, 0xdc, 0x0e, 0x0d, 0x0b, 0xdc,
    0x0e, 0x0d, 0x0b, 0xdc, 0x0e, 0x0d, 0x0b, 0xdc, 0x0e, 0x0d, 0x0b, 0xdc, 0x0e, 0x0d, 0x0b, 0xdc,
    0x0e, 0x0d, 0x0b, 0xdc, 0x0e, 0x0d, 0x0b, 0xdc, 0x0e, 0x0d, 0x0b, 0xdc, 0x0e, 0x0d, 0x0b, 0xdc,
    0x0e, 0x0d, 0x0b, 0xdc, 0x0e, 0x0d, 0x0b, 0xdc, 0x0e, 0x0d, 0x0b, 0xdc, 0x0e, 0x0d, 0x0b, 0xdc,
    0x0e, 0x0d, 0x0b, 0xdc, 0x0e, 0x0d, 0x0b, 0xdc, 0x0e, 0x0d, 0x0b, 0xdc, 0x0e, 0x0d, 0x0b, 0xdc,
    0x0e, 0x0d, 0x0b, 0xdc, 0x0e, 0x0d, 0x0b, 0xdc, 0x0e, 0x0d, 0x0b, 0xdc, 0x0e, 0x0d, 0x0b, 0xdc,
    0x0e, 0x0d, 0x0b, 0xdc, 0x0e, 0x0d, 0x0b, 0xdc, 0xa0, 0xa9, 0x9d, 0xc8, 0xa0, 0xa9, 0x9d, 0x5b,
    0xa0, 0xa9, 0x9d, 0x9f, 0x0e, 0x0d, 0x0b, 0xdc, 0x0e, 0x0d, 0x0b, 0xdc, 0x0e, 0x0d, 0x0b, 0xdc,
    0x0e, 0x0d, 0x0b, 0xdc, 0x0e, 0x0d, 0x0b, 0xdc, 0x0e, 0x0d, 0x0b, 0xdc, 0x0e, 0x0d, 0x0b, 0xdc,
    0x0e, 0x0d, 0x0b, 0xdc, 0x0e, 0x0d, 0x0b, 0xdc, 0x0e, 0x0d, 0x0b, 0xdc, 0x0e, 0x0d, 0x0b, 0xdc,
    0x0e, 0x0d, 0x0b, 0xdc, 0x0e, 0x0d, 0x0b, 0xdc, 0x0e, 0x0d, 0x0b, 0xdc, 0x0e, 0x0d, 0x0b, 0xdc,
    0x0e, 0x0d, 0x0b, 0xdc, 0x0e, 0x0d, 0x0b, 0xdc, 0x0e, 0x0d, 0x0b, 0xdc, 0x0e, 0x0d, 0x0b, 0xdc,
    0x0e, 0x0d, 0x0b, 0xdc, 0x0e, 0x0d, 0x0b, 0xdc, 0x0e, 0x0d, 0x0b, 0xdc, 0x0e, 0x0d, 0x0b, 0xdc,
    0x0e, 0x0d, 0x0b, 0xdc, 0x0e, 0x0d, 0x0b, 0xdc, 0x0e, 0x0d, 0x0b, 0xdc, 0x0e, 0x0d, 0x0b, 0xdc,
    0x0e, 0x0d, 0x0b, 0xdc, 0x0e, 0x0d, 0x0b, 0xdc, 0x0e, 0x0d, 0x0b, 0xdc, 0x0e, 0x0d, 0x0b, 0xdc,
    0x0e, 0x0d, 0x0b, 0xdc, 0x0e, 0x0d, 0x0b, 0xdc, 0x0e, 0x0d, 0x0b, 0xdc, 0x0e, 0x0d, 0x0b, 0xdc,
    0x0e, 0x0d, 0x0b, 0xdc, 0x0e, 0x0d, 0x0b, 0xdc, 0x0e, 0x0d, 0x0b, 0xdc, 0x0e, 0x0d, 0x0b, 0xdc,
    0x0e, 0x0d, 0x0b, 0xdc, 0x0e, 0x0d, 0x0b, 0xdc, 0x0e, 0x0d, 0x0b, 0xdc, 0x0e, 0x0d, 0x0b, 0xdc,
    0x0e, 0x0d, 0x0b, 0xdc, 0x0e, 0x0d, 0x0b, 0xdc, 0x0e, 0x0d, 0x0b, 0xdc, 0x0e, 0x0d, 0x0b, 0xdc,
    0x0e, 0x0d, 0x0b, 0xdc, 0xa0, 0xa9, 0x9d, 0x9f, 0xa0, 0xa9, 0x9d, 0xc3, 0x0e, 0x0d, 0x0b, 0xdc,
    0x0e, 0x0d, 0x0b, 0xdc, 0x0e, 0x0d, 0x0b, 0xdc, 0x0e, 0x0d, 0x0b, 0xdc, 0x0e, 0x0d, 0x0b, 0xdc,
    0x0e, 0x0d, 0x0b, 0xdc, 0x0e, 0x0d, 0x0b, 0xdc, 0x0e, 0x0d, 0x0b, 0xdc, 0x0e, 0x0d, 0x0b, 0xdc,
    0x0e, 0x0d, 0x0b, 0xdc, 0x0e, 0x0d, 0x0b, 0xdc, 0x0e, 0x0d, 0x0b, 0xdc, 0x0e, 0x0d, 0x0b, 0xdc,
    0x0e, 0x0d, 0x0b, 0xdc, 0x0e, 0x0d, 0x0b, 0xdc, 0x0e, 0x0d, 0x0b, 0xdc, 0x0e, 0x0d, 0x0b, 0xdc,
    0x0e, 0x0d, 0x0b, 0xdc, 0x0e, 0x0d, 0x0b, 0xdc, 0x0e, 0x0d, 0x0b, 0xdc, 0x0e, 0x0d, 0x0b, 0xdc,
    0x0e, 0x0d, 0x0b, 0xdc, 0x0e, 0x0d, 0x0b, 0xdc, 0x0e, 0x0d, 0x0b, 0xdc, 0x0e, 0x0d, 0x0b, 0xdc,
    0x0e, 0x0d, 0x0b, 0xdc, 0x0e, 0x0d, 0x0b, 0xdc, 0x0e, 0x0d, 0x0b, 0xdc, 0x0e, 0x0d, 0x0b, 0xdc,
    0x0e, 0x0d, 0x0b, 0xdc, 0x0e, 0x0d, 0x0b, 0xdc, 0x0e, 0x0d, 0x0b, 0xdc, 0x0e, 0x0d, 0x0b, 0xdc,
    0x0e, 0x0d, 0x0b, 0xdc, 0x0e, 0x0d, 0x0b, 0xdc, 0x0e, 0x0d, 0x0b, 0xdc, 0x0e, 0x0d, 0x0b, 0xdc,
    0x0e, 0x0d, 0x0b, 0xdc, 0x0e, 0x0d, 0x0b, 0xdc, 0x0e, 0x0d, 0x0b, 0xdc, 0x0e, 0x0d, 0x0b, 0xdc,
    0x0e, 0x0d, 0x0b, 0xdc, 0x0e, 0x0d, 0x0b, 0xdc, 0x0e, 0x0d, 0x0b, 0xdc, 0x0e, 0x0d, 0x0b, 0xdc,
    0x0e, 0x0d, 0x0b, 0xdc, 0x0e, 0x0d, 0x0b, 0xdc, 0x0e, 0x0d, 0x0b, 0xdc, 0xa0, 0xa9, 0x9d, 0xc3,
    0xa0, 0xa9, 0x9d, 0xc8, 0x0e, 0x0d, 0x0b, 0xdc, 0x0e, 0x0d, 0x0b, 0xdc, 0x0e, 0x0d, 0x0b, 0xdc,
    0x0e, 0x0d, 0x0b, 0xdc, 0x0e, 0x0d, 0x0b, 0xdc, 0x0e, 0x0d, 0x0b, 0xdc, 0x0e, 0x0d, 0x0b, 0xdc,
    0x0e, 0x0d, 0x0b, 0xdc, 0x0e, 0x0d, 0x0b, 0xdc, 0x0e, 0x0d, 0x0b, 0xdc, 0x0e, 0x0d, 0x0b, 0xdc,
    0x0e, 0x0d, 0x0b, 0xdc, 0x0e, 0x0d, 0x0b, 0xdc, 0x0e, 0x0d, 0x0b, 0xdc, 0x0e, 0x0d, 0x0b, 0xdc,
    0x0e, 0x0d, 0x0b, 0xdc, 0x0e, 0x0d, 0x0b, 0xdc, 0x0e, 0x0d, 0x0b, 0xdc, 0x0e, 0x0d, 0x0b, 0xdc,
    0x0e, 0x0d, 0x0b, 0xdc, 0x0e, 0x0d, 0x0b, 0xdc, 0x0e, 0x0d, 0x0b, 0xdc, 0x0e, 0x0d, 0x0b, 0xdc,
    0x0e, 0x0d, 0x0b, 0xdc, 0x0e, 0x0d, 0x0b, 0xdc, 0x0e, 0x0d, 0x0b, 0xdc, 0x0e, 0x0d, 0x0b, 0xdc,
    0x0e, 0x0d, 0x0b, 0xdc, 0x0e, 0x0d, 0x0b, 0xdc, 0x0e, 0x0d, 0x0b, 0xdc, 0x0e, 0x0d, 0x0b, 0xdc,
    0x0e, 0x0d, 0x0b, 0xdc, 0x0e, 0x0d, 0x0b, 0xdc, 0x0e, 0x0d, 0x0b, 0xdc, 0x0e, 0x0d, 0x0b, 0xdc,
    0x0e, 0x0d, 0x0b, 0xdc, 0x0e, 0x0d, 0x0b, 0xdc, 0x0e, 0x0d, 0x0b, 0xdc, 0x0e, 0x0d, 0x0b, 0xdc,
    0x0e, 0x0d, 0x0b, 0xdc, 0x0e, 0x0d, 0x0b, 0xdc, 0x0e, 0x0d, 0x0b, 0xdc, 0x0e, 0x0d, 0x0b, 0xdc,
    0x0e, 0x0d, 0x0b, 0xdc, 0x0e, 0x0d, 0x0b, 0xdc, 0x0e, 0x0d, 0x0b, 0xdc, 0x0e, 0x0d, 0x0b, 0xdc,
    0x0e, 0x0d, 0x0b, 0xdc, 0xa0, 0xa9, 0x9d, 0xc8, 0xa0, 0xa9, 0x9d, 0xc8, 0x0e, 0x0d, 0x0b, 0xdc,
    0x0e, 0x0d, 0x0b, 0xdc, 0x0e, 0x0d, 0x0b, 0xdc, 0x0e, 0x0d, 0x0b, 0xdc, 0x0e, 0x0d, 0x0b, 0xdc,
    0x0e, 0x0d, 0x0b, 0xdc, 0x0e, 0x0d, 0x0b, 0xdc, 0x0e, 0x0d, 0x0b, 0xdc, 0x0e, 0x0d, 0x0b, 0xdc,
    0x0e, 0x0d, 0x0b, 0xdc, 0x0e, 0x0d, 0x0b, 0xdc, 0x0e, 0x0d, 0x0b, 0xdc, 0x0e, 0x0d, 0x0b, 0xdc,
    0x0e, 0x0d, 0x0b, 0xdc, 0x0e, 0x0d, 0x0b, 0xdc, 0x0e, 0x0d, 0x0b, 0xdc, 0x0e, 0x0d, 0x0b, 0xdc,
    0x0e, 0x0d, 0x0b, 0xdc, 0x0e, 0x0d, 0x0b, 0xdc, 0x0e, 0x0d, 0x0b, 0xdc, 0x0e, 0x0d, 0x0b, 0xdc,
    0x0e, 0x0d, 0x0b, 0xdc, 0x0e, 0x0d, 0x0b, 0xdc, 0x0e, 0x0d, 0x0b, 0xdc, 0x0e, 0x0d, 0x0b, 0xdc,
    0x0e, 0x0d, 0x0b, 0xdc, 0x0e, 0x0d, 0x0b, 0xdc, 0x0e, 0x0d, 0x0b, 0xdc, 0x0e, 0x0d, 0x0b, 0xdc,
    0x0e, 0x0d, 0x0b, 0xdc, 0x0e, 0x0d, 0x0b, 0xdc, 0x0e, 0x0d, 0x0b, 0xdc, 0x0e, 0x0d, 0x0b, 0xdc,
    0x0e, 0x0d, 0x0b, 0xdc, 0x0e, 0x0d, 0x0b, 0xdc, 0x0e, 0x0d, 0x0b, 0xdc, 0x0e, 0x0d, 0x0b, 0xdc,
    0x0e, 0x0d, 0x0b, 0xdc, 0x0e, 0x0d, 0x0b, 0xdc, 0x0e, 0x0d, 0x0b, 0xdc, 0x0e, 0x0d, 0x0b, 0xdc,
    0x0e, 0x0d, 0x0b, 0xdc, 0x0e, 0x0d, 0x0b, 0xdc, 0x0e, 0x0d, 0x0b, 0xdc, 0x0e, 0x0d, 0x0b, 0xdc,
    0x0e, 0x0d, 0x0b, 0xdc, 0x0e, 0x0d, 0x0b, 0xdc, 0x0e, 0x0d, 0x0b, 0xdc, 0xa0, 0xa9, 0x9d, 0xc8,
    0xa0, 0xa9, 0x9d, 0xc8, 0x0e, 0x0d, 0x0b, 0xdc, 0x0e, 0x0d, 0x0b, 0xdc, 0x0e, 0x0d, 0x0b, 0xdc,
    0x0e, 0x0d, 0x0b, 0xdc, 0x0e, 0x0d, 0x0b, 0xdc, 0x0e, 0x0d, 0x0b, 0xdc, 0x0e, 0x0d, 0x0b, 0xdc,
    0x0e, 0x0d, 0x0b, 0xdc, 0x0e, 0x0d, 0x0b, 0xdc, 0x0e, 0x0d, 0x0b, 0xdc, 0x0e, 0x0d, 0x0b, 0xdc,
    0x0e, 0x0d, 0x0b, 0xdc, 0x0e, 0x0d, 0x0b, 0xdc, 0x0e, 0x0d, 0x0b, 0xdc, 0x0e, 0x0d, 0x0b, 0xdc,
    0x0e, 0x0d, 0x0b, 0xdc, 0x0e, 0x0d, 0x0b, 0xdc, 0x0e, 0x0d, 0x0b, 0xdc, 0x0e, 0x0d, 0x0b, 0xdc,
    0x0e, 0x0d, 0x0b, 0xdc, 0x0e, 0x0d, 0x0b, 0xdc, 0x0e, 0x0d, 0x0b, 0xdc, 0x0e, 0x0d, 0x0b, 0xdc,
    0x0e, 0x0d, 0x0b, 0xdc, 0x0e, 0x0d, 0x0b, 0xdc, 0x0e, 0x0d, 0x0b, 0xdc, 0x0e, 0x0d, 0x0b, 0xdc,
    0x0e, 0x0d, 0x0b, 0xdc, 0x0e, 0x0d, 0x0b, 0xdc, 0x0e, 0x0d, 0x0b, 0xdc, 0x0e, 0x0d, 0x0b, 0xdc,
    0x0e, 0x0d, 0x0b, 0xdc, 0x0e, 0x0d, 0x0b, 0xdc, 0x0e, 0x0d, 0x0b, 0xdc, 0x0e, 0x0d, 0x0b, 0xdc,
    0x0e, 0x0d, 0x0b, 0xdc, 0x0e, 0x0d, 0x0b, 0xdc, 0x0e, 0x0d, 0x0b, 0xdc, 0x0e, 0x0d, 0x0b, 0xdc,
    0x0e, 0x0d, 0x0b, 0xdc, 0x0e, 0x0d, 0x0b, 0xdc, 0x0e, 0x0d, 0x0b, 0xdc, 0x0e, 0x0d, 0x0b, 0xdc,
    0x0e, 0x0d, 0x0b, 0xdc, 0x0e, 0x0d, 0x0b, 0xdc, 0x0e, 0x0d, 0x0b, 0xdc, 0x0e, 0x0d, 0x0b, 0xdc,
    0x0e, 0x0d, 0x0b, 0xdc, 0xa0, 0xa9, 0x9d, 0xc8, 0xa0, 0xa9, 0x9d, 0xc8, 0x0e, 0x0d, 0x0b, 0xdc,
    0x0e, 0x0d, 0x0b, 0xdc, 0x0e, 0x0d, 0x0b, 0xdc, 0x0e, 0x0d, 0x0b, 0xdc, 0x0e, 0x0d, 0x0b, 0xdc,
    0x0e, 0x0d, 0x0b, 0xdc, 0x0e, 0x0d, 0x0b, 0xdc, 0x0e, 0x0d, 0x0b, 0xdc, 0x0e, 0x0d, 0x0b, 0xdc,
    0x0e, 0x0d, 0x0b, 0xdc, 0x0e, 0x0d, 0x0b, 0xdc, 0x0e, 0x0d, 0x0b, 0xdc, 0x0e, 0x0d, 0x0b, 0xdc,
    0x0e, 0x0d, 0x0b, 0xdc, 0x0e, 0x0d, 0x0b, 0xdc, 0x0e, 0x0d, 0x0b, 0xdc, 0x0e, 0x0d, 0x0b, 0xdc,
    0x0e, 0x0d, 0x0b, 0xdc, 0x0e, 0x0d, 0x0b, 0xdc, 0x0e, 0x0d, 0x0b, 0xdc, 0x0e, 0x0d, 0x0b, 0xdc,
    0x0e, 0x0d, 0x0b, 0xdc, 0x0e, 0x0d, 0x0b, 0xdc, 0x0e, 0x0d, 0x0b, 0xdc, 0x0e, 0x0d, 0x0b, 0xdc,
    0x0e, 0x0d, 0x0b, 0xdc, 0x0e, 0x0d, 0x0b, 0xdc, 0x0e, 0x0d, 0x0b, 0xdc, 0x0e, 0x0d, 0x0b, 0xdc,
    0x0e, 0x0d, 0x0b, 0xdc, 0x0e, 0x0d, 0x0b, 0xdc, 0x0e, 0x0d, 0x0b, 0xdc, 0x0e, 0x0d, 0x0b, 0xdc,
    0x0e, 0x0d, 0x0b, 0xdc, 0x0e, 0x0d, 0x0b, 0xdc, 0x0e, 0x0d, 0x0b, 0xdc, 0x0e, 0x0d, 0x0b, 0xdc,
    0x0e, 0x0d, 0x0b, 0xdc, 0x0e, 0x0d, 0x0b, 0xdc, 0x0e, 0x0d, 0x0b, 0xdc, 0x0e, 0x0d, 0x0b, 0xdc,
    0x0e, 0x0d, 0x0b, 0xdc, 0x0e, 0x0d, 0x0b, 0xdc, 0x0e, 0x0d, 0x0b, 0xdc, 0x0e, 0x0d, 0x0b, 0xdc,
    0x0e, 0x0d, 0x0b, 0xdc, 0x0e, 0x0d, 0x0b, 0xdc, 0x0e, 0x0d, 0x0b, 0xdc, 0xa0, 0xa9, 0x9d, 0xc8,
    0xa0, 0xa9, 0x9d, 0xc8, 0x0e, 0x0d, 0x0b, 0xdc, 0x0e, 0x0d, 0x0b, 0xdc, 0x0e, 0x0d, 0x0b, 0xdc,
    0x0e, 0x0d, 0x0b, 0xdc, 0x0e, 0x0d, 0x0b, 0xdc, 0x0e, 0x0d, 0x0b, 0xdc, 0x0e, 0x0d, 0x0b, 0xdc,
    0x0e, 0x0d, 0x0b, 0xdc, 0x0e, 0x0d, 0x0b, 0xdc, 0x0e, 0x0d, 0x0b, 0xdc, 0x0e, 0x0d, 0x0b, 0xdc,
    0x0e, 0x0d, 0x0b, 0xdc, 0x0e, 0x0d, 0x0b, 0xdc, 0x0e, 0x0d, 0x0b, 0xdc, 0x0e, 0x0d, 0x0b, 0xdc,
    0x0e, 0x0d, 0x0b, 0xdc, 0x0e, 0x0d, 0x0b, 0xdc, 0x0e, 0x0d, 0x0b, 0xdc, 0x0e, 0x0d, 0x0b, 0xdc,
    0x0e, 0x0d, 0x0b, 0xdc, 0x0e, 0x0d, 0x0b, 0xdc, 0x0e, 0x0d, 0x0b, 0xdc, 0x0e, 0x0d, 0x0b, 0xdc,
    0x0e, 0x0d, 0x0b, 0xdc, 0x0e, 0x0d, 0x0b, 0xdc, 0x0e, 0x0d, 0x0b, 0xdc, 0x0e, 0x0d, 0x0b, 0xdc,
    0x0e, 0x0d, 0x0b, 0xdc, 0x0e, 0x0d, 0x0b, 0xdc, 0x0e, 0x0d, 0x0b, 0xdc, 0x0e, 0x0d, 0x0b, 0xdc,
    0x0e, 0x0d, 0x0b, 0xdc, 0x0e, 0x0d, 0x0b, 0xdc, 0x0e, 0x0d, 0x0b, 0xdc, 0x0e, 0x0d, 0x0b, 0xdc,
    0x0e, 0x0d, 0x0b, 0xdc, 0x0e, 0x0d, 0x0b, 0xdc, 0x0e, 0x0d, 0x0b, 0xdc, 0x0e, 0x0d, 0x0b, 0xdc,
    0x0e, 0x0d, 0x0b, 0xdc, 0x0e, 0x0d, 0x0b, 0xdc, 0x0e, 0x0d, 0x0b, 0xdc, 0x0e, 0x0d, 0x0b, 0xdc,
    0x0e, 0x0d, 0x0b, 0xdc, 0x0e, 0x0d, 0x0b, 0xdc, 0x0e, 0x0d, 0x0b, 0xdc, 0x0e, 0x0d, 0x0b, 0xdc,
    0x0e, 0x0d, 0x0b, 0xdc, 0xa0, 0xa9, 0x9d, 0xc8, 0xa0, 0xa9, 0x9d, 0xc8, 0x0e, 0x0d, 0x0b, 0xdc,
    0x0e, 0x0d, 0x0b, 0xdc, 0x0e, 0x0d, 0x0b, 0xdc, 0x0e, 0x0d, 0x0b, 0xdc, 0x0e, 0x0d, 0x0b, 0xdc,
    0x0e, 0x0d, 0x0b, 0xdc, 0x0e, 0x0d, 0x0b, 0xdc, 0x0e, 0x0d, 0x0b, 0xdc, 0x0e, 0x0d, 0x0b, 0xdc,
    0x0e, 0x0d, 0x0b, 0xdc, 0x0e, 0x0d, 0x0b, 0xdc, 0x0e, 0x0d, 0x0b, 0xdc, 0x0e, 0x0d, 0x0b, 0xdc,
    0x0e, 0x0d, 0x0b, 0xdc, 0x0e, 0x0d, 0x0b, 0xdc, 0x0e, 0x0d, 0x0b, 0xdc, 0x0e, 0x0d, 0x0b, 0xdc,
    0x0e, 0x0d, 0x0b, 0xdc, 0x0e, 0x0d, 0x0b, 0xdc, 0x0e, 0x0d, 0x0b, 0xdc, 0x0e, 0x0d, 0x0b, 0xdc,
    0x0e, 0x0d, 0x0b, 0xdc, 0x0e, 0x0d, 0x0b, 0xdc, 0x0e, 0x0d, 0x0b, 0xdc, 0x0e, 0x0d, 0x0b, 0xdc,
    0x0e, 0x0d, 0x0b, 0xdc, 0x0e, 0x0d, 0x0b, 0xdc, 0x0e, 0x0d, 0x0b, 0xdc, 0x0e, 0x0d, 0x0b, 0xdc,
    0x0e, 0x0d, 0x0b, 0xdc, 0x0e, 0x0d, 0x0b, 0xdc, 0x0e, 0x0d, 0x0b, 0xdc, 0x0e, 0x0d, 0x0b, 0xdc,
    0x0e, 0x0d, 0x0b, 0xdc, 0x0e, 0x0d, 0x0b, 0xdc, 0x0e, 0x0d, 0x0b, 0xdc, 0x0e, 0x0d, 0x0b, 0xdc,
    0x0e, 0x0d, 0x0b, 0xdc, 0x0e, 0x0d, 0x0b, 0xdc, 0x0e, 0x0d, 0x0b, 0xdc, 0x0e, 0x0d, 0x0b, 0xdc,
    0x0e, 0x0d, 0x0b, 0xdc, 0x0e, 0x0d, 0x0b, 0xdc, 0x0e, 0x0d, 0x0b, 0xdc, 0x0e, 0x0d, 0x0b, 0xdc,
    0x0e, 0x0d, 0x0b, 0xdc, 0x0e, 0x0d, 0x0b, 0xdc, 0x0e, 0x0d, 0x0b, 0xdc, 0xa0, 0xa9, 0x9d, 0xc8,
    0xa0, 0xa9, 0x9d, 0xc8, 0x0e, 0x0d, 0x0b, 0xdc, 0x0e, 0x0d, 0x0b, 0xdc, 0x0e, 0x0d, 0x0b, 0xdc,
    0x0e, 0x0d, 0x0b, 0xdc, 0x0e, 0x0d, 0x0b, 0xdc, 0x0e, 0x0d, 0x0b, 0xdc, 0x0e, 0x0d, 0x0b, 0xdc,
    0x0e, 0x0d, 0x0b, 0xdc, 0x0e, 0x0d, 0x0b, 0xdc, 0x0e, 0x0d, 0x0b, 0xdc, 0x0e, 0x0d, 0x0b, 0xdc,
    0x0e, 0x0d, 0x0b, 0xdc, 0x0e, 0x0d, 0x0b, 0xdc, 0x0e, 0x0d, 0x0b, 0xdc, 0x0e, 0x0d, 0x0b, 0xdc,
    0x0e, 0x0d, 0x0b, 0xdc, 0x0e, 0x0d, 0x0b, 0xdc, 0x0e, 0x0d, 0x0b, 0xdc, 0x0e, 0x0d, 0x0b, 0xdc,
    0x0e, 0x0d, 0x0b, 0xdc, 0x0e, 0x0d, 0x0b, 0xdc, 0x0e, 0x0d, 0x0b, 0xdc, 0x0e, 0x0d, 0x0b, 0xdc,
    0x0e, 0x0d, 0x0b, 0xdc, 0x0e, 0x0d, 0x0b, 0xdc, 0x0e, 0x0d, 0x0b, 0xdc, 0x0e, 0x0d, 0x0b, 0xdc,
    0x0e, 0x0d, 0x0b, 0xdc, 0x0e, 0x0d, 0x0b, 0xdc, 0x0e, 0x0d, 0x0b, 0xdc, 0x0e, 0x0d, 0x0b, 0xdc,
    0x0e, 0x0d, 0x0b, 0xdc, 0x0e, 0x0d, 0x0b, 0xdc, 0x0e, 0x0d, 0x0b, 0xdc, 0x0e, 0x0d, 0x0b, 0xdc,
    0x0e, 0x0d, 0x0b, 0xdc, 0x0e, 0x0d, 0x0b, 0xdc, 0x0e, 0x0d, 0x0b, 0xdc, 0x0e, 0x0d, 0x0b, 0xdc,
    0x0e, 0x0d, 0x0b, 0xdc, 0x0e, 0x0d, 0x0b, 0xdc, 0x0e, 0x0d, 0x0b, 0xdc, 0x0e, 0x0d, 0x0b, 0xdc,
    0x0e, 0x0d, 0x0b, 0xdc, 0x0e, 0x0d, 0x0b, 0xdc, 0x0e, 0x0d, 0x0b, 0xdc, 0x0e, 0x0d, 0x0b, 0xdc,
    0x0e, 0x0d, 0x0b, 0xdc, 0xa0, 0xa9, 0x9d, 0xc8, 0xa0, 0xa9, 0x9d, 0xc8, 0x0e, 0x0d, 0x0b, 0xdc,
    0x0e, 0x0d, 0x0b, 0xdc, 0x0e, 0x0d, 0x0b, 0xdc, 0x0e, 0x0d, 0x0b, 0xdc, 0x0e, 0x0d, 0x0b, 0xdc,
    0x0e, 0x0d, 0x0b, 0xdc, 0x0e, 0x0d, 0x0b, 0xdc, 0x0e, 0x0d, 0x0b, 0xdc, 0x0e, 0x0d, 0x0b, 0xdc,
    0x0e, 0x0d, 0x0b, 0xdc, 0x0e, 0x0d, 0x0b, 0xdc, 0x0e, 0x0d, 0x0b, 0xdc, 0x0e, 0x0d, 0x0b, 0xdc,
    0x0e, 0x0d, 0x0b, 0xdc, 0x0e, 0x0d, 0x0b, 0xdc, 0x0e, 0x0d, 0x0b, 0xdc, 0x0e, 0x0d, 0x0b, 0xdc,
    0x0e, 0x0d, 0x0b, 0xdc, 0x0e, 0x0d, 0x0b, 0xdc, 0x0e, 0x0d, 0x0b, 0xdc, 0x0e, 0x0d, 0x0b, 0xdc,
    0x0e, 0x0d, 0x0b, 0xdc, 0x0e, 0x0d, 0x0b, 0xdc, 0x0e, 0x0d, 0x0b, 0xdc, 0x0e, 0x0d, 0x0b, 0xdc,
    0x0e, 0x0d, 0x0b, 0xdc, 0x0e, 0x0d, 0x0b, 0xdc, 0x0e, 0x0d, 0x0b, 0xdc, 0x0e, 0x0d, 0x0b, 0xdc,
    0x0e, 0x0d, 0x0b, 0xdc, 0x0e, 0x0d, 0x0b, 0xdc, 0x0e, 0x0d, 0x0b, 0xdc, 0x0e, 0x0d, 0x0b, 0xdc,
    0x0e, 0x0d, 0x0b, 0xdc, 0x0e, 0x0d, 0x0b, 0xdc, 0x0e, 0x0d, 0x0b, 0xdc, 0x0e, 0x0d, 0x0b, 0xdc,
    0x0e, 0x0d, 0x0b, 0xdc, 0x0e, 0x0d, 0x0b, 0xdc, 0x0e, 0x0d, 0x0b, 0xdc, 0x0e, 0x0d, 0x0b, 0xdc,
    0x0e, 0x0d, 0x0b, 0xdc, 0x0e, 0x0d, 0x0b, 0xdc, 0x0e, 0x0d, 0x0b, 0xdc, 0x0e, 0x0d, 0x0b, 0xdc,
    0x0e, 0x0d, 0x0b, 0xdc, 0x0e, 0x0d, 0x0b, 0xdc, 0x0e, 0x0d, 0x0b, 0xdc, 0xa0, 0xa9, 0x9d, 0xc8,
    0xa0, 0xa9, 0x9d, 0xc3, 0x0e, 0x0d, 0x0b, 0xdc, 0x0e, 0x0d, 0x0b, 0xdc, 0x0e, 0x0d, 0x0b, 0xdc,
    0x0e, 0x0d, 0x0b, 0xdc, 0x0e, 0x0d, 0x0b, 0xdc, 0x0e, 0x0d, 0x0b, 0xdc, 0x0e, 0x0d, 0x0b, 0xdc,
    0x0e, 0x0d, 0x0b, 0xdc, 0x0e, 0x0d, 0x0b, 0xdc, 0x0e, 0x0d, 0x0b, 0xdc, 0x0e, 0x0d, 0x0b, 0xdc,
    0x0e, 0x0d, 0x0b, 0xdc, 0x0e, 0x0d, 0x0b, 0xdc, 0x0e, 0x0d, 0x0b, 0xdc, 0x0e, 0x0d, 0x0b, 0xdc,
    0x0e, 0x0d, 0x0b, 0xdc, 0x0e, 0x0d, 0x0b, 0xdc, 0x0e, 0x0d, 0x0b, 0xdc, 0x0e, 0x0d, 0x0b, 0xdc,
    0x0e, 0x0d, 0x0b, 0xdc, 0x0e, 0x0d, 0x0b, 0xdc, 0x0e, 0x0d, 0x0b, 0xdc, 0x0e, 0x0d, 0x0b, 0xdc,
    0x0e, 0x0d, 0x0b, 0xdc, 0x0e, 0x0d, 0x0b, 0xdc, 0x0e, 0x0d, 0x0b, 0xdc, 0x0e, 0x0d, 0x0b, 0xdc,
    0x0e, 0x0d, 0x0b, 0xdc, 0x0e, 0x0d, 0x0b, 0xdc, 0x0e, 0x0d, 0x0b, 0xdc, 0x0e, 0x0d, 0x0b, 0xdc,
    0x0e, 0x0d, 0x0b, 0xdc, 0x0e, 0x0d, 0x0b, 0xdc, 0x0e, 0x0d, 0x0b, 0xdc, 0x0e, 0x0d, 0x0b, 0xdc,
    0x0e, 0x0d, 0x0b, 0xdc, 0x0e, 0x0d, 0x0b, 0xdc, 0x0e, 0x0d, 0x0b, 0xdc, 0x0e, 0x0d, 0x0b, 0xdc,
    0x0e, 0x0d, 0x0b, 0xdc, 0x0e, 0x0d, 0x0b, 0xdc, 0x0e, 0x0d, 0x0b, 0xdc, 0x0e, 0x0d, 0x0b, 0xdc,
    0x0e, 0x0d, 0x0b, 0xdc, 0x0e, 0x0d, 0x0b, 0xdc, 0x0e, 0x0d, 0x0b, 0xdc, 0x0e, 0x0d, 0x0b, 0xdc,
    0x0e, 0x0d, 0x0b, 0xdc, 0xa0, 0xa9, 0x9d, 0xc3, 0xa0, 0xa9, 0x9d, 0x9f, 0x0e, 0x0d, 0x0b, 0xdc,
    0x0e, 0x0d, 0x0b, 0xdc, 0x0e, 0x0d, 0x0b, 0xdc, 0x0e, 0x0d, 0x0b, 0xdc, 0x0e, 0x0d, 0x0b, 0xdc,
    0x0e, 0x0d, 0x0b, 0xdc, 0x0e, 0x0d, 0x0b, 0xdc, 0x0e, 0x0d, 0x0b, 0xdc, 0x0e, 0x0d, 0x0b, 0xdc,
    0x0e, 0x0d, 0x0b, 0xdc, 0x0e, 0x0d, 0x0b, 0xdc, 0x0e, 0x0d, 0x0b, 0xdc, 0x0e, 0x0d, 0x0b, 0xdc,
    0x0e, 0x0d, 0x0b, 0xdc, 0x0e, 0x0d, 0x0b, 0xdc, 0x0e, 0x0d, 0x0b, 0xdc, 0x0e, 0x0d, 0x0b, 0xdc,
    0x0e, 0x0d, 0x0b, 0xdc, 0x0e, 0x0d, 0x0b, 0xdc, 0x0e, 0x0d, 0x0b, 0xdc, 0x0e, 0x0d, 0x0b, 0xdc,
    0x0e, 0x0d, 0x0b, 0xdc, 0x0e, 0x0d, 0x0b, 0xdc, 0x0e, 0x0d, 0x0b, 0xdc, 0x0e, 0x0d, 0x0b, 0xdc,
    0x0e, 0x0d, 0x0b, 0xdc, 0x0e, 0x0d, 0x0b, 0xdc, 0x0e, 0x0d, 0x0b, 0xdc, 0x0e, 0x0d, 0x0b, 0xdc,
    0x0e, 0x0d, 0x0b, 0xdc, 0x0e, 0x0d, 0x0b, 0xdc, 0x0e, 0x0d, 0x0b, 0xdc, 0x0e, 0x0d, 0x0b, 0xdc,
    0x0e, 0x0d, 0x0b, 0xdc, 0x0e, 0x0d, 0x0b, 0xdc, 0x0e, 0x0d, 0x0b, 0xdc, 0x0e, 0x0d, 0x0b, 0xdc,
    0x0e, 0x0d, 0x0b, 0xdc, 0x0e, 0x0d, 0x0b, 0xdc, 0x0e, 0x0d, 0x0b, 0xdc, 0x0e, 0x0d, 0x0b, 0xdc,
    0x0e, 0x0d, 0x0b, 0xdc, 0x0e, 0x0d, 0x0b, 0xdc, 0x0e, 0x0d, 0x0b, 0xdc, 0x0e, 0x0d, 0x0b, 0xdc,
    0x0e, 0x0d, 0x0b, 0xdc, 0x0e, 0x0d, 0x0b, 0xdc, 0x0e, 0x0d, 0x0b, 0xdc, 0xa0, 0xa9, 0x9d, 0x9f,
    0xa0, 0xa9, 0x9d, 0x5b, 0xa0, 0xa9, 0x9d, 0xc8, 0x0e, 0x0d, 0x0b, 0xdc, 0x0e, 0x0d, 0x0b, 0xdc,
    0x0e, 0x0d, 0x0b, 0xdc, 0x0e, 0x0d, 0x0b, 0xdc, 0x0e, 0x0d, 0x0b, 0xdc, 0x0e, 0x0d, 0x0b, 0xdc,
    0x0e, 0x0d, 0x0b, 0xdc, 0x0e, 0x0d, 0x0b, 0xdc, 0x0e, 0x0d, 0x0b, 0xdc, 0x0e, 0x0d, 0x0b, 0xdc,
    0x0e, 0x0d, 0x0b, 0xdc, 0x0e, 0x0d, 0x0b, 0xdc, 0x0e, 0x0d, 0x0b, 0xdc, 0x0e, 0x0d, 0x0b, 0xdc,
    0x0e, 0x0d, 0x0b, 0xdc, 0x0e, 0x0d, 0x0b, 0xdc, 0x0e, 0x0d, 0x0b, 0xdc, 0x0e, 0x0d, 0x0b, 0xdc,
    0x0e, 0x0d, 0x0b, 0xdc, 0x0e, 0x0d, 0x0b, 0xdc, 0x0e, 0x0d, 0x0b, 0xdc, 0x0e, 0x0d, 0x0b, 0xdc,
    0x0e, 0x0d, 0x0b, 0xdc, 0x0e, 0x0d, 0x0b, 0xdc, 0x0e, 0x0d, 0x0b, 0xdc, 0x0e, 0x0d, 0x0b, 0xdc,
    0x0e, 0x0d, 0x0b, 0xdc, 0x0e, 0x0d, 0x0b, 0xdc, 0x0e, 0x0d, 0x0b, 0xdc, 0x0e, 0x0d, 0x0b, 0xdc,
    0x0e, 0x0d, 0x0b, 0xdc, 0x0e, 0x0d, 0x0b, 0xdc, 0x0e, 0x0d, 0x0b, 0xdc, 0x0e, 0x0d, 0x0b, 0xdc,
    0x0e, 0x0d, 0x0b, 0xdc, 0x0e, 0x0d, 0x0b, 0xdc, 0x0e, 0x0d, 0x0b, 0xdc, 0x0e, 0x0d, 0x0b, 0xdc,
    0x0e, 0x0d, 0x0b, 0xdc, 0x0e, 0x0d, 0x0b, 0xdc, 0x0e, 0x0d, 0x0b, 0xdc, 0x0e, 0x0d, 0x0b, 0xdc,
    0x0e, 0x0d, 0x0b, 0xdc, 0x0e, 0x0d, 0x0b, 0xdc, 0x0e, 0x0d, 0x0b, 0xdc, 0x0e, 0x0d, 0x0b, 0xdc,
    0xa0, 0xa9, 0x9d, 0xc8, 0xa0, 0xa9, 0x9d, 0x5b, 0x00, 0x00, 0x00, 0x00, 0xa0, 0xa9, 0x9d, 0x9f,
    0x0e, 0x0d, 0x0b, 0xdc, 0x0e, 0x0d, 0x0b, 0xdc, 0x0e, 0x0d, 0x0b, 0xdc, 0x0e, 0x0d, 0x0b, 0xdc,
    0x0e, 0x0d, 0x0b, 0xdc, 0x0e, 0x0d, 0x0b, 0xdc, 0x0e, 0x0d, 0x0b, 0xdc, 0x0e, 0x0d, 0x0b, 0xdc,
    0x0e, 0x0d, 0x0b, 0xdc, 0x0e, 0x0d, 0x0b, 0xdc, 0x0e, 0x0d, 0x0b, 0xdc, 0x0e, 0x0d, 0x0b, 0xdc,
    0x0e, 0x0d, 0x0b, 0xdc, 0x0e, 0x0d, 0x0b, 0xdc, 0x0e, 0x0d, 0x0b, 0xdc, 0x0e, 0x0d, 0x0b, 0xdc,
    0x0e, 0x0d, 0x0b, 0xdc, 0x0e, 0x0d, 0x0b, 0xdc, 0x0e, 0x0d, 0x0b, 0xdc, 0x0e, 0x0d, 0x0b, 0xdc,
    0x0e, 0x0d, 0x0b, 0xdc, 0x0e, 0x0d, 0x0b, 0xdc, 0x0e, 0x0d, 0x0b, 0xdc, 0x0e, 0x0d, 0x0b, 0xdc,
    0x0e, 0x0d, 0x0b, 0xdc, 0x0e, 0x0d, 0x0b, 0xdc, 0x0e, 0x0d, 0x0b, 0xdc, 0x0e, 0x0d, 0x0b, 0xdc,
    0x0e, 0x0d, 0x0b, 0xdc, 0x0e, 0x0d, 0x0b, 0xdc, 0x0e, 0x0d, 0x0b, 0xdc, 0x0e, 0x0d, 0x0b, 0xdc,
    0x0e, 0x0d, 0x0b, 0xdc, 0x0e, 0x0d, 0x0b, 0xdc, 0x0e, 0x0d, 0x0b, 0xdc, 0x0e, 0x0d, 0x0b, 0xdc,
    0x0e, 0x0d, 0x0b, 0xdc, 0x0e, 0x0d, 0x0b, 0xdc, 0x0e, 0x0d, 0x0b, 0xdc, 0x0e, 0x0d, 0x0b, 0xdc,
    0x0e, 0x0d, 0x0b, 0xdc, 0x0e, 0x0d, 0x0b, 0xdc, 0x0e, 0x0d, 0x0b, 0xdc, 0x0e, 0x0d, 0x0b, 0xdc,
    0x0e, 0x0d, 0x0b, 0xdc, 0x0e, 0x0d, 0x0b, 0xdc, 0xa0, 0xa9, 0x9d, 0x9f, 0x00, 0x00, 0x00, 0x00,
    0x00, 0x00, 0x00, 0x00, 0xa0, 0xa9, 0x9d, 0x1b, 0xa0, 0xa9, 0x9d, 0x9f, 0xa0, 0xa9, 0x9d, 0xc8,
    0x0e, 0x0d, 0x0b, 0xdc, 0x0e, 0x0d, 0x0b, 0xdc, 0x0e, 0x0d, 0x0b, 0xdc, 0x0e, 0x0d, 0x0b, 0xdc,
    0x0e, 0x0d, 0x0b, 0xdc, 0x0e, 0x0d, 0x0b, 0xdc, 0x0e, 0x0d, 0x0b, 0xdc, 0x0e, 0x0d, 0x0b, 0xdc,
    0x0e, 0x0d, 0x0b, 0xdc, 0x0e, 0x0d, 0x0b, 0xdc, 0x0e, 0x0d, 0x0b, 0xdc, 0x0e, 0x0d, 0x0b, 0xdc,
    0x0e, 0x0d, 0x0b, 0xdc, 0x0e, 0x0d, 0x0b, 0xdc, 0x0e, 0x0d, 0x0b, 0xdc, 0x0e, 0x0d, 0x0b, 0xdc,
    0x0e, 0x0d, 0x0b, 0xdc, 0x0e, 0x0d, 0x0b, 0xdc, 0x0e, 0x0d, 0x0b, 0xdc, 0x0e, 0x0d, 0x0b, 0xdc,
    0x0e, 0x0d, 0x0b, 0xdc, 0x0e, 0x0d, 0x0b, 0xdc, 0x0e, 0x0d, 0x0b, 0xdc, 0x0e, 0x0d, 0x0b, 0xdc,
    0x0e, 0x0d, 0x0b, 0xdc, 0x0e, 0x0d, 0x0b, 0xdc, 0x0e, 0x0d, 0x0b, 0xdc, 0x0e, 0x0d, 0x0b, 0xdc,
    0x0e, 0x0d, 0x0b, 0xdc, 0x0e, 0x0d, 0x0b, 0xdc, 0x0e, 0x0d, 0x0b, 0xdc, 0x0e, 0x0d, 0x0b, 0xdc,
    0x0e, 0x0d, 0x0b, 0xdc, 0x0e, 0x0d, 0x0b, 0xdc, 0x0e, 0x0d, 0x0b, 0xdc, 0x0e, 0x0d, 0x0b, 0xdc,
    0x0e, 0x0d, 0x0b, 0xdc, 0x0e, 0x0d, 0x0b, 0xdc, 0x0e, 0x0d, 0x0b, 0xdc, 0x0e, 0x0d, 0x0b, 0xdc,
    0x0e, 0x0d, 0x0b, 0xdc, 0x0e, 0x0d, 0x0b, 0xdc, 0xa0, 0xa9, 0x9d, 0xc8, 0xa0, 0xa9, 0x9d, 0x9f,
    0xa0, 0xa9, 0x9d, 0x1b, 0x00, 0x00, 0x00, 0x00, 0x00, 0x00, 0x00, 0x00, 0x00, 0x00, 0x00, 0x00,
    0x00, 0x00, 0x00, 0x00, 0xa0, 0xa9, 0x9d, 0x5b, 0xa0, 0xa9, 0x9d, 0x9f, 0xa0, 0xa9, 0x9d, 0xc3,
    0xa0, 0xa9, 0x9d, 0xc8, 0xa0, 0xa9, 0x9d, 0xc8, 0xa0, 0xa9, 0x9d, 0xc8, 0xa0, 0xa9, 0x9d, 0xc8,
    0xa0, 0xa9, 0x9d, 0xc8, 0xa0, 0xa9, 0x9d, 0xc8, 0xa0, 0xa9, 0x9d, 0xc8, 0xa0, 0xa9, 0x9d, 0xc8,
    0xa0, 0xa9, 0x9d, 0xc8, 0xa0, 0xa9, 0x9d, 0xc8, 0xa0, 0xa9, 0x9d, 0xc8, 0xa0, 0xa9, 0x9d, 0xc8,
    0xa0, 0xa9, 0x9d, 0xc8, 0xa0, 0xa9, 0x9d, 0xc8, 0xa0, 0xa9, 0x9d, 0xc8, 0xa0, 0xa9, 0x9d, 0xc8,
    0xa0, 0xa9, 0x9d, 0xc8, 0xa0, 0xa9, 0x9d, 0xc8, 0xa0, 0xa9, 0x9d, 0xc8, 0xa0, 0xa9, 0x9d, 0xc8,
    0xa0, 0xa9, 0x9d, 0xc8, 0xa0, 0xa9, 0x9d, 0xc8, 0xa0, 0xa9, 0x9d, 0xc8, 0xa0, 0xa9, 0x9d, 0xc8,
    0xa0, 0xa9, 0x9d, 0xc8, 0xa0, 0xa9, 0x9d, 0xc8, 0xa0, 0xa9, 0x9d, 0xc8, 0xa0, 0xa9, 0x9d, 0xc8,
    0xa0, 0xa9, 0x9d, 0xc8, 0xa0, 0xa9, 0x9d, 0xc8, 0xa0, 0xa9, 0x9d, 0xc8, 0xa0, 0xa9, 0x9d, 0xc8,
    0xa0, 0xa9, 0x9d, 0xc8, 0xa0, 0xa9, 0x9d, 0xc8, 0xa0, 0xa9, 0x9d, 0xc8, 0xa0, 0xa9, 0x9d, 0xc8,
    0xa0, 0xa9, 0x9d, 0xc8, 0xa0, 0xa9, 0x9d, 0xc8, 0xa0, 0xa9, 0x9d, 0xc3, 0xa0, 0xa9, 0x9d, 0x9f,
    0xa0, 0xa9, 0x9d, 0x5b, 0x00, 0x00, 0x00, 0x00, 0x00, 0x00, 0x00, 0x00, 0x00, 0x00, 0x00, 0x00,
};
static const lv_img_dsc_t pill_kb_start = {
    .header.always_zero = 0,
    .header.w = 50,
    .header.h = 20,
    .header.cf = LV_IMG_CF_TRUE_COLOR_ALPHA,
    .data_size = sizeof(pill_kb_start_data),
    .data = pill_kb_start_data,
};

static const uint8_t pill_kb_back_data[] = {
    0x00, 0x00, 0x00, 0x00, 0x00, 0x00, 0x00, 0x00, 0x00, 0x00, 0x00, 0x00, 0xa0, 0xa9, 0x9d, 0x5b,
    0xa0, 0xa9, 0x9d, 0x9f, 0xa0, 0xa9, 0x9d, 0xc3, 0xa0, 0xa9, 0x9d, 0xc8, 0xa0, 0xa9, 0x9d, 0xc8,
    0xa0, 0xa9, 0x9d, 0xc8, 0xa0, 0xa9, 0x9d, 0xc8, 0xa0, 0xa9, 0x9d, 0xc8, 0xa0, 0xa9, 0x9d, 0xc8,
    0xa0, 0xa9, 0x9d, 0xc8, 0xa0, 0xa9, 0x9d, 0xc8, 0xa0, 0xa9, 0x9d, 0xc8, 0xa0, 0xa9, 0x9d, 0xc8,
    0xa0, 0xa9, 0x9d, 0xc8, 0xa0, 0xa9, 0x9d, 0xc8, 0xa0, 0xa9, 0x9d, 0xc8, 0xa0, 0xa9, 0x9d, 0xc8,
    0xa0, 0xa9, 0x9d, 0xc8, 0xa0, 0xa9, 0x9d, 0xc8, 0xa0, 0xa9, 0x9d, 0xc8, 0xa0, 0xa9, 0x9d, 0xc8,
    0xa0, 0xa9, 0x9d, 0xc8, 0xa0, 0xa9, 0x9d, 0xc8, 0xa0, 0xa9, 0x9d, 0xc8, 0xa0, 0xa9, 0x9d, 0xc8,
    0xa0, 0xa9, 0x9d, 0xc8, 0xa0, 0xa9, 0x9d, 0xc8, 0xa0, 0xa9, 0x9d, 0xc8, 0xa0, 0xa9, 0x9d, 0xc8,
    0xa0, 0xa9, 0x9d, 0xc8, 0xa0, 0xa9, 0x9d, 0xc8, 0xa0, 0xa9, 0x9d, 0xc8, 0xa0, 0xa9, 0x9d, 0xc8,
    0xa0, 0xa9, 0x9d, 0xc8, 0xa0, 0xa9, 0x9d, 0xc8, 0xa0, 0xa9, 0x9d, 0xc3, 0xa0, 0xa9, 0x9d, 0x9f,
    0xa0, 0xa9, 0x9d, 0x5b, 0x00, 0x00, 0x00, 0x00, 0x00, 0x00, 0x00, 0x00, 0x00, 0x00, 0x00, 0x00,
    0x00, 0x00, 0x00, 0x00, 0xa0, 0xa9, 0x9d, 0x1b, 0xa0, 0xa9, 0x9d, 0x9f, 0xa0, 0xa9, 0x9d, 0xc8,
    0x0e, 0x0d, 0x0b, 0xdc, 0x0e, 0x0d, 0x0b, 0xdc, 0x0e, 0x0d, 0x0b, 0xdc, 0x0e, 0x0d, 0x0b, 0xdc,
    0x0e, 0x0d, 0x0b, 0xdc, 0x0e, 0x0d, 0x0b, 0xdc, 0x0e, 0x0d, 0x0b, 0xdc, 0x0e, 0x0d, 0x0b, 0xdc,
    0x0e, 0x0d, 0x0b, 0xdc, 0x0e, 0x0d, 0x0b, 0xdc, 0x0e, 0x0d, 0x0b, 0xdc, 0x0e, 0x0d, 0x0b, 0xdc,
    0x0e, 0x0d, 0x0b, 0xdc, 0x0e, 0x0d, 0x0b, 0xdc, 0x0e, 0x0d, 0x0b, 0xdc, 0x0e, 0x0d, 0x0b, 0xdc,
    0x0e, 0x0d, 0x0b, 0xdc, 0x0e, 0x0d, 0x0b, 0xdc, 0x0e, 0x0d, 0x0b, 0xdc, 0x0e, 0x0d, 0x0b, 0xdc,
    0x0e, 0x0d, 0x0b, 0xdc, 0x0e, 0x0d, 0x0b, 0xdc, 0x0e, 0x0d, 0x0b, 0xdc, 0x0e, 0x0d, 0x0b, 0xdc,
    0x0e, 0x0d, 0x0b, 0xdc, 0x0e, 0x0d, 0x0b, 0xdc, 0x0e, 0x0d, 0x0b, 0xdc, 0x0e, 0x0d, 0x0b, 0xdc,
    0x0e, 0x0d, 0x0b, 0xdc, 0x0e, 0x0d, 0x0b, 0xdc, 0x0e, 0x0d, 0x0b, 0xdc, 0x0e, 0x0d, 0x0b, 0xdc,
    0x0e, 0x0d, 0x0b, 0xdc, 0x0e, 0x0d, 0x0b, 0xdc, 0x0e, 0x0d, 0x0b, 0xdc, 0x0e, 0x0d, 0x0b, 0xdc,
    0xa0, 0xa9, 0x9d, 0xc8, 0xa0, 0xa9, 0x9d, 0x9f, 0xa0, 0xa9, 0x9d, 0x1b, 0x00, 0x00, 0x00, 0x00,
    0x00, 0x00, 0x00, 0x00, 0xa0, 0xa9, 0x9d, 0x9f, 0x0e, 0x0d, 0x0b, 0xdc, 0x0e, 0x0d, 0x0b, 0xdc,
    0x0e, 0x0d, 0x0b, 0xdc, 0x0e, 0x0d, 0x0b, 0xdc, 0x0e, 0x0d, 0x0b, 0xdc, 0x0e, 0x0d, 0x0b, 0xdc,
    0x0e, 0x0d, 0x0b, 0xdc, 0x0e, 0x0d, 0x0b, 0xdc, 0x0e, 0x0d, 0x0b, 0xdc, 0x0e, 0x0d, 0x0b, 0xdc,
    0x0e, 0x0d, 0x0b, 0xdc, 0x0e, 0x0d, 0x0b, 0xdc, 0x0e, 0x0d, 0x0b, 0xdc, 0x0e, 0x0d, 0x0b, 0xdc,
    0x0e, 0x0d, 0x0b, 0xdc, 0x0e, 0x0d, 0x0b, 0xdc, 0x0e, 0x0d, 0x0b, 0xdc, 0x0e, 0x0d, 0x0b, 0xdc,
    0x0e, 0x0d, 0x0b, 0xdc, 0x0e, 0x0d, 0x0b, 0xdc, 0x0e, 0x0d, 0x0b, 0xdc, 0x0e, 0x0d, 0x0b, 0xdc,
    0x0e, 0x0d, 0x0b, 0xdc, 0x0e, 0x0d, 0x0b, 0xdc, 0x0e, 0x0d, 0x0b, 0xdc, 0x0e, 0x0d, 0x0b, 0xdc,
    0x0e, 0x0d, 0x0b, 0xdc, 0x0e, 0x0d, 0x0b, 0xdc, 0x0e, 0x0d, 0x0b, 0xdc, 0x0e, 0x0d, 0x0b, 0xdc,
    0x0e, 0x0d, 0x0b, 0xdc, 0x0e, 0x0d, 0x0b, 0xdc, 0x0e, 0x0d, 0x0b, 0xdc, 0x0e, 0x0d, 0x0b, 0xdc,
    0x0e, 0x0d, 0x0b, 0xdc, 0x0e, 0x0d, 0x0b, 0xdc, 0x0e, 0x0d, 0x0b, 0xdc, 0x0e, 0x0d, 0x0b, 0xdc,
    0x0e, 0x0d, 0x0b, 0xdc, 0x0e, 0x0d, 0x0b, 0xdc, 0xa0, 0xa9, 0x9d, 0x9f, 0x00, 0x00, 0x00, 0x00,
    0xa0, 0xa9, 0x9d, 0x5b, 0xa0, 0xa9, 0x9d, 0xc8, 0x0e, 0x0d, 0x0b, 0xdc, 0x0e, 0x0d, 0x0b, 0xdc,
    0x0e, 0x0d, 0x0b, 0xdc, 0x0e, 0x0d, 0x0b, 0xdc, 0x0e, 0x0d, 0x0b, 0xdc, 0x0e, 0x0d, 0x0b, 0xdc,
    0x0e, 0x0d, 0x0b, 0xdc, 0x0e, 0x0d, 0x0b, 0xdc, 0x0e, 0x0d, 0x0b, 0xdc, 0x0e, 0x0d, 0x0b, 0xdc,
    0x0e, 0x0d, 0x0b, 0xdc, 0x0e, 0x0d, 0x0b, 0xdc, 0x0e, 0x0d, 0x0b, 0xdc, 0x0e, 0x0d, 0x0b, 0xdc,
    0x0e, 0x0d, 0x0b, 0xdc, 0x0e, 0x0d, 0x0b, 0xdc, 0x0e, 0x0d, 0x0b, 0xdc, 0x0e, 0x0d, 0x0b, 0xdc,
    0x0e, 0x0d, 0x0b, 0xdc, 0x0e, 0x0d, 0x0b, 0xdc, 0x0e, 0x0d, 0x0b, 0xdc, 0x0e, 0x0d, 0x0b, 0xdc,
    0x0e, 0x0d, 0x0b, 0xdc, 0x0e, 0x0d, 0x0b, 0xdc, 0x0e, 0x0d, 0x0b, 0xdc, 0x0e, 0x0d, 0x0b, 0xdc,
    0x0e, 0x0d, 0x0b, 0xdc, 0x0e, 0x0d, 0x0b, 0xdc, 0x0e, 0x0d, 0x0b, 0xdc, 0x0e, 0x0d, 0x0b, 0xdc,
    0x0e, 0x0d, 0x0b, 0xdc, 0x0e, 0x0d, 0x0b, 0xdc, 0x0e, 0x0d, 0x0b, 0xdc, 0x0e, 0x0d, 0x0b, 0xdc,
    0x0e, 0x0d, 0x0b, 0xdc, 0x0e, 0x0d, 0x0b, 0xdc, 0x0e, 0x0d, 0x0b, 0xdc, 0x0e, 0x0d, 0x0b, 0xdc,
    0x0e, 0x0d, 0x0b, 0xdc, 0x0e, 0x0d, 0x0b, 0xdc, 0xa0, 0xa9, 0x9d, 0xc8, 0xa0, 0xa9, 0x9d, 0x5b,
    0xa0, 0xa9, 0x9d, 0x9f, 0x0e, 0x0d, 0x0b, 0xdc, 0x0e, 0x0d, 0x0b, 0xdc, 0x0e, 0x0d, 0x0b, 0xdc,
    0x0e, 0x0d, 0x0b, 0xdc, 0x0e, 0x0d, 0x0b, 0xdc, 0x0e, 0x0d, 0x0b, 0xdc, 0x0e, 0x0d, 0x0b, 0xdc,
    0x0e, 0x0d, 0x0b, 0xdc, 0x0e, 0x0d, 0x0b, 0xdc, 0x0e, 0x0d, 0x0b, 0xdc, 0x0e, 0x0d, 0x0b, 0xdc,
    0x0e, 0x0d, 0x0b, 0xdc, 0x0e, 0x0d, 0x0b, 0xdc, 0x0e, 0x0d, 0x0b, 0xdc, 0x0e, 0x0d, 0x0b, 0xdc,
    0x0e, 0x0d, 0x0b, 0xdc, 0x0e, 0x0d, 0x0b, 0xdc, 0x0e, 0x0d, 0x0b, 0xdc, 0x0e, 0x0d, 0x0b, 0xdc,
    0x0e, 0x0d, 0x0b, 0xdc, 0x0e, 0x0d, 0x0b, 0xdc, 0x0e, 0x0d, 0x0b, 0xdc, 0x0e, 0x0d, 0x0b, 0xdc,
    0x0e, 0x0d, 0x0b, 0xdc, 0x0e, 0x0d, 0x0b, 0xdc, 0x0e, 0x0d, 0x0b, 0xdc, 0x0e, 0x0d, 0x0b, 0xdc,
    0x0e, 0x0d, 0x0b, 0xdc, 0x0e, 0x0d, 0x0b, 0xdc, 0x0e, 0x0d, 0x0b, 0xdc, 0x0e, 0x0d, 0x0b, 0xdc,
    0x0e, 0x0d, 0x0b, 0xdc, 0x0e, 0x0d, 0x0b, 0xdc, 0x0e, 0x0d, 0x0b, 0xdc, 0x0e, 0x0d, 0x0b, 0xdc,
    0x0e, 0x0d, 0x0b, 0xdc, 0x0e, 0x0d, 0x0b, 0xdc, 0x0e, 0x0d, 0x0b, 0xdc, 0x0e, 0x0d, 0x0b, 0xdc,
    0x0e, 0x0d, 0x0b, 0xdc, 0x0e, 0x0d, 0x0b, 0xdc, 0x0e, 0x0d, 0x0b, 0xdc, 0xa0, 0xa9, 0x9d, 0x9f,
    0xa0, 0xa9, 0x9d, 0xc3, 0x0e, 0x0d, 0x0b, 0xdc, 0x0e, 0x0d, 0x0b, 0xdc, 0x0e, 0x0d, 0x0b, 0xdc,
    0x0e, 0x0d, 0x0b, 0xdc, 0x0e, 0x0d, 0x0b, 0xdc, 0x0e, 0x0d, 0x0b, 0xdc, 0x0e, 0x0d, 0x0b, 0xdc,
    0x0e, 0x0d, 0x0b, 0xdc, 0x0e, 0x0d, 0x0b, 0xdc, 0x0e, 0x0d, 0x0b, 0xdc, 0x0e, 0x0d, 0x0b, 0xdc,
    0x0e, 0x0d, 0x0b, 0xdc, 0x0e, 0x0d, 0x0b, 0xdc, 0x0e, 0x0d, 0x0b, 0xdc, 0x0e, 0x0d, 0x0b, 0xdc,
    0x0e, 0x0d, 0x0b, 0xdc, 0x0e, 0x0d, 0x0b, 0xdc, 0x0e, 0x0d, 0x0b, 0xdc, 0x0e, 0x0d, 0x0b, 0xdc,
    0x0e, 0x0d, 0x0b, 0xdc, 0x0e, 0x0d, 0x0b, 0xdc, 0x0e, 0x0d, 0x0b, 0xdc, 0x0e, 0x0d, 0x0b, 0xdc,
    0x0e, 0x0d, 0x0b, 0xdc, 0x0e, 0x0d, 0x0b, 0xdc, 0x0e, 0x0d, 0x0b, 0xdc, 0x0e, 0x0d, 0x0b, 0xdc,
    0x0e, 0x0d, 0x0b, 0xdc, 0x0e, 0x0d, 0x0b, 0xdc, 0x0e, 0x0d, 0x0b, 0xdc, 0x0e, 0x0d, 0x0b, 0xdc,
    0x0e, 0x0d, 0x0b, 0xdc, 0x0e, 0x0d, 0x0b, 0xdc, 0x0e, 0x0d, 0x0b, 0xdc, 0x0e, 0x0d, 0x0b, 0xdc,
    0x0e, 0x0d, 0x0b, 0xdc, 0x0e, 0x0d, 0x0b, 0xdc, 0x0e, 0x0d, 0x0b, 0xdc, 0x0e, 0x0d, 0x0b, 0xdc,
    0x0e, 0x0d, 0x0b, 0xdc, 0x0e, 0x0d, 0x0b, 0xdc, 0x0e, 0x0d, 0x0b, 0xdc, 0xa0, 0xa9, 0x9d, 0xc3,
    0xa0, 0xa9, 0x9d, 0xc8, 0x0e, 0x0d, 0x0b, 0xdc, 0x0e, 0x0d, 0x0b, 0xdc, 0x0e, 0x0d, 0x0b, 0xdc,
    0x0e, 0x0d, 0x0b, 0xdc, 0x0e, 0x0d, 0x0b, 0xdc, 0x0e, 0x0d, 0x0b, 0xdc, 0x0e, 0x0d, 0x0b, 0xdc,
    0x0e, 0x0d, 0x0b, 0xdc, 0x0e, 0x0d, 0x0b, 0xdc, 0x0e, 0x0d, 0x0b, 0xdc, 0x0e, 0x0d, 0x0b, 0xdc,
    0x0e, 0x0d, 0x0b, 0xdc, 0x0e, 0x0d, 0x0b, 0xdc, 0x0e, 0x0d, 0x0b, 0xdc, 0x0e, 0x0d, 0x0b, 0xdc,
    0x0e, 0x0d, 0x0b, 0xdc, 0x0e, 0x0d, 0x0b, 0xdc, 0x0e, 0x0d, 0x0b, 0xdc, 0x0e, 0x0d, 0x0b, 0xdc,
    0x0e, 0x0d, 0x0b, 0xdc, 0x0e, 0x0d, 0x0b, 0xdc, 0x0e, 0x0d, 0x0b, 0xdc, 0x0e, 0x0d, 0x0b, 0xdc,
    0x0e, 0x0d, 0x0b, 0xdc, 0x0e, 0x0d, 0x0b, 0xdc, 0x0e, 0x0d, 0x0b, 0xdc, 0x0e, 0x0d, 0x0b, 0xdc,
    0x0e, 0x0d, 0x0b, 0xdc, 0x0e, 0x0d, 0x0b, 0xdc, 0x0e, 0x0d, 0x0b, 0xdc, 0x0e, 0x0d, 0x0b, 0xdc,
    0x0e, 0x0d, 0x0b, 0xdc, 0x0e, 0x0d, 0x0b, 0xdc, 0x0e, 0x0d, 0x0b, 0xdc, 0x0e, 0x0d, 0x0b, 0xdc,
    0x0e, 0x0d, 0x0b, 0xdc, 0x0e, 0x0d, 0x0b, 0xdc, 0x0e, 0x0d, 0x0b, 0xdc, 0x0e, 0x0d, 0x0b, 0xdc,
    0x0e, 0x0d, 0x0b, 0xdc, 0x0e, 0x0d, 0x0b, 0xdc, 0x0e, 0x0d, 0x0b, 0xdc, 0xa0, 0xa9, 0x9d, 0xc8,
    0xa0, 0xa9, 0x9d, 0xc8, 0x0e, 0x0d, 0x0b, 0xdc, 0x0e, 0x0d, 0x0b, 0xdc, 0x0e, 0x0d, 0x0b, 0xdc,
    0x0e, 0x0d, 0x0b, 0xdc, 0x0e, 0x0d, 0x0b, 0xdc, 0x0e, 0x0d, 0x0b, 0xdc, 0x0e, 0x0d, 0x0b, 0xdc,
    0x0e, 0x0d, 0x0b, 0xdc, 0x0e, 0x0d, 0x0b, 0xdc, 0x0e, 0x0d, 0x0b, 0xdc, 0x0e, 0x0d, 0x0b, 0xdc,
    0x0e, 0x0d, 0x0b, 0xdc, 0x0e, 0x0d, 0x0b, 0xdc, 0x0e, 0x0d, 0x0b, 0xdc, 0x0e, 0x0d, 0x0b, 0xdc,
    0x0e, 0x0d, 0x0b, 0xdc, 0x0e, 0x0d, 0x0b, 0xdc, 0x0e, 0x0d, 0x0b, 0xdc, 0x0e, 0x0d, 0x0b, 0xdc,
    0x0e, 0x0d, 0x0b, 0xdc, 0x0e, 0x0d, 0x0b, 0xdc, 0x0e, 0x0d, 0x0b, 0xdc, 0x0e, 0x0d, 0x0b, 0xdc,
    0x0e, 0x0d, 0x0b, 0xdc, 0x0e, 0x0d, 0x0b, 0xdc, 0x0e, 0x0d, 0x0b, 0xdc, 0x0e, 0x0d, 0x0b, 0xdc,
    0x0e, 0x0d, 0x0b, 0xdc, 0x0e, 0x0d, 0x0b, 0xdc, 0x0e, 0x0d, 0x0b, 0xdc, 0x0e, 0x0d, 0x0b, 0xdc,
    0x0e, 0x0d, 0x0b, 0xdc, 0x0e, 0x0d, 0x0b, 0xdc, 0x0e, 0x0d, 0x0b, 0xdc, 0x0e, 0x0d, 0x0b, 0xdc,
    0x0e, 0x0d, 0x0b, 0xdc, 0x0e, 0x0d, 0x0b, 0xdc, 0x0e, 0x0d, 0x0b, 0xdc, 0x0e, 0x0d, 0x0b, 0xdc,
    0x0e, 0x0d, 0x0b, 0xdc, 0x0e, 0x0d, 0x0b, 0xdc, 0x0e, 0x0d, 0x0b, 0xdc, 0xa0, 0xa9, 0x9d, 0xc8,
    0xa0, 0xa9, 0x9d, 0xc8, 0x0e, 0x0d, 0x0b, 0xdc, 0x0e, 0x0d, 0x0b, 0xdc, 0x0e, 0x0d, 0x0b, 0xdc,
    0x0e, 0x0d, 0x0b, 0xdc, 0x0e, 0x0d, 0x0b, 0xdc, 0x0e, 0x0d, 0x0b, 0xdc, 0x0e, 0x0d, 0x0b, 0xdc,
    0x0e, 0x0d, 0x0b, 0xdc, 0x0e, 0x0d, 0x0b, 0xdc, 0x0e, 0x0d, 0x0b, 0xdc, 0x0e, 0x0d, 0x0b, 0xdc,
    0x0e, 0x0d, 0x0b, 0xdc, 0x0e, 0x0d, 0x0b, 0xdc, 0x0e, 0x0d, 0x0b, 0xdc, 0x0e, 0x0d, 0x0b, 0xdc,
    0x0e, 0x0d, 0x0b, 0xdc, 0x0e, 0x0d, 0x0b, 0xdc, 0x0e, 0x0d, 0x0b, 0xdc, 0x0e, 0x0d, 0x0b, 0xdc,
    0x0e, 0x0d, 0x0b, 0xdc, 0x0e, 0x0d, 0x0b, 0xdc, 0x0e, 0x0d, 0x0b, 0xdc, 0x0e, 0x0d, 0x0b, 0xdc,
    0x0e, 0x0d, 0x0b, 0xdc, 0x0e, 0x0d, 0x0b, 0xdc, 0x0e, 0x0d, 0x0b, 0xdc, 0x0e, 0x0d, 0x0b, 0xdc,
    0x0e, 0x0d, 0x0b, 0xdc, 0x0e, 0x0d, 0x0b, 0xdc, 0x0e, 0x0d, 0x0b, 0xdc, 0x0e, 0x0d, 0x0b, 0xdc,
    0x0e, 0x0d, 0x0b, 0xdc, 0x0e, 0x0d, 0x0b, 0xdc, 0x0e, 0x0d, 0x0b, 0xdc, 0x0e, 0x0d, 0x0b, 0xdc,
    0x0e, 0x0d, 0x0b, 0xdc, 0x0e, 0x0d, 0x0b, 0xdc, 0x0e, 0x0d, 0x0b, 0xdc, 0x0e, 0x0d, 0x0b, 0xdc,
    0x0e, 0x0d, 0x0b, 0xdc, 0x0e, 0x0d, 0x0b, 0xdc, 0x0e, 0x0d, 0x0b, 0xdc, 0xa0, 0xa9, 0x9d, 0xc8,
    0xa0, 0xa9, 0x9d, 0xc8, 0x0e, 0x0d, 0x0b, 0xdc, 0x0e, 0x0d, 0x0b, 0xdc, 0x0e, 0x0d, 0x0b, 0xdc,
    0x0e, 0x0d, 0x0b, 0xdc, 0x0e, 0x0d, 0x0b, 0xdc, 0x0e, 0x0d, 0x0b, 0xdc, 0x0e, 0x0d, 0x0b, 0xdc,
    0x0e, 0x0d, 0x0b, 0xdc, 0x0e, 0x0d, 0x0b, 0xdc, 0x0e, 0x0d, 0x0b, 0xdc, 0x0e, 0x0d, 0x0b, 0xdc,
    0x0e, 0x0d, 0x0b, 0xdc, 0x0e, 0x0d, 0x0b, 0xdc, 0x0e, 0x0d, 0x0b, 0xdc, 0x0e, 0x0d, 0x0b, 0xdc,
    0x0e, 0x0d, 0x0b, 0xdc, 0x0e, 0x0d, 0x0b, 0xdc, 0x0e, 0x0d, 0x0b, 0xdc, 0x0e, 0x0d, 0x0b, 0xdc,
    0x0e, 0x0d, 0x0b, 0xdc, 0x0e, 0x0d, 0x0b, 0xdc, 0x0e, 0x0d, 0x0b, 0xdc, 0x0e, 0x0d, 0x0b, 0xdc,
    0x0e, 0x0d, 0x0b, 0xdc, 0x0e, 0x0d, 0x0b, 0xdc, 0x0e, 0x0d, 0x0b, 0xdc, 0x0e, 0x0d, 0x0b, 0xdc,
    0x0e, 0x0d, 0x0b, 0xdc, 0x0e, 0x0d, 0x0b, 0xdc, 0x0e, 0x0d, 0x0b, 0xdc, 0x0e, 0x0d, 0x0b, 0xdc,
    0x0e, 0x0d, 0x0b, 0xdc, 0x0e, 0x0d, 0x0b, 0xdc, 0x0e, 0x0d, 0x0b, 0xdc, 0x0e, 0x0d, 0x0b, 0xdc,
    0x0e, 0x0d, 0x0b, 0xdc, 0x0e, 0x0d, 0x0b, 0xdc, 0x0e, 0x0d, 0x0b, 0xdc, 0x0e, 0x0d, 0x0b, 0xdc,
    0x0e, 0x0d, 0x0b, 0xdc, 0x0e, 0x0d, 0x0b, 0xdc, 0x0e, 0x0d, 0x0b, 0xdc, 0xa0, 0xa9, 0x9d, 0xc8,
    0xa0, 0xa9, 0x9d, 0xc8, 0x0e, 0x0d, 0x0b, 0xdc, 0x0e, 0x0d, 0x0b, 0xdc, 0x0e, 0x0d, 0x0b, 0xdc,
    0x0e, 0x0d, 0x0b, 0xdc, 0x0e, 0x0d, 0x0b, 0xdc, 0x0e, 0x0d, 0x0b, 0xdc, 0x0e, 0x0d, 0x0b, 0xdc,
    0x0e, 0x0d, 0x0b, 0xdc, 0x0e, 0x0d, 0x0b, 0xdc, 0x0e, 0x0d, 0x0b, 0xdc, 0x0e, 0x0d, 0x0b, 0xdc,
    0x0e, 0x0d, 0x0b, 0xdc, 0x0e, 0x0d, 0x0b, 0xdc, 0x0e, 0x0d, 0x0b, 0xdc, 0x0e, 0x0d, 0x0b, 0xdc,
    0x0e, 0x0d, 0x0b, 0xdc, 0x0e, 0x0d, 0x0b, 0xdc, 0x0e, 0x0d, 0x0b, 0xdc, 0x0e, 0x0d, 0x0b, 0xdc,
    0x0e, 0x0d, 0x0b, 0xdc, 0x0e, 0x0d, 0x0b, 0xdc, 0x0e, 0x0d, 0x0b, 0xdc, 0x0e, 0x0d, 0x0b, 0xdc,
    0x0e, 0x0d, 0x0b, 0xdc, 0x0e, 0x0d, 0x0b, 0xdc, 0x0e, 0x0d, 0x0b, 0xdc, 0x0e, 0x0d, 0x0b, 0xdc,
    0x0e, 0x0d, 0x0b, 0xdc, 0x0e, 0x0d, 0x0b, 0xdc, 0x0e, 0x0d, 0x0b, 0xdc, 0x0e, 0x0d, 0x0b, 0xdc,
    0x0e, 0x0d, 0x0b, 0xdc, 0x0e, 0x0d, 0x0b, 0xdc, 0x0e, 0x0d, 0x0b, 0xdc, 0x0e, 0x0d, 0x0b, 0xdc,
    0x0e, 0x0d, 0x0b, 0xdc, 0x0e, 0x0d, 0x0b, 0xdc, 0x0e, 0x0d, 0x0b, 0xdc, 0x0e, 0x0d, 0x0b, 0xdc,
    0x0e, 0x0d, 0x0b, 0xdc, 0x0e, 0x0d, 0x0b, 0xdc, 0x0e, 0x0d, 0x0b, 0xdc, 0xa0, 0xa9, 0x9d, 0xc8,
    0xa0, 0xa9, 0x9d, 0xc8, 0x0e, 0x0d, 0x0b, 0xdc, 0x0e, 0x0d, 0x0b, 0xdc, 0x0e, 0x0d, 0x0b, 0xdc,
    0x0e, 0x0d, 0x0b, 0xdc, 0x0e, 0x0d, 0x0b, 0xdc, 0x0e, 0x0d, 0x0b, 0xdc, 0x0e, 0x0d, 0x0b, 0xdc,
    0x0e, 0x0d, 0x0b, 0xdc, 0x0e, 0x0d, 0x0b, 0xdc, 0x0e, 0x0d, 0x0b, 0xdc, 0x0e, 0x0d, 0x0b, 0xdc,
    0x0e, 0x0d, 0x0b, 0xdc, 0x0e, 0x0d, 0x0b, 0xdc, 0x0e, 0x0d, 0x0b, 0xdc, 0x0e, 0x0d, 0x0b, 0xdc,
    0x0e, 0x0d, 0x0b, 0xdc, 0x0e, 0x0d, 0x0b, 0xdc, 0x0e, 0x0d, 0x0b, 0xdc, 0x0e, 0x0d, 0x0b, 0xdc,
    0x0e, 0x0d, 0x0b, 0xdc, 0x0e, 0x0d, 0x0b, 0xdc, 0x0e, 0x0d, 0x0b, 0xdc, 0x0e, 0x0d, 0x0b, 0xdc,
    0x0e, 0x0d, 0x0b, 0xdc, 0x0e, 0x0d, 0x0b, 0xdc, 0x0e, 0x0d, 0x0b, 0xdc, 0x0e, 0x0d, 0x0b, 0xdc,
    0x0e, 0x0d, 0x0b, 0xdc, 0x0e, 0x0d, 0x0b, 0xdc, 0x0e, 0x0d, 0x0b, 0xdc, 0x0e, 0x0d, 0x0b, 0xdc,
    0x0e, 0x0d, 0x0b, 0xdc, 0x0e, 0x0d, 0x0b, 0xdc, 0x0e, 0x0d, 0x0b, 0xdc, 0x0e, 0x0d, 0x0b, 0xdc,
    0x0e, 0x0d, 0x0b, 0xdc, 0x0e, 0x0d, 0x0b, 0xdc, 0x0e, 0x0d, 0x0b, 0xdc, 0x0e, 0x0d, 0x0b, 0xdc,
    0x0e, 0x0d, 0x0b, 0xdc, 0x0e, 0x0d, 0x0b, 0xdc, 0x0e, 0x0d, 0x0b, 0xdc, 0xa0, 0xa9, 0x9d, 0xc8,
    0xa0, 0xa9, 0x9d, 0xc8, 0x0e, 0x0d, 0x0b, 0xdc, 0x0e, 0x0d, 0x0b, 0xdc, 0x0e, 0x0d, 0x0b, 0xdc,
    0x0e, 0x0d, 0x0b, 0xdc, 0x0e, 0x0d, 0x0b, 0xdc, 0x0e, 0x0d, 0x0b, 0xdc, 0x0e, 0x0d, 0x0b, 0xdc,
    0x0e, 0x0d, 0x0b, 0xdc, 0x0e, 0x0d, 0x0b, 0xdc, 0x0e, 0x0d, 0x0b, 0xdc, 0x0e, 0x0d, 0x0b, 0xdc,
    0x0e, 0x0d, 0x0b, 0xdc, 0x0e, 0x0d, 0x0b, 0xdc, 0x0e, 0x0d, 0x0b, 0xdc, 0x0e, 0x0d, 0x0b, 0xdc,
    0x0e, 0x0d, 0x0b, 0xdc, 0x0e, 0x0d, 0x0b, 0xdc, 0x0e, 0x0d, 0x0b, 0xdc, 0x0e, 0x0d, 0x0b, 0xdc,
    0x0e, 0x0d, 0x0b, 0xdc, 0x0e, 0x0d, 0x0b, 0xdc, 0x0e, 0x0d, 0x0b, 0xdc, 0x0e, 0x0d, 0x0b, 0xdc,
    0x0e, 0x0d, 0x0b, 0xdc, 0x0e, 0x0d, 0x0b, 0xdc, 0x0e, 0x0d, 0x0b, 0xdc, 0x0e, 0x0d, 0x0b, 0xdc,
    0x0e, 0x0d, 0x0b, 0xdc, 0x0e, 0x0d, 0x0b, 0xdc, 0x0e, 0x0d, 0x0b, 0xdc, 0x0e, 0x0d, 0x0b, 0xdc,
    0x0e, 0x0d, 0x0b, 0xdc, 0x0e, 0x0d, 0x0b, 0xdc, 0x0e, 0x0d, 0x0b, 0xdc, 0x0e, 0x0d, 0x0b, 0xdc,
    0x0e, 0x0d, 0x0b, 0xdc, 0x0e, 0x0d, 0x0b, 0xdc, 0x0e, 0x0d, 0x0b, 0xdc, 0x0e, 0x0d, 0x0b, 0xdc,
    0x0e, 0x0d, 0x0b, 0xdc, 0x0e, 0x0d, 0x0b, 0xdc, 0x0e, 0x0d, 0x0b, 0xdc, 0xa0, 0xa9, 0x9d, 0xc8,
    0xa0, 0xa9, 0x9d, 0xc8, 0x0e, 0x0d, 0x0b, 0xdc, 0x0e, 0x0d, 0x0b, 0xdc, 0x0e, 0x0d, 0x0b, 0xdc,
    0x0e, 0x0d, 0x0b, 0xdc, 0x0e, 0x0d, 0x0b, 0xdc, 0x0e, 0x0d, 0x0b, 0xdc, 0x0e, 0x0d, 0x0b, 0xdc,
    0x0e, 0x0d, 0x0b, 0xdc, 0x0e, 0x0d, 0x0b, 0xdc, 0x0e, 0x0d, 0x0b, 0xdc, 0x0e, 0x0d, 0x0b, 0xdc,
    0x0e, 0x0d, 0x0b, 0xdc, 0x0e, 0x0d, 0x0b, 0xdc, 0x0e, 0x0d, 0x0b, 0xdc, 0x0e, 0x0d, 0x0b, 0xdc,
    0x0e, 0x0d, 0x0b, 0xdc, 0x0e, 0x0d, 0x0b, 0xdc, 0x0e, 0x0d, 0x0b, 0xdc, 0x0e, 0x0d, 0x0b, 0xdc,
    0x0e, 0x0d, 0x0b, 0xdc, 0x0e, 0x0d, 0x0b, 0xdc, 0x0e, 0x0d, 0x0b, 0xdc, 0x0e, 0x0d, 0x0b, 0xdc,
    0x0e, 0x0d, 0x0b, 0xdc, 0x0e, 0x0d, 0x0b, 0xdc, 0x0e, 0x0d, 0x0b, 0xdc, 0x0e, 0x0d, 0x0b, 0xdc,
    0x0e, 0x0d, 0x0b, 0xdc, 0x0e, 0x0d, 0x0b, 0xdc, 0x0e, 0x0d, 0x0b, 0xdc, 0x0e, 0x0d, 0x0b, 0xdc,
    0x0e, 0x0d, 0x0b, 0xdc, 0x0e, 0x0d, 0x0b, 0xdc, 0x0e, 0x0d, 0x0b, 0xdc, 0x0e, 0x0d, 0x0b, 0xdc,
    0x0e, 0x0d, 0x0b, 0xdc, 0x0e, 0x0d, 0x0b, 0xdc, 0x0e, 0x0d, 0x0b, 0xdc, 0x0e, 0x0d, 0x0b, 0xdc,
    0x0e, 0x0d, 0x0b, 0xdc, 0x0e, 0x0d, 0x0b, 0xdc, 0x0e, 0x0d, 0x0b, 0xdc, 0xa0, 0xa9, 0x9d, 0xc8,
    0xa0, 0xa9, 0x9d, 0xc3, 0x0e, 0x0d, 0x0b, 0xdc, 0x0e, 0x0d, 0x0b, 0xdc, 0x0e, 0x0d, 0x0b, 0xdc,
    0x0e, 0x0d, 0x0b, 0xdc, 0x0e, 0x0d, 0x0b, 0xdc, 0x0e, 0x0d, 0x0b, 0xdc, 0x0e, 0x0d, 0x0b, 0xdc,
    0x0e, 0x0d, 0x0b, 0xdc, 0x0e, 0x0d, 0x0b, 0xdc, 0x0e, 0x0d, 0x0b, 0xdc, 0x0e, 0x0d, 0x0b, 0xdc,
    0x0e, 0x0d, 0x0b, 0xdc, 0x0e, 0x0d, 0x0b, 0xdc, 0x0e, 0x0d, 0x0b, 0xdc, 0x0e, 0x0d, 0x0b, 0xdc,
    0x0e, 0x0d, 0x0b, 0xdc, 0x0e, 0x0d, 0x0b, 0xdc, 0x0e, 0x0d, 0x0b, 0xdc, 0x0e, 0x0d, 0x0b, 0xdc,
    0x0e, 0x0d, 0x0b, 0xdc, 0x0e, 0x0d, 0x0b, 0xdc, 0x0e, 0x0d, 0x0b, 0xdc, 0x0e, 0x0d, 0x0b, 0xdc,
    0x0e, 0x0d, 0x0b, 0xdc, 0x0e, 0x0d, 0x0b, 0xdc, 0x0e, 0x0d, 0x0b, 0xdc, 0x0e, 0x0d, 0x0b, 0xdc,
    0x0e, 0x0d, 0x0b, 0xdc, 0x0e, 0x0d, 0x0b, 0xdc, 0x0e, 0x0d, 0x0b, 0xdc, 0x0e, 0x0d, 0x0b, 0xdc,
    0x0e, 0x0d, 0x0b, 0xdc, 0x0e, 0x0d, 0x0b, 0xdc, 0x0e, 0x0d, 0x0b, 0xdc, 0x0e, 0x0d, 0x0b, 0xdc,
    0x0e, 0x0d, 0x0b, 0xdc, 0x0e, 0x0d, 0x0b, 0xdc, 0x0e, 0x0d, 0x0b, 0xdc, 0x0e, 0x0d, 0x0b, 0xdc,
    0x0e, 0x0d, 0x0b, 0xdc, 0x0e, 0x0d, 0x0b, 0xdc, 0x0e, 0x0d, 0x0b, 0xdc, 0xa0, 0xa9, 0x9d, 0xc3,
    0xa0, 0xa9, 0x9d, 0x9f, 0x0e, 0x0d, 0x0b, 0xdc, 0x0e, 0x0d, 0x0b, 0xdc, 0x0e, 0x0d, 0x0b, 0xdc,
    0x0e, 0x0d, 0x0b, 0xdc, 0x0e, 0x0d, 0x0b, 0xdc, 0x0e, 0x0d, 0x0b, 0xdc, 0x0e, 0x0d, 0x0b, 0xdc,
    0x0e, 0x0d, 0x0b, 0xdc, 0x0e, 0x0d, 0x0b, 0xdc, 0x0e, 0x0d, 0x0b, 0xdc, 0x0e, 0x0d, 0x0b, 0xdc,
    0x0e, 0x0d, 0x0b, 0xdc, 0x0e, 0x0d, 0x0b, 0xdc, 0x0e, 0x0d, 0x0b, 0xdc, 0x0e, 0x0d, 0x0b, 0xdc,
    0x0e, 0x0d, 0x0b, 0xdc, 0x0e, 0x0d, 0x0b, 0xdc, 0x0e, 0x0d, 0x0b, 0xdc, 0x0e, 0x0d, 0x0b, 0xdc,
    0x0e, 0x0d, 0x0b, 0xdc, 0x0e, 0x0d, 0x0b, 0xdc, 0x0e, 0x0d, 0x0b, 0xdc, 0x0e, 0x0d, 0x0b, 0xdc,
    0x0e, 0x0d, 0x0b, 0xdc, 0x0e, 0x0d, 0x0b, 0xdc, 0x0e, 0x0d, 0x0b, 0xdc, 0x0e, 0x0d, 0x0b, 0xdc,
    0x0e, 0x0d, 0x0b, 0xdc, 0x0e, 0x0d, 0x0b, 0xdc, 0x0e, 0x0d, 0x0b, 0xdc, 0x0e, 0x0d, 0x0b, 0xdc,
    0x0e, 0x0d, 0x0b, 0xdc, 0x0e, 0x0d, 0x0b, 0xdc, 0x0e, 0x0d, 0x0b, 0xdc, 0x0e, 0x0d, 0x0b, 0xdc,
    0x0e, 0x0d, 0x0b, 0xdc, 0x0e, 0x0d, 0x0b, 0xdc, 0x0e, 0x0d, 0x0b, 0xdc, 0x0e, 0x0d, 0x0b, 0xdc,
    0x0e, 0x0d, 0x0b, 0xdc, 0x0e, 0x0d, 0x0b, 0xdc, 0x0e, 0x0d, 0x0b, 0xdc, 0xa0, 0xa9, 0x9d, 0x9f,
    0xa0, 0xa9, 0x9d, 0x5b, 0xa0, 0xa9, 0x9d, 0xc8, 0x0e, 0x0d, 0x0b, 0xdc, 0x0e, 0x0d, 0x0b, 0xdc,
    0x0e, 0x0d, 0x0b, 0xdc, 0x0e, 0x0d, 0x0b, 0xdc, 0x0e, 0x0d, 0x0b, 0xdc, 0x0e, 0x0d, 0x0b, 0xdc,
    0x0e, 0x0d, 0x0b, 0xdc, 0x0e, 0x0d, 0x0b, 0xdc, 0x0e, 0x0d, 0x0b, 0xdc, 0x0e, 0x0d, 0x0b, 0xdc,
    0x0e, 0x0d, 0x0b, 0xdc, 0x0e, 0x0d, 0x0b, 0xdc, 0x0e, 0x0d, 0x0b, 0xdc, 0x0e, 0x0d, 0x0b, 0xdc,
    0x0e, 0x0d, 0x0b, 0xdc, 0x0e, 0x0d, 0x0b, 0xdc, 0x0e, 0x0d, 0x0b, 0xdc, 0x0e, 0x0d, 0x0b, 0xdc,
    0x0e, 0x0d, 0x0b, 0xdc, 0x0e, 0x0d, 0x0b, 0xdc, 0x0e, 0x0d, 0x0b, 0xdc, 0x0e, 0x0d, 0x0b, 0xdc,
    0x0e, 0x0d, 0x0b, 0xdc, 0x0e, 0x0d, 0x0b, 0xdc, 0x0e, 0x0d, 0x0b, 0xdc, 0x0e, 0x0d, 0x0b, 0xdc,
    0x0e, 0x0d, 0x0b, 0xdc, 0x0e, 0x0d, 0x0b, 0xdc, 0x0e, 0x0d, 0x0b, 0xdc, 0x0e, 0x0d, 0x0b, 0xdc,
    0x0e, 0x0d, 0x0b, 0xdc, 0x0e, 0x0d, 0x0b, 0xdc, 0x0e, 0x0d, 0x0b, 0xdc, 0x0e, 0x0d, 0x0b, 0xdc,
    0x0e, 0x0d, 0x0b, 0xdc, 0x0e, 0x0d, 0x0b, 0xdc, 0x0e, 0x0d, 0x0b, 0xdc, 0x0e, 0x0d, 0x0b, 0xdc,
    0x0e, 0x0d, 0x0b, 0xdc, 0x0e, 0x0d, 0x0b, 0xdc, 0xa0, 0xa9, 0x9d, 0xc8, 0xa0, 0xa9, 0x9d, 0x5b,
    0x00, 0x00, 0x00, 0x00, 0xa0, 0xa9, 0x9d, 0x9f, 0x0e, 0x0d, 0x0b, 0xdc, 0x0e, 0x0d, 0x0b, 0xdc,
    0x0e, 0x0d, 0x0b, 0xdc, 0x0e, 0x0d, 0x0b, 0xdc, 0x0e, 0x0d, 0x0b, 0xdc, 0x0e, 0x0d, 0x0b, 0xdc,
    0x0e, 0x0d, 0x0b, 0xdc, 0x0e, 0x0d, 0x0b, 0xdc, 0x0e, 0x0d, 0x0b, 0xdc, 0x0e, 0x0d, 0x0b, 0xdc,
    0x0e, 0x0d, 0x0b, 0xdc, 0x0e, 0x0d, 0x0b, 0xdc, 0x0e, 0x0d, 0x0b, 0xdc, 0x0e, 0x0d, 0x0b, 0xdc,
    0x0e, 0x0d, 0x0b, 0xdc, 0x0e, 0x0d, 0x0b, 0xdc, 0x0e, 0x0d, 0x0b, 0xdc, 0x0e, 0x0d, 0x0b, 0xdc,
    0x0e, 0x0d, 0x0b, 0xdc, 0x0e, 0x0d, 0x0b, 0xdc, 0x0e, 0x0d, 0x0b, 0xdc, 0x0e, 0x0d, 0x0b, 0xdc,
    0x0e, 0x0d, 0x0b, 0xdc, 0x0e, 0x0d, 0x0b, 0xdc, 0x0e, 0x0d, 0x0b, 0xdc, 0x0e, 0x0d, 0x0b, 0xdc,
    0x0e, 0x0d, 0x0b, 0xdc, 0x0e, 0x0d, 0x0b, 0xdc, 0x0e, 0x0d, 0x0b, 0xdc, 0x0e, 0x0d, 0x0b, 0xdc,
    0x0e, 0x0d, 0x0b, 0xdc, 0x0e, 0x0d, 0x0b, 0xdc, 0x0e, 0x0d, 0x0b, 0xdc, 0x0e, 0x0d, 0x0b, 0xdc,
    0x0e, 0x0d, 0x0b, 0xdc, 0x0e, 0x0d, 0x0b, 0xdc, 0x0e, 0x0d, 0x0b, 0xdc, 0x0e, 0x0d, 0x0b, 0xdc,
    0x0e, 0x0d, 0x0b, 0xdc, 0x0e, 0x0d, 0x0b, 0xdc, 0xa0, 0xa9, 0x9d, 0x9f, 0x00, 0x00, 0x00, 0x00,
    0x00, 0x00, 0x00, 0x00, 0xa0, 0xa9, 0x9d, 0x1b, 0xa0, 0xa9, 0x9d, 0x9f, 0xa0, 0xa9, 0x9d, 0xc8,
    0x0e, 0x0d, 0x0b, 0xdc, 0x0e, 0x0d, 0x0b, 0xdc, 0x0e, 0x0d, 0x0b, 0xdc, 0x0e, 0x0d, 0x0b, 0xdc,
    0x0e, 0x0d, 0x0b, 0xdc, 0x0e, 0x0d, 0x0b, 0xdc, 0x0e, 0x0d, 0x0b, 0xdc, 0x0e, 0x0d, 0x0b, 0xdc,
    0x0e, 0x0d, 0x0b, 0xdc, 0x0e, 0x0d, 0x0b, 0xdc, 0x0e, 0x0d, 0x0b, 0xdc, 0x0e, 0x0d, 0x0b, 0xdc,
    0x0e, 0x0d, 0x0b, 0xdc, 0x0e, 0x0d, 0x0b, 0xdc, 0x0e, 0x0d, 0x0b, 0xdc, 0x0e, 0x0d, 0x0b, 0xdc,
    0x0e, 0x0d, 0x0b, 0xdc, 0x0e, 0x0d, 0x0b, 0xdc, 0x0e, 0x0d, 0x0b, 0xdc, 0x0e, 0x0d, 0x0b, 0xdc,
    0x0e, 0x0d, 0x0b, 0xdc, 0x0e, 0x0d, 0x0b, 0xdc, 0x0e, 0x0d, 0x0b, 0xdc, 0x0e, 0x0d, 0x0b, 0xdc,
    0x0e, 0x0d, 0x0b, 0xdc, 0x0e, 0x0d, 0x0b, 0xdc, 0x0e, 0x0d, 0x0b, 0xdc, 0x0e, 0x0d, 0x0b, 0xdc,
    0x0e, 0x0d, 0x0b, 0xdc, 0x0e, 0x0d, 0x0b, 0xdc, 0x0e, 0x0d, 0x0b, 0xdc, 0x0e, 0x0d, 0x0b, 0xdc,
    0x0e, 0x0d, 0x0b, 0xdc, 0x0e, 0x0d, 0x0b, 0xdc, 0x0e, 0x0d, 0x0b, 0xdc, 0x0e, 0x0d, 0x0b, 0xdc,
    0xa0, 0xa9, 0x9d, 0xc8, 0xa0, 0xa9, 0x9d, 0x9f, 0xa0, 0xa9, 0x9d, 0x1b, 0x00, 0x00, 0x00, 0x00,
    0x00, 0x00, 0x00, 0x00, 0x00, 0x00, 0x00, 0x00, 0x00, 0x00, 0x00, 0x00, 0xa0, 0xa9, 0x9d, 0x5b,
    0xa0, 0xa9, 0x9d, 0x9f, 0xa0, 0xa9, 0x9d, 0xc3, 0xa0, 0xa9, 0x9d, 0xc8, 0xa0, 0xa9, 0x9d, 0xc8,
    0xa0, 0xa9, 0x9d, 0xc8, 0xa0, 0xa9, 0x9d, 0xc8, 0xa0, 0xa9, 0x9d, 0xc8, 0xa0, 0xa9, 0x9d, 0xc8,
    0xa0, 0xa9, 0x9d, 0xc8, 0xa0, 0xa9, 0x9d, 0xc8, 0xa0, 0xa9, 0x9d, 0xc8, 0xa0, 0xa9, 0x9d, 0xc8,
    0xa0, 0xa9, 0x9d, 0xc8, 0xa0, 0xa9, 0x9d, 0xc8, 0xa0, 0xa9, 0x9d, 0xc8, 0xa0, 0xa9, 0x9d, 0xc8,
    0xa0, 0xa9, 0x9d, 0xc8, 0xa0, 0xa9, 0x9d, 0xc8, 0xa0, 0xa9, 0x9d, 0xc8, 0xa0, 0xa9, 0x9d, 0xc8,
    0xa0, 0xa9, 0x9d, 0xc8, 0xa0, 0xa9, 0x9d, 0xc8, 0xa0, 0xa9, 0x9d, 0xc8, 0xa0, 0xa9, 0x9d, 0xc8,
    0xa0, 0xa9, 0x9d, 0xc8, 0xa0, 0xa9, 0x9d, 0xc8, 0xa0, 0xa9, 0x9d, 0xc8, 0xa0, 0xa9, 0x9d, 0xc8,
    0xa0, 0xa9, 0x9d, 0xc8, 0xa0, 0xa9, 0x9d, 0xc8, 0xa0, 0xa9, 0x9d, 0xc8, 0xa0, 0xa9, 0x9d, 0xc8,
    0xa0, 0xa9, 0x9d, 0xc8, 0xa0, 0xa9, 0x9d, 0xc8, 0xa0, 0xa9, 0x9d, 0xc3, 0xa0, 0xa9, 0x9d, 0x9f,
    0xa0, 0xa9, 0x9d, 0x5b, 0x00, 0x00, 0x00, 0x00, 0x00, 0x00, 0x00, 0x00, 0x00, 0x00, 0x00, 0x00,
};
static const lv_img_dsc_t pill_kb_back = {
    .header.always_zero = 0,
    .header.w = 44,
    .header.h = 20,
    .header.cf = LV_IMG_CF_TRUE_COLOR_ALPHA,
    .data_size = sizeof(pill_kb_back_data),
    .data = pill_kb_back_data,
};

/* End of generated pill data */
